probe,case,pair,process_order,runtime,sample,seconds,checked_result
hash,"bytes 1 B, fresh=False, hashes=1",1,1,control,1,0.011032299982616678,8192
hash,"bytes 1 B, fresh=False, hashes=1",1,1,control,2,0.011006600019754842,8192
hash,"bytes 1 B, fresh=False, hashes=1",1,1,control,3,0.011148699995828792,8192
hash,"bytes 1 B, fresh=False, hashes=1",1,1,control,4,0.010990799986757338,8192
hash,"bytes 1 B, fresh=False, hashes=1",1,1,control,5,0.011159999994561076,8192
hash,"bytes 32 B, fresh=False, hashes=1",1,1,control,1,0.011278699996182695,8192
hash,"bytes 32 B, fresh=False, hashes=1",1,1,control,2,0.011262200016062707,8192
hash,"bytes 32 B, fresh=False, hashes=1",1,1,control,3,0.011246199981542304,8192
hash,"bytes 32 B, fresh=False, hashes=1",1,1,control,4,0.015819799999007955,8192
hash,"bytes 32 B, fresh=False, hashes=1",1,1,control,5,0.01102170001831837,8192
hash,"bytes 256 B, fresh=False, hashes=1",1,1,control,1,0.013020999991567805,8192
hash,"bytes 256 B, fresh=False, hashes=1",1,1,control,2,0.01270759999169968,8192
hash,"bytes 256 B, fresh=False, hashes=1",1,1,control,3,0.013240200001746416,8192
hash,"bytes 256 B, fresh=False, hashes=1",1,1,control,4,0.01271670000278391,8192
hash,"bytes 256 B, fresh=False, hashes=1",1,1,control,5,0.012763900012942031,8192
hash,"tuple_bytes 1 B, fresh=False, hashes=1",1,1,control,1,0.013240400003269315,8192
hash,"tuple_bytes 1 B, fresh=False, hashes=1",1,1,control,2,0.013192399987019598,8192
hash,"tuple_bytes 1 B, fresh=False, hashes=1",1,1,control,3,0.013247299997601658,8192
hash,"tuple_bytes 1 B, fresh=False, hashes=1",1,1,control,4,0.013176899985410273,8192
hash,"tuple_bytes 1 B, fresh=False, hashes=1",1,1,control,5,0.013386599981458858,8192
hash,"tuple_bytes 32 B, fresh=False, hashes=1",1,1,control,1,0.013811299984809011,8192
hash,"tuple_bytes 32 B, fresh=False, hashes=1",1,1,control,2,0.0139433000003919,8192
hash,"tuple_bytes 32 B, fresh=False, hashes=1",1,1,control,3,0.013932000001659617,8192
hash,"tuple_bytes 32 B, fresh=False, hashes=1",1,1,control,4,0.01424719998613,8192
hash,"tuple_bytes 32 B, fresh=False, hashes=1",1,1,control,5,0.014126099995337427,8192
hash,"tuple_bytes 256 B, fresh=False, hashes=1",1,1,control,1,0.01491080000414513,8192
hash,"tuple_bytes 256 B, fresh=False, hashes=1",1,1,control,2,0.014917699998477474,8192
hash,"tuple_bytes 256 B, fresh=False, hashes=1",1,1,control,3,0.014806399994995445,8192
hash,"tuple_bytes 256 B, fresh=False, hashes=1",1,1,control,4,0.01497899999958463,8192
hash,"tuple_bytes 256 B, fresh=False, hashes=1",1,1,control,5,0.01478050000150688,8192
hash,"tuple_bytes 32 B, fresh=True, hashes=1",1,1,control,1,0.015397100010886788,8192
hash,"tuple_bytes 32 B, fresh=True, hashes=1",1,1,control,2,0.015704000019468367,8192
hash,"tuple_bytes 32 B, fresh=True, hashes=1",1,1,control,3,0.01601449999725446,8192
hash,"tuple_bytes 32 B, fresh=True, hashes=1",1,1,control,4,0.015320300008170307,8192
hash,"tuple_bytes 32 B, fresh=True, hashes=1",1,1,control,5,0.01551089997519739,8192
hash,"tuple_bytes 32 B, fresh=True, hashes=2",1,1,control,1,0.022614899993641302,16384
hash,"tuple_bytes 32 B, fresh=True, hashes=2",1,1,control,2,0.022532699978910387,16384
hash,"tuple_bytes 32 B, fresh=True, hashes=2",1,1,control,3,0.0232419999956619,16384
hash,"tuple_bytes 32 B, fresh=True, hashes=2",1,1,control,4,0.02191760001005605,16384
hash,"tuple_bytes 32 B, fresh=True, hashes=2",1,1,control,5,0.022971700003836304,16384
hash,"bytes 1 B, fresh=False, hashes=1",1,2,candidate,1,0.011164399998961017,8192
hash,"bytes 1 B, fresh=False, hashes=1",1,2,candidate,2,0.011610099987592548,8192
hash,"bytes 1 B, fresh=False, hashes=1",1,2,candidate,3,0.011273699987214059,8192
hash,"bytes 1 B, fresh=False, hashes=1",1,2,candidate,4,0.011713400017470121,8192
hash,"bytes 1 B, fresh=False, hashes=1",1,2,candidate,5,0.011692700005369261,8192
hash,"bytes 32 B, fresh=False, hashes=1",1,2,candidate,1,0.011764700000640005,8192
hash,"bytes 32 B, fresh=False, hashes=1",1,2,candidate,2,0.01157719999901019,8192
hash,"bytes 32 B, fresh=False, hashes=1",1,2,candidate,3,0.012424299988197163,8192
hash,"bytes 32 B, fresh=False, hashes=1",1,2,candidate,4,0.01174620000529103,8192
hash,"bytes 32 B, fresh=False, hashes=1",1,2,candidate,5,0.011594599985983223,8192
hash,"bytes 256 B, fresh=False, hashes=1",1,2,candidate,1,0.01161119999596849,8192
hash,"bytes 256 B, fresh=False, hashes=1",1,2,candidate,2,0.011606699990807101,8192
hash,"bytes 256 B, fresh=False, hashes=1",1,2,candidate,3,0.011612600006628782,8192
hash,"bytes 256 B, fresh=False, hashes=1",1,2,candidate,4,0.011732500017387792,8192
hash,"bytes 256 B, fresh=False, hashes=1",1,2,candidate,5,0.011581300001125783,8192
hash,"tuple_bytes 1 B, fresh=False, hashes=1",1,2,candidate,1,0.00896520001697354,8192
hash,"tuple_bytes 1 B, fresh=False, hashes=1",1,2,candidate,2,0.009123299998464063,8192
hash,"tuple_bytes 1 B, fresh=False, hashes=1",1,2,candidate,3,0.008686100016348064,8192
hash,"tuple_bytes 1 B, fresh=False, hashes=1",1,2,candidate,4,0.008862100017722696,8192
hash,"tuple_bytes 1 B, fresh=False, hashes=1",1,2,candidate,5,0.009339400014141575,8192
hash,"tuple_bytes 32 B, fresh=False, hashes=1",1,2,candidate,1,0.009091999992961064,8192
hash,"tuple_bytes 32 B, fresh=False, hashes=1",1,2,candidate,2,0.00911790001555346,8192
hash,"tuple_bytes 32 B, fresh=False, hashes=1",1,2,candidate,3,0.009097999980440363,8192
hash,"tuple_bytes 32 B, fresh=False, hashes=1",1,2,candidate,4,0.009069299994735047,8192
hash,"tuple_bytes 32 B, fresh=False, hashes=1",1,2,candidate,5,0.009152499987976626,8192
hash,"tuple_bytes 256 B, fresh=False, hashes=1",1,2,candidate,1,0.009267899993574247,8192
hash,"tuple_bytes 256 B, fresh=False, hashes=1",1,2,candidate,2,0.008976400014944375,8192
hash,"tuple_bytes 256 B, fresh=False, hashes=1",1,2,candidate,3,0.00931049999780953,8192
hash,"tuple_bytes 256 B, fresh=False, hashes=1",1,2,candidate,4,0.009223799977917224,8192
hash,"tuple_bytes 256 B, fresh=False, hashes=1",1,2,candidate,5,0.009049500018591061,8192
hash,"tuple_bytes 32 B, fresh=True, hashes=1",1,2,candidate,1,0.015527899988228455,8192
hash,"tuple_bytes 32 B, fresh=True, hashes=1",1,2,candidate,2,0.015274400007911026,8192
hash,"tuple_bytes 32 B, fresh=True, hashes=1",1,2,candidate,3,0.015234399994369596,8192
hash,"tuple_bytes 32 B, fresh=True, hashes=1",1,2,candidate,4,0.015011000010417774,8192
hash,"tuple_bytes 32 B, fresh=True, hashes=1",1,2,candidate,5,0.014904199982993305,8192
hash,"tuple_bytes 32 B, fresh=True, hashes=2",1,2,candidate,1,0.017943200014997274,16384
hash,"tuple_bytes 32 B, fresh=True, hashes=2",1,2,candidate,2,0.017890700022689998,16384
hash,"tuple_bytes 32 B, fresh=True, hashes=2",1,2,candidate,3,0.018650699988938868,16384
hash,"tuple_bytes 32 B, fresh=True, hashes=2",1,2,candidate,4,0.01827430000412278,16384
hash,"tuple_bytes 32 B, fresh=True, hashes=2",1,2,candidate,5,0.0187644999823533,16384
hash,"bytes 1 B, fresh=False, hashes=1",2,1,candidate,1,0.011668399994960055,8192
hash,"bytes 1 B, fresh=False, hashes=1",2,1,candidate,2,0.01120079998509027,8192
hash,"bytes 1 B, fresh=False, hashes=1",2,1,candidate,3,0.011136899993289262,8192
hash,"bytes 1 B, fresh=False, hashes=1",2,1,candidate,4,0.011201499990420416,8192
hash,"bytes 1 B, fresh=False, hashes=1",2,1,candidate,5,0.01179069999489002,8192
hash,"bytes 32 B, fresh=False, hashes=1",2,1,candidate,1,0.011685300007229671,8192
hash,"bytes 32 B, fresh=False, hashes=1",2,1,candidate,2,0.012025100004393607,8192
hash,"bytes 32 B, fresh=False, hashes=1",2,1,candidate,3,0.011781200009863824,8192
hash,"bytes 32 B, fresh=False, hashes=1",2,1,candidate,4,0.011608000000705943,8192
hash,"bytes 32 B, fresh=False, hashes=1",2,1,candidate,5,0.011770399985834956,8192
hash,"bytes 256 B, fresh=False, hashes=1",2,1,candidate,1,0.011656499991659075,8192
hash,"bytes 256 B, fresh=False, hashes=1",2,1,candidate,2,0.011785800015786663,8192
hash,"bytes 256 B, fresh=False, hashes=1",2,1,candidate,3,0.011601600010180846,8192
hash,"bytes 256 B, fresh=False, hashes=1",2,1,candidate,4,0.011621100013144314,8192
hash,"bytes 256 B, fresh=False, hashes=1",2,1,candidate,5,0.0116351000033319,8192
hash,"tuple_bytes 1 B, fresh=False, hashes=1",2,1,candidate,1,0.008781999989878386,8192
hash,"tuple_bytes 1 B, fresh=False, hashes=1",2,1,candidate,2,0.00918729999102652,8192
hash,"tuple_bytes 1 B, fresh=False, hashes=1",2,1,candidate,3,0.008744699996896088,8192
hash,"tuple_bytes 1 B, fresh=False, hashes=1",2,1,candidate,4,0.008782399992924184,8192
hash,"tuple_bytes 1 B, fresh=False, hashes=1",2,1,candidate,5,0.008875600004103035,8192
hash,"tuple_bytes 32 B, fresh=False, hashes=1",2,1,candidate,1,0.009188700001686811,8192
hash,"tuple_bytes 32 B, fresh=False, hashes=1",2,1,candidate,2,0.009135200001765043,8192
hash,"tuple_bytes 32 B, fresh=False, hashes=1",2,1,candidate,3,0.009139200003119186,8192
hash,"tuple_bytes 32 B, fresh=False, hashes=1",2,1,candidate,4,0.009137300017755479,8192
hash,"tuple_bytes 32 B, fresh=False, hashes=1",2,1,candidate,5,0.009101699979510158,8192
hash,"tuple_bytes 256 B, fresh=False, hashes=1",2,1,candidate,1,0.009229199989931658,8192
hash,"tuple_bytes 256 B, fresh=False, hashes=1",2,1,candidate,2,0.00913550000404939,8192
hash,"tuple_bytes 256 B, fresh=False, hashes=1",2,1,candidate,3,0.009074400004465133,8192
hash,"tuple_bytes 256 B, fresh=False, hashes=1",2,1,candidate,4,0.009154700004728511,8192
hash,"tuple_bytes 256 B, fresh=False, hashes=1",2,1,candidate,5,0.009127199999056756,8192
hash,"tuple_bytes 32 B, fresh=True, hashes=1",2,1,candidate,1,0.015804900001967326,8192
hash,"tuple_bytes 32 B, fresh=True, hashes=1",2,1,candidate,2,0.015620999998645857,8192
hash,"tuple_bytes 32 B, fresh=True, hashes=1",2,1,candidate,3,0.015948300017043948,8192
hash,"tuple_bytes 32 B, fresh=True, hashes=1",2,1,candidate,4,0.01556880000862293,8192
hash,"tuple_bytes 32 B, fresh=True, hashes=1",2,1,candidate,5,0.015683799982070923,8192
hash,"tuple_bytes 32 B, fresh=True, hashes=2",2,1,candidate,1,0.018676599982427433,16384
hash,"tuple_bytes 32 B, fresh=True, hashes=2",2,1,candidate,2,0.017728400009218603,16384
hash,"tuple_bytes 32 B, fresh=True, hashes=2",2,1,candidate,3,0.018276100017828867,16384
hash,"tuple_bytes 32 B, fresh=True, hashes=2",2,1,candidate,4,0.017828499985625967,16384
hash,"tuple_bytes 32 B, fresh=True, hashes=2",2,1,candidate,5,0.018162199994549155,16384
hash,"bytes 1 B, fresh=False, hashes=1",2,2,control,1,0.011243000015383586,8192
hash,"bytes 1 B, fresh=False, hashes=1",2,2,control,2,0.01143789998604916,8192
hash,"bytes 1 B, fresh=False, hashes=1",2,2,control,3,0.012068599986378103,8192
hash,"bytes 1 B, fresh=False, hashes=1",2,2,control,4,0.011824300017906353,8192
hash,"bytes 1 B, fresh=False, hashes=1",2,2,control,5,0.011410200007958338,8192
hash,"bytes 32 B, fresh=False, hashes=1",2,2,control,1,0.011650700005702674,8192
hash,"bytes 32 B, fresh=False, hashes=1",2,2,control,2,0.011643000005278736,8192
hash,"bytes 32 B, fresh=False, hashes=1",2,2,control,3,0.011566000001039356,8192
hash,"bytes 32 B, fresh=False, hashes=1",2,2,control,4,0.011658600007649511,8192
hash,"bytes 32 B, fresh=False, hashes=1",2,2,control,5,0.011701899988111109,8192
hash,"bytes 256 B, fresh=False, hashes=1",2,2,control,1,0.013114600005792454,8192
hash,"bytes 256 B, fresh=False, hashes=1",2,2,control,2,0.013149000005796552,8192
hash,"bytes 256 B, fresh=False, hashes=1",2,2,control,3,0.013137900008587167,8192
hash,"bytes 256 B, fresh=False, hashes=1",2,2,control,4,0.013115700014168397,8192
hash,"bytes 256 B, fresh=False, hashes=1",2,2,control,5,0.01304260001052171,8192
hash,"tuple_bytes 1 B, fresh=False, hashes=1",2,2,control,1,0.014137099991785362,8192
hash,"tuple_bytes 1 B, fresh=False, hashes=1",2,2,control,2,0.013822999986587092,8192
hash,"tuple_bytes 1 B, fresh=False, hashes=1",2,2,control,3,0.01378619999741204,8192
hash,"tuple_bytes 1 B, fresh=False, hashes=1",2,2,control,4,0.013811700016958639,8192
hash,"tuple_bytes 1 B, fresh=False, hashes=1",2,2,control,5,0.013736599998082966,8192
hash,"tuple_bytes 32 B, fresh=False, hashes=1",2,2,control,1,0.013929799984907731,8192
hash,"tuple_bytes 32 B, fresh=False, hashes=1",2,2,control,2,0.01362620000145398,8192
hash,"tuple_bytes 32 B, fresh=False, hashes=1",2,2,control,3,0.013223699992522597,8192
hash,"tuple_bytes 32 B, fresh=False, hashes=1",2,2,control,4,0.013348699983907863,8192
hash,"tuple_bytes 32 B, fresh=False, hashes=1",2,2,control,5,0.013883699983125553,8192
hash,"tuple_bytes 256 B, fresh=False, hashes=1",2,2,control,1,0.017566900001838803,8192
hash,"tuple_bytes 256 B, fresh=False, hashes=1",2,2,control,2,0.01569289999315515,8192
hash,"tuple_bytes 256 B, fresh=False, hashes=1",2,2,control,3,0.015143199998419732,8192
hash,"tuple_bytes 256 B, fresh=False, hashes=1",2,2,control,4,0.015205200004857033,8192
hash,"tuple_bytes 256 B, fresh=False, hashes=1",2,2,control,5,0.01497610000660643,8192
hash,"tuple_bytes 32 B, fresh=True, hashes=1",2,2,control,1,0.015500200010137632,8192
hash,"tuple_bytes 32 B, fresh=True, hashes=1",2,2,control,2,0.01547390001360327,8192
hash,"tuple_bytes 32 B, fresh=True, hashes=1",2,2,control,3,0.015207600023131818,8192
hash,"tuple_bytes 32 B, fresh=True, hashes=1",2,2,control,4,0.015840700012631714,8192
hash,"tuple_bytes 32 B, fresh=True, hashes=1",2,2,control,5,0.014942700014216825,8192
hash,"tuple_bytes 32 B, fresh=True, hashes=2",2,2,control,1,0.021973000024445355,16384
hash,"tuple_bytes 32 B, fresh=True, hashes=2",2,2,control,2,0.02250419999472797,16384
hash,"tuple_bytes 32 B, fresh=True, hashes=2",2,2,control,3,0.02389229999971576,16384
hash,"tuple_bytes 32 B, fresh=True, hashes=2",2,2,control,4,0.02275159998680465,16384
hash,"tuple_bytes 32 B, fresh=True, hashes=2",2,2,control,5,0.0226433000061661,16384
hash,"bytes 1 B, fresh=False, hashes=1",3,1,control,1,0.011182400019606575,8192
hash,"bytes 1 B, fresh=False, hashes=1",3,1,control,2,0.011249000002862886,8192
hash,"bytes 1 B, fresh=False, hashes=1",3,1,control,3,0.011400500021409243,8192
hash,"bytes 1 B, fresh=False, hashes=1",3,1,control,4,0.012367399991489947,8192
hash,"bytes 1 B, fresh=False, hashes=1",3,1,control,5,0.011719299975084141,8192
hash,"bytes 32 B, fresh=False, hashes=1",3,1,control,1,0.011494500009575859,8192
hash,"bytes 32 B, fresh=False, hashes=1",3,1,control,2,0.011779599997680634,8192
hash,"bytes 32 B, fresh=False, hashes=1",3,1,control,3,0.011611899972194806,8192
hash,"bytes 32 B, fresh=False, hashes=1",3,1,control,4,0.01161590000265278,8192
hash,"bytes 32 B, fresh=False, hashes=1",3,1,control,5,0.011625999992247671,8192
hash,"bytes 256 B, fresh=False, hashes=1",3,1,control,1,0.013172300008591264,8192
hash,"bytes 256 B, fresh=False, hashes=1",3,1,control,2,0.012994899996556342,8192
hash,"bytes 256 B, fresh=False, hashes=1",3,1,control,3,0.013833200006047264,8192
hash,"bytes 256 B, fresh=False, hashes=1",3,1,control,4,0.012660200009122491,8192
hash,"bytes 256 B, fresh=False, hashes=1",3,1,control,5,0.013346599997021258,8192
hash,"tuple_bytes 1 B, fresh=False, hashes=1",3,1,control,1,0.01371820000349544,8192
hash,"tuple_bytes 1 B, fresh=False, hashes=1",3,1,control,2,0.013851099996827543,8192
hash,"tuple_bytes 1 B, fresh=False, hashes=1",3,1,control,3,0.013957799994386733,8192
hash,"tuple_bytes 1 B, fresh=False, hashes=1",3,1,control,4,0.013268400012748316,8192
hash,"tuple_bytes 1 B, fresh=False, hashes=1",3,1,control,5,0.013183000002754852,8192
hash,"tuple_bytes 32 B, fresh=False, hashes=1",3,1,control,1,0.013846599991666153,8192
hash,"tuple_bytes 32 B, fresh=False, hashes=1",3,1,control,2,0.014008900005137548,8192
hash,"tuple_bytes 32 B, fresh=False, hashes=1",3,1,control,3,0.014525000005960464,8192
hash,"tuple_bytes 32 B, fresh=False, hashes=1",3,1,control,4,0.01374049999867566,8192
hash,"tuple_bytes 32 B, fresh=False, hashes=1",3,1,control,5,0.013774299994111061,8192
hash,"tuple_bytes 256 B, fresh=False, hashes=1",3,1,control,1,0.014775100018596277,8192
hash,"tuple_bytes 256 B, fresh=False, hashes=1",3,1,control,2,0.015326300024753436,8192
hash,"tuple_bytes 256 B, fresh=False, hashes=1",3,1,control,3,0.015443900017999113,8192
hash,"tuple_bytes 256 B, fresh=False, hashes=1",3,1,control,4,0.015585599991027266,8192
hash,"tuple_bytes 256 B, fresh=False, hashes=1",3,1,control,5,0.014862799987895414,8192
hash,"tuple_bytes 32 B, fresh=True, hashes=1",3,1,control,1,0.015245000016875565,8192
hash,"tuple_bytes 32 B, fresh=True, hashes=1",3,1,control,2,0.015785700001288205,8192
hash,"tuple_bytes 32 B, fresh=True, hashes=1",3,1,control,3,0.015609599999152124,8192
hash,"tuple_bytes 32 B, fresh=True, hashes=1",3,1,control,4,0.015195899992249906,8192
hash,"tuple_bytes 32 B, fresh=True, hashes=1",3,1,control,5,0.014834000001428649,8192
hash,"tuple_bytes 32 B, fresh=True, hashes=2",3,1,control,1,0.02179739999701269,16384
hash,"tuple_bytes 32 B, fresh=True, hashes=2",3,1,control,2,0.022323699988191947,16384
hash,"tuple_bytes 32 B, fresh=True, hashes=2",3,1,control,3,0.02280020000762306,16384
hash,"tuple_bytes 32 B, fresh=True, hashes=2",3,1,control,4,0.02229059999808669,16384
hash,"tuple_bytes 32 B, fresh=True, hashes=2",3,1,control,5,0.02207020000787452,16384
hash,"bytes 1 B, fresh=False, hashes=1",3,2,candidate,1,0.011271900002611801,8192
hash,"bytes 1 B, fresh=False, hashes=1",3,2,candidate,2,0.011678699986077845,8192
hash,"bytes 1 B, fresh=False, hashes=1",3,2,candidate,3,0.011095499998191372,8192
hash,"bytes 1 B, fresh=False, hashes=1",3,2,candidate,4,0.011756899999454618,8192
hash,"bytes 1 B, fresh=False, hashes=1",3,2,candidate,5,0.0110735000052955,8192
hash,"bytes 32 B, fresh=False, hashes=1",3,2,candidate,1,0.011728499986929819,8192
hash,"bytes 32 B, fresh=False, hashes=1",3,2,candidate,2,0.01156250000349246,8192
hash,"bytes 32 B, fresh=False, hashes=1",3,2,candidate,3,0.011731600010534748,8192
hash,"bytes 32 B, fresh=False, hashes=1",3,2,candidate,4,0.011640099983196706,8192
hash,"bytes 32 B, fresh=False, hashes=1",3,2,candidate,5,0.011563200008822605,8192
hash,"bytes 256 B, fresh=False, hashes=1",3,2,candidate,1,0.011685099976602942,8192
hash,"bytes 256 B, fresh=False, hashes=1",3,2,candidate,2,0.011748399992939085,8192
hash,"bytes 256 B, fresh=False, hashes=1",3,2,candidate,3,0.011684800003422424,8192
hash,"bytes 256 B, fresh=False, hashes=1",3,2,candidate,4,0.011693399981595576,8192
hash,"bytes 256 B, fresh=False, hashes=1",3,2,candidate,5,0.011698299989802763,8192
hash,"tuple_bytes 1 B, fresh=False, hashes=1",3,2,candidate,1,0.009123499999986961,8192
hash,"tuple_bytes 1 B, fresh=False, hashes=1",3,2,candidate,2,0.009257300000172108,8192
hash,"tuple_bytes 1 B, fresh=False, hashes=1",3,2,candidate,3,0.008817900001304224,8192
hash,"tuple_bytes 1 B, fresh=False, hashes=1",3,2,candidate,4,0.008729100023629144,8192
hash,"tuple_bytes 1 B, fresh=False, hashes=1",3,2,candidate,5,0.00916220000362955,8192
hash,"tuple_bytes 32 B, fresh=False, hashes=1",3,2,candidate,1,0.008704000007128343,8192
hash,"tuple_bytes 32 B, fresh=False, hashes=1",3,2,candidate,2,0.00882429999182932,8192
hash,"tuple_bytes 32 B, fresh=False, hashes=1",3,2,candidate,3,0.008796800015261397,8192
hash,"tuple_bytes 32 B, fresh=False, hashes=1",3,2,candidate,4,0.008690599992405623,8192
hash,"tuple_bytes 32 B, fresh=False, hashes=1",3,2,candidate,5,0.008716000011190772,8192
hash,"tuple_bytes 256 B, fresh=False, hashes=1",3,2,candidate,1,0.009009900008095428,8192
hash,"tuple_bytes 256 B, fresh=False, hashes=1",3,2,candidate,2,0.008882900001481175,8192
hash,"tuple_bytes 256 B, fresh=False, hashes=1",3,2,candidate,3,0.008704900013981387,8192
hash,"tuple_bytes 256 B, fresh=False, hashes=1",3,2,candidate,4,0.008658000006107613,8192
hash,"tuple_bytes 256 B, fresh=False, hashes=1",3,2,candidate,5,0.008648899995023385,8192
hash,"tuple_bytes 32 B, fresh=True, hashes=1",3,2,candidate,1,0.014951999997720122,8192
hash,"tuple_bytes 32 B, fresh=True, hashes=1",3,2,candidate,2,0.01510779999080114,8192
hash,"tuple_bytes 32 B, fresh=True, hashes=1",3,2,candidate,3,0.01567809999687597,8192
hash,"tuple_bytes 32 B, fresh=True, hashes=1",3,2,candidate,4,0.015701099997386336,8192
hash,"tuple_bytes 32 B, fresh=True, hashes=1",3,2,candidate,5,0.01555550002376549,8192
hash,"tuple_bytes 32 B, fresh=True, hashes=2",3,2,candidate,1,0.018808099994203076,16384
hash,"tuple_bytes 32 B, fresh=True, hashes=2",3,2,candidate,2,0.017869100003736094,16384
hash,"tuple_bytes 32 B, fresh=True, hashes=2",3,2,candidate,3,0.018082399998093024,16384
hash,"tuple_bytes 32 B, fresh=True, hashes=2",3,2,candidate,4,0.01884330000029877,16384
hash,"tuple_bytes 32 B, fresh=True, hashes=2",3,2,candidate,5,0.017788700002711266,16384
hash,"bytes 1 B, fresh=False, hashes=1",4,1,candidate,1,0.011197500018170103,8192
hash,"bytes 1 B, fresh=False, hashes=1",4,1,candidate,2,0.011655999987851828,8192
hash,"bytes 1 B, fresh=False, hashes=1",4,1,candidate,3,0.011572999996133149,8192
hash,"bytes 1 B, fresh=False, hashes=1",4,1,candidate,4,0.01164690000587143,8192
hash,"bytes 1 B, fresh=False, hashes=1",4,1,candidate,5,0.011606600019149482,8192
hash,"bytes 32 B, fresh=False, hashes=1",4,1,candidate,1,0.011273100011749193,8192
hash,"bytes 32 B, fresh=False, hashes=1",4,1,candidate,2,0.011206399998627603,8192
hash,"bytes 32 B, fresh=False, hashes=1",4,1,candidate,3,0.011341899982653558,8192
hash,"bytes 32 B, fresh=False, hashes=1",4,1,candidate,4,0.011594600015087053,8192
hash,"bytes 32 B, fresh=False, hashes=1",4,1,candidate,5,0.011419000016758218,8192
hash,"bytes 256 B, fresh=False, hashes=1",4,1,candidate,1,0.011084099998697639,8192
hash,"bytes 256 B, fresh=False, hashes=1",4,1,candidate,2,0.011631299974396825,8192
hash,"bytes 256 B, fresh=False, hashes=1",4,1,candidate,3,0.011343399994075298,8192
hash,"bytes 256 B, fresh=False, hashes=1",4,1,candidate,4,0.011626899999100715,8192
hash,"bytes 256 B, fresh=False, hashes=1",4,1,candidate,5,0.011631300003500655,8192
hash,"tuple_bytes 1 B, fresh=False, hashes=1",4,1,candidate,1,0.009038399992277846,8192
hash,"tuple_bytes 1 B, fresh=False, hashes=1",4,1,candidate,2,0.00970450000022538,8192
hash,"tuple_bytes 1 B, fresh=False, hashes=1",4,1,candidate,3,0.009110999992117286,8192
hash,"tuple_bytes 1 B, fresh=False, hashes=1",4,1,candidate,4,0.009101100004045293,8192
hash,"tuple_bytes 1 B, fresh=False, hashes=1",4,1,candidate,5,0.009690600010799244,8192
hash,"tuple_bytes 32 B, fresh=False, hashes=1",4,1,candidate,1,0.009165900002699345,8192
hash,"tuple_bytes 32 B, fresh=False, hashes=1",4,1,candidate,2,0.009162000002106652,8192
hash,"tuple_bytes 32 B, fresh=False, hashes=1",4,1,candidate,3,0.008906300005037338,8192
hash,"tuple_bytes 32 B, fresh=False, hashes=1",4,1,candidate,4,0.009714099986013025,8192
hash,"tuple_bytes 32 B, fresh=False, hashes=1",4,1,candidate,5,0.00894010000047274,8192
hash,"tuple_bytes 256 B, fresh=False, hashes=1",4,1,candidate,1,0.008768900006543845,8192
hash,"tuple_bytes 256 B, fresh=False, hashes=1",4,1,candidate,2,0.009139500005403534,8192
hash,"tuple_bytes 256 B, fresh=False, hashes=1",4,1,candidate,3,0.00911030001589097,8192
hash,"tuple_bytes 256 B, fresh=False, hashes=1",4,1,candidate,4,0.009103900025365874,8192
hash,"tuple_bytes 256 B, fresh=False, hashes=1",4,1,candidate,5,0.009089999977732077,8192
hash,"tuple_bytes 32 B, fresh=True, hashes=1",4,1,candidate,1,0.015638100012438372,8192
hash,"tuple_bytes 32 B, fresh=True, hashes=1",4,1,candidate,2,0.015532500023255125,8192
hash,"tuple_bytes 32 B, fresh=True, hashes=1",4,1,candidate,3,0.015538699983153492,8192
hash,"tuple_bytes 32 B, fresh=True, hashes=1",4,1,candidate,4,0.015539999993052334,8192
hash,"tuple_bytes 32 B, fresh=True, hashes=1",4,1,candidate,5,0.015634599985787645,8192
hash,"tuple_bytes 32 B, fresh=True, hashes=2",4,1,candidate,1,0.018661199981579557,16384
hash,"tuple_bytes 32 B, fresh=True, hashes=2",4,1,candidate,2,0.01860020001186058,16384
hash,"tuple_bytes 32 B, fresh=True, hashes=2",4,1,candidate,3,0.018587300000945106,16384
hash,"tuple_bytes 32 B, fresh=True, hashes=2",4,1,candidate,4,0.01863239999511279,16384
hash,"tuple_bytes 32 B, fresh=True, hashes=2",4,1,candidate,5,0.018568400002550334,16384
hash,"bytes 1 B, fresh=False, hashes=1",4,2,control,1,0.010992399998940527,8192
hash,"bytes 1 B, fresh=False, hashes=1",4,2,control,2,0.011220799991860986,8192
hash,"bytes 1 B, fresh=False, hashes=1",4,2,control,3,0.011749799974495545,8192
hash,"bytes 1 B, fresh=False, hashes=1",4,2,control,4,0.011513799981912598,8192
hash,"bytes 1 B, fresh=False, hashes=1",4,2,control,5,0.011136100016301498,8192
hash,"bytes 32 B, fresh=False, hashes=1",4,2,control,1,0.011092199973063543,8192
hash,"bytes 32 B, fresh=False, hashes=1",4,2,control,2,0.01350339999771677,8192
hash,"bytes 32 B, fresh=False, hashes=1",4,2,control,3,0.011332499998388812,8192
hash,"bytes 32 B, fresh=False, hashes=1",4,2,control,4,0.0111357000132557,8192
hash,"bytes 32 B, fresh=False, hashes=1",4,2,control,5,0.011240399995585904,8192
hash,"bytes 256 B, fresh=False, hashes=1",4,2,control,1,0.01275669998722151,8192
hash,"bytes 256 B, fresh=False, hashes=1",4,2,control,2,0.013206500007072464,8192
hash,"bytes 256 B, fresh=False, hashes=1",4,2,control,3,0.013786900002742186,8192
hash,"bytes 256 B, fresh=False, hashes=1",4,2,control,4,0.014159499987727031,8192
hash,"bytes 256 B, fresh=False, hashes=1",4,2,control,5,0.013027999986661598,8192
hash,"tuple_bytes 1 B, fresh=False, hashes=1",4,2,control,1,0.01381740000215359,8192
hash,"tuple_bytes 1 B, fresh=False, hashes=1",4,2,control,2,0.013890600006561726,8192
hash,"tuple_bytes 1 B, fresh=False, hashes=1",4,2,control,3,0.013813500001560897,8192
hash,"tuple_bytes 1 B, fresh=False, hashes=1",4,2,control,4,0.01388270000461489,8192
hash,"tuple_bytes 1 B, fresh=False, hashes=1",4,2,control,5,0.01382329998887144,8192
hash,"tuple_bytes 32 B, fresh=False, hashes=1",4,2,control,1,0.014067199983401224,8192
hash,"tuple_bytes 32 B, fresh=False, hashes=1",4,2,control,2,0.013951500004623085,8192
hash,"tuple_bytes 32 B, fresh=False, hashes=1",4,2,control,3,0.015282500011380762,8192
hash,"tuple_bytes 32 B, fresh=False, hashes=1",4,2,control,4,0.013671600027009845,8192
hash,"tuple_bytes 32 B, fresh=False, hashes=1",4,2,control,5,0.013570799987064674,8192
hash,"tuple_bytes 256 B, fresh=False, hashes=1",4,2,control,1,0.014903699979186058,8192
hash,"tuple_bytes 256 B, fresh=False, hashes=1",4,2,control,2,0.014926399977412075,8192
hash,"tuple_bytes 256 B, fresh=False, hashes=1",4,2,control,3,0.014795800001593307,8192
hash,"tuple_bytes 256 B, fresh=False, hashes=1",4,2,control,4,0.015215699997497723,8192
hash,"tuple_bytes 256 B, fresh=False, hashes=1",4,2,control,5,0.014862999989418313,8192
hash,"tuple_bytes 32 B, fresh=True, hashes=1",4,2,control,1,0.014802899997448549,8192
hash,"tuple_bytes 32 B, fresh=True, hashes=1",4,2,control,2,0.015086500003235415,8192
hash,"tuple_bytes 32 B, fresh=True, hashes=1",4,2,control,3,0.015032800001790747,8192
hash,"tuple_bytes 32 B, fresh=True, hashes=1",4,2,control,4,0.014868500002194196,8192
hash,"tuple_bytes 32 B, fresh=True, hashes=1",4,2,control,5,0.015211000019917265,8192
hash,"tuple_bytes 32 B, fresh=True, hashes=2",4,2,control,1,0.02320949998102151,16384
hash,"tuple_bytes 32 B, fresh=True, hashes=2",4,2,control,2,0.022636500012595206,16384
hash,"tuple_bytes 32 B, fresh=True, hashes=2",4,2,control,3,0.023598400002811104,16384
hash,"tuple_bytes 32 B, fresh=True, hashes=2",4,2,control,4,0.02176040000631474,16384
hash,"tuple_bytes 32 B, fresh=True, hashes=2",4,2,control,5,0.021918299986282364,16384
hash,"bytes 1 B, fresh=False, hashes=1",5,1,control,1,0.011210800003027543,8192
hash,"bytes 1 B, fresh=False, hashes=1",5,1,control,2,0.011601300007896498,8192
hash,"bytes 1 B, fresh=False, hashes=1",5,1,control,3,0.011424099997384474,8192
hash,"bytes 1 B, fresh=False, hashes=1",5,1,control,4,0.011514900019392371,8192
hash,"bytes 1 B, fresh=False, hashes=1",5,1,control,5,0.011563000007299706,8192
hash,"bytes 32 B, fresh=False, hashes=1",5,1,control,1,0.011668399994960055,8192
hash,"bytes 32 B, fresh=False, hashes=1",5,1,control,2,0.01165569998556748,8192
hash,"bytes 32 B, fresh=False, hashes=1",5,1,control,3,0.011601200007135049,8192
hash,"bytes 32 B, fresh=False, hashes=1",5,1,control,4,0.011789299984229729,8192
hash,"bytes 32 B, fresh=False, hashes=1",5,1,control,5,0.011659300012979656,8192
hash,"bytes 256 B, fresh=False, hashes=1",5,1,control,1,0.012763100006850436,8192
hash,"bytes 256 B, fresh=False, hashes=1",5,1,control,2,0.013652300025569275,8192
hash,"bytes 256 B, fresh=False, hashes=1",5,1,control,3,0.012648800009628758,8192
hash,"bytes 256 B, fresh=False, hashes=1",5,1,control,4,0.013007600005948916,8192
hash,"bytes 256 B, fresh=False, hashes=1",5,1,control,5,0.013214999984484166,8192
hash,"tuple_bytes 1 B, fresh=False, hashes=1",5,1,control,1,0.013951900007668883,8192
hash,"tuple_bytes 1 B, fresh=False, hashes=1",5,1,control,2,0.013679499999852851,8192
hash,"tuple_bytes 1 B, fresh=False, hashes=1",5,1,control,3,0.013701599993510172,8192
hash,"tuple_bytes 1 B, fresh=False, hashes=1",5,1,control,4,0.013192499987781048,8192
hash,"tuple_bytes 1 B, fresh=False, hashes=1",5,1,control,5,0.013249799987534061,8192
hash,"tuple_bytes 32 B, fresh=False, hashes=1",5,1,control,1,0.014072899997700006,8192
hash,"tuple_bytes 32 B, fresh=False, hashes=1",5,1,control,2,0.013624999992316589,8192
hash,"tuple_bytes 32 B, fresh=False, hashes=1",5,1,control,3,0.013709599996218458,8192
hash,"tuple_bytes 32 B, fresh=False, hashes=1",5,1,control,4,0.013847599999280646,8192
hash,"tuple_bytes 32 B, fresh=False, hashes=1",5,1,control,5,0.013499200023943558,8192
hash,"tuple_bytes 256 B, fresh=False, hashes=1",5,1,control,1,0.014806800027145073,8192
hash,"tuple_bytes 256 B, fresh=False, hashes=1",5,1,control,2,0.015416199981700629,8192
hash,"tuple_bytes 256 B, fresh=False, hashes=1",5,1,control,3,0.01543250001850538,8192
hash,"tuple_bytes 256 B, fresh=False, hashes=1",5,1,control,4,0.01511100001516752,8192
hash,"tuple_bytes 256 B, fresh=False, hashes=1",5,1,control,5,0.015470399986952543,8192
hash,"tuple_bytes 32 B, fresh=True, hashes=1",5,1,control,1,0.015355500014266,8192
hash,"tuple_bytes 32 B, fresh=True, hashes=1",5,1,control,2,0.015582699998049065,8192
hash,"tuple_bytes 32 B, fresh=True, hashes=1",5,1,control,3,0.01601479999953881,8192
hash,"tuple_bytes 32 B, fresh=True, hashes=1",5,1,control,4,0.015233400015858933,8192
hash,"tuple_bytes 32 B, fresh=True, hashes=1",5,1,control,5,0.01518349998514168,8192
hash,"tuple_bytes 32 B, fresh=True, hashes=2",5,1,control,1,0.02181959999143146,16384
hash,"tuple_bytes 32 B, fresh=True, hashes=2",5,1,control,2,0.022759600018616766,16384
hash,"tuple_bytes 32 B, fresh=True, hashes=2",5,1,control,3,0.022595299989916384,16384
hash,"tuple_bytes 32 B, fresh=True, hashes=2",5,1,control,4,0.022682799986796454,16384
hash,"tuple_bytes 32 B, fresh=True, hashes=2",5,1,control,5,0.022611499996855855,16384
hash,"bytes 1 B, fresh=False, hashes=1",5,2,candidate,1,0.011249300005147234,8192
hash,"bytes 1 B, fresh=False, hashes=1",5,2,candidate,2,0.01112100001773797,8192
hash,"bytes 1 B, fresh=False, hashes=1",5,2,candidate,3,0.011178200016729534,8192
hash,"bytes 1 B, fresh=False, hashes=1",5,2,candidate,4,0.011246000009123236,8192
hash,"bytes 1 B, fresh=False, hashes=1",5,2,candidate,5,0.011199700005818158,8192
hash,"bytes 32 B, fresh=False, hashes=1",5,2,candidate,1,0.011851200019009411,8192
hash,"bytes 32 B, fresh=False, hashes=1",5,2,candidate,2,0.011324399994919077,8192
hash,"bytes 32 B, fresh=False, hashes=1",5,2,candidate,3,0.011398300004657358,8192
hash,"bytes 32 B, fresh=False, hashes=1",5,2,candidate,4,0.011106899997685105,8192
hash,"bytes 32 B, fresh=False, hashes=1",5,2,candidate,5,0.011662000004434958,8192
hash,"bytes 256 B, fresh=False, hashes=1",5,2,candidate,1,0.011534999997820705,8192
hash,"bytes 256 B, fresh=False, hashes=1",5,2,candidate,2,0.01171789999352768,8192
hash,"bytes 256 B, fresh=False, hashes=1",5,2,candidate,3,0.011710899998433888,8192
hash,"bytes 256 B, fresh=False, hashes=1",5,2,candidate,4,0.01223499997286126,8192
hash,"bytes 256 B, fresh=False, hashes=1",5,2,candidate,5,0.011295399977825582,8192
hash,"tuple_bytes 1 B, fresh=False, hashes=1",5,2,candidate,1,0.008872800011886284,8192
hash,"tuple_bytes 1 B, fresh=False, hashes=1",5,2,candidate,2,0.00912680002511479,8192
hash,"tuple_bytes 1 B, fresh=False, hashes=1",5,2,candidate,3,0.009078399976715446,8192
hash,"tuple_bytes 1 B, fresh=False, hashes=1",5,2,candidate,4,0.00910749999457039,8192
hash,"tuple_bytes 1 B, fresh=False, hashes=1",5,2,candidate,5,0.009061799995834008,8192
hash,"tuple_bytes 32 B, fresh=False, hashes=1",5,2,candidate,1,0.008717899996554479,8192
hash,"tuple_bytes 32 B, fresh=False, hashes=1",5,2,candidate,2,0.00876960001187399,8192
hash,"tuple_bytes 32 B, fresh=False, hashes=1",5,2,candidate,3,0.008850699989125133,8192
hash,"tuple_bytes 32 B, fresh=False, hashes=1",5,2,candidate,4,0.008692800009157509,8192
hash,"tuple_bytes 32 B, fresh=False, hashes=1",5,2,candidate,5,0.008687499997904524,8192
hash,"tuple_bytes 256 B, fresh=False, hashes=1",5,2,candidate,1,0.00915619998704642,8192
hash,"tuple_bytes 256 B, fresh=False, hashes=1",5,2,candidate,2,0.009133300016401336,8192
hash,"tuple_bytes 256 B, fresh=False, hashes=1",5,2,candidate,3,0.009032399975694716,8192
hash,"tuple_bytes 256 B, fresh=False, hashes=1",5,2,candidate,4,0.009160899993730709,8192
hash,"tuple_bytes 256 B, fresh=False, hashes=1",5,2,candidate,5,0.009117400011746213,8192
hash,"tuple_bytes 32 B, fresh=True, hashes=1",5,2,candidate,1,0.015585199987981468,8192
hash,"tuple_bytes 32 B, fresh=True, hashes=1",5,2,candidate,2,0.015757400018628687,8192
hash,"tuple_bytes 32 B, fresh=True, hashes=1",5,2,candidate,3,0.015644899976905435,8192
hash,"tuple_bytes 32 B, fresh=True, hashes=1",5,2,candidate,4,0.01637779999873601,8192
hash,"tuple_bytes 32 B, fresh=True, hashes=1",5,2,candidate,5,0.015666199993574992,8192
hash,"tuple_bytes 32 B, fresh=True, hashes=2",5,2,candidate,1,0.018172400014009327,16384
hash,"tuple_bytes 32 B, fresh=True, hashes=2",5,2,candidate,2,0.01788870000746101,16384
hash,"tuple_bytes 32 B, fresh=True, hashes=2",5,2,candidate,3,0.019324199995025992,16384
hash,"tuple_bytes 32 B, fresh=True, hashes=2",5,2,candidate,4,0.018847699975594878,16384
hash,"tuple_bytes 32 B, fresh=True, hashes=2",5,2,candidate,5,0.01853790000313893,16384
hash,"bytes 1 B, fresh=False, hashes=1",6,1,candidate,1,0.011884600011399016,8192
hash,"bytes 1 B, fresh=False, hashes=1",6,1,candidate,2,0.011672699998598546,8192
hash,"bytes 1 B, fresh=False, hashes=1",6,1,candidate,3,0.011650600004941225,8192
hash,"bytes 1 B, fresh=False, hashes=1",6,1,candidate,4,0.011780900007579476,8192
hash,"bytes 1 B, fresh=False, hashes=1",6,1,candidate,5,0.011644500016700476,8192
hash,"bytes 32 B, fresh=False, hashes=1",6,1,candidate,1,0.011891900008777156,8192
hash,"bytes 32 B, fresh=False, hashes=1",6,1,candidate,2,0.011278799996944144,8192
hash,"bytes 32 B, fresh=False, hashes=1",6,1,candidate,3,0.01164110001991503,8192
hash,"bytes 32 B, fresh=False, hashes=1",6,1,candidate,4,0.011682200012728572,8192
hash,"bytes 32 B, fresh=False, hashes=1",6,1,candidate,5,0.011705200013238937,8192
hash,"bytes 256 B, fresh=False, hashes=1",6,1,candidate,1,0.011689199978718534,8192
hash,"bytes 256 B, fresh=False, hashes=1",6,1,candidate,2,0.011945200007176027,8192
hash,"bytes 256 B, fresh=False, hashes=1",6,1,candidate,3,0.011263000022154301,8192
hash,"bytes 256 B, fresh=False, hashes=1",6,1,candidate,4,0.011237800004892051,8192
hash,"bytes 256 B, fresh=False, hashes=1",6,1,candidate,5,0.01156240000273101,8192
hash,"tuple_bytes 1 B, fresh=False, hashes=1",6,1,candidate,1,0.009133100014878437,8192
hash,"tuple_bytes 1 B, fresh=False, hashes=1",6,1,candidate,2,0.009126100019784644,8192
hash,"tuple_bytes 1 B, fresh=False, hashes=1",6,1,candidate,3,0.009111399995163083,8192
hash,"tuple_bytes 1 B, fresh=False, hashes=1",6,1,candidate,4,0.009138000023085624,8192
hash,"tuple_bytes 1 B, fresh=False, hashes=1",6,1,candidate,5,0.009074700006749481,8192
hash,"tuple_bytes 32 B, fresh=False, hashes=1",6,1,candidate,1,0.009088499995414168,8192
hash,"tuple_bytes 32 B, fresh=False, hashes=1",6,1,candidate,2,0.009184700000332668,8192
hash,"tuple_bytes 32 B, fresh=False, hashes=1",6,1,candidate,3,0.009879499993985519,8192
hash,"tuple_bytes 32 B, fresh=False, hashes=1",6,1,candidate,4,0.009088299993891269,8192
hash,"tuple_bytes 32 B, fresh=False, hashes=1",6,1,candidate,5,0.009233199991285801,8192
hash,"tuple_bytes 256 B, fresh=False, hashes=1",6,1,candidate,1,0.008761900011450052,8192
hash,"tuple_bytes 256 B, fresh=False, hashes=1",6,1,candidate,2,0.009072299988474697,8192
hash,"tuple_bytes 256 B, fresh=False, hashes=1",6,1,candidate,3,0.008736299991142005,8192
hash,"tuple_bytes 256 B, fresh=False, hashes=1",6,1,candidate,4,0.008647300011944026,8192
hash,"tuple_bytes 256 B, fresh=False, hashes=1",6,1,candidate,5,0.009183899994241074,8192
hash,"tuple_bytes 32 B, fresh=True, hashes=1",6,1,candidate,1,0.015828600007807836,8192
hash,"tuple_bytes 32 B, fresh=True, hashes=1",6,1,candidate,2,0.015880799997830763,8192
hash,"tuple_bytes 32 B, fresh=True, hashes=1",6,1,candidate,3,0.015860899991821498,8192
hash,"tuple_bytes 32 B, fresh=True, hashes=1",6,1,candidate,4,0.015647899999748915,8192
hash,"tuple_bytes 32 B, fresh=True, hashes=1",6,1,candidate,5,0.017243999987840652,8192
hash,"tuple_bytes 32 B, fresh=True, hashes=2",6,1,candidate,1,0.01803140001720749,16384
hash,"tuple_bytes 32 B, fresh=True, hashes=2",6,1,candidate,2,0.017975199996726587,16384
hash,"tuple_bytes 32 B, fresh=True, hashes=2",6,1,candidate,3,0.0178932000126224,16384
hash,"tuple_bytes 32 B, fresh=True, hashes=2",6,1,candidate,4,0.0184548000106588,16384
hash,"tuple_bytes 32 B, fresh=True, hashes=2",6,1,candidate,5,0.01867409999249503,16384
hash,"bytes 1 B, fresh=False, hashes=1",6,2,control,1,0.011067899991758168,8192
hash,"bytes 1 B, fresh=False, hashes=1",6,2,control,2,0.01178470000741072,8192
hash,"bytes 1 B, fresh=False, hashes=1",6,2,control,3,0.011629899992840365,8192
hash,"bytes 1 B, fresh=False, hashes=1",6,2,control,4,0.011078600015025586,8192
hash,"bytes 1 B, fresh=False, hashes=1",6,2,control,5,0.0110735000052955,8192
hash,"bytes 32 B, fresh=False, hashes=1",6,2,control,1,0.011072699999203905,8192
hash,"bytes 32 B, fresh=False, hashes=1",6,2,control,2,0.012029400008032098,8192
hash,"bytes 32 B, fresh=False, hashes=1",6,2,control,3,0.011597200005780905,8192
hash,"bytes 32 B, fresh=False, hashes=1",6,2,control,4,0.011391200008802116,8192
hash,"bytes 32 B, fresh=False, hashes=1",6,2,control,5,0.011179399996763095,8192
hash,"bytes 256 B, fresh=False, hashes=1",6,2,control,1,0.013009400019655004,8192
hash,"bytes 256 B, fresh=False, hashes=1",6,2,control,2,0.012726100016152486,8192
hash,"bytes 256 B, fresh=False, hashes=1",6,2,control,3,0.01308410000638105,8192
hash,"bytes 256 B, fresh=False, hashes=1",6,2,control,4,0.012697099999058992,8192
hash,"bytes 256 B, fresh=False, hashes=1",6,2,control,5,0.013216899998951703,8192
hash,"tuple_bytes 1 B, fresh=False, hashes=1",6,2,control,1,0.013156000000890344,8192
hash,"tuple_bytes 1 B, fresh=False, hashes=1",6,2,control,2,0.01376700002583675,8192
hash,"tuple_bytes 1 B, fresh=False, hashes=1",6,2,control,3,0.014367800002219155,8192
hash,"tuple_bytes 1 B, fresh=False, hashes=1",6,2,control,4,0.013807199982693419,8192
hash,"tuple_bytes 1 B, fresh=False, hashes=1",6,2,control,5,0.01324559998465702,8192
hash,"tuple_bytes 32 B, fresh=False, hashes=1",6,2,control,1,0.013824599998770282,8192
hash,"tuple_bytes 32 B, fresh=False, hashes=1",6,2,control,2,0.0138724000134971,8192
hash,"tuple_bytes 32 B, fresh=False, hashes=1",6,2,control,3,0.013877699995646253,8192
hash,"tuple_bytes 32 B, fresh=False, hashes=1",6,2,control,4,0.013974000001326203,8192
hash,"tuple_bytes 32 B, fresh=False, hashes=1",6,2,control,5,0.013629699999000877,8192
hash,"tuple_bytes 256 B, fresh=False, hashes=1",6,2,control,1,0.015480500005651265,8192
hash,"tuple_bytes 256 B, fresh=False, hashes=1",6,2,control,2,0.015617099998053163,8192
hash,"tuple_bytes 256 B, fresh=False, hashes=1",6,2,control,3,0.015025300002889708,8192
hash,"tuple_bytes 256 B, fresh=False, hashes=1",6,2,control,4,0.015711899992311373,8192
hash,"tuple_bytes 256 B, fresh=False, hashes=1",6,2,control,5,0.014897200017003343,8192
hash,"tuple_bytes 32 B, fresh=True, hashes=1",6,2,control,1,0.015360499994130805,8192
hash,"tuple_bytes 32 B, fresh=True, hashes=1",6,2,control,2,0.015596399985952303,8192
hash,"tuple_bytes 32 B, fresh=True, hashes=1",6,2,control,3,0.015567599999485537,8192
hash,"tuple_bytes 32 B, fresh=True, hashes=1",6,2,control,4,0.015624799998477101,8192
hash,"tuple_bytes 32 B, fresh=True, hashes=1",6,2,control,5,0.015560300002107397,8192
hash,"tuple_bytes 32 B, fresh=True, hashes=2",6,2,control,1,0.02276799999526702,16384
hash,"tuple_bytes 32 B, fresh=True, hashes=2",6,2,control,2,0.02262689999770373,16384
hash,"tuple_bytes 32 B, fresh=True, hashes=2",6,2,control,3,0.02338440000312403,16384
hash,"tuple_bytes 32 B, fresh=True, hashes=2",6,2,control,4,0.022726800001692027,16384
hash,"tuple_bytes 32 B, fresh=True, hashes=2",6,2,control,5,0.02210830000694841,16384
hash,"bytes 1 B, fresh=False, hashes=1",7,1,control,1,0.011388299986720085,8192
hash,"bytes 1 B, fresh=False, hashes=1",7,1,control,2,0.011415499990107492,8192
hash,"bytes 1 B, fresh=False, hashes=1",7,1,control,3,0.011006200016709045,8192
hash,"bytes 1 B, fresh=False, hashes=1",7,1,control,4,0.011328199994750321,8192
hash,"bytes 1 B, fresh=False, hashes=1",7,1,control,5,0.01179499999852851,8192
hash,"bytes 32 B, fresh=False, hashes=1",7,1,control,1,0.011479599983431399,8192
hash,"bytes 32 B, fresh=False, hashes=1",7,1,control,2,0.011352400004398078,8192
hash,"bytes 32 B, fresh=False, hashes=1",7,1,control,3,0.0117032999987714,8192
hash,"bytes 32 B, fresh=False, hashes=1",7,1,control,4,0.01164529999368824,8192
hash,"bytes 32 B, fresh=False, hashes=1",7,1,control,5,0.011659800016786903,8192
hash,"bytes 256 B, fresh=False, hashes=1",7,1,control,1,0.013086699997074902,8192
hash,"bytes 256 B, fresh=False, hashes=1",7,1,control,2,0.01316099998075515,8192
hash,"bytes 256 B, fresh=False, hashes=1",7,1,control,3,0.013190400000894442,8192
hash,"bytes 256 B, fresh=False, hashes=1",7,1,control,4,0.013168200006475672,8192
hash,"bytes 256 B, fresh=False, hashes=1",7,1,control,5,0.013062700018053874,8192
hash,"tuple_bytes 1 B, fresh=False, hashes=1",7,1,control,1,0.01362479999079369,8192
hash,"tuple_bytes 1 B, fresh=False, hashes=1",7,1,control,2,0.01323070001672022,8192
hash,"tuple_bytes 1 B, fresh=False, hashes=1",7,1,control,3,0.013411099993390962,8192
hash,"tuple_bytes 1 B, fresh=False, hashes=1",7,1,control,4,0.013825200003338978,8192
hash,"tuple_bytes 1 B, fresh=False, hashes=1",7,1,control,5,0.014044500014279038,8192
hash,"tuple_bytes 32 B, fresh=False, hashes=1",7,1,control,1,0.01362469999003224,8192
hash,"tuple_bytes 32 B, fresh=False, hashes=1",7,1,control,2,0.013538100000005215,8192
hash,"tuple_bytes 32 B, fresh=False, hashes=1",7,1,control,3,0.013365199993131682,8192
hash,"tuple_bytes 32 B, fresh=False, hashes=1",7,1,control,4,0.01357599999755621,8192
hash,"tuple_bytes 32 B, fresh=False, hashes=1",7,1,control,5,0.013202900008764118,8192
hash,"tuple_bytes 256 B, fresh=False, hashes=1",7,1,control,1,0.014781100006075576,8192
hash,"tuple_bytes 256 B, fresh=False, hashes=1",7,1,control,2,0.015142699994612485,8192
hash,"tuple_bytes 256 B, fresh=False, hashes=1",7,1,control,3,0.014813699992373586,8192
hash,"tuple_bytes 256 B, fresh=False, hashes=1",7,1,control,4,0.01531240000622347,8192
hash,"tuple_bytes 256 B, fresh=False, hashes=1",7,1,control,5,0.015246099996147677,8192
hash,"tuple_bytes 32 B, fresh=True, hashes=1",7,1,control,1,0.014969000010751188,8192
hash,"tuple_bytes 32 B, fresh=True, hashes=1",7,1,control,2,0.015194100007647648,8192
hash,"tuple_bytes 32 B, fresh=True, hashes=1",7,1,control,3,0.014926700008800253,8192
hash,"tuple_bytes 32 B, fresh=True, hashes=1",7,1,control,4,0.01508579999790527,8192
hash,"tuple_bytes 32 B, fresh=True, hashes=1",7,1,control,5,0.01482350000878796,8192
hash,"tuple_bytes 32 B, fresh=True, hashes=2",7,1,control,1,0.022796300007030368,16384
hash,"tuple_bytes 32 B, fresh=True, hashes=2",7,1,control,2,0.023076600016793236,16384
hash,"tuple_bytes 32 B, fresh=True, hashes=2",7,1,control,3,0.022725199989508837,16384
hash,"tuple_bytes 32 B, fresh=True, hashes=2",7,1,control,4,0.02256939999642782,16384
hash,"tuple_bytes 32 B, fresh=True, hashes=2",7,1,control,5,0.022522400016896427,16384
hash,"bytes 1 B, fresh=False, hashes=1",7,2,candidate,1,0.011140599992359057,8192
hash,"bytes 1 B, fresh=False, hashes=1",7,2,candidate,2,0.011385699996026233,8192
hash,"bytes 1 B, fresh=False, hashes=1",7,2,candidate,3,0.011705500015523285,8192
hash,"bytes 1 B, fresh=False, hashes=1",7,2,candidate,4,0.011711399973137304,8192
hash,"bytes 1 B, fresh=False, hashes=1",7,2,candidate,5,0.01117430001613684,8192
hash,"bytes 32 B, fresh=False, hashes=1",7,2,candidate,1,0.011313700000755489,8192
hash,"bytes 32 B, fresh=False, hashes=1",7,2,candidate,2,0.011288800014881417,8192
hash,"bytes 32 B, fresh=False, hashes=1",7,2,candidate,3,0.011653900000965223,8192
hash,"bytes 32 B, fresh=False, hashes=1",7,2,candidate,4,0.012279100017622113,8192
hash,"bytes 32 B, fresh=False, hashes=1",7,2,candidate,5,0.011611599999014288,8192
hash,"bytes 256 B, fresh=False, hashes=1",7,2,candidate,1,0.011190699995495379,8192
hash,"bytes 256 B, fresh=False, hashes=1",7,2,candidate,2,0.011694800021359697,8192
hash,"bytes 256 B, fresh=False, hashes=1",7,2,candidate,3,0.011724100011633709,8192
hash,"bytes 256 B, fresh=False, hashes=1",7,2,candidate,4,0.011610299989115447,8192
hash,"bytes 256 B, fresh=False, hashes=1",7,2,candidate,5,0.011932999972486869,8192
hash,"tuple_bytes 1 B, fresh=False, hashes=1",7,2,candidate,1,0.00926590000744909,8192
hash,"tuple_bytes 1 B, fresh=False, hashes=1",7,2,candidate,2,0.009094500011997297,8192
hash,"tuple_bytes 1 B, fresh=False, hashes=1",7,2,candidate,3,0.008722700004000217,8192
hash,"tuple_bytes 1 B, fresh=False, hashes=1",7,2,candidate,4,0.008793700020760298,8192
hash,"tuple_bytes 1 B, fresh=False, hashes=1",7,2,candidate,5,0.008989199995994568,8192
hash,"tuple_bytes 32 B, fresh=False, hashes=1",7,2,candidate,1,0.008701199985807762,8192
hash,"tuple_bytes 32 B, fresh=False, hashes=1",7,2,candidate,2,0.009047800005646423,8192
hash,"tuple_bytes 32 B, fresh=False, hashes=1",7,2,candidate,3,0.009294699993915856,8192
hash,"tuple_bytes 32 B, fresh=False, hashes=1",7,2,candidate,4,0.008858199988026172,8192
hash,"tuple_bytes 32 B, fresh=False, hashes=1",7,2,candidate,5,0.00874279998242855,8192
hash,"tuple_bytes 256 B, fresh=False, hashes=1",7,2,candidate,1,0.00880980002693832,8192
hash,"tuple_bytes 256 B, fresh=False, hashes=1",7,2,candidate,2,0.008723199978703633,8192
hash,"tuple_bytes 256 B, fresh=False, hashes=1",7,2,candidate,3,0.009250500006601214,8192
hash,"tuple_bytes 256 B, fresh=False, hashes=1",7,2,candidate,4,0.008780699979979545,8192
hash,"tuple_bytes 256 B, fresh=False, hashes=1",7,2,candidate,5,0.008658899983856827,8192
hash,"tuple_bytes 32 B, fresh=True, hashes=1",7,2,candidate,1,0.01507980001042597,8192
hash,"tuple_bytes 32 B, fresh=True, hashes=1",7,2,candidate,2,0.016010799998184666,8192
hash,"tuple_bytes 32 B, fresh=True, hashes=1",7,2,candidate,3,0.015669899992644787,8192
hash,"tuple_bytes 32 B, fresh=True, hashes=1",7,2,candidate,4,0.015670499997213483,8192
hash,"tuple_bytes 32 B, fresh=True, hashes=1",7,2,candidate,5,0.015049899986479431,8192
hash,"tuple_bytes 32 B, fresh=True, hashes=2",7,2,candidate,1,0.017855200014309958,16384
hash,"tuple_bytes 32 B, fresh=True, hashes=2",7,2,candidate,2,0.018305800011148676,16384
hash,"tuple_bytes 32 B, fresh=True, hashes=2",7,2,candidate,3,0.01876460001221858,16384
hash,"tuple_bytes 32 B, fresh=True, hashes=2",7,2,candidate,4,0.018682000023545697,16384
hash,"tuple_bytes 32 B, fresh=True, hashes=2",7,2,candidate,5,0.018171600007917732,16384
update,"bytes dict, keys=64, fresh=False",1,1,control,1,0.0002626999921631068,256
update,"bytes dict, keys=64, fresh=False",1,1,control,2,0.00026110000908374786,256
update,"bytes dict, keys=64, fresh=False",1,1,control,3,0.00026000000070780516,256
update,"bytes dict, keys=256, fresh=False",1,1,control,1,0.0010340000153519213,1024
update,"bytes dict, keys=256, fresh=False",1,1,control,2,0.0010359000007156283,1024
update,"bytes dict, keys=256, fresh=False",1,1,control,3,0.0010365000052843243,1024
update,"bytes dict, keys=1024, fresh=False",1,1,control,1,0.0041526000131852925,4096
update,"bytes dict, keys=1024, fresh=False",1,1,control,2,0.004421299992827699,4096
update,"bytes dict, keys=1024, fresh=False",1,1,control,3,0.0043372999934945256,4096
update,"tuple_bytes dict, keys=64, fresh=False",1,1,control,1,0.0005222999898251146,256
update,"tuple_bytes dict, keys=64, fresh=False",1,1,control,2,0.0005189999938011169,256
update,"tuple_bytes dict, keys=64, fresh=False",1,1,control,3,0.0005196999991312623,256
update,"tuple_bytes dict, keys=256, fresh=False",1,1,control,1,0.0022096000029705465,1024
update,"tuple_bytes dict, keys=256, fresh=False",1,1,control,2,0.002017700026044622,1024
update,"tuple_bytes dict, keys=256, fresh=False",1,1,control,3,0.002070499991532415,1024
update,"tuple_bytes dict, keys=1024, fresh=False",1,1,control,1,0.008223999990150332,4096
update,"tuple_bytes dict, keys=1024, fresh=False",1,1,control,2,0.008135699987178668,4096
update,"tuple_bytes dict, keys=1024, fresh=False",1,1,control,3,0.008019500004593283,4096
update,"tuple_bytes dict, keys=64, fresh=True",1,1,control,1,0.0006776000082027167,256
update,"tuple_bytes dict, keys=64, fresh=True",1,1,control,2,0.0006809000042267144,256
update,"tuple_bytes dict, keys=64, fresh=True",1,1,control,3,0.0006804000004194677,256
update,"tuple_bytes dict, keys=256, fresh=True",1,1,control,1,0.002888199989683926,1024
update,"tuple_bytes dict, keys=256, fresh=True",1,1,control,2,0.0028728999895974994,1024
update,"tuple_bytes dict, keys=256, fresh=True",1,1,control,3,0.002790600003208965,1024
update,"tuple_bytes dict, keys=1024, fresh=True",1,1,control,1,0.011309900000924245,4096
update,"tuple_bytes dict, keys=1024, fresh=True",1,1,control,2,0.011379300005501136,4096
update,"tuple_bytes dict, keys=1024, fresh=True",1,1,control,3,0.011559000005945563,4096
update,"tuple_bytes Counter, keys=64, fresh=True",1,1,control,1,0.000764199998229742,256
update,"tuple_bytes Counter, keys=64, fresh=True",1,1,control,2,0.0007464999798685312,256
update,"tuple_bytes Counter, keys=64, fresh=True",1,1,control,3,0.0007569999725092202,256
update,"tuple_bytes Counter, keys=256, fresh=True",1,1,control,1,0.0029734999989159405,1024
update,"tuple_bytes Counter, keys=256, fresh=True",1,1,control,2,0.002890699979616329,1024
update,"tuple_bytes Counter, keys=256, fresh=True",1,1,control,3,0.0029969000024721026,1024
update,"tuple_bytes Counter, keys=1024, fresh=True",1,1,control,1,0.012146699998993427,4096
update,"tuple_bytes Counter, keys=1024, fresh=True",1,1,control,2,0.011681999982101843,4096
update,"tuple_bytes Counter, keys=1024, fresh=True",1,1,control,3,0.01187220000429079,4096
update,"bytes dict, keys=64, fresh=False",1,2,candidate,1,0.0002744999947026372,256
update,"bytes dict, keys=64, fresh=False",1,2,candidate,2,0.00025690000620670617,256
update,"bytes dict, keys=64, fresh=False",1,2,candidate,3,0.00025919999461621046,256
update,"bytes dict, keys=256, fresh=False",1,2,candidate,1,0.0010259999835398048,1024
update,"bytes dict, keys=256, fresh=False",1,2,candidate,2,0.001021499978378415,1024
update,"bytes dict, keys=256, fresh=False",1,2,candidate,3,0.0010158999939449131,1024
update,"bytes dict, keys=1024, fresh=False",1,2,candidate,1,0.004123399994568899,4096
update,"bytes dict, keys=1024, fresh=False",1,2,candidate,2,0.0041640000126790255,4096
update,"bytes dict, keys=1024, fresh=False",1,2,candidate,3,0.004103100014617667,4096
update,"tuple_bytes dict, keys=64, fresh=False",1,2,candidate,1,0.00025630000163801014,256
update,"tuple_bytes dict, keys=64, fresh=False",1,2,candidate,2,0.0002573000092525035,256
update,"tuple_bytes dict, keys=64, fresh=False",1,2,candidate,3,0.0002553999947849661,256
update,"tuple_bytes dict, keys=256, fresh=False",1,2,candidate,1,0.0010283000010531396,1024
update,"tuple_bytes dict, keys=256, fresh=False",1,2,candidate,2,0.0010115000186488032,1024
update,"tuple_bytes dict, keys=256, fresh=False",1,2,candidate,3,0.0010223000135738403,1024
update,"tuple_bytes dict, keys=1024, fresh=False",1,2,candidate,1,0.004281300003640354,4096
update,"tuple_bytes dict, keys=1024, fresh=False",1,2,candidate,2,0.0042545000032987446,4096
update,"tuple_bytes dict, keys=1024, fresh=False",1,2,candidate,3,0.004048699978739023,4096
update,"tuple_bytes dict, keys=64, fresh=True",1,2,candidate,1,0.0005605999904219061,256
update,"tuple_bytes dict, keys=64, fresh=True",1,2,candidate,2,0.0005523000145331025,256
update,"tuple_bytes dict, keys=64, fresh=True",1,2,candidate,3,0.0005610999942291528,256
update,"tuple_bytes dict, keys=256, fresh=True",1,2,candidate,1,0.0022877999872434884,1024
update,"tuple_bytes dict, keys=256, fresh=True",1,2,candidate,2,0.002203000010922551,1024
update,"tuple_bytes dict, keys=256, fresh=True",1,2,candidate,3,0.002449799998430535,1024
update,"tuple_bytes dict, keys=1024, fresh=True",1,2,candidate,1,0.008878799999365583,4096
update,"tuple_bytes dict, keys=1024, fresh=True",1,2,candidate,2,0.00894160001189448,4096
update,"tuple_bytes dict, keys=1024, fresh=True",1,2,candidate,3,0.008833500003674999,4096
update,"tuple_bytes Counter, keys=64, fresh=True",1,2,candidate,1,0.000590900017414242,256
update,"tuple_bytes Counter, keys=64, fresh=True",1,2,candidate,2,0.0005849000008311123,256
update,"tuple_bytes Counter, keys=64, fresh=True",1,2,candidate,3,0.0005901000113226473,256
update,"tuple_bytes Counter, keys=256, fresh=True",1,2,candidate,1,0.00234089998411946,1024
update,"tuple_bytes Counter, keys=256, fresh=True",1,2,candidate,2,0.002846899995347485,1024
update,"tuple_bytes Counter, keys=256, fresh=True",1,2,candidate,3,0.0026323999918531626,1024
update,"tuple_bytes Counter, keys=1024, fresh=True",1,2,candidate,1,0.009609400003682822,4096
update,"tuple_bytes Counter, keys=1024, fresh=True",1,2,candidate,2,0.009383600001456216,4096
update,"tuple_bytes Counter, keys=1024, fresh=True",1,2,candidate,3,0.009411400009412318,4096
update,"bytes dict, keys=64, fresh=False",2,1,candidate,1,0.0002595999976620078,256
update,"bytes dict, keys=64, fresh=False",2,1,candidate,2,0.0002589999930933118,256
update,"bytes dict, keys=64, fresh=False",2,1,candidate,3,0.00025949999690055847,256
update,"bytes dict, keys=256, fresh=False",2,1,candidate,1,0.0010263999865856022,1024
update,"bytes dict, keys=256, fresh=False",2,1,candidate,2,0.0010909000120591372,1024
update,"bytes dict, keys=256, fresh=False",2,1,candidate,3,0.0010919000196736306,1024
update,"bytes dict, keys=1024, fresh=False",2,1,candidate,1,0.004092899995157495,4096
update,"bytes dict, keys=1024, fresh=False",2,1,candidate,2,0.004186799982562661,4096
update,"bytes dict, keys=1024, fresh=False",2,1,candidate,3,0.004397900018375367,4096
update,"tuple_bytes dict, keys=64, fresh=False",2,1,candidate,1,0.0002668999950401485,256
update,"tuple_bytes dict, keys=64, fresh=False",2,1,candidate,2,0.0002690000110305846,256
update,"tuple_bytes dict, keys=64, fresh=False",2,1,candidate,3,0.0002654999843798578,256
update,"tuple_bytes dict, keys=256, fresh=False",2,1,candidate,1,0.0010411999828647822,1024
update,"tuple_bytes dict, keys=256, fresh=False",2,1,candidate,2,0.0010380000167060643,1024
update,"tuple_bytes dict, keys=256, fresh=False",2,1,candidate,3,0.0010406999790575355,1024
update,"tuple_bytes dict, keys=1024, fresh=False",2,1,candidate,1,0.00425820000236854,4096
update,"tuple_bytes dict, keys=1024, fresh=False",2,1,candidate,2,0.004274300008546561,4096
update,"tuple_bytes dict, keys=1024, fresh=False",2,1,candidate,3,0.004244099982315674,4096
update,"tuple_bytes dict, keys=64, fresh=True",2,1,candidate,1,0.0005840000230818987,256
update,"tuple_bytes dict, keys=64, fresh=True",2,1,candidate,2,0.0005765999958384782,256
update,"tuple_bytes dict, keys=64, fresh=True",2,1,candidate,3,0.0005754000158049166,256
update,"tuple_bytes dict, keys=256, fresh=True",2,1,candidate,1,0.0023443000100087374,1024
update,"tuple_bytes dict, keys=256, fresh=True",2,1,candidate,2,0.0023062000109348446,1024
update,"tuple_bytes dict, keys=256, fresh=True",2,1,candidate,3,0.002368799992837012,1024
update,"tuple_bytes dict, keys=1024, fresh=True",2,1,candidate,1,0.009235599980456755,4096
update,"tuple_bytes dict, keys=1024, fresh=True",2,1,candidate,2,0.009358200011774898,4096
update,"tuple_bytes dict, keys=1024, fresh=True",2,1,candidate,3,0.009292999980971217,4096
update,"tuple_bytes Counter, keys=64, fresh=True",2,1,candidate,1,0.0006160000048112124,256
update,"tuple_bytes Counter, keys=64, fresh=True",2,1,candidate,2,0.0006138000171631575,256
update,"tuple_bytes Counter, keys=64, fresh=True",2,1,candidate,3,0.0006128000095486641,256
update,"tuple_bytes Counter, keys=256, fresh=True",2,1,candidate,1,0.002435500005958602,1024
update,"tuple_bytes Counter, keys=256, fresh=True",2,1,candidate,2,0.0024541000020690262,1024
update,"tuple_bytes Counter, keys=256, fresh=True",2,1,candidate,3,0.0026553999923635274,1024
update,"tuple_bytes Counter, keys=1024, fresh=True",2,1,candidate,1,0.00980229998822324,4096
update,"tuple_bytes Counter, keys=1024, fresh=True",2,1,candidate,2,0.009820600011153147,4096
update,"tuple_bytes Counter, keys=1024, fresh=True",2,1,candidate,3,0.009627999999793246,4096
update,"bytes dict, keys=64, fresh=False",2,2,control,1,0.00026599998818710446,256
update,"bytes dict, keys=64, fresh=False",2,2,control,2,0.00026500000967644155,256
update,"bytes dict, keys=64, fresh=False",2,2,control,3,0.0002753000007942319,256
update,"bytes dict, keys=256, fresh=False",2,2,control,1,0.0010421999904792756,1024
update,"bytes dict, keys=256, fresh=False",2,2,control,2,0.0010834000131580979,1024
update,"bytes dict, keys=256, fresh=False",2,2,control,3,0.00105929997516796,1024
update,"bytes dict, keys=1024, fresh=False",2,2,control,1,0.004204400000162423,4096
update,"bytes dict, keys=1024, fresh=False",2,2,control,2,0.004202999989502132,4096
update,"bytes dict, keys=1024, fresh=False",2,2,control,3,0.004203199991025031,4096
update,"tuple_bytes dict, keys=64, fresh=False",2,2,control,1,0.0005046000005677342,256
update,"tuple_bytes dict, keys=64, fresh=False",2,2,control,2,0.0005268999957479537,256
update,"tuple_bytes dict, keys=64, fresh=False",2,2,control,3,0.0005033999914303422,256
update,"tuple_bytes dict, keys=256, fresh=False",2,2,control,1,0.0019964000093750656,1024
update,"tuple_bytes dict, keys=256, fresh=False",2,2,control,2,0.002091600006679073,1024
update,"tuple_bytes dict, keys=256, fresh=False",2,2,control,3,0.0019998000061605126,1024
update,"tuple_bytes dict, keys=1024, fresh=False",2,2,control,1,0.00817679997999221,4096
update,"tuple_bytes dict, keys=1024, fresh=False",2,2,control,2,0.007999500026926398,4096
update,"tuple_bytes dict, keys=1024, fresh=False",2,2,control,3,0.008099300001049414,4096
update,"tuple_bytes dict, keys=64, fresh=True",2,2,control,1,0.0007383999763987958,256
update,"tuple_bytes dict, keys=64, fresh=True",2,2,control,2,0.0006939000159036368,256
update,"tuple_bytes dict, keys=64, fresh=True",2,2,control,3,0.0007456000021193177,256
update,"tuple_bytes dict, keys=256, fresh=True",2,2,control,1,0.0028793000092264265,1024
update,"tuple_bytes dict, keys=256, fresh=True",2,2,control,2,0.0028737999964505434,1024
update,"tuple_bytes dict, keys=256, fresh=True",2,2,control,3,0.003129699995042756,1024
update,"tuple_bytes dict, keys=1024, fresh=True",2,2,control,1,0.011176400003023446,4096
update,"tuple_bytes dict, keys=1024, fresh=True",2,2,control,2,0.011181399982888252,4096
update,"tuple_bytes dict, keys=1024, fresh=True",2,2,control,3,0.01096379998489283,4096
update,"tuple_bytes Counter, keys=64, fresh=True",2,2,control,1,0.0007240000122692436,256
update,"tuple_bytes Counter, keys=64, fresh=True",2,2,control,2,0.0007298999989870936,256
update,"tuple_bytes Counter, keys=64, fresh=True",2,2,control,3,0.0007624000136274844,256
update,"tuple_bytes Counter, keys=256, fresh=True",2,2,control,1,0.002997900010086596,1024
update,"tuple_bytes Counter, keys=256, fresh=True",2,2,control,2,0.003324200020870194,1024
update,"tuple_bytes Counter, keys=256, fresh=True",2,2,control,3,0.0030205000075511634,1024
update,"tuple_bytes Counter, keys=1024, fresh=True",2,2,control,1,0.012174500006949529,4096
update,"tuple_bytes Counter, keys=1024, fresh=True",2,2,control,2,0.011896799987880513,4096
update,"tuple_bytes Counter, keys=1024, fresh=True",2,2,control,3,0.0116915000253357,4096
update,"bytes dict, keys=64, fresh=False",3,1,control,1,0.00026030000299215317,256
update,"bytes dict, keys=64, fresh=False",3,1,control,2,0.0002601000014692545,256
update,"bytes dict, keys=64, fresh=False",3,1,control,3,0.0002643000043462962,256
update,"bytes dict, keys=256, fresh=False",3,1,control,1,0.0010376999853178859,1024
update,"bytes dict, keys=256, fresh=False",3,1,control,2,0.001206200016895309,1024
update,"bytes dict, keys=256, fresh=False",3,1,control,3,0.0010386999929323792,1024
update,"bytes dict, keys=1024, fresh=False",3,1,control,1,0.004286399984266609,4096
update,"bytes dict, keys=1024, fresh=False",3,1,control,2,0.004331700009061024,4096
update,"bytes dict, keys=1024, fresh=False",3,1,control,3,0.004133799986448139,4096
update,"tuple_bytes dict, keys=64, fresh=False",3,1,control,1,0.0005018000083509833,256
update,"tuple_bytes dict, keys=64, fresh=False",3,1,control,2,0.0004935000033583492,256
update,"tuple_bytes dict, keys=64, fresh=False",3,1,control,3,0.0004910000134259462,256
update,"tuple_bytes dict, keys=256, fresh=False",3,1,control,1,0.0020200000144541264,1024
update,"tuple_bytes dict, keys=256, fresh=False",3,1,control,2,0.0019648000015877187,1024
update,"tuple_bytes dict, keys=256, fresh=False",3,1,control,3,0.001980200002435595,1024
update,"tuple_bytes dict, keys=1024, fresh=False",3,1,control,1,0.008521300012944266,4096
update,"tuple_bytes dict, keys=1024, fresh=False",3,1,control,2,0.008743399986997247,4096
update,"tuple_bytes dict, keys=1024, fresh=False",3,1,control,3,0.00796660000924021,4096
update,"tuple_bytes dict, keys=64, fresh=True",3,1,control,1,0.0006830000202171504,256
update,"tuple_bytes dict, keys=64, fresh=True",3,1,control,2,0.0007014999864622951,256
update,"tuple_bytes dict, keys=64, fresh=True",3,1,control,3,0.0006916999991517514,256
update,"tuple_bytes dict, keys=256, fresh=True",3,1,control,1,0.0027251999999862164,1024
update,"tuple_bytes dict, keys=256, fresh=True",3,1,control,2,0.003427999996347353,1024
update,"tuple_bytes dict, keys=256, fresh=True",3,1,control,3,0.0029195999959483743,1024
update,"tuple_bytes dict, keys=1024, fresh=True",3,1,control,1,0.011296300013782457,4096
update,"tuple_bytes dict, keys=1024, fresh=True",3,1,control,2,0.011119900009362027,4096
update,"tuple_bytes dict, keys=1024, fresh=True",3,1,control,3,0.011326100007863715,4096
update,"tuple_bytes Counter, keys=64, fresh=True",3,1,control,1,0.0007236999808810651,256
update,"tuple_bytes Counter, keys=64, fresh=True",3,1,control,2,0.0007144999981392175,256
update,"tuple_bytes Counter, keys=64, fresh=True",3,1,control,3,0.0007177000225055963,256
update,"tuple_bytes Counter, keys=256, fresh=True",3,1,control,1,0.0029165000014472753,1024
update,"tuple_bytes Counter, keys=256, fresh=True",3,1,control,2,0.003024400008143857,1024
update,"tuple_bytes Counter, keys=256, fresh=True",3,1,control,3,0.002886000002035871,1024
update,"tuple_bytes Counter, keys=1024, fresh=True",3,1,control,1,0.01151489999028854,4096
update,"tuple_bytes Counter, keys=1024, fresh=True",3,1,control,2,0.01178470000741072,4096
update,"tuple_bytes Counter, keys=1024, fresh=True",3,1,control,3,0.011899100005393848,4096
update,"bytes dict, keys=64, fresh=False",3,2,candidate,1,0.0002570000069681555,256
update,"bytes dict, keys=64, fresh=False",3,2,candidate,2,0.00025779998395591974,256
update,"bytes dict, keys=64, fresh=False",3,2,candidate,3,0.0002682000049389899,256
update,"bytes dict, keys=256, fresh=False",3,2,candidate,1,0.001022200012812391,1024
update,"bytes dict, keys=256, fresh=False",3,2,candidate,2,0.0011057000083383173,1024
update,"bytes dict, keys=256, fresh=False",3,2,candidate,3,0.0010916999890469015,1024
update,"bytes dict, keys=1024, fresh=False",3,2,candidate,1,0.0041062999807763845,4096
update,"bytes dict, keys=1024, fresh=False",3,2,candidate,2,0.005245800013653934,4096
update,"bytes dict, keys=1024, fresh=False",3,2,candidate,3,0.004100700025446713,4096
update,"tuple_bytes dict, keys=64, fresh=False",3,2,candidate,1,0.00025680000544525683,256
update,"tuple_bytes dict, keys=64, fresh=False",3,2,candidate,2,0.0002544000162743032,256
update,"tuple_bytes dict, keys=64, fresh=False",3,2,candidate,3,0.0002570000069681555,256
update,"tuple_bytes dict, keys=256, fresh=False",3,2,candidate,1,0.0010054000013042241,1024
update,"tuple_bytes dict, keys=256, fresh=False",3,2,candidate,2,0.0010674000077415258,1024
update,"tuple_bytes dict, keys=256, fresh=False",3,2,candidate,3,0.001065399992512539,1024
update,"tuple_bytes dict, keys=1024, fresh=False",3,2,candidate,1,0.004122100013773888,4096
update,"tuple_bytes dict, keys=1024, fresh=False",3,2,candidate,2,0.004046699992613867,4096
update,"tuple_bytes dict, keys=1024, fresh=False",3,2,candidate,3,0.00424179999390617,4096
update,"tuple_bytes dict, keys=64, fresh=True",3,2,candidate,1,0.0005581000004895031,256
update,"tuple_bytes dict, keys=64, fresh=True",3,2,candidate,2,0.0005551000067498535,256
update,"tuple_bytes dict, keys=64, fresh=True",3,2,candidate,3,0.0005594000103883445,256
update,"tuple_bytes dict, keys=256, fresh=True",3,2,candidate,1,0.0021902000007685274,1024
update,"tuple_bytes dict, keys=256, fresh=True",3,2,candidate,2,0.002202900010161102,1024
update,"tuple_bytes dict, keys=256, fresh=True",3,2,candidate,3,0.0023053000040818006,1024
update,"tuple_bytes dict, keys=1024, fresh=True",3,2,candidate,1,0.008851899998262525,4096
update,"tuple_bytes dict, keys=1024, fresh=True",3,2,candidate,2,0.009399100003065541,4096
update,"tuple_bytes dict, keys=1024, fresh=True",3,2,candidate,3,0.009320899989688769,4096
update,"tuple_bytes Counter, keys=64, fresh=True",3,2,candidate,1,0.000606399989919737,256
update,"tuple_bytes Counter, keys=64, fresh=True",3,2,candidate,2,0.0006118999735917896,256
update,"tuple_bytes Counter, keys=64, fresh=True",3,2,candidate,3,0.0006207000114955008,256
update,"tuple_bytes Counter, keys=256, fresh=True",3,2,candidate,1,0.00243429999682121,1024
update,"tuple_bytes Counter, keys=256, fresh=True",3,2,candidate,2,0.002434699999867007,1024
update,"tuple_bytes Counter, keys=256, fresh=True",3,2,candidate,3,0.0023972000053618103,1024
update,"tuple_bytes Counter, keys=1024, fresh=True",3,2,candidate,1,0.009770100004971027,4096
update,"tuple_bytes Counter, keys=1024, fresh=True",3,2,candidate,2,0.009890699991956353,4096
update,"tuple_bytes Counter, keys=1024, fresh=True",3,2,candidate,3,0.00976220000302419,4096
update,"bytes dict, keys=64, fresh=False",4,1,candidate,1,0.00026149998302571476,256
update,"bytes dict, keys=64, fresh=False",4,1,candidate,2,0.00026020000223070383,256
update,"bytes dict, keys=64, fresh=False",4,1,candidate,3,0.0002591000229585916,256
update,"bytes dict, keys=256, fresh=False",4,1,candidate,1,0.0010226000158581883,1024
update,"bytes dict, keys=256, fresh=False",4,1,candidate,2,0.0010296999826095998,1024
update,"bytes dict, keys=256, fresh=False",4,1,candidate,3,0.001126899995142594,1024
update,"bytes dict, keys=1024, fresh=False",4,1,candidate,1,0.004097400000318885,4096
update,"bytes dict, keys=1024, fresh=False",4,1,candidate,2,0.0041551000031176955,4096
update,"bytes dict, keys=1024, fresh=False",4,1,candidate,3,0.0040939000027719885,4096
update,"tuple_bytes dict, keys=64, fresh=False",4,1,candidate,1,0.00026099997921846807,256
update,"tuple_bytes dict, keys=64, fresh=False",4,1,candidate,2,0.0002576000115368515,256
update,"tuple_bytes dict, keys=64, fresh=False",4,1,candidate,3,0.00026199998683296144,256
update,"tuple_bytes dict, keys=256, fresh=False",4,1,candidate,1,0.0010412999836262316,1024
update,"tuple_bytes dict, keys=256, fresh=False",4,1,candidate,2,0.0010145000123884529,1024
update,"tuple_bytes dict, keys=256, fresh=False",4,1,candidate,3,0.0010588000004645437,1024
update,"tuple_bytes dict, keys=1024, fresh=False",4,1,candidate,1,0.004361500003142282,4096
update,"tuple_bytes dict, keys=1024, fresh=False",4,1,candidate,2,0.004255400010151789,4096
update,"tuple_bytes dict, keys=1024, fresh=False",4,1,candidate,3,0.004312100005336106,4096
update,"tuple_bytes dict, keys=64, fresh=True",4,1,candidate,1,0.0007382000039797276,256
update,"tuple_bytes dict, keys=64, fresh=True",4,1,candidate,2,0.0007034000009298325,256
update,"tuple_bytes dict, keys=64, fresh=True",4,1,candidate,3,0.0005891999753657728,256
update,"tuple_bytes dict, keys=256, fresh=True",4,1,candidate,1,0.0023736000002827495,1024
update,"tuple_bytes dict, keys=256, fresh=True",4,1,candidate,2,0.0024930000072345138,1024
update,"tuple_bytes dict, keys=256, fresh=True",4,1,candidate,3,0.0022059000039007515,1024
update,"tuple_bytes dict, keys=1024, fresh=True",4,1,candidate,1,0.008946099987952039,4096
update,"tuple_bytes dict, keys=1024, fresh=True",4,1,candidate,2,0.008883499976946041,4096
update,"tuple_bytes dict, keys=1024, fresh=True",4,1,candidate,3,0.009013300004880875,4096
update,"tuple_bytes Counter, keys=64, fresh=True",4,1,candidate,1,0.000589100003708154,256
update,"tuple_bytes Counter, keys=64, fresh=True",4,1,candidate,2,0.0005991999933030456,256
update,"tuple_bytes Counter, keys=64, fresh=True",4,1,candidate,3,0.0005877999938093126,256
update,"tuple_bytes Counter, keys=256, fresh=True",4,1,candidate,1,0.0023472000029869378,1024
update,"tuple_bytes Counter, keys=256, fresh=True",4,1,candidate,2,0.0023416999902110547,1024
update,"tuple_bytes Counter, keys=256, fresh=True",4,1,candidate,3,0.0023486999853048474,1024
update,"tuple_bytes Counter, keys=1024, fresh=True",4,1,candidate,1,0.009347899991553277,4096
update,"tuple_bytes Counter, keys=1024, fresh=True",4,1,candidate,2,0.009486199996899813,4096
update,"tuple_bytes Counter, keys=1024, fresh=True",4,1,candidate,3,0.009649999992689118,4096
update,"bytes dict, keys=64, fresh=False",4,2,control,1,0.00026130001060664654,256
update,"bytes dict, keys=64, fresh=False",4,2,control,2,0.0002707000239752233,256
update,"bytes dict, keys=64, fresh=False",4,2,control,3,0.0002612999815028161,256
update,"bytes dict, keys=256, fresh=False",4,2,control,1,0.001033000007737428,1024
update,"bytes dict, keys=256, fresh=False",4,2,control,2,0.0010271999926771969,1024
update,"bytes dict, keys=256, fresh=False",4,2,control,3,0.0010309999925084412,1024
update,"bytes dict, keys=1024, fresh=False",4,2,control,1,0.0041498000209685415,4096
update,"bytes dict, keys=1024, fresh=False",4,2,control,2,0.004347299982327968,4096
update,"bytes dict, keys=1024, fresh=False",4,2,control,3,0.004307099996367469,4096
update,"tuple_bytes dict, keys=64, fresh=False",4,2,control,1,0.0005182000168133527,256
update,"tuple_bytes dict, keys=64, fresh=False",4,2,control,2,0.0005918999959249049,256
update,"tuple_bytes dict, keys=64, fresh=False",4,2,control,3,0.0004914999881293625,256
update,"tuple_bytes dict, keys=256, fresh=False",4,2,control,1,0.001986699993722141,1024
update,"tuple_bytes dict, keys=256, fresh=False",4,2,control,2,0.001959999994141981,1024
update,"tuple_bytes dict, keys=256, fresh=False",4,2,control,3,0.001965899980859831,1024
update,"tuple_bytes dict, keys=1024, fresh=False",4,2,control,1,0.00802290000137873,4096
update,"tuple_bytes dict, keys=1024, fresh=False",4,2,control,2,0.008115299977362156,4096
update,"tuple_bytes dict, keys=1024, fresh=False",4,2,control,3,0.007999599998584017,4096
update,"tuple_bytes dict, keys=64, fresh=True",4,2,control,1,0.0006861000147182494,256
update,"tuple_bytes dict, keys=64, fresh=True",4,2,control,2,0.0006827000179328024,256
update,"tuple_bytes dict, keys=64, fresh=True",4,2,control,3,0.0006753999914508313,256
update,"tuple_bytes dict, keys=256, fresh=True",4,2,control,1,0.002707899984670803,1024
update,"tuple_bytes dict, keys=256, fresh=True",4,2,control,2,0.002709399996092543,1024
update,"tuple_bytes dict, keys=256, fresh=True",4,2,control,3,0.0030610999965574592,1024
update,"tuple_bytes dict, keys=1024, fresh=True",4,2,control,1,0.010971699986839667,4096
update,"tuple_bytes dict, keys=1024, fresh=True",4,2,control,2,0.010990899987518787,4096
update,"tuple_bytes dict, keys=1024, fresh=True",4,2,control,3,0.01088240000535734,4096
update,"tuple_bytes Counter, keys=64, fresh=True",4,2,control,1,0.0007174999918788671,256
update,"tuple_bytes Counter, keys=64, fresh=True",4,2,control,2,0.0007233999785967171,256
update,"tuple_bytes Counter, keys=64, fresh=True",4,2,control,3,0.0007229000038933009,256
update,"tuple_bytes Counter, keys=256, fresh=True",4,2,control,1,0.0028673000051639974,1024
update,"tuple_bytes Counter, keys=256, fresh=True",4,2,control,2,0.0029574999934993684,1024
update,"tuple_bytes Counter, keys=256, fresh=True",4,2,control,3,0.0028657000220846385,1024
update,"tuple_bytes Counter, keys=1024, fresh=True",4,2,control,1,0.01158769999165088,4096
update,"tuple_bytes Counter, keys=1024, fresh=True",4,2,control,2,0.013310500013176352,4096
update,"tuple_bytes Counter, keys=1024, fresh=True",4,2,control,3,0.011520000000018626,4096
update,"bytes dict, keys=64, fresh=False",5,1,control,1,0.0002629999944474548,256
update,"bytes dict, keys=64, fresh=False",5,1,control,2,0.00026130001060664654,256
update,"bytes dict, keys=64, fresh=False",5,1,control,3,0.0002607999776955694,256
update,"bytes dict, keys=256, fresh=False",5,1,control,1,0.001036400004522875,1024
update,"bytes dict, keys=256, fresh=False",5,1,control,2,0.0010371000098530203,1024
update,"bytes dict, keys=256, fresh=False",5,1,control,3,0.0010479000047780573,1024
update,"bytes dict, keys=1024, fresh=False",5,1,control,1,0.0043935999856330454,4096
update,"bytes dict, keys=1024, fresh=False",5,1,control,2,0.004425399994943291,4096
update,"bytes dict, keys=1024, fresh=False",5,1,control,3,0.004351400013547391,4096
update,"tuple_bytes dict, keys=64, fresh=False",5,1,control,1,0.0005164000031072646,256
update,"tuple_bytes dict, keys=64, fresh=False",5,1,control,2,0.0005189999938011169,256
update,"tuple_bytes dict, keys=64, fresh=False",5,1,control,3,0.0005145999894011766,256
update,"tuple_bytes dict, keys=256, fresh=False",5,1,control,1,0.0020326999947428703,1024
update,"tuple_bytes dict, keys=256, fresh=False",5,1,control,2,0.001980500004719943,1024
update,"tuple_bytes dict, keys=256, fresh=False",5,1,control,3,0.0019696999806910753,1024
update,"tuple_bytes dict, keys=1024, fresh=False",5,1,control,1,0.007989099976839498,4096
update,"tuple_bytes dict, keys=1024, fresh=False",5,1,control,2,0.00787190001574345,4096
update,"tuple_bytes dict, keys=1024, fresh=False",5,1,control,3,0.007889100001193583,4096
update,"tuple_bytes dict, keys=64, fresh=True",5,1,control,1,0.00068450000253506,256
update,"tuple_bytes dict, keys=64, fresh=True",5,1,control,2,0.0006781999836675823,256
update,"tuple_bytes dict, keys=64, fresh=True",5,1,control,3,0.0006858000124339014,256
update,"tuple_bytes dict, keys=256, fresh=True",5,1,control,1,0.002818699984345585,1024
update,"tuple_bytes dict, keys=256, fresh=True",5,1,control,2,0.0028710000042337924,1024
update,"tuple_bytes dict, keys=256, fresh=True",5,1,control,3,0.002831700025126338,1024
update,"tuple_bytes dict, keys=1024, fresh=True",5,1,control,1,0.0113742999965325,4096
update,"tuple_bytes dict, keys=1024, fresh=True",5,1,control,2,0.011408099991967902,4096
update,"tuple_bytes dict, keys=1024, fresh=True",5,1,control,3,0.011502299981657416,4096
update,"tuple_bytes Counter, keys=64, fresh=True",5,1,control,1,0.0007289999921340495,256
update,"tuple_bytes Counter, keys=64, fresh=True",5,1,control,2,0.000732400018023327,256
update,"tuple_bytes Counter, keys=64, fresh=True",5,1,control,3,0.0007227000023704022,256
update,"tuple_bytes Counter, keys=256, fresh=True",5,1,control,1,0.0028485000075306743,1024
update,"tuple_bytes Counter, keys=256, fresh=True",5,1,control,2,0.0029100000101607293,1024
update,"tuple_bytes Counter, keys=256, fresh=True",5,1,control,3,0.003022800025064498,1024
update,"tuple_bytes Counter, keys=1024, fresh=True",5,1,control,1,0.011903600010555238,4096
update,"tuple_bytes Counter, keys=1024, fresh=True",5,1,control,2,0.01173140000901185,4096
update,"tuple_bytes Counter, keys=1024, fresh=True",5,1,control,3,0.01236560000688769,4096
update,"bytes dict, keys=64, fresh=False",5,2,candidate,1,0.00026000000070780516,256
update,"bytes dict, keys=64, fresh=False",5,2,candidate,2,0.0002590999938547611,256
update,"bytes dict, keys=64, fresh=False",5,2,candidate,3,0.0002607000060379505,256
update,"bytes dict, keys=256, fresh=False",5,2,candidate,1,0.0010161999962292612,1024
update,"bytes dict, keys=256, fresh=False",5,2,candidate,2,0.001021199976094067,1024
update,"bytes dict, keys=256, fresh=False",5,2,candidate,3,0.0010194999922532588,1024
update,"bytes dict, keys=1024, fresh=False",5,2,candidate,1,0.0043264999985694885,4096
update,"bytes dict, keys=1024, fresh=False",5,2,candidate,2,0.004377300007035956,4096
update,"bytes dict, keys=1024, fresh=False",5,2,candidate,3,0.004312299977755174,4096
update,"tuple_bytes dict, keys=64, fresh=False",5,2,candidate,1,0.00026679999427869916,256
update,"tuple_bytes dict, keys=64, fresh=False",5,2,candidate,2,0.0002662999904714525,256
update,"tuple_bytes dict, keys=64, fresh=False",5,2,candidate,3,0.0002671999973244965,256
update,"tuple_bytes dict, keys=256, fresh=False",5,2,candidate,1,0.0010513000015635043,1024
update,"tuple_bytes dict, keys=256, fresh=False",5,2,candidate,2,0.001055200002156198,1024
update,"tuple_bytes dict, keys=256, fresh=False",5,2,candidate,3,0.0010517999762669206,1024
update,"tuple_bytes dict, keys=1024, fresh=False",5,2,candidate,1,0.004359099984867498,4096
update,"tuple_bytes dict, keys=1024, fresh=False",5,2,candidate,2,0.0042483999859541655,4096
update,"tuple_bytes dict, keys=1024, fresh=False",5,2,candidate,3,0.0042344999965280294,4096
update,"tuple_bytes dict, keys=64, fresh=True",5,2,candidate,1,0.0005842999962624162,256
update,"tuple_bytes dict, keys=64, fresh=True",5,2,candidate,2,0.0005798999918624759,256
update,"tuple_bytes dict, keys=64, fresh=True",5,2,candidate,3,0.0005821000086143613,256
update,"tuple_bytes dict, keys=256, fresh=True",5,2,candidate,1,0.0022976000036578625,1024
update,"tuple_bytes dict, keys=256, fresh=True",5,2,candidate,2,0.0023317000013776124,1024
update,"tuple_bytes dict, keys=256, fresh=True",5,2,candidate,3,0.002290900010848418,1024
update,"tuple_bytes dict, keys=1024, fresh=True",5,2,candidate,1,0.009252799995010719,4096
update,"tuple_bytes dict, keys=1024, fresh=True",5,2,candidate,2,0.009206100017763674,4096
update,"tuple_bytes dict, keys=1024, fresh=True",5,2,candidate,3,0.009229399991454557,4096
update,"tuple_bytes Counter, keys=64, fresh=True",5,2,candidate,1,0.0006167999817989767,256
update,"tuple_bytes Counter, keys=64, fresh=True",5,2,candidate,2,0.0006094000127632171,256
update,"tuple_bytes Counter, keys=64, fresh=True",5,2,candidate,3,0.0006121000042185187,256
update,"tuple_bytes Counter, keys=256, fresh=True",5,2,candidate,1,0.002442400000290945,1024
update,"tuple_bytes Counter, keys=256, fresh=True",5,2,candidate,2,0.0024414000217802823,1024
update,"tuple_bytes Counter, keys=256, fresh=True",5,2,candidate,3,0.002439300005789846,1024
update,"tuple_bytes Counter, keys=1024, fresh=True",5,2,candidate,1,0.009871499991277233,4096
update,"tuple_bytes Counter, keys=1024, fresh=True",5,2,candidate,2,0.009820800012676045,4096
update,"tuple_bytes Counter, keys=1024, fresh=True",5,2,candidate,3,0.009875999996438622,4096
update,"bytes dict, keys=64, fresh=False",6,1,candidate,1,0.0002641999744810164,256
update,"bytes dict, keys=64, fresh=False",6,1,candidate,2,0.0003066000062972307,256
update,"bytes dict, keys=64, fresh=False",6,1,candidate,3,0.0002589999930933118,256
update,"bytes dict, keys=256, fresh=False",6,1,candidate,1,0.0010260999843012542,1024
update,"bytes dict, keys=256, fresh=False",6,1,candidate,2,0.0010241999989375472,1024
update,"bytes dict, keys=256, fresh=False",6,1,candidate,3,0.0010240999981760979,1024
update,"bytes dict, keys=1024, fresh=False",6,1,candidate,1,0.004254600004060194,4096
update,"bytes dict, keys=1024, fresh=False",6,1,candidate,2,0.004272799997124821,4096
update,"bytes dict, keys=1024, fresh=False",6,1,candidate,3,0.004516600019996986,4096
update,"tuple_bytes dict, keys=64, fresh=False",6,1,candidate,1,0.0002555999963078648,256
update,"tuple_bytes dict, keys=64, fresh=False",6,1,candidate,2,0.0002552999940235168,256
update,"tuple_bytes dict, keys=64, fresh=False",6,1,candidate,3,0.0002592999953776598,256
update,"tuple_bytes dict, keys=256, fresh=False",6,1,candidate,1,0.0010085000249091536,1024
update,"tuple_bytes dict, keys=256, fresh=False",6,1,candidate,2,0.0012983000196982175,1024
update,"tuple_bytes dict, keys=256, fresh=False",6,1,candidate,3,0.0010133000032510608,1024
update,"tuple_bytes dict, keys=1024, fresh=False",6,1,candidate,1,0.004058799997437745,4096
update,"tuple_bytes dict, keys=1024, fresh=False",6,1,candidate,2,0.0042498999973759055,4096
update,"tuple_bytes dict, keys=1024, fresh=False",6,1,candidate,3,0.004256799991708249,4096
update,"tuple_bytes dict, keys=64, fresh=True",6,1,candidate,1,0.0005794999888166785,256
update,"tuple_bytes dict, keys=64, fresh=True",6,1,candidate,2,0.0006327999872155488,256
update,"tuple_bytes dict, keys=64, fresh=True",6,1,candidate,3,0.0005843999970238656,256
update,"tuple_bytes dict, keys=256, fresh=True",6,1,candidate,1,0.0023638999846298248,1024
update,"tuple_bytes dict, keys=256, fresh=True",6,1,candidate,2,0.0023019000072963536,1024
update,"tuple_bytes dict, keys=256, fresh=True",6,1,candidate,3,0.0023344000219367445,1024
update,"tuple_bytes dict, keys=1024, fresh=True",6,1,candidate,1,0.009285700012696907,4096
update,"tuple_bytes dict, keys=1024, fresh=True",6,1,candidate,2,0.009258400008548051,4096
update,"tuple_bytes dict, keys=1024, fresh=True",6,1,candidate,3,0.009443299990380183,4096
update,"tuple_bytes Counter, keys=64, fresh=True",6,1,candidate,1,0.0006019999855197966,256
update,"tuple_bytes Counter, keys=64, fresh=True",6,1,candidate,2,0.0006052000098861754,256
update,"tuple_bytes Counter, keys=64, fresh=True",6,1,candidate,3,0.0006020000146236271,256
update,"tuple_bytes Counter, keys=256, fresh=True",6,1,candidate,1,0.0024258000194095075,1024
update,"tuple_bytes Counter, keys=256, fresh=True",6,1,candidate,2,0.002670299989404157,1024
update,"tuple_bytes Counter, keys=256, fresh=True",6,1,candidate,3,0.00252909999107942,1024
update,"tuple_bytes Counter, keys=1024, fresh=True",6,1,candidate,1,0.010169100016355515,4096
update,"tuple_bytes Counter, keys=1024, fresh=True",6,1,candidate,2,0.0093920000072103,4096
update,"tuple_bytes Counter, keys=1024, fresh=True",6,1,candidate,3,0.009463199996389449,4096
update,"bytes dict, keys=64, fresh=False",6,2,control,1,0.0002651000104378909,256
update,"bytes dict, keys=64, fresh=False",6,2,control,2,0.00026339999749325216,256
update,"bytes dict, keys=64, fresh=False",6,2,control,3,0.0002601000014692545,256
update,"bytes dict, keys=256, fresh=False",6,2,control,1,0.0010483000078238547,1024
update,"bytes dict, keys=256, fresh=False",6,2,control,2,0.0015407000028062612,1024
update,"bytes dict, keys=256, fresh=False",6,2,control,3,0.0010418000165373087,1024
update,"bytes dict, keys=1024, fresh=False",6,2,control,1,0.004161499993642792,4096
update,"bytes dict, keys=1024, fresh=False",6,2,control,2,0.004145300015807152,4096
update,"bytes dict, keys=1024, fresh=False",6,2,control,3,0.004281700006686151,4096
update,"tuple_bytes dict, keys=64, fresh=False",6,2,control,1,0.0005086000019218773,256
update,"tuple_bytes dict, keys=64, fresh=False",6,2,control,2,0.0005098999827168882,256
update,"tuple_bytes dict, keys=64, fresh=False",6,2,control,3,0.0005172000091988593,256
update,"tuple_bytes dict, keys=256, fresh=False",6,2,control,1,0.0020521999977063388,1024
update,"tuple_bytes dict, keys=256, fresh=False",6,2,control,2,0.0020896999922115356,1024
update,"tuple_bytes dict, keys=256, fresh=False",6,2,control,3,0.002056199999060482,1024
update,"tuple_bytes dict, keys=1024, fresh=False",6,2,control,1,0.008369299990590662,4096
update,"tuple_bytes dict, keys=1024, fresh=False",6,2,control,2,0.008217599999625236,4096
update,"tuple_bytes dict, keys=1024, fresh=False",6,2,control,3,0.008241500006988645,4096
update,"tuple_bytes dict, keys=64, fresh=True",6,2,control,1,0.0007163999835029244,256
update,"tuple_bytes dict, keys=64, fresh=True",6,2,control,2,0.0007106999983079731,256
update,"tuple_bytes dict, keys=64, fresh=True",6,2,control,3,0.0007124000112526119,256
update,"tuple_bytes dict, keys=256, fresh=True",6,2,control,1,0.002814300009049475,1024
update,"tuple_bytes dict, keys=256, fresh=True",6,2,control,2,0.0028276000230107456,1024
update,"tuple_bytes dict, keys=256, fresh=True",6,2,control,3,0.0028569000132847577,1024
update,"tuple_bytes dict, keys=1024, fresh=True",6,2,control,1,0.011416299996199086,4096
update,"tuple_bytes dict, keys=1024, fresh=True",6,2,control,2,0.011502000008476898,4096
update,"tuple_bytes dict, keys=1024, fresh=True",6,2,control,3,0.011382900003809482,4096
update,"tuple_bytes Counter, keys=64, fresh=True",6,2,control,1,0.0007499000057578087,256
update,"tuple_bytes Counter, keys=64, fresh=True",6,2,control,2,0.000752199994167313,256
update,"tuple_bytes Counter, keys=64, fresh=True",6,2,control,3,0.0007509000133723021,256
update,"tuple_bytes Counter, keys=256, fresh=True",6,2,control,1,0.003120499983197078,1024
update,"tuple_bytes Counter, keys=256, fresh=True",6,2,control,2,0.0030036999960429966,1024
update,"tuple_bytes Counter, keys=256, fresh=True",6,2,control,3,0.0029943999834358692,1024
update,"tuple_bytes Counter, keys=1024, fresh=True",6,2,control,1,0.012139299971750006,4096
update,"tuple_bytes Counter, keys=1024, fresh=True",6,2,control,2,0.012129200011258945,4096
update,"tuple_bytes Counter, keys=1024, fresh=True",6,2,control,3,0.012396400008583441,4096
update,"bytes dict, keys=64, fresh=False",7,1,control,1,0.0002671999973244965,256
update,"bytes dict, keys=64, fresh=False",7,1,control,2,0.00026369999977760017,256
update,"bytes dict, keys=64, fresh=False",7,1,control,3,0.0002623999898787588,256
update,"bytes dict, keys=256, fresh=False",7,1,control,1,0.0010383999906480312,1024
update,"bytes dict, keys=256, fresh=False",7,1,control,2,0.0010393999982625246,1024
update,"bytes dict, keys=256, fresh=False",7,1,control,3,0.001034899993101135,1024
update,"bytes dict, keys=1024, fresh=False",7,1,control,1,0.00427149998722598,4096
update,"bytes dict, keys=1024, fresh=False",7,1,control,2,0.0042486999882385135,4096
update,"bytes dict, keys=1024, fresh=False",7,1,control,3,0.004368499998236075,4096
update,"tuple_bytes dict, keys=64, fresh=False",7,1,control,1,0.0005191999953240156,256
update,"tuple_bytes dict, keys=64, fresh=False",7,1,control,2,0.000528500007931143,256
update,"tuple_bytes dict, keys=64, fresh=False",7,1,control,3,0.0005246000073384494,256
update,"tuple_bytes dict, keys=256, fresh=False",7,1,control,1,0.0020475999917834997,1024
update,"tuple_bytes dict, keys=256, fresh=False",7,1,control,2,0.0021003000147175044,1024
update,"tuple_bytes dict, keys=256, fresh=False",7,1,control,3,0.002122700010659173,1024
update,"tuple_bytes dict, keys=1024, fresh=False",7,1,control,1,0.00803319999249652,4096
update,"tuple_bytes dict, keys=1024, fresh=False",7,1,control,2,0.009294899995438755,4096
update,"tuple_bytes dict, keys=1024, fresh=False",7,1,control,3,0.007937200018204749,4096
update,"tuple_bytes dict, keys=64, fresh=True",7,1,control,1,0.0006954999989829957,256
update,"tuple_bytes dict, keys=64, fresh=True",7,1,control,2,0.000695699971402064,256
update,"tuple_bytes dict, keys=64, fresh=True",7,1,control,3,0.0006975999858696014,256
update,"tuple_bytes dict, keys=256, fresh=True",7,1,control,1,0.0027637000021059066,1024
update,"tuple_bytes dict, keys=256, fresh=True",7,1,control,2,0.0027654000150505453,1024
update,"tuple_bytes dict, keys=256, fresh=True",7,1,control,3,0.002743799996096641,1024
update,"tuple_bytes dict, keys=1024, fresh=True",7,1,control,1,0.011652600020170212,4096
update,"tuple_bytes dict, keys=1024, fresh=True",7,1,control,2,0.01126010000007227,4096
update,"tuple_bytes dict, keys=1024, fresh=True",7,1,control,3,0.011186699994141236,4096
update,"tuple_bytes Counter, keys=64, fresh=True",7,1,control,1,0.0007228000031318516,256
update,"tuple_bytes Counter, keys=64, fresh=True",7,1,control,2,0.0007401999901048839,256
update,"tuple_bytes Counter, keys=64, fresh=True",7,1,control,3,0.0007274000090546906,256
update,"tuple_bytes Counter, keys=256, fresh=True",7,1,control,1,0.002913000003900379,1024
update,"tuple_bytes Counter, keys=256, fresh=True",7,1,control,2,0.0028993999876547605,1024
update,"tuple_bytes Counter, keys=256, fresh=True",7,1,control,3,0.0030508999770972878,1024
update,"tuple_bytes Counter, keys=1024, fresh=True",7,1,control,1,0.012138999998569489,4096
update,"tuple_bytes Counter, keys=1024, fresh=True",7,1,control,2,0.0122393999772612,4096
update,"tuple_bytes Counter, keys=1024, fresh=True",7,1,control,3,0.012090699980035424,4096
update,"bytes dict, keys=64, fresh=False",7,2,candidate,1,0.00025740001001395285,256
update,"bytes dict, keys=64, fresh=False",7,2,candidate,2,0.00025759998243302107,256
update,"bytes dict, keys=64, fresh=False",7,2,candidate,3,0.0002573000092525035,256
update,"bytes dict, keys=256, fresh=False",7,2,candidate,1,0.0011549000046215951,1024
update,"bytes dict, keys=256, fresh=False",7,2,candidate,2,0.0010273000225424767,1024
update,"bytes dict, keys=256, fresh=False",7,2,candidate,3,0.0010432999988552183,1024
update,"bytes dict, keys=1024, fresh=False",7,2,candidate,1,0.004296300001442432,4096
update,"bytes dict, keys=1024, fresh=False",7,2,candidate,2,0.004268399992724881,4096
update,"bytes dict, keys=1024, fresh=False",7,2,candidate,3,0.0043972999847028404,4096
update,"tuple_bytes dict, keys=64, fresh=False",7,2,candidate,1,0.0002717000024858862,256
update,"tuple_bytes dict, keys=64, fresh=False",7,2,candidate,2,0.0002697999880183488,256
update,"tuple_bytes dict, keys=64, fresh=False",7,2,candidate,3,0.00026780000189319253,256
update,"tuple_bytes dict, keys=256, fresh=False",7,2,candidate,1,0.0010440000041853637,1024
update,"tuple_bytes dict, keys=256, fresh=False",7,2,candidate,2,0.0010511000000406057,1024
update,"tuple_bytes dict, keys=256, fresh=False",7,2,candidate,3,0.0010439000034239143,1024
update,"tuple_bytes dict, keys=1024, fresh=False",7,2,candidate,1,0.004048500006319955,4096
update,"tuple_bytes dict, keys=1024, fresh=False",7,2,candidate,2,0.004401100013637915,4096
update,"tuple_bytes dict, keys=1024, fresh=False",7,2,candidate,3,0.004053200013004243,4096
update,"tuple_bytes dict, keys=64, fresh=True",7,2,candidate,1,0.0005564999883063138,256
update,"tuple_bytes dict, keys=64, fresh=True",7,2,candidate,2,0.0005576999974437058,256
update,"tuple_bytes dict, keys=64, fresh=True",7,2,candidate,3,0.0005506000015884638,256
update,"tuple_bytes dict, keys=256, fresh=True",7,2,candidate,1,0.002208299993071705,1024
update,"tuple_bytes dict, keys=256, fresh=True",7,2,candidate,2,0.002206000004662201,1024
update,"tuple_bytes dict, keys=256, fresh=True",7,2,candidate,3,0.002189100021496415,1024
update,"tuple_bytes dict, keys=1024, fresh=True",7,2,candidate,1,0.009438800014322624,4096
update,"tuple_bytes dict, keys=1024, fresh=True",7,2,candidate,2,0.00922879998688586,4096
update,"tuple_bytes dict, keys=1024, fresh=True",7,2,candidate,3,0.008893300022464246,4096
update,"tuple_bytes Counter, keys=64, fresh=True",7,2,candidate,1,0.0005964000010862947,256
update,"tuple_bytes Counter, keys=64, fresh=True",7,2,candidate,2,0.0006009000062476844,256
update,"tuple_bytes Counter, keys=64, fresh=True",7,2,candidate,3,0.000599299994064495,256
update,"tuple_bytes Counter, keys=256, fresh=True",7,2,candidate,1,0.0023361000057775527,1024
update,"tuple_bytes Counter, keys=256, fresh=True",7,2,candidate,2,0.002390499983448535,1024
update,"tuple_bytes Counter, keys=256, fresh=True",7,2,candidate,3,0.002395500021521002,1024
update,"tuple_bytes Counter, keys=1024, fresh=True",7,2,candidate,1,0.009827899979427457,4096
update,"tuple_bytes Counter, keys=1024, fresh=True",7,2,candidate,2,0.009964900003978983,4096
update,"tuple_bytes Counter, keys=1024, fresh=True",7,2,candidate,3,0.00983640001504682,4096
trivial_callback,direct_constant,1,1,control,1,0.000814600003650412,0
trivial_callback,direct_constant,1,1,control,2,0.0008286999945994467,0
trivial_callback,direct_constant,1,1,control,3,0.0008374999742954969,0
trivial_callback,direct_constant,1,1,control,4,0.000832799996715039,0
trivial_callback,direct_constant,1,1,control,5,0.0012688999995589256,0
trivial_callback,native_max_constant_key,1,1,control,1,0.0011457999935373664,32
trivial_callback,native_max_constant_key,1,1,control,2,0.0011269999959040433,32
trivial_callback,native_max_constant_key,1,1,control,3,0.0011309999972581863,32
trivial_callback,native_max_constant_key,1,1,control,4,0.0011143999872729182,32
trivial_callback,native_max_constant_key,1,1,control,5,0.0011289000103715807,32
trivial_callback,counter_missing,1,1,control,1,0.008295799983898178,0
trivial_callback,counter_missing,1,1,control,2,0.008467600011499599,0
trivial_callback,counter_missing,1,1,control,3,0.008257300010882318,0
trivial_callback,counter_missing,1,1,control,4,0.007912300003226846,0
trivial_callback,counter_missing,1,1,control,5,0.008276500011561438,0
trivial_callback,direct_counter_missing,1,1,control,1,0.002535299980081618,0
trivial_callback,direct_counter_missing,1,1,control,2,0.0030824000132270157,0
trivial_callback,direct_counter_missing,1,1,control,3,0.0025314000085927546,0
trivial_callback,direct_counter_missing,1,1,control,4,0.0025170999870169908,0
trivial_callback,direct_counter_missing,1,1,control,5,0.0024772000033408403,0
trivial_callback,dict_get_default,1,1,control,1,0.007409599988022819,0
trivial_callback,dict_get_default,1,1,control,2,0.007520799990743399,0
trivial_callback,dict_get_default,1,1,control,3,0.007353599998168647,0
trivial_callback,dict_get_default,1,1,control,4,0.00768799998331815,0
trivial_callback,dict_get_default,1,1,control,5,0.007797099999152124,0
trivial_callback,direct_constant,1,2,candidate,1,0.0008228999795392156,0
trivial_callback,direct_constant,1,2,candidate,2,0.000827899988507852,0
trivial_callback,direct_constant,1,2,candidate,3,0.0008145000028889626,0
trivial_callback,direct_constant,1,2,candidate,4,0.0008612999808974564,0
trivial_callback,direct_constant,1,2,candidate,5,0.000812100013718009,0
trivial_callback,native_max_constant_key,1,2,candidate,1,0.0012304999982006848,32
trivial_callback,native_max_constant_key,1,2,candidate,2,0.0011402000091038644,32
trivial_callback,native_max_constant_key,1,2,candidate,3,0.00114079998456873,32
trivial_callback,native_max_constant_key,1,2,candidate,4,0.0011375000176485628,32
trivial_callback,native_max_constant_key,1,2,candidate,5,0.0011434999760240316,32
trivial_callback,counter_missing,1,2,candidate,1,0.004272199992556125,0
trivial_callback,counter_missing,1,2,candidate,2,0.004286500014131889,0
trivial_callback,counter_missing,1,2,candidate,3,0.004236699984176084,0
trivial_callback,counter_missing,1,2,candidate,4,0.004232700011925772,0
trivial_callback,counter_missing,1,2,candidate,5,0.004256500018527731,0
trivial_callback,direct_counter_missing,1,2,candidate,1,0.0025584999821148813,0
trivial_callback,direct_counter_missing,1,2,candidate,2,0.0025587000127416104,0
trivial_callback,direct_counter_missing,1,2,candidate,3,0.002541699999710545,0
trivial_callback,direct_counter_missing,1,2,candidate,4,0.0025705999869387597,0
trivial_callback,direct_counter_missing,1,2,candidate,5,0.0025637999933678657,0
trivial_callback,dict_get_default,1,2,candidate,1,0.003806000022450462,0
trivial_callback,dict_get_default,1,2,candidate,2,0.0037210000155027956,0
trivial_callback,dict_get_default,1,2,candidate,3,0.003727799979969859,0
trivial_callback,dict_get_default,1,2,candidate,4,0.0038117000076454133,0
trivial_callback,dict_get_default,1,2,candidate,5,0.0037460000021383166,0
trivial_callback,direct_constant,2,1,candidate,1,0.0008170999935828149,0
trivial_callback,direct_constant,2,1,candidate,2,0.0008117999823298305,0
trivial_callback,direct_constant,2,1,candidate,3,0.0008006000134628266,0
trivial_callback,direct_constant,2,1,candidate,4,0.0008182000019587576,0
trivial_callback,direct_constant,2,1,candidate,5,0.0008107000030577183,0
trivial_callback,native_max_constant_key,2,1,candidate,1,0.0012196000025141984,32
trivial_callback,native_max_constant_key,2,1,candidate,2,0.0011270999966654927,32
trivial_callback,native_max_constant_key,2,1,candidate,3,0.001140499982284382,32
trivial_callback,native_max_constant_key,2,1,candidate,4,0.0011474000057205558,32
trivial_callback,native_max_constant_key,2,1,candidate,5,0.0011400999792385846,32
trivial_callback,counter_missing,2,1,candidate,1,0.004263200011337176,0
trivial_callback,counter_missing,2,1,candidate,2,0.004291700024623424,0
trivial_callback,counter_missing,2,1,candidate,3,0.004209700011415407,0
trivial_callback,counter_missing,2,1,candidate,4,0.004562999994959682,0
trivial_callback,counter_missing,2,1,candidate,5,0.004289800010155886,0
trivial_callback,direct_counter_missing,2,1,candidate,1,0.002436700015095994,0
trivial_callback,direct_counter_missing,2,1,candidate,2,0.002436800015857443,0
trivial_callback,direct_counter_missing,2,1,candidate,3,0.0024238999758381397,0
trivial_callback,direct_counter_missing,2,1,candidate,4,0.0024341000244021416,0
trivial_callback,direct_counter_missing,2,1,candidate,5,0.002436200011288747,0
trivial_callback,dict_get_default,2,1,candidate,1,0.0036361000093165785,0
trivial_callback,dict_get_default,2,1,candidate,2,0.0036711999855469912,0
trivial_callback,dict_get_default,2,1,candidate,3,0.00383879998116754,0
trivial_callback,dict_get_default,2,1,candidate,4,0.0037657999782823026,0
trivial_callback,dict_get_default,2,1,candidate,5,0.003983600006904453,0
trivial_callback,direct_constant,2,2,control,1,0.0007805000059306622,0
trivial_callback,direct_constant,2,2,control,2,0.0007837000011932105,0
trivial_callback,direct_constant,2,2,control,3,0.0007909999985713512,0
trivial_callback,direct_constant,2,2,control,4,0.0007779999868944287,0
trivial_callback,direct_constant,2,2,control,5,0.0008045999857131392,0
trivial_callback,native_max_constant_key,2,2,control,1,0.0011556000099517405,32
trivial_callback,native_max_constant_key,2,2,control,2,0.0011276000004727393,32
trivial_callback,native_max_constant_key,2,2,control,3,0.0011181000154465437,32
trivial_callback,native_max_constant_key,2,2,control,4,0.0011291999835520983,32
trivial_callback,native_max_constant_key,2,2,control,5,0.001121000008424744,32
trivial_callback,counter_missing,2,2,control,1,0.00851929999771528,0
trivial_callback,counter_missing,2,2,control,2,0.0080422000028193,0
trivial_callback,counter_missing,2,2,control,3,0.007921499985968694,0
trivial_callback,counter_missing,2,2,control,4,0.008195900009013712,0
trivial_callback,counter_missing,2,2,control,5,0.008251899998867884,0
trivial_callback,direct_counter_missing,2,2,control,1,0.0024452999932691455,0
trivial_callback,direct_counter_missing,2,2,control,2,0.002423300000373274,0
trivial_callback,direct_counter_missing,2,2,control,3,0.0024139000161085278,0
trivial_callback,direct_counter_missing,2,2,control,4,0.0024240000057034194,0
trivial_callback,direct_counter_missing,2,2,control,5,0.0024249000125564635,0
trivial_callback,dict_get_default,2,2,control,1,0.007667799975024536,0
trivial_callback,dict_get_default,2,2,control,2,0.0077692000195384026,0
trivial_callback,dict_get_default,2,2,control,3,0.00767770002130419,0
trivial_callback,dict_get_default,2,2,control,4,0.007684200012590736,0
trivial_callback,dict_get_default,2,2,control,5,0.007698000001255423,0
trivial_callback,direct_constant,3,1,control,1,0.0008121999853756279,0
trivial_callback,direct_constant,3,1,control,2,0.0008042000117711723,0
trivial_callback,direct_constant,3,1,control,3,0.0007965000113472342,0
trivial_callback,direct_constant,3,1,control,4,0.0008012999896891415,0
trivial_callback,direct_constant,3,1,control,5,0.0007937999907881021,0
trivial_callback,native_max_constant_key,3,1,control,1,0.0011506000009831041,32
trivial_callback,native_max_constant_key,3,1,control,2,0.0011337999894749373,32
trivial_callback,native_max_constant_key,3,1,control,3,0.0011366000107955188,32
trivial_callback,native_max_constant_key,3,1,control,4,0.001123499998357147,32
trivial_callback,native_max_constant_key,3,1,control,5,0.0011329999833833426,32
trivial_callback,counter_missing,3,1,control,1,0.008253699983470142,0
trivial_callback,counter_missing,3,1,control,2,0.008523500000592321,0
trivial_callback,counter_missing,3,1,control,3,0.008108400012133643,0
trivial_callback,counter_missing,3,1,control,4,0.007978100009495392,0
trivial_callback,counter_missing,3,1,control,5,0.007991599995875731,0
trivial_callback,direct_counter_missing,3,1,control,1,0.002432400011457503,0
trivial_callback,direct_counter_missing,3,1,control,2,0.0024256999895442277,0
trivial_callback,direct_counter_missing,3,1,control,3,0.0025120999780483544,0
trivial_callback,direct_counter_missing,3,1,control,4,0.0024839999969117343,0
trivial_callback,direct_counter_missing,3,1,control,5,0.002542000001994893,0
trivial_callback,dict_get_default,3,1,control,1,0.007661200012080371,0
trivial_callback,dict_get_default,3,1,control,2,0.00787910001236014,0
trivial_callback,dict_get_default,3,1,control,3,0.00761239998973906,0
trivial_callback,dict_get_default,3,1,control,4,0.007691699982387945,0
trivial_callback,dict_get_default,3,1,control,5,0.00771480001276359,0
trivial_callback,direct_constant,3,2,candidate,1,0.000815500010503456,0
trivial_callback,direct_constant,3,2,candidate,2,0.0008259000023826957,0
trivial_callback,direct_constant,3,2,candidate,3,0.0008126000175252557,0
trivial_callback,direct_constant,3,2,candidate,4,0.0008182999736163765,0
trivial_callback,direct_constant,3,2,candidate,5,0.0008187000057660043,0
trivial_callback,native_max_constant_key,3,2,candidate,1,0.0012433999800123274,32
trivial_callback,native_max_constant_key,3,2,candidate,2,0.0011878999939654022,32
trivial_callback,native_max_constant_key,3,2,candidate,3,0.0011633000103756785,32
trivial_callback,native_max_constant_key,3,2,candidate,4,0.0013227000017650425,32
trivial_callback,native_max_constant_key,3,2,candidate,5,0.0011218999861739576,32
trivial_callback,counter_missing,3,2,candidate,1,0.004027899994980544,0
trivial_callback,counter_missing,3,2,candidate,2,0.004186400008620694,0
trivial_callback,counter_missing,3,2,candidate,3,0.004041700012749061,0
trivial_callback,counter_missing,3,2,candidate,4,0.0040317999955732375,0
trivial_callback,counter_missing,3,2,candidate,5,0.004021400003693998,0
trivial_callback,direct_counter_missing,3,2,candidate,1,0.002762500022072345,0
trivial_callback,direct_counter_missing,3,2,candidate,2,0.002436200011288747,0
trivial_callback,direct_counter_missing,3,2,candidate,3,0.0024517999845556915,0
trivial_callback,direct_counter_missing,3,2,candidate,4,0.002514599997084588,0
trivial_callback,direct_counter_missing,3,2,candidate,5,0.0025634999910835177,0
trivial_callback,dict_get_default,3,2,candidate,1,0.0036927000037394464,0
trivial_callback,dict_get_default,3,2,candidate,2,0.0036757999914698303,0
trivial_callback,dict_get_default,3,2,candidate,3,0.0036771000013686717,0
trivial_callback,dict_get_default,3,2,candidate,4,0.0036801999958697706,0
trivial_callback,dict_get_default,3,2,candidate,5,0.0037582999793812633,0
trivial_callback,direct_constant,4,1,candidate,1,0.0008742999925743788,0
trivial_callback,direct_constant,4,1,candidate,2,0.0008118999830912799,0
trivial_callback,direct_constant,4,1,candidate,3,0.0009396999957971275,0
trivial_callback,direct_constant,4,1,candidate,4,0.0008373000018764287,0
trivial_callback,direct_constant,4,1,candidate,5,0.0008353999874088913,0
trivial_callback,native_max_constant_key,4,1,candidate,1,0.0011821999796666205,32
trivial_callback,native_max_constant_key,4,1,candidate,2,0.0011518000101204962,32
trivial_callback,native_max_constant_key,4,1,candidate,3,0.001143599976785481,32
trivial_callback,native_max_constant_key,4,1,candidate,4,0.0012418999976944178,32
trivial_callback,native_max_constant_key,4,1,candidate,5,0.0012046999763697386,32
trivial_callback,counter_missing,4,1,candidate,1,0.004134699993301183,0
trivial_callback,counter_missing,4,1,candidate,2,0.004064600012497976,0
trivial_callback,counter_missing,4,1,candidate,3,0.004096100019523874,0
trivial_callback,counter_missing,4,1,candidate,4,0.004310099990107119,0
trivial_callback,counter_missing,4,1,candidate,5,0.004337899998063222,0
trivial_callback,direct_counter_missing,4,1,candidate,1,0.0024775000056251884,0
trivial_callback,direct_counter_missing,4,1,candidate,2,0.0024594000133220106,0
trivial_callback,direct_counter_missing,4,1,candidate,3,0.002546199975768104,0
trivial_callback,direct_counter_missing,4,1,candidate,4,0.0025950999988708645,0
trivial_callback,direct_counter_missing,4,1,candidate,5,0.0026307999796699733,0
trivial_callback,dict_get_default,4,1,candidate,1,0.0035875000176019967,0
trivial_callback,dict_get_default,4,1,candidate,2,0.003532600007019937,0
trivial_callback,dict_get_default,4,1,candidate,3,0.0036644999927375466,0
trivial_callback,dict_get_default,4,1,candidate,4,0.0035207000037189573,0
trivial_callback,dict_get_default,4,1,candidate,5,0.0035395000013522804,0
trivial_callback,direct_constant,4,2,control,1,0.0007915000023785979,0
trivial_callback,direct_constant,4,2,control,2,0.0007965999830048531,0
trivial_callback,direct_constant,4,2,control,3,0.0008010999881662428,0
trivial_callback,direct_constant,4,2,control,4,0.0007986999989952892,0
trivial_callback,direct_constant,4,2,control,5,0.0008008999866433442,0
trivial_callback,native_max_constant_key,4,2,control,1,0.001212700008181855,32
trivial_callback,native_max_constant_key,4,2,control,2,0.001146599999628961,32
trivial_callback,native_max_constant_key,4,2,control,3,0.0011178000131621957,32
trivial_callback,native_max_constant_key,4,2,control,4,0.0011394000030122697,32
trivial_callback,native_max_constant_key,4,2,control,5,0.0011902999831363559,32
trivial_callback,counter_missing,4,2,control,1,0.008048299991060048,0
trivial_callback,counter_missing,4,2,control,2,0.007935700006783009,0
trivial_callback,counter_missing,4,2,control,3,0.0079857999808155,0
trivial_callback,counter_missing,4,2,control,4,0.008131400012644008,0
trivial_callback,counter_missing,4,2,control,5,0.009262199979275465,0
trivial_callback,direct_counter_missing,4,2,control,1,0.0024785000132396817,0
trivial_callback,direct_counter_missing,4,2,control,2,0.002464199991663918,0
trivial_callback,direct_counter_missing,4,2,control,3,0.002535399980843067,0
trivial_callback,direct_counter_missing,4,2,control,4,0.0026111000042874366,0
trivial_callback,direct_counter_missing,4,2,control,5,0.002503800002159551,0
trivial_callback,dict_get_default,4,2,control,1,0.008038900006795302,0
trivial_callback,dict_get_default,4,2,control,2,0.007499700004700571,0
trivial_callback,dict_get_default,4,2,control,3,0.007440499990480021,0
trivial_callback,dict_get_default,4,2,control,4,0.00769249998847954,0
trivial_callback,dict_get_default,4,2,control,5,0.007888599997386336,0
trivial_callback,direct_constant,5,1,control,1,0.0007837000011932105,0
trivial_callback,direct_constant,5,1,control,2,0.0009114999847952276,0
trivial_callback,direct_constant,5,1,control,3,0.0007880000048317015,0
trivial_callback,direct_constant,5,1,control,4,0.0007962999807205051,0
trivial_callback,direct_constant,5,1,control,5,0.0007883000071160495,0
trivial_callback,native_max_constant_key,5,1,control,1,0.001140100008342415,32
trivial_callback,native_max_constant_key,5,1,control,2,0.0011793999874498695,32
trivial_callback,native_max_constant_key,5,1,control,3,0.001128100004279986,32
trivial_callback,native_max_constant_key,5,1,control,4,0.0011292000126559287,32
trivial_callback,native_max_constant_key,5,1,control,5,0.0011180999863427132,32
trivial_callback,counter_missing,5,1,control,1,0.008334600017406046,0
trivial_callback,counter_missing,5,1,control,2,0.008307200012495741,0
trivial_callback,counter_missing,5,1,control,3,0.008329300006153062,0
trivial_callback,counter_missing,5,1,control,4,0.008229800005210564,0
trivial_callback,counter_missing,5,1,control,5,0.008277099987026304,0
trivial_callback,direct_counter_missing,5,1,control,1,0.002645100001245737,0
trivial_callback,direct_counter_missing,5,1,control,2,0.0025347000046167523,0
trivial_callback,direct_counter_missing,5,1,control,3,0.0025298999971710145,0
trivial_callback,direct_counter_missing,5,1,control,4,0.002539299981435761,0
trivial_callback,direct_counter_missing,5,1,control,5,0.002518599998438731,0
trivial_callback,dict_get_default,5,1,control,1,0.007671799976378679,0
trivial_callback,dict_get_default,5,1,control,2,0.0077818999998271465,0
trivial_callback,dict_get_default,5,1,control,3,0.007757199986372143,0
trivial_callback,dict_get_default,5,1,control,4,0.007663800002774224,0
trivial_callback,dict_get_default,5,1,control,5,0.007753699988825247,0
trivial_callback,direct_constant,5,2,candidate,1,0.0008154999813996255,0
trivial_callback,direct_constant,5,2,candidate,2,0.0008164999890141189,0
trivial_callback,direct_constant,5,2,candidate,3,0.0008224000048357993,0
trivial_callback,direct_constant,5,2,candidate,4,0.0008095999946817756,0
trivial_callback,direct_constant,5,2,candidate,5,0.0008121999853756279,0
trivial_callback,native_max_constant_key,5,2,candidate,1,0.001138599996920675,32
trivial_callback,native_max_constant_key,5,2,candidate,2,0.0011193999962415546,32
trivial_callback,native_max_constant_key,5,2,candidate,3,0.0012334999919403344,32
trivial_callback,native_max_constant_key,5,2,candidate,4,0.0013043000071775168,32
trivial_callback,native_max_constant_key,5,2,candidate,5,0.0011548000038601458,32
trivial_callback,counter_missing,5,2,candidate,1,0.004134499991778284,0
trivial_callback,counter_missing,5,2,candidate,2,0.004048099974170327,0
trivial_callback,counter_missing,5,2,candidate,3,0.004034200013848022,0
trivial_callback,counter_missing,5,2,candidate,4,0.0040351999923586845,0
trivial_callback,counter_missing,5,2,candidate,5,0.0040891999960877,0
trivial_callback,direct_counter_missing,5,2,candidate,1,0.0027119999867863953,0
trivial_callback,direct_counter_missing,5,2,candidate,2,0.002551200013840571,0
trivial_callback,direct_counter_missing,5,2,candidate,3,0.002494699991075322,0
trivial_callback,direct_counter_missing,5,2,candidate,4,0.0025568999990355223,0
trivial_callback,direct_counter_missing,5,2,candidate,5,0.0025199000083375722,0
trivial_callback,dict_get_default,5,2,candidate,1,0.0035171000054106116,0
trivial_callback,dict_get_default,5,2,candidate,2,0.0035179000115022063,0
trivial_callback,dict_get_default,5,2,candidate,3,0.003741199994692579,0
trivial_callback,dict_get_default,5,2,candidate,4,0.0036965000035706908,0
trivial_callback,dict_get_default,5,2,candidate,5,0.0035896000044886023,0
trivial_callback,direct_constant,6,1,candidate,1,0.0008296000014524907,0
trivial_callback,direct_constant,6,1,candidate,2,0.0008736000163480639,0
trivial_callback,direct_constant,6,1,candidate,3,0.0008166000188793987,0
trivial_callback,direct_constant,6,1,candidate,4,0.000811500009149313,0
trivial_callback,direct_constant,6,1,candidate,5,0.000804100011009723,0
trivial_callback,native_max_constant_key,6,1,candidate,1,0.001124400005210191,32
trivial_callback,native_max_constant_key,6,1,candidate,2,0.0011434000043664128,32
trivial_callback,native_max_constant_key,6,1,candidate,3,0.0011400999792385846,32
trivial_callback,native_max_constant_key,6,1,candidate,4,0.0011220000160392374,32
trivial_callback,native_max_constant_key,6,1,candidate,5,0.001122800022130832,32
trivial_callback,counter_missing,6,1,candidate,1,0.004351200012024492,0
trivial_callback,counter_missing,6,1,candidate,2,0.004312200006097555,0
trivial_callback,counter_missing,6,1,candidate,3,0.004192599997622892,0
trivial_callback,counter_missing,6,1,candidate,4,0.004253999999491498,0
trivial_callback,counter_missing,6,1,candidate,5,0.004250400001183152,0
trivial_callback,direct_counter_missing,6,1,candidate,1,0.0025625000125728548,0
trivial_callback,direct_counter_missing,6,1,candidate,2,0.0025556999898981303,0
trivial_callback,direct_counter_missing,6,1,candidate,3,0.0025673999916762114,0
trivial_callback,direct_counter_missing,6,1,candidate,4,0.0025405000196769834,0
trivial_callback,direct_counter_missing,6,1,candidate,5,0.002511600003344938,0
trivial_callback,dict_get_default,6,1,candidate,1,0.0036994000256527215,0
trivial_callback,dict_get_default,6,1,candidate,2,0.0036813000042457134,0
trivial_callback,dict_get_default,6,1,candidate,3,0.0037397000123746693,0
trivial_callback,dict_get_default,6,1,candidate,4,0.0035946999851148576,0
trivial_callback,dict_get_default,6,1,candidate,5,0.0035334999847691506,0
trivial_callback,direct_constant,6,2,control,1,0.0007914000016171485,0
trivial_callback,direct_constant,6,2,control,2,0.0007932000153232366,0
trivial_callback,direct_constant,6,2,control,3,0.0007791999960318208,0
trivial_callback,direct_constant,6,2,control,4,0.0007854000141378492,0
trivial_callback,direct_constant,6,2,control,5,0.0007828999951016158,0
trivial_callback,native_max_constant_key,6,2,control,1,0.0011201000015717,32
trivial_callback,native_max_constant_key,6,2,control,2,0.0011357000039424747,32
trivial_callback,native_max_constant_key,6,2,control,3,0.0011249000090174377,32
trivial_callback,native_max_constant_key,6,2,control,4,0.001138899999205023,32
trivial_callback,native_max_constant_key,6,2,control,5,0.0011906000145245343,32
trivial_callback,counter_missing,6,2,control,1,0.008330399985425174,0
trivial_callback,counter_missing,6,2,control,2,0.008166000014171004,0
trivial_callback,counter_missing,6,2,control,3,0.008081000007223338,0
trivial_callback,counter_missing,6,2,control,4,0.007997499982593581,0
trivial_callback,counter_missing,6,2,control,5,0.007934900000691414,0
trivial_callback,direct_counter_missing,6,2,control,1,0.002595500001916662,0
trivial_callback,direct_counter_missing,6,2,control,2,0.0025809000071603805,0
trivial_callback,direct_counter_missing,6,2,control,3,0.0025242000119760633,0
trivial_callback,direct_counter_missing,6,2,control,4,0.0024972999817691743,0
trivial_callback,direct_counter_missing,6,2,control,5,0.002439500007312745,0
trivial_callback,dict_get_default,6,2,control,1,0.0077197999926283956,0
trivial_callback,dict_get_default,6,2,control,2,0.007437899999786168,0
trivial_callback,dict_get_default,6,2,control,3,0.007498999999370426,0
trivial_callback,dict_get_default,6,2,control,4,0.007446800009347498,0
trivial_callback,dict_get_default,6,2,control,5,0.007406700024148449,0
trivial_callback,direct_constant,7,1,control,1,0.0007912000000942498,0
trivial_callback,direct_constant,7,1,control,2,0.0007882000063546002,0
trivial_callback,direct_constant,7,1,control,3,0.0008029000018723309,0
trivial_callback,direct_constant,7,1,control,4,0.0007886999810580164,0
trivial_callback,direct_constant,7,1,control,5,0.0007722000009380281,0
trivial_callback,native_max_constant_key,7,1,control,1,0.0011780999775510281,32
trivial_callback,native_max_constant_key,7,1,control,2,0.001140100008342415,32
trivial_callback,native_max_constant_key,7,1,control,3,0.00114229999599047,32
trivial_callback,native_max_constant_key,7,1,control,4,0.0011316000018268824,32
trivial_callback,native_max_constant_key,7,1,control,5,0.0011391000007279217,32
trivial_callback,counter_missing,7,1,control,1,0.008360200008610263,0
trivial_callback,counter_missing,7,1,control,2,0.008343599998624995,0
trivial_callback,counter_missing,7,1,control,3,0.008385499997530133,0
trivial_callback,counter_missing,7,1,control,4,0.008337000006577,0
trivial_callback,counter_missing,7,1,control,5,0.008953999989898875,0
trivial_callback,direct_counter_missing,7,1,control,1,0.0025588000135030597,0
trivial_callback,direct_counter_missing,7,1,control,2,0.0027555999986361712,0
trivial_callback,direct_counter_missing,7,1,control,3,0.002814000006765127,0
trivial_callback,direct_counter_missing,7,1,control,4,0.002959800011012703,0
trivial_callback,direct_counter_missing,7,1,control,5,0.0026883999817073345,0
trivial_callback,dict_get_default,7,1,control,1,0.0074656000069808215,0
trivial_callback,dict_get_default,7,1,control,2,0.007626999984495342,0
trivial_callback,dict_get_default,7,1,control,3,0.007437399995978922,0
trivial_callback,dict_get_default,7,1,control,4,0.007548299996415153,0
trivial_callback,dict_get_default,7,1,control,5,0.007681700022658333,0
trivial_callback,direct_constant,7,2,candidate,1,0.0008010999881662428,0
trivial_callback,direct_constant,7,2,candidate,2,0.0008220999734476209,0
trivial_callback,direct_constant,7,2,candidate,3,0.0008101999992504716,0
trivial_callback,direct_constant,7,2,candidate,4,0.0008083000138867646,0
trivial_callback,direct_constant,7,2,candidate,5,0.000818900007288903,0
trivial_callback,native_max_constant_key,7,2,candidate,1,0.0011235999991185963,32
trivial_callback,native_max_constant_key,7,2,candidate,2,0.001124400005210191,32
trivial_callback,native_max_constant_key,7,2,candidate,3,0.001112400001147762,32
trivial_callback,native_max_constant_key,7,2,candidate,4,0.0014259999734349549,32
trivial_callback,native_max_constant_key,7,2,candidate,5,0.0011673999833874404,32
trivial_callback,counter_missing,7,2,candidate,1,0.004297400009818375,0
trivial_callback,counter_missing,7,2,candidate,2,0.004229099984513596,0
trivial_callback,counter_missing,7,2,candidate,3,0.0042572999955154955,0
trivial_callback,counter_missing,7,2,candidate,4,0.004281600005924702,0
trivial_callback,counter_missing,7,2,candidate,5,0.004223900003125891,0
trivial_callback,direct_counter_missing,7,2,candidate,1,0.0027092999953310937,0
trivial_callback,direct_counter_missing,7,2,candidate,2,0.0025443999911658466,0
trivial_callback,direct_counter_missing,7,2,candidate,3,0.0024956999986898154,0
trivial_callback,direct_counter_missing,7,2,candidate,4,0.0025522999931126833,0
trivial_callback,direct_counter_missing,7,2,candidate,5,0.0025209999876096845,0
trivial_callback,dict_get_default,7,2,candidate,1,0.00370110000949353,0
trivial_callback,dict_get_default,7,2,candidate,2,0.003685800009407103,0
trivial_callback,dict_get_default,7,2,candidate,3,0.003665800002636388,0
trivial_callback,dict_get_default,7,2,candidate,4,0.0036589999799616635,0
trivial_callback,dict_get_default,7,2,candidate,5,0.003955299995141104,0
nontrivial_callback,dict direct_lookup,1,1,control,1,0.008010000019567087,8184
nontrivial_callback,dict direct_lookup,1,1,control,2,0.008026099996641278,8184
nontrivial_callback,dict direct_lookup,1,1,control,3,0.00809409999055788,8184
nontrivial_callback,dict direct_lookup,1,1,control,4,0.0076521999726537615,8184
nontrivial_callback,dict direct_lookup,1,1,control,5,0.007748500007437542,8184
nontrivial_callback,dict python_call,1,1,control,1,0.011973900021985173,8184
nontrivial_callback,dict python_call,1,1,control,2,0.010856600012630224,8184
nontrivial_callback,dict python_call,1,1,control,3,0.010914199985563755,8184
nontrivial_callback,dict python_call,1,1,control,4,0.01109119999455288,8184
nontrivial_callback,dict python_call,1,1,control,5,0.011209299991605803,8184
nontrivial_callback,dict native_callback,1,1,control,1,0.01668150001205504,8184
nontrivial_callback,dict native_callback,1,1,control,2,0.01668749999953434,8184
nontrivial_callback,dict native_callback,1,1,control,3,0.016969299991615117,8184
nontrivial_callback,dict native_callback,1,1,control,4,0.016575500019825995,8184
nontrivial_callback,dict native_callback,1,1,control,5,0.01659230000223033,8184
nontrivial_callback,Counter direct_lookup,1,1,control,1,0.008192200009943917,8184
nontrivial_callback,Counter direct_lookup,1,1,control,2,0.008197499992093071,8184
nontrivial_callback,Counter direct_lookup,1,1,control,3,0.008482799981720746,8184
nontrivial_callback,Counter direct_lookup,1,1,control,4,0.008599900000263005,8184
nontrivial_callback,Counter direct_lookup,1,1,control,5,0.008367000002181157,8184
nontrivial_callback,Counter python_call,1,1,control,1,0.012146699998993427,8184
nontrivial_callback,Counter python_call,1,1,control,2,0.012525900005130097,8184
nontrivial_callback,Counter python_call,1,1,control,3,0.011798299994552508,8184
nontrivial_callback,Counter python_call,1,1,control,4,0.011699399998178706,8184
nontrivial_callback,Counter python_call,1,1,control,5,0.012349500000709668,8184
nontrivial_callback,Counter native_callback,1,1,control,1,0.017785800009733066,8184
nontrivial_callback,Counter native_callback,1,1,control,2,0.01741919998312369,8184
nontrivial_callback,Counter native_callback,1,1,control,3,0.017737299989676103,8184
nontrivial_callback,Counter native_callback,1,1,control,4,0.017301600018981844,8184
nontrivial_callback,Counter native_callback,1,1,control,5,0.01743259999784641,8184
nontrivial_callback,dict direct_lookup,1,2,candidate,1,0.0038769000093452632,8184
nontrivial_callback,dict direct_lookup,1,2,candidate,2,0.004038499988382682,8184
nontrivial_callback,dict direct_lookup,1,2,candidate,3,0.004114600014872849,8184
nontrivial_callback,dict direct_lookup,1,2,candidate,4,0.004055800003698096,8184
nontrivial_callback,dict direct_lookup,1,2,candidate,5,0.004163000005064532,8184
nontrivial_callback,dict python_call,1,2,candidate,1,0.0070294000033754855,8184
nontrivial_callback,dict python_call,1,2,candidate,2,0.007103499985532835,8184
nontrivial_callback,dict python_call,1,2,candidate,3,0.007153899990953505,8184
nontrivial_callback,dict python_call,1,2,candidate,4,0.007428900018567219,8184
nontrivial_callback,dict python_call,1,2,candidate,5,0.006894999998621643,8184
nontrivial_callback,dict native_callback,1,2,candidate,1,0.012146799999754876,8184
nontrivial_callback,dict native_callback,1,2,candidate,2,0.012084599991794676,8184
nontrivial_callback,dict native_callback,1,2,candidate,3,0.012574699998367578,8184
nontrivial_callback,dict native_callback,1,2,candidate,4,0.012556300003780052,8184
nontrivial_callback,dict native_callback,1,2,candidate,5,0.012496099981945008,8184
nontrivial_callback,Counter direct_lookup,1,2,candidate,1,0.004561000008834526,8184
nontrivial_callback,Counter direct_lookup,1,2,candidate,2,0.0045375000045169145,8184
nontrivial_callback,Counter direct_lookup,1,2,candidate,3,0.0045387000136543065,8184
nontrivial_callback,Counter direct_lookup,1,2,candidate,4,0.0045319000200834125,8184
nontrivial_callback,Counter direct_lookup,1,2,candidate,5,0.00454560000798665,8184
nontrivial_callback,Counter python_call,1,2,candidate,1,0.007784499990520999,8184
nontrivial_callback,Counter python_call,1,2,candidate,2,0.0077914999856147915,8184
nontrivial_callback,Counter python_call,1,2,candidate,3,0.007805600005667657,8184
nontrivial_callback,Counter python_call,1,2,candidate,4,0.007967699988512322,8184
nontrivial_callback,Counter python_call,1,2,candidate,5,0.007857099990360439,8184
nontrivial_callback,Counter native_callback,1,2,candidate,1,0.01361750002251938,8184
nontrivial_callback,Counter native_callback,1,2,candidate,2,0.01328850002028048,8184
nontrivial_callback,Counter native_callback,1,2,candidate,3,0.01318629999877885,8184
nontrivial_callback,Counter native_callback,1,2,candidate,4,0.013074199989205226,8184
nontrivial_callback,Counter native_callback,1,2,candidate,5,0.013176900014514104,8184
nontrivial_callback,dict direct_lookup,2,1,candidate,1,0.004084199987119064,8184
nontrivial_callback,dict direct_lookup,2,1,candidate,2,0.003981599991675466,8184
nontrivial_callback,dict direct_lookup,2,1,candidate,3,0.0038699999859090894,8184
nontrivial_callback,dict direct_lookup,2,1,candidate,4,0.003875399997923523,8184
nontrivial_callback,dict direct_lookup,2,1,candidate,5,0.0038939999940339476,8184
nontrivial_callback,dict python_call,2,1,candidate,1,0.0067780000099446625,8184
nontrivial_callback,dict python_call,2,1,candidate,2,0.007487700000638142,8184
nontrivial_callback,dict python_call,2,1,candidate,3,0.006749399995896965,8184
nontrivial_callback,dict python_call,2,1,candidate,4,0.0067347000003792346,8184
nontrivial_callback,dict python_call,2,1,candidate,5,0.007022400008281693,8184
nontrivial_callback,dict native_callback,2,1,candidate,1,0.013116500020259991,8184
nontrivial_callback,dict native_callback,2,1,candidate,2,0.012123599997721612,8184
nontrivial_callback,dict native_callback,2,1,candidate,3,0.011832899996079504,8184
nontrivial_callback,dict native_callback,2,1,candidate,4,0.012594299972988665,8184
nontrivial_callback,dict native_callback,2,1,candidate,5,0.011989499995252118,8184
nontrivial_callback,Counter direct_lookup,2,1,candidate,1,0.004417799995280802,8184
nontrivial_callback,Counter direct_lookup,2,1,candidate,2,0.004358500009402633,8184
nontrivial_callback,Counter direct_lookup,2,1,candidate,3,0.00448179998784326,8184
nontrivial_callback,Counter direct_lookup,2,1,candidate,4,0.004690600006142631,8184
nontrivial_callback,Counter direct_lookup,2,1,candidate,5,0.004582399997161701,8184
nontrivial_callback,Counter python_call,2,1,candidate,1,0.007926799997221678,8184
nontrivial_callback,Counter python_call,2,1,candidate,2,0.007899299991549924,8184
nontrivial_callback,Counter python_call,2,1,candidate,3,0.007973200001288205,8184
nontrivial_callback,Counter python_call,2,1,candidate,4,0.007868399989092723,8184
nontrivial_callback,Counter python_call,2,1,candidate,5,0.007922399992821738,8184
nontrivial_callback,Counter native_callback,2,1,candidate,1,0.013252400007331744,8184
nontrivial_callback,Counter native_callback,2,1,candidate,2,0.013319099991349503,8184
nontrivial_callback,Counter native_callback,2,1,candidate,3,0.013328200002433732,8184
nontrivial_callback,Counter native_callback,2,1,candidate,4,0.013281499996082857,8184
nontrivial_callback,Counter native_callback,2,1,candidate,5,0.013364400016143918,8184
nontrivial_callback,dict direct_lookup,2,2,control,1,0.007964599994011223,8184
nontrivial_callback,dict direct_lookup,2,2,control,2,0.007981800008565187,8184
nontrivial_callback,dict direct_lookup,2,2,control,3,0.008209799998439848,8184
nontrivial_callback,dict direct_lookup,2,2,control,4,0.007728199998382479,8184
nontrivial_callback,dict direct_lookup,2,2,control,5,0.0076234000152908266,8184
nontrivial_callback,dict python_call,2,2,control,1,0.011982500000158325,8184
nontrivial_callback,dict python_call,2,2,control,2,0.010995700024068356,8184
nontrivial_callback,dict python_call,2,2,control,3,0.011081600008765236,8184
nontrivial_callback,dict python_call,2,2,control,4,0.011086399987107143,8184
nontrivial_callback,dict python_call,2,2,control,5,0.011009499983629212,8184
nontrivial_callback,dict native_callback,2,2,control,1,0.016657400003168732,8184
nontrivial_callback,dict native_callback,2,2,control,2,0.01691410000785254,8184
nontrivial_callback,dict native_callback,2,2,control,3,0.01691109998500906,8184
nontrivial_callback,dict native_callback,2,2,control,4,0.016864099976373836,8184
nontrivial_callback,dict native_callback,2,2,control,5,0.01687999998102896,8184
nontrivial_callback,Counter direct_lookup,2,2,control,1,0.008643100009066984,8184
nontrivial_callback,Counter direct_lookup,2,2,control,2,0.00854000000981614,8184
nontrivial_callback,Counter direct_lookup,2,2,control,3,0.008501899981638417,8184
nontrivial_callback,Counter direct_lookup,2,2,control,4,0.008457300020381808,8184
nontrivial_callback,Counter direct_lookup,2,2,control,5,0.008486400009132922,8184
nontrivial_callback,Counter python_call,2,2,control,1,0.011939600022742525,8184
nontrivial_callback,Counter python_call,2,2,control,2,0.011887900007423013,8184
nontrivial_callback,Counter python_call,2,2,control,3,0.0121285000059288,8184
nontrivial_callback,Counter python_call,2,2,control,4,0.012085700000170618,8184
nontrivial_callback,Counter python_call,2,2,control,5,0.012267499987501651,8184
nontrivial_callback,Counter native_callback,2,2,control,1,0.017548900010297075,8184
nontrivial_callback,Counter native_callback,2,2,control,2,0.017368200002238154,8184
nontrivial_callback,Counter native_callback,2,2,control,3,0.017499799985671416,8184
nontrivial_callback,Counter native_callback,2,2,control,4,0.017387500003678724,8184
nontrivial_callback,Counter native_callback,2,2,control,5,0.017444900004193187,8184
nontrivial_callback,dict direct_lookup,3,1,control,1,0.007637600007001311,8184
nontrivial_callback,dict direct_lookup,3,1,control,2,0.00781999999890104,8184
nontrivial_callback,dict direct_lookup,3,1,control,3,0.00816659998963587,8184
nontrivial_callback,dict direct_lookup,3,1,control,4,0.007861599995521829,8184
nontrivial_callback,dict direct_lookup,3,1,control,5,0.007723899994743988,8184
nontrivial_callback,dict python_call,3,1,control,1,0.010597400018014014,8184
nontrivial_callback,dict python_call,3,1,control,2,0.011199700005818158,8184
nontrivial_callback,dict python_call,3,1,control,3,0.011327199987135828,8184
nontrivial_callback,dict python_call,3,1,control,4,0.011029899993445724,8184
nontrivial_callback,dict python_call,3,1,control,5,0.010997100005624816,8184
nontrivial_callback,dict native_callback,3,1,control,1,0.016559499985305592,8184
nontrivial_callback,dict native_callback,3,1,control,2,0.016597499983618036,8184
nontrivial_callback,dict native_callback,3,1,control,3,0.016954599996097386,8184
nontrivial_callback,dict native_callback,3,1,control,4,0.016422399989096448,8184
nontrivial_callback,dict native_callback,3,1,control,5,0.016415500023867935,8184
nontrivial_callback,Counter direct_lookup,3,1,control,1,0.008062400011112913,8184
nontrivial_callback,Counter direct_lookup,3,1,control,2,0.00807340000756085,8184
nontrivial_callback,Counter direct_lookup,3,1,control,3,0.008567900018533692,8184
nontrivial_callback,Counter direct_lookup,3,1,control,4,0.008708500012289733,8184
nontrivial_callback,Counter direct_lookup,3,1,control,5,0.008474600006593391,8184
nontrivial_callback,Counter python_call,3,1,control,1,0.011998899979516864,8184
nontrivial_callback,Counter python_call,3,1,control,2,0.012605800002347678,8184
nontrivial_callback,Counter python_call,3,1,control,3,0.011659700016025454,8184
nontrivial_callback,Counter python_call,3,1,control,4,0.011492099991301075,8184
nontrivial_callback,Counter python_call,3,1,control,5,0.012306699994951487,8184
nontrivial_callback,Counter native_callback,3,1,control,1,0.017297299986239523,8184
nontrivial_callback,Counter native_callback,3,1,control,2,0.016911999991862103,8184
nontrivial_callback,Counter native_callback,3,1,control,3,0.016911500017158687,8184
nontrivial_callback,Counter native_callback,3,1,control,4,0.017136600014055148,8184
nontrivial_callback,Counter native_callback,3,1,control,5,0.01752439999836497,8184
nontrivial_callback,dict direct_lookup,3,2,candidate,1,0.0038907999987713993,8184
nontrivial_callback,dict direct_lookup,3,2,candidate,2,0.0038762999756727368,8184
nontrivial_callback,dict direct_lookup,3,2,candidate,3,0.004661400016630068,8184
nontrivial_callback,dict direct_lookup,3,2,candidate,4,0.003906800004187971,8184
nontrivial_callback,dict direct_lookup,3,2,candidate,5,0.0042446999868843704,8184
nontrivial_callback,dict python_call,3,2,candidate,1,0.006682800012640655,8184
nontrivial_callback,dict python_call,3,2,candidate,2,0.006737700023222715,8184
nontrivial_callback,dict python_call,3,2,candidate,3,0.006732000008923933,8184
nontrivial_callback,dict python_call,3,2,candidate,4,0.00765250000404194,8184
nontrivial_callback,dict python_call,3,2,candidate,5,0.006877000007079914,8184
nontrivial_callback,dict native_callback,3,2,candidate,1,0.012442800012649968,8184
nontrivial_callback,dict native_callback,3,2,candidate,2,0.012033000006340444,8184
nontrivial_callback,dict native_callback,3,2,candidate,3,0.011929400003282353,8184
nontrivial_callback,dict native_callback,3,2,candidate,4,0.012248099985299632,8184
nontrivial_callback,dict native_callback,3,2,candidate,5,0.01187350001418963,8184
nontrivial_callback,Counter direct_lookup,3,2,candidate,1,0.004379099991638213,8184
nontrivial_callback,Counter direct_lookup,3,2,candidate,2,0.004372299998067319,8184
nontrivial_callback,Counter direct_lookup,3,2,candidate,3,0.0043809000053443015,8184
nontrivial_callback,Counter direct_lookup,3,2,candidate,4,0.004556100000627339,8184
nontrivial_callback,Counter direct_lookup,3,2,candidate,5,0.004547500022454187,8184
nontrivial_callback,Counter python_call,3,2,candidate,1,0.007934399996884167,8184
nontrivial_callback,Counter python_call,3,2,candidate,2,0.008256600005552173,8184
nontrivial_callback,Counter python_call,3,2,candidate,3,0.007827499997802079,8184
nontrivial_callback,Counter python_call,3,2,candidate,4,0.008005499985301867,8184
nontrivial_callback,Counter python_call,3,2,candidate,5,0.008749100001296028,8184
nontrivial_callback,Counter native_callback,3,2,candidate,1,0.013497900014044717,8184
nontrivial_callback,Counter native_callback,3,2,candidate,2,0.01317289998405613,8184
nontrivial_callback,Counter native_callback,3,2,candidate,3,0.012895599997136742,8184
nontrivial_callback,Counter native_callback,3,2,candidate,4,0.01282770000398159,8184
nontrivial_callback,Counter native_callback,3,2,candidate,5,0.013333199982298538,8184
nontrivial_callback,dict direct_lookup,4,1,candidate,1,0.0038668999914079905,8184
nontrivial_callback,dict direct_lookup,4,1,candidate,2,0.003911600011633709,8184
nontrivial_callback,dict direct_lookup,4,1,candidate,3,0.003868699976010248,8184
nontrivial_callback,dict direct_lookup,4,1,candidate,4,0.003857800009427592,8184
nontrivial_callback,dict direct_lookup,4,1,candidate,5,0.003949299978557974,8184
nontrivial_callback,dict python_call,4,1,candidate,1,0.007380600000033155,8184
nontrivial_callback,dict python_call,4,1,candidate,2,0.007019599986961111,8184
nontrivial_callback,dict python_call,4,1,candidate,3,0.007115499989595264,8184
nontrivial_callback,dict python_call,4,1,candidate,4,0.007113600004231557,8184
nontrivial_callback,dict python_call,4,1,candidate,5,0.0070943000027909875,8184
nontrivial_callback,dict native_callback,4,1,candidate,1,0.01232829998480156,8184
nontrivial_callback,dict native_callback,4,1,candidate,2,0.012328699987847358,8184
nontrivial_callback,dict native_callback,4,1,candidate,3,0.01234479999402538,8184
nontrivial_callback,dict native_callback,4,1,candidate,4,0.012312899983953685,8184
nontrivial_callback,dict native_callback,4,1,candidate,5,0.012591700011398643,8184
nontrivial_callback,Counter direct_lookup,4,1,candidate,1,0.0043753000209107995,8184
nontrivial_callback,Counter direct_lookup,4,1,candidate,2,0.004501500021433458,8184
nontrivial_callback,Counter direct_lookup,4,1,candidate,3,0.0043812000076286495,8184
nontrivial_callback,Counter direct_lookup,4,1,candidate,4,0.004387199995107949,8184
nontrivial_callback,Counter direct_lookup,4,1,candidate,5,0.0044679999991785735,8184
nontrivial_callback,Counter python_call,4,1,candidate,1,0.008023500005947426,8184
nontrivial_callback,Counter python_call,4,1,candidate,2,0.008088599977781996,8184
nontrivial_callback,Counter python_call,4,1,candidate,3,0.00825539999641478,8184
nontrivial_callback,Counter python_call,4,1,candidate,4,0.008060599997406825,8184
nontrivial_callback,Counter python_call,4,1,candidate,5,0.008236599998781458,8184
nontrivial_callback,Counter native_callback,4,1,candidate,1,0.012827500002458692,8184
nontrivial_callback,Counter native_callback,4,1,candidate,2,0.013095299975248054,8184
nontrivial_callback,Counter native_callback,4,1,candidate,3,0.012907500000437722,8184
nontrivial_callback,Counter native_callback,4,1,candidate,4,0.012836400012020022,8184
nontrivial_callback,Counter native_callback,4,1,candidate,5,0.013236099999630824,8184
nontrivial_callback,dict direct_lookup,4,2,control,1,0.007958100002724677,8184
nontrivial_callback,dict direct_lookup,4,2,control,2,0.008006899995962158,8184
nontrivial_callback,dict direct_lookup,4,2,control,3,0.008255300024757162,8184
nontrivial_callback,dict direct_lookup,4,2,control,4,0.007982999988598749,8184
nontrivial_callback,dict direct_lookup,4,2,control,5,0.008260700007667765,8184
nontrivial_callback,dict python_call,4,2,control,1,0.010942499997327104,8184
nontrivial_callback,dict python_call,4,2,control,2,0.010749999986728653,8184
nontrivial_callback,dict python_call,4,2,control,3,0.010552899999311194,8184
nontrivial_callback,dict python_call,4,2,control,4,0.01091189999715425,8184
nontrivial_callback,dict python_call,4,2,control,5,0.010967899987008423,8184
nontrivial_callback,dict native_callback,4,2,control,1,0.016678100015269592,8184
nontrivial_callback,dict native_callback,4,2,control,2,0.016652599995722994,8184
nontrivial_callback,dict native_callback,4,2,control,3,0.016560999996727332,8184
nontrivial_callback,dict native_callback,4,2,control,4,0.016012099978979677,8184
nontrivial_callback,dict native_callback,4,2,control,5,0.01590349999605678,8184
nontrivial_callback,Counter direct_lookup,4,2,control,1,0.008503299992298707,8184
nontrivial_callback,Counter direct_lookup,4,2,control,2,0.008478300005663186,8184
nontrivial_callback,Counter direct_lookup,4,2,control,3,0.00848519999999553,8184
nontrivial_callback,Counter direct_lookup,4,2,control,4,0.008485700003802776,8184
nontrivial_callback,Counter direct_lookup,4,2,control,5,0.008434199990006164,8184
nontrivial_callback,Counter python_call,4,2,control,1,0.01208100002259016,8184
nontrivial_callback,Counter python_call,4,2,control,2,0.011958199989749119,8184
nontrivial_callback,Counter python_call,4,2,control,3,0.011988400015980005,8184
nontrivial_callback,Counter python_call,4,2,control,4,0.011886399996001273,8184
nontrivial_callback,Counter python_call,4,2,control,5,0.012011000013444573,8184
nontrivial_callback,Counter native_callback,4,2,control,1,0.016935499996179715,8184
nontrivial_callback,Counter native_callback,4,2,control,2,0.016976900020381436,8184
nontrivial_callback,Counter native_callback,4,2,control,3,0.017816000006860122,8184
nontrivial_callback,Counter native_callback,4,2,control,4,0.01707540001370944,8184
nontrivial_callback,Counter native_callback,4,2,control,5,0.01748870001756586,8184
nontrivial_callback,dict direct_lookup,5,1,control,1,0.007823399995686486,8184
nontrivial_callback,dict direct_lookup,5,1,control,2,0.007966200006194413,8184
nontrivial_callback,dict direct_lookup,5,1,control,3,0.008047100011026487,8184
nontrivial_callback,dict direct_lookup,5,1,control,4,0.007719599991105497,8184
nontrivial_callback,dict direct_lookup,5,1,control,5,0.007655699999304488,8184
nontrivial_callback,dict python_call,5,1,control,1,0.011061400000471622,8184
nontrivial_callback,dict python_call,5,1,control,2,0.011069700005464256,8184
nontrivial_callback,dict python_call,5,1,control,3,0.011089100007666275,8184
nontrivial_callback,dict python_call,5,1,control,4,0.011094500019680709,8184
nontrivial_callback,dict python_call,5,1,control,5,0.011059500015107915,8184
nontrivial_callback,dict native_callback,5,1,control,1,0.016558799979975447,8184
nontrivial_callback,dict native_callback,5,1,control,2,0.01624600001377985,8184
nontrivial_callback,dict native_callback,5,1,control,3,0.01601469999877736,8184
nontrivial_callback,dict native_callback,5,1,control,4,0.016647699987515807,8184
nontrivial_callback,dict native_callback,5,1,control,5,0.01666379999369383,8184
nontrivial_callback,Counter direct_lookup,5,1,control,1,0.008491199987474829,8184
nontrivial_callback,Counter direct_lookup,5,1,control,2,0.008519399998476729,8184
nontrivial_callback,Counter direct_lookup,5,1,control,3,0.008682399988174438,8184
nontrivial_callback,Counter direct_lookup,5,1,control,4,0.008305499999551103,8184
nontrivial_callback,Counter direct_lookup,5,1,control,5,0.008818200003588572,8184
nontrivial_callback,Counter python_call,5,1,control,1,0.011527499998919666,8184
nontrivial_callback,Counter python_call,5,1,control,2,0.011409700004151091,8184
nontrivial_callback,Counter python_call,5,1,control,3,0.012007399986032397,8184
nontrivial_callback,Counter python_call,5,1,control,4,0.011972199979936704,8184
nontrivial_callback,Counter python_call,5,1,control,5,0.012042200018186122,8184
nontrivial_callback,Counter native_callback,5,1,control,1,0.017380300007062033,8184
nontrivial_callback,Counter native_callback,5,1,control,2,0.016911699989577755,8184
nontrivial_callback,Counter native_callback,5,1,control,3,0.017148599989013746,8184
nontrivial_callback,Counter native_callback,5,1,control,4,0.01699989999178797,8184
nontrivial_callback,Counter native_callback,5,1,control,5,0.017351599992252886,8184
nontrivial_callback,dict direct_lookup,5,2,candidate,1,0.0038607000024057925,8184
nontrivial_callback,dict direct_lookup,5,2,candidate,2,0.003850799985229969,8184
nontrivial_callback,dict direct_lookup,5,2,candidate,3,0.003854799986584112,8184
nontrivial_callback,dict direct_lookup,5,2,candidate,4,0.003850000008242205,8184
nontrivial_callback,dict direct_lookup,5,2,candidate,5,0.003843099984806031,8184
nontrivial_callback,dict python_call,5,2,candidate,1,0.006850000005215406,8184
nontrivial_callback,dict python_call,5,2,candidate,2,0.006953899981454015,8184
nontrivial_callback,dict python_call,5,2,candidate,3,0.0069377000036183745,8184
nontrivial_callback,dict python_call,5,2,candidate,4,0.006745999999111518,8184
nontrivial_callback,dict python_call,5,2,candidate,5,0.0070770000165794045,8184
nontrivial_callback,dict native_callback,5,2,candidate,1,0.011929700005566701,8184
nontrivial_callback,dict native_callback,5,2,candidate,2,0.011841300001833588,8184
nontrivial_callback,dict native_callback,5,2,candidate,3,0.012520800024503842,8184
nontrivial_callback,dict native_callback,5,2,candidate,4,0.012149400019552559,8184
nontrivial_callback,dict native_callback,5,2,candidate,5,0.012212000001454726,8184
nontrivial_callback,Counter direct_lookup,5,2,candidate,1,0.004579200001899153,8184
nontrivial_callback,Counter direct_lookup,5,2,candidate,2,0.004650999995646998,8184
nontrivial_callback,Counter direct_lookup,5,2,candidate,3,0.004553200007649139,8184
nontrivial_callback,Counter direct_lookup,5,2,candidate,4,0.004556200001388788,8184
nontrivial_callback,Counter direct_lookup,5,2,candidate,5,0.0045538999838754535,8184
nontrivial_callback,Counter python_call,5,2,candidate,1,0.007812999974703416,8184
nontrivial_callback,Counter python_call,5,2,candidate,2,0.007913000008556992,8184
nontrivial_callback,Counter python_call,5,2,candidate,3,0.008021199988434091,8184
nontrivial_callback,Counter python_call,5,2,candidate,4,0.008088500006124377,8184
nontrivial_callback,Counter python_call,5,2,candidate,5,0.007916600006865337,8184
nontrivial_callback,Counter native_callback,5,2,candidate,1,0.013175700005376711,8184
nontrivial_callback,Counter native_callback,5,2,candidate,2,0.013281899999128655,8184
nontrivial_callback,Counter native_callback,5,2,candidate,3,0.01348419999703765,8184
nontrivial_callback,Counter native_callback,5,2,candidate,4,0.013231099990662187,8184
nontrivial_callback,Counter native_callback,5,2,candidate,5,0.013419599999906495,8184
nontrivial_callback,dict direct_lookup,6,1,candidate,1,0.004429199994774535,8184
nontrivial_callback,dict direct_lookup,6,1,candidate,2,0.003915999986929819,8184
nontrivial_callback,dict direct_lookup,6,1,candidate,3,0.003926000004867092,8184
nontrivial_callback,dict direct_lookup,6,1,candidate,4,0.004061300016473979,8184
nontrivial_callback,dict direct_lookup,6,1,candidate,5,0.004033200006233528,8184
nontrivial_callback,dict python_call,6,1,candidate,1,0.006753599998774007,8184
nontrivial_callback,dict python_call,6,1,candidate,2,0.0068066999956499785,8184
nontrivial_callback,dict python_call,6,1,candidate,3,0.006764499994460493,8184
nontrivial_callback,dict python_call,6,1,candidate,4,0.006788100028643385,8184
nontrivial_callback,dict python_call,6,1,candidate,5,0.006726199993863702,8184
nontrivial_callback,dict native_callback,6,1,candidate,1,0.01204839997808449,8184
nontrivial_callback,dict native_callback,6,1,candidate,2,0.011929200001759455,8184
nontrivial_callback,dict native_callback,6,1,candidate,3,0.012515899987192824,8184
nontrivial_callback,dict native_callback,6,1,candidate,4,0.012484599981689826,8184
nontrivial_callback,dict native_callback,6,1,candidate,5,0.012343100010184571,8184
nontrivial_callback,Counter direct_lookup,6,1,candidate,1,0.004399600002216175,8184
nontrivial_callback,Counter direct_lookup,6,1,candidate,2,0.004437600000528619,8184
nontrivial_callback,Counter direct_lookup,6,1,candidate,3,0.004359600017778575,8184
nontrivial_callback,Counter direct_lookup,6,1,candidate,4,0.004373199975816533,8184
nontrivial_callback,Counter direct_lookup,6,1,candidate,5,0.00435740000102669,8184
nontrivial_callback,Counter python_call,6,1,candidate,1,0.008224900026107207,8184
nontrivial_callback,Counter python_call,6,1,candidate,2,0.007539000012911856,8184
nontrivial_callback,Counter python_call,6,1,candidate,3,0.007655299996258691,8184
nontrivial_callback,Counter python_call,6,1,candidate,4,0.007638000010047108,8184
nontrivial_callback,Counter python_call,6,1,candidate,5,0.007576400006655604,8184
nontrivial_callback,Counter native_callback,6,1,candidate,1,0.014000900002429262,8184
nontrivial_callback,Counter native_callback,6,1,candidate,2,0.013133300002664328,8184
nontrivial_callback,Counter native_callback,6,1,candidate,3,0.013107499980833381,8184
nontrivial_callback,Counter native_callback,6,1,candidate,4,0.013230999989900738,8184
nontrivial_callback,Counter native_callback,6,1,candidate,5,0.013653800007887185,8184
nontrivial_callback,dict direct_lookup,6,2,control,1,0.007649900013348088,8184
nontrivial_callback,dict direct_lookup,6,2,control,2,0.007997400010935962,8184
nontrivial_callback,dict direct_lookup,6,2,control,3,0.00796670001000166,8184
nontrivial_callback,dict direct_lookup,6,2,control,4,0.008030600001802668,8184
nontrivial_callback,dict direct_lookup,6,2,control,5,0.00792060000821948,8184
nontrivial_callback,dict python_call,6,2,control,1,0.010647100018104538,8184
nontrivial_callback,dict python_call,6,2,control,2,0.011447400000179186,8184
nontrivial_callback,dict python_call,6,2,control,3,0.010988399997586384,8184
nontrivial_callback,dict python_call,6,2,control,4,0.011111400002846494,8184
nontrivial_callback,dict python_call,6,2,control,5,0.01107510001747869,8184
nontrivial_callback,dict native_callback,6,2,control,1,0.018053100007819012,8184
nontrivial_callback,dict native_callback,6,2,control,2,0.017258499981835485,8184
nontrivial_callback,dict native_callback,6,2,control,3,0.01655230001779273,8184
nontrivial_callback,dict native_callback,6,2,control,4,0.016457099991384894,8184
nontrivial_callback,dict native_callback,6,2,control,5,0.0162887999904342,8184
nontrivial_callback,Counter direct_lookup,6,2,control,1,0.00819040002534166,8184
nontrivial_callback,Counter direct_lookup,6,2,control,2,0.008171499997843057,8184
nontrivial_callback,Counter direct_lookup,6,2,control,3,0.008281799993710592,8184
nontrivial_callback,Counter direct_lookup,6,2,control,4,0.008671199990203604,8184
nontrivial_callback,Counter direct_lookup,6,2,control,5,0.00831330000073649,8184
nontrivial_callback,Counter python_call,6,2,control,1,0.011452200007624924,8184
nontrivial_callback,Counter python_call,6,2,control,2,0.01149720000103116,8184
nontrivial_callback,Counter python_call,6,2,control,3,0.012083500012522563,8184
nontrivial_callback,Counter python_call,6,2,control,4,0.01238020000164397,8184
nontrivial_callback,Counter python_call,6,2,control,5,0.01167790000909008,8184
nontrivial_callback,Counter native_callback,6,2,control,1,0.017637999990256503,8184
nontrivial_callback,Counter native_callback,6,2,control,2,0.017541900015203282,8184
nontrivial_callback,Counter native_callback,6,2,control,3,0.0168415000080131,8184
nontrivial_callback,Counter native_callback,6,2,control,4,0.017408500018063933,8184
nontrivial_callback,Counter native_callback,6,2,control,5,0.01727979999850504,8184
nontrivial_callback,dict direct_lookup,7,1,control,1,0.008043399982852861,8184
nontrivial_callback,dict direct_lookup,7,1,control,2,0.007949699996970594,8184
nontrivial_callback,dict direct_lookup,7,1,control,3,0.007730500015895814,8184
nontrivial_callback,dict direct_lookup,7,1,control,4,0.00809109999681823,8184
nontrivial_callback,dict direct_lookup,7,1,control,5,0.00773689997731708,8184
nontrivial_callback,dict python_call,7,1,control,1,0.011078399984398857,8184
nontrivial_callback,dict python_call,7,1,control,2,0.01085140000213869,8184
nontrivial_callback,dict python_call,7,1,control,3,0.010592500009806827,8184
nontrivial_callback,dict python_call,7,1,control,4,0.010847899975487962,8184
nontrivial_callback,dict python_call,7,1,control,5,0.010627299983752891,8184
nontrivial_callback,dict native_callback,7,1,control,1,0.01616880000801757,8184
nontrivial_callback,dict native_callback,7,1,control,2,0.016288300015730783,8184
nontrivial_callback,dict native_callback,7,1,control,3,0.015931300004012883,8184
nontrivial_callback,dict native_callback,7,1,control,4,0.01627699998789467,8184
nontrivial_callback,dict native_callback,7,1,control,5,0.016612199979135767,8184
nontrivial_callback,Counter direct_lookup,7,1,control,1,0.009576500015100464,8184
nontrivial_callback,Counter direct_lookup,7,1,control,2,0.008592500002123415,8184
nontrivial_callback,Counter direct_lookup,7,1,control,3,0.008565500000258908,8184
nontrivial_callback,Counter direct_lookup,7,1,control,4,0.008831199986161664,8184
nontrivial_callback,Counter direct_lookup,7,1,control,5,0.008340799977304414,8184
nontrivial_callback,Counter python_call,7,1,control,1,0.011622899997746572,8184
nontrivial_callback,Counter python_call,7,1,control,2,0.012087299983249977,8184
nontrivial_callback,Counter python_call,7,1,control,3,0.012368600000627339,8184
nontrivial_callback,Counter python_call,7,1,control,4,0.011690399987855926,8184
nontrivial_callback,Counter python_call,7,1,control,5,0.011500599997816607,8184
nontrivial_callback,Counter native_callback,7,1,control,1,0.017603599990252405,8184
nontrivial_callback,Counter native_callback,7,1,control,2,0.017568399984156713,8184
nontrivial_callback,Counter native_callback,7,1,control,3,0.017767899989848956,8184
nontrivial_callback,Counter native_callback,7,1,control,4,0.01789620000636205,8184
nontrivial_callback,Counter native_callback,7,1,control,5,0.017573599994648248,8184
nontrivial_callback,dict direct_lookup,7,2,candidate,1,0.0040929999959189445,8184
nontrivial_callback,dict direct_lookup,7,2,candidate,2,0.004039899999042973,8184
nontrivial_callback,dict direct_lookup,7,2,candidate,3,0.004047900001751259,8184
nontrivial_callback,dict direct_lookup,7,2,candidate,4,0.0043175000173505396,8184
nontrivial_callback,dict direct_lookup,7,2,candidate,5,0.004066800000146031,8184
nontrivial_callback,dict python_call,7,2,candidate,1,0.007129299978259951,8184
nontrivial_callback,dict python_call,7,2,candidate,2,0.007001099991612136,8184
nontrivial_callback,dict python_call,7,2,candidate,3,0.007071400003042072,8184
nontrivial_callback,dict python_call,7,2,candidate,4,0.007002600003033876,8184
nontrivial_callback,dict python_call,7,2,candidate,5,0.007206700014648959,8184
nontrivial_callback,dict native_callback,7,2,candidate,1,0.012131800001952797,8184
nontrivial_callback,dict native_callback,7,2,candidate,2,0.0128602999902796,8184
nontrivial_callback,dict native_callback,7,2,candidate,3,0.012263500015251338,8184
nontrivial_callback,dict native_callback,7,2,candidate,4,0.013820100022712722,8184
nontrivial_callback,dict native_callback,7,2,candidate,5,0.011830899980850518,8184
nontrivial_callback,Counter direct_lookup,7,2,candidate,1,0.0045559999998658895,8184
nontrivial_callback,Counter direct_lookup,7,2,candidate,2,0.00454110000282526,8184
nontrivial_callback,Counter direct_lookup,7,2,candidate,3,0.004680799989728257,8184
nontrivial_callback,Counter direct_lookup,7,2,candidate,4,0.004452900000615045,8184
nontrivial_callback,Counter direct_lookup,7,2,candidate,5,0.004358000005595386,8184
nontrivial_callback,Counter python_call,7,2,candidate,1,0.0075234999821987,8184
nontrivial_callback,Counter python_call,7,2,candidate,2,0.007673899992369115,8184
nontrivial_callback,Counter python_call,7,2,candidate,3,0.0075551999907474965,8184
nontrivial_callback,Counter python_call,7,2,candidate,4,0.007621199998538941,8184
nontrivial_callback,Counter python_call,7,2,candidate,5,0.007558699988294393,8184
nontrivial_callback,Counter native_callback,7,2,candidate,1,0.013894199975766242,8184
nontrivial_callback,Counter native_callback,7,2,candidate,2,0.013527599978260696,8184
nontrivial_callback,Counter native_callback,7,2,candidate,3,0.013269699993543327,8184
nontrivial_callback,Counter native_callback,7,2,candidate,4,0.012892700004158542,8184
nontrivial_callback,Counter native_callback,7,2,candidate,5,0.01310620000003837,8184
