Benchmark dependency sites: D:\CantorAI\xlang3\venv\cpython3.14-a6792301b742-compat-31b33d68c68a\Lib\site-packages
Full-case timeout overrides: networkx*=600s
Python benchmark suite 1.14.0


==================================================
( 1/97) creating venv for benchmark (2to3)

(trying common venv first)

==================================================
( 2/97) creating venv for benchmark (argparse)

(trying common venv first)

==================================================
( 3/97) creating venv for benchmark (argparse_subparsers)

(trying common venv first)

==================================================
( 4/97) creating venv for benchmark (async_generators)

(trying common venv first)

==================================================
( 5/97) creating venv for benchmark (async_tree)

(trying common venv first)

==================================================
( 6/97) creating venv for benchmark (async_tree_cpu_io_mixed)

(trying common venv first)

==================================================
( 7/97) creating venv for benchmark (async_tree_cpu_io_mixed_tg)

(trying common venv first)

==================================================
( 8/97) creating venv for benchmark (async_tree_eager)

(trying common venv first)

==================================================
( 9/97) creating venv for benchmark (async_tree_eager_cpu_io_mixed)

(trying common venv first)

==================================================
(10/97) creating venv for benchmark (async_tree_eager_cpu_io_mixed_tg)

(trying common venv first)

==================================================
(11/97) creating venv for benchmark (async_tree_eager_io)

(trying common venv first)

==================================================
(12/97) creating venv for benchmark (async_tree_eager_io_tg)

(trying common venv first)

==================================================
(13/97) creating venv for benchmark (async_tree_eager_memoization)

(trying common venv first)

==================================================
(14/97) creating venv for benchmark (async_tree_eager_memoization_tg)

(trying common venv first)

==================================================
(15/97) creating venv for benchmark (async_tree_eager_tg)

(trying common venv first)

==================================================
(16/97) creating venv for benchmark (async_tree_io)

(trying common venv first)

==================================================
(17/97) creating venv for benchmark (async_tree_io_tg)

(trying common venv first)

==================================================
(18/97) creating venv for benchmark (async_tree_memoization)

(trying common venv first)

==================================================
(19/97) creating venv for benchmark (async_tree_memoization_tg)

(trying common venv first)

==================================================
(20/97) creating venv for benchmark (async_tree_tg)

(trying common venv first)

==================================================
(21/97) creating venv for benchmark (asyncio_tcp)

(trying common venv first)

==================================================
(22/97) creating venv for benchmark (asyncio_tcp_ssl)

(trying common venv first)

==================================================
(23/97) creating venv for benchmark (asyncio_websockets)

(trying common venv first)

==================================================
(24/97) creating venv for benchmark (base64)

(trying common venv first)

==================================================
(25/97) creating venv for benchmark (bpe_tokeniser)

(trying common venv first)

==================================================
(26/97) creating venv for benchmark (chameleon)

(trying common venv first)

==================================================
(27/97) creating venv for benchmark (chaos)

(trying common venv first)

==================================================
(28/97) creating venv for benchmark (comprehensions)

(trying common venv first)

==================================================
(29/97) creating venv for benchmark (concurrent_imap)

(trying common venv first)

==================================================
(30/97) creating venv for benchmark (coroutines)

(trying common venv first)

==================================================
(31/97) creating venv for benchmark (coverage)

(trying common venv first)

==================================================
(32/97) creating venv for benchmark (crypto_pyaes)

(trying common venv first)

==================================================
(33/97) creating venv for benchmark (dask)

(trying common venv first)

==================================================
(34/97) creating venv for benchmark (deepcopy)

(trying common venv first)

==================================================
(35/97) creating venv for benchmark (deltablue)

(trying common venv first)

==================================================
(36/97) creating venv for benchmark (django_template)

(trying common venv first)

==================================================
(37/97) creating venv for benchmark (docutils)

(trying common venv first)

==================================================
(38/97) creating venv for benchmark (dulwich_log)

(trying common venv first)

==================================================
(39/97) creating venv for benchmark (fannkuch)

(trying common venv first)

==================================================
(40/97) creating venv for benchmark (fastapi)

(trying common venv first)

==================================================
(41/97) creating venv for benchmark (float)

(trying common venv first)

==================================================
(42/97) creating venv for benchmark (gc_collect)

(trying common venv first)

==================================================
(43/97) creating venv for benchmark (gc_traversal)

(trying common venv first)

==================================================
(44/97) creating venv for benchmark (generators)

(trying common venv first)

==================================================
(45/97) creating venv for benchmark (genshi)

(trying common venv first)

==================================================
(46/97) creating venv for benchmark (go)

(trying common venv first)

==================================================
(47/97) creating venv for benchmark (hexiom)

(trying common venv first)

==================================================
(48/97) creating venv for benchmark (html5lib)

(trying common venv first)

==================================================
(49/97) creating venv for benchmark (json_dumps)

(trying common venv first)

==================================================
(50/97) creating venv for benchmark (json_loads)

(trying common venv first)

==================================================
(51/97) creating venv for benchmark (logging)

(trying common venv first)

==================================================
(52/97) creating venv for benchmark (mako)

(trying common venv first)

==================================================
(53/97) creating venv for benchmark (mdp)

(trying common venv first)

==================================================
(54/97) creating venv for benchmark (meteor_contest)

(trying common venv first)

==================================================
(55/97) creating venv for benchmark (nbody)

(trying common venv first)

==================================================
(56/97) creating venv for benchmark (networkx)

(trying common venv first)

==================================================
(57/97) creating venv for benchmark (networkx_connected_components)

(trying common venv first)

==================================================
(58/97) creating venv for benchmark (networkx_k_core)

(trying common venv first)

==================================================
(59/97) creating venv for benchmark (nqueens)

(trying common venv first)

==================================================
(60/97) creating venv for benchmark (pathlib)

(trying common venv first)

==================================================
(61/97) creating venv for benchmark (pickle)

(trying common venv first)

==================================================
(62/97) creating venv for benchmark (pickle_dict)

(trying common venv first)

==================================================
(63/97) creating venv for benchmark (pickle_list)

(trying common venv first)

==================================================
(64/97) creating venv for benchmark (pickle_pure_python)

(trying common venv first)

==================================================
(65/97) creating venv for benchmark (pidigits)

(trying common venv first)

==================================================
(66/97) creating venv for benchmark (pprint)

(trying common venv first)

==================================================
(67/97) creating venv for benchmark (pyflate)

(trying common venv first)

==================================================
(68/97) creating venv for benchmark (python_startup)

(trying common venv first)

==================================================
(69/97) creating venv for benchmark (python_startup_no_site)

(trying common venv first)

==================================================
(70/97) creating venv for benchmark (raytrace)

(trying common venv first)

==================================================
(71/97) creating venv for benchmark (regex_compile)

(trying common venv first)

==================================================
(72/97) creating venv for benchmark (regex_dna)

(trying common venv first)

==================================================
(73/97) creating venv for benchmark (regex_effbot)

(trying common venv first)

==================================================
(74/97) creating venv for benchmark (regex_v8)

(trying common venv first)

==================================================
(75/97) creating venv for benchmark (richards)

(trying common venv first)

==================================================
(76/97) creating venv for benchmark (richards_super)

(trying common venv first)

==================================================
(77/97) creating venv for benchmark (scimark)

(trying common venv first)

==================================================
(78/97) creating venv for benchmark (spectral_norm)

(trying common venv first)

==================================================
(79/97) creating venv for benchmark (sphinx)

(trying common venv first)

==================================================
(80/97) creating venv for benchmark (sqlalchemy_declarative)

(trying common venv first)

==================================================
(81/97) creating venv for benchmark (sqlalchemy_imperative)

(trying common venv first)

==================================================
(82/97) creating venv for benchmark (sqlglot_v2)

(trying common venv first)

==================================================
(83/97) creating venv for benchmark (sqlglot_v2_optimize)

(trying common venv first)

==================================================
(84/97) creating venv for benchmark (sqlglot_v2_parse)

(trying common venv first)

==================================================
(85/97) creating venv for benchmark (sqlglot_v2_transpile)

(trying common venv first)

==================================================
(86/97) creating venv for benchmark (sqlite_synth)

(trying common venv first)

==================================================
(87/97) creating venv for benchmark (sympy)

(trying common venv first)

==================================================
(88/97) creating venv for benchmark (telco)

(trying common venv first)

==================================================
(89/97) creating venv for benchmark (tomli_loads)

(trying common venv first)

==================================================
(90/97) creating venv for benchmark (tornado_http)

(trying common venv first)

==================================================
(91/97) creating venv for benchmark (typing_runtime_protocols)

(trying common venv first)

==================================================
(92/97) creating venv for benchmark (unpack_sequence)

(trying common venv first)

==================================================
(93/97) creating venv for benchmark (unpickle)

(trying common venv first)

==================================================
(94/97) creating venv for benchmark (unpickle_list)

(trying common venv first)

==================================================
(95/97) creating venv for benchmark (unpickle_pure_python)

(trying common venv first)

==================================================
(96/97) creating venv for benchmark (xdsl)

(trying common venv first)

==================================================
(97/97) creating venv for benchmark (xml_etree)

(trying common venv first)

[ 1/97] 2to3...
...........
WARNING: the benchmark result may be unstable
* Not enough samples to get a stable result (95% certainly of less than 1% variation)

Try to rerun the benchmark with more runs, values and/or loops.
Run 'xlang3.exe -m pyperf system tune' command to reduce the system jitter.
Use pyperf stats, pyperf dump and pyperf hist to analyze results.
Use --quiet option to hide these warnings.

2to3: Mean +- std dev: 2.94 sec +- 0.07 sec
[ 2/97] argparse...
...........
WARNING: the benchmark result may be unstable
* Not enough samples to get a stable result (95% certainly of less than 1% variation)

Try to rerun the benchmark with more runs, values and/or loops.
Run 'xlang3.exe -m pyperf system tune' command to reduce the system jitter.
Use pyperf stats, pyperf dump and pyperf hist to analyze results.
Use --quiet option to hide these warnings.

many_optionals: Mean +- std dev: 9.60 ms +- 0.18 ms
[ 3/97] argparse_subparsers...
...........
WARNING: the benchmark result may be unstable
* Not enough samples to get a stable result (95% certainly of less than 1% variation)

Try to rerun the benchmark with more runs, values and/or loops.
Run 'xlang3.exe -m pyperf system tune' command to reduce the system jitter.
Use pyperf stats, pyperf dump and pyperf hist to analyze results.
Use --quiet option to hide these warnings.

subparsers: Mean +- std dev: 150 ms +- 4 ms
[ 4/97] async_generators...
...........
WARNING: the benchmark result may be unstable
* Not enough samples to get a stable result (95% certainly of less than 1% variation)

Try to rerun the benchmark with more runs, values and/or loops.
Run 'xlang3.exe -m pyperf system tune' command to reduce the system jitter.
Use pyperf stats, pyperf dump and pyperf hist to analyze results.
Use --quiet option to hide these warnings.

async_generators: Mean +- std dev: 2.56 sec +- 0.10 sec
[ 5/97] async_tree...
...........
WARNING: the benchmark result may be unstable
* Not enough samples to get a stable result (95% certainly of less than 1% variation)

Try to rerun the benchmark with more runs, values and/or loops.
Run 'xlang3.exe -m pyperf system tune' command to reduce the system jitter.
Use pyperf stats, pyperf dump and pyperf hist to analyze results.
Use --quiet option to hide these warnings.

async_tree_none: Mean +- std dev: 4.32 sec +- 0.10 sec
[ 6/97] async_tree_cpu_io_mixed...
..........Full-case timeout: async_tree_cpu_io_mixed exceeded 300 seconds
ERROR: Benchmark async_tree_cpu_io_mixed timed out
[ 7/97] async_tree_cpu_io_mixed_tg...
..........Full-case timeout: async_tree_cpu_io_mixed_tg exceeded 300 seconds
ERROR: Benchmark async_tree_cpu_io_mixed_tg timed out
[ 8/97] async_tree_eager...
...........
WARNING: the benchmark result may be unstable
* Not enough samples to get a stable result (95% certainly of less than 1% variation)

Try to rerun the benchmark with more runs, values and/or loops.
Run 'xlang3.exe -m pyperf system tune' command to reduce the system jitter.
Use pyperf stats, pyperf dump and pyperf hist to analyze results.
Use --quiet option to hide these warnings.

async_tree_eager: Mean +- std dev: 1.51 sec +- 0.06 sec
[ 9/97] async_tree_eager_cpu_io_mixed...
...........
WARNING: the benchmark result may be unstable
* Not enough samples to get a stable result (95% certainly of less than 1% variation)

Try to rerun the benchmark with more runs, values and/or loops.
Run 'xlang3.exe -m pyperf system tune' command to reduce the system jitter.
Use pyperf stats, pyperf dump and pyperf hist to analyze results.
Use --quiet option to hide these warnings.

async_tree_eager_cpu_io_mixed: Mean +- std dev: 7.13 sec +- 0.18 sec
[10/97] async_tree_eager_cpu_io_mixed_tg...
..........Full-case timeout: async_tree_eager_cpu_io_mixed_tg exceeded 300 seconds
ERROR: Benchmark async_tree_eager_cpu_io_mixed_tg timed out
[11/97] async_tree_eager_io...
....Full-case timeout: async_tree_eager_io exceeded 300 seconds
ERROR: Benchmark async_tree_eager_io timed out
[12/97] async_tree_eager_io_tg...
....Full-case timeout: async_tree_eager_io_tg exceeded 300 seconds
ERROR: Benchmark async_tree_eager_io_tg timed out
[13/97] async_tree_eager_memoization...
...........
WARNING: the benchmark result may be unstable
* Not enough samples to get a stable result (95% certainly of less than 1% variation)

Try to rerun the benchmark with more runs, values and/or loops.
Run 'xlang3.exe -m pyperf system tune' command to reduce the system jitter.
Use pyperf stats, pyperf dump and pyperf hist to analyze results.
Use --quiet option to hide these warnings.

async_tree_eager_memoization: Mean +- std dev: 3.99 sec +- 0.11 sec
[14/97] async_tree_eager_memoization_tg...
...........
WARNING: the benchmark result may be unstable
* Not enough samples to get a stable result (95% certainly of less than 1% variation)

Try to rerun the benchmark with more runs, values and/or loops.
Run 'xlang3.exe -m pyperf system tune' command to reduce the system jitter.
Use pyperf stats, pyperf dump and pyperf hist to analyze results.
Use --quiet option to hide these warnings.

async_tree_eager_memoization_tg: Mean +- std dev: 6.19 sec +- 0.17 sec
[15/97] async_tree_eager_tg...
...........
WARNING: the benchmark result may be unstable
* Not enough samples to get a stable result (95% certainly of less than 1% variation)

Try to rerun the benchmark with more runs, values and/or loops.
Run 'xlang3.exe -m pyperf system tune' command to reduce the system jitter.
Use pyperf stats, pyperf dump and pyperf hist to analyze results.
Use --quiet option to hide these warnings.

async_tree_eager_tg: Mean +- std dev: 3.82 sec +- 0.07 sec
[16/97] async_tree_io...
.......Full-case timeout: async_tree_io exceeded 300 seconds
ERROR: Benchmark async_tree_io timed out
[17/97] async_tree_io_tg...
.......Full-case timeout: async_tree_io_tg exceeded 300 seconds
ERROR: Benchmark async_tree_io_tg timed out
[18/97] async_tree_memoization...
...........
WARNING: the benchmark result may be unstable
* Not enough samples to get a stable result (95% certainly of less than 1% variation)

Try to rerun the benchmark with more runs, values and/or loops.
Run 'xlang3.exe -m pyperf system tune' command to reduce the system jitter.
Use pyperf stats, pyperf dump and pyperf hist to analyze results.
Use --quiet option to hide these warnings.

async_tree_memoization: Mean +- std dev: 5.87 sec +- 0.18 sec
[19/97] async_tree_memoization_tg...
...........
WARNING: the benchmark result may be unstable
* Not enough samples to get a stable result (95% certainly of less than 1% variation)

Try to rerun the benchmark with more runs, values and/or loops.
Run 'xlang3.exe -m pyperf system tune' command to reduce the system jitter.
Use pyperf stats, pyperf dump and pyperf hist to analyze results.
Use --quiet option to hide these warnings.

async_tree_memoization_tg: Mean +- std dev: 5.98 sec +- 0.13 sec
[20/97] async_tree_tg...
...........
WARNING: the benchmark result may be unstable
* Not enough samples to get a stable result (95% certainly of less than 1% variation)

Try to rerun the benchmark with more runs, values and/or loops.
Run 'xlang3.exe -m pyperf system tune' command to reduce the system jitter.
Use pyperf stats, pyperf dump and pyperf hist to analyze results.
Use --quiet option to hide these warnings.

async_tree_none_tg: Mean +- std dev: 3.94 sec +- 0.06 sec
[21/97] asyncio_tcp...
...........
WARNING: the benchmark result may be unstable
* Not enough samples to get a stable result (95% certainly of less than 1% variation)

Try to rerun the benchmark with more runs, values and/or loops.
Run 'xlang3.exe -m pyperf system tune' command to reduce the system jitter.
Use pyperf stats, pyperf dump and pyperf hist to analyze results.
Use --quiet option to hide these warnings.

asyncio_tcp: Mean +- std dev: 4.38 sec +- 0.15 sec
[22/97] asyncio_tcp_ssl...
....Full-case timeout: asyncio_tcp_ssl exceeded 300 seconds
ERROR: Benchmark asyncio_tcp_ssl timed out
[23/97] asyncio_websockets...
...........
asyncio_websockets: Mean +- std dev: 509 ms +- 3 ms
[24/97] base64...
...........
WARNING: the benchmark result may be unstable
* Not enough samples to get a stable result (95% certainly of less than 1% variation)

Try to rerun the benchmark with more runs, values and/or loops.
Run 'xlang3.exe -m pyperf system tune' command to reduce the system jitter.
Use pyperf stats, pyperf dump and pyperf hist to analyze results.
Use --quiet option to hide these warnings.

base64_small: Mean +- std dev: 2.98 ms +- 0.07 ms
...........
base64_large: Mean +- std dev: 14.5 ms +- 0.2 ms
...........
WARNING: the benchmark result may be unstable
* Not enough samples to get a stable result (95% certainly of less than 1% variation)

Try to rerun the benchmark with more runs, values and/or loops.
Run 'xlang3.exe -m pyperf system tune' command to reduce the system jitter.
Use pyperf stats, pyperf dump and pyperf hist to analyze results.
Use --quiet option to hide these warnings.

urlsafe_base64_small: Mean +- std dev: 6.32 ms +- 0.26 ms
...........
WARNING: the benchmark result may be unstable
* Not enough samples to get a stable result (95% certainly of less than 1% variation)

Try to rerun the benchmark with more runs, values and/or loops.
Run 'xlang3.exe -m pyperf system tune' command to reduce the system jitter.
Use pyperf stats, pyperf dump and pyperf hist to analyze results.
Use --quiet option to hide these warnings.

base32_small: Mean +- std dev: 43.4 ms +- 1.7 ms
...........
WARNING: the benchmark result may be unstable
* Not enough samples to get a stable result (95% certainly of less than 1% variation)

Try to rerun the benchmark with more runs, values and/or loops.
Run 'xlang3.exe -m pyperf system tune' command to reduce the system jitter.
Use pyperf stats, pyperf dump and pyperf hist to analyze results.
Use --quiet option to hide these warnings.

base32_large: Mean +- std dev: 1.88 sec +- 0.06 sec
...........
WARNING: the benchmark result may be unstable
* Not enough samples to get a stable result (95% certainly of less than 1% variation)

Try to rerun the benchmark with more runs, values and/or loops.
Run 'xlang3.exe -m pyperf system tune' command to reduce the system jitter.
Use pyperf stats, pyperf dump and pyperf hist to analyze results.
Use --quiet option to hide these warnings.

base16_small: Mean +- std dev: 3.78 ms +- 0.18 ms
...........
WARNING: the benchmark result may be unstable
* Not enough samples to get a stable result (95% certainly of less than 1% variation)

Try to rerun the benchmark with more runs, values and/or loops.
Run 'xlang3.exe -m pyperf system tune' command to reduce the system jitter.
Use pyperf stats, pyperf dump and pyperf hist to analyze results.
Use --quiet option to hide these warnings.

base16_large: Mean +- std dev: 41.8 ms +- 0.8 ms
...........
WARNING: the benchmark result may be unstable
* Not enough samples to get a stable result (95% certainly of less than 1% variation)

Try to rerun the benchmark with more runs, values and/or loops.
Run 'xlang3.exe -m pyperf system tune' command to reduce the system jitter.
Use pyperf stats, pyperf dump and pyperf hist to analyze results.
Use --quiet option to hide these warnings.

ascii85_small: Mean +- std dev: 102 ms +- 4 ms
....Full-case timeout: base64 exceeded 300 seconds
ERROR: Benchmark base64 timed out
[25/97] bpe_tokeniser...
Full-case timeout: bpe_tokeniser exceeded 300 seconds
ERROR: Benchmark bpe_tokeniser timed out
[26/97] chameleon...
Traceback (most recent call last):
  File "C:\Python\Python314\Lib\site-packages\pyperformance\data-files\benchmarks\bm_chameleon\run_benchmark.py", line 35, in <module>
    main()
    ~~~~^^
  File "C:\Python\Python314\Lib\site-packages\pyperformance\data-files\benchmarks\bm_chameleon\run_benchmark.py", line 25, in main
    tmpl = PageTemplate(BIGTABLE_ZPT)
  File "D:\CantorAI\xlang3\venv\cpython3.14-a6792301b742-compat-31b33d68c68a\Lib\site-packages\chameleon\zpt\template.py", line 249, in __init__
    super().__init__(body, **config)
    ~~~~~~~~~~~~~~~~^^^^^^^^^^^^^^^^
  File "D:\CantorAI\xlang3\venv\cpython3.14-a6792301b742-compat-31b33d68c68a\Lib\site-packages\chameleon\template.py", line 175, in __init__
    self.write(body)
    ~~~~~~~~~~^^^^^^
  File "D:\CantorAI\xlang3\venv\cpython3.14-a6792301b742-compat-31b33d68c68a\Lib\site-packages\chameleon\template.py", line 293, in write
    self.cook(body)
    ~~~~~~~~~^^^^^^
  File "D:\CantorAI\xlang3\venv\cpython3.14-a6792301b742-compat-31b33d68c68a\Lib\site-packages\chameleon\template.py", line 211, in cook
    program = self._cook(body, digest, names)
  File "D:\CantorAI\xlang3\venv\cpython3.14-a6792301b742-compat-31b33d68c68a\Lib\site-packages\chameleon\template.py", line 308, in _cook
    source = self._compile(body, builtins)
  File "D:\CantorAI\xlang3\venv\cpython3.14-a6792301b742-compat-31b33d68c68a\Lib\site-packages\chameleon\template.py", line 344, in _compile
    compiler = Compiler(
        self.engine,
    ...<4 lines>...
        strict=self.strict
    )
  File "D:\CantorAI\xlang3\venv\cpython3.14-a6792301b742-compat-31b33d68c68a\Lib\site-packages\chameleon\compiler.py", line 1031, in __init__
    module.body += self.visit(node)
                   ~~~~~~~~~~^^^^^^
  File "D:\CantorAI\xlang3\venv\cpython3.14-a6792301b742-compat-31b33d68c68a\Lib\site-packages\chameleon\compiler.py", line 1094, in visit
    iterator = visitor(node)
  File "D:\CantorAI\xlang3\venv\cpython3.14-a6792301b742-compat-31b33d68c68a\Lib\site-packages\chameleon\compiler.py", line 1139, in visit_Module
    program = self.visit(node.program)
  File "D:\CantorAI\xlang3\venv\cpython3.14-a6792301b742-compat-31b33d68c68a\Lib\site-packages\chameleon\compiler.py", line 1094, in visit
    iterator = visitor(node)
  File "D:\CantorAI\xlang3\venv\cpython3.14-a6792301b742-compat-31b33d68c68a\Lib\site-packages\chameleon\compiler.py", line 1163, in visit_MacroProgram
    stmts = self.visit(macro)
  File "D:\CantorAI\xlang3\venv\cpython3.14-a6792301b742-compat-31b33d68c68a\Lib\site-packages\chameleon\compiler.py", line 1096, in visit
    for key, group in itertools.groupby(
                      ~~~~~~~~~~~~~~~~~^
            iterator, lambda node: node.__class__):
            ^^^^^^^^^^^^^^^^^^^^^^^^^^^^^^^^^^^^^^
  File "D:\CantorAI\xlang3\venv\cpython3.14-a6792301b742-compat-31b33d68c68a\Lib\site-packages\chameleon\compiler.py", line 1204, in visit_Macro
    nodes = list(itertools.chain(*tuple(map(self.visit, node.body))))
                                  ~~~~~^^^^^^^^^^^^^^^^^^^^^^^^^^^^
  File "D:\CantorAI\xlang3\venv\cpython3.14-a6792301b742-compat-31b33d68c68a\Lib\site-packages\chameleon\compiler.py", line 1094, in visit
    iterator = visitor(node)
  File "D:\CantorAI\xlang3\venv\cpython3.14-a6792301b742-compat-31b33d68c68a\Lib\site-packages\chameleon\compiler.py", line 1179, in visit_Context
    self.visit(node.node)
    ~~~~~~~~~~^^^^^^^^^^^
  File "D:\CantorAI\xlang3\venv\cpython3.14-a6792301b742-compat-31b33d68c68a\Lib\site-packages\chameleon\compiler.py", line 1096, in visit
    for key, group in itertools.groupby(
                      ~~~~~~~~~~~~~~~~~^
            iterator, lambda node: node.__class__):
            ^^^^^^^^^^^^^^^^^^^^^^^^^^^^^^^^^^^^^^
  File "D:\CantorAI\xlang3\venv\cpython3.14-a6792301b742-compat-31b33d68c68a\Lib\site-packages\chameleon\compiler.py", line 1109, in visit_Sequence
    yield from self.visit(item)
               ~~~~~~~~~~^^^^^^
  File "D:\CantorAI\xlang3\venv\cpython3.14-a6792301b742-compat-31b33d68c68a\Lib\site-packages\chameleon\compiler.py", line 1096, in visit
    for key, group in itertools.groupby(
                      ~~~~~~~~~~~~~~~~~^
            iterator, lambda node: node.__class__):
            ^^^^^^^^^^^^^^^^^^^^^^^^^^^^^^^^^^^^^^
  File "D:\CantorAI\xlang3\venv\cpython3.14-a6792301b742-compat-31b33d68c68a\Lib\site-packages\chameleon\compiler.py", line 1395, in visit_Define
    yield from self.visit(node.node)
               ~~~~~~~~~~^^^^^^^^^^^
  File "D:\CantorAI\xlang3\venv\cpython3.14-a6792301b742-compat-31b33d68c68a\Lib\site-packages\chameleon\compiler.py", line 1096, in visit
    for key, group in itertools.groupby(
                      ~~~~~~~~~~~~~~~~~^
            iterator, lambda node: node.__class__):
            ^^^^^^^^^^^^^^^^^^^^^^^^^^^^^^^^^^^^^^
  File "D:\CantorAI\xlang3\venv\cpython3.14-a6792301b742-compat-31b33d68c68a\Lib\site-packages\chameleon\compiler.py", line 1114, in visit_Element
    yield from self.visit(node.content)
               ~~~~~~~~~~^^^^^^^^^^^^^^
  File "D:\CantorAI\xlang3\venv\cpython3.14-a6792301b742-compat-31b33d68c68a\Lib\site-packages\chameleon\compiler.py", line 1096, in visit
    for key, group in itertools.groupby(
                      ~~~~~~~~~~~~~~~~~^
            iterator, lambda node: node.__class__):
            ^^^^^^^^^^^^^^^^^^^^^^^^^^^^^^^^^^^^^^
  File "D:\CantorAI\xlang3\venv\cpython3.14-a6792301b742-compat-31b33d68c68a\Lib\site-packages\chameleon\compiler.py", line 1109, in visit_Sequence
    yield from self.visit(item)
               ~~~~~~~~~~^^^^^^
  File "D:\CantorAI\xlang3\venv\cpython3.14-a6792301b742-compat-31b33d68c68a\Lib\site-packages\chameleon\compiler.py", line 1096, in visit
    for key, group in itertools.groupby(
                      ~~~~~~~~~~~~~~~~~^
            iterator, lambda node: node.__class__):
            ^^^^^^^^^^^^^^^^^^^^^^^^^^^^^^^^^^^^^^
  File "D:\CantorAI\xlang3\venv\cpython3.14-a6792301b742-compat-31b33d68c68a\Lib\site-packages\chameleon\compiler.py", line 1395, in visit_Define
    yield from self.visit(node.node)
               ~~~~~~~~~~^^^^^^^^^^^
  File "D:\CantorAI\xlang3\venv\cpython3.14-a6792301b742-compat-31b33d68c68a\Lib\site-packages\chameleon\compiler.py", line 1094, in visit
    iterator = visitor(node)
  File "D:\CantorAI\xlang3\venv\cpython3.14-a6792301b742-compat-31b33d68c68a\Lib\site-packages\chameleon\compiler.py", line 1862, in visit_Repeat
    outer = self._engine(node.expression, store("__iterator"))
  File "D:\CantorAI\xlang3\venv\cpython3.14-a6792301b742-compat-31b33d68c68a\Lib\site-packages\chameleon\compiler.py", line 824, in __call__
    stmts = self._translate(expression, target)
  File "D:\CantorAI\xlang3\venv\cpython3.14-a6792301b742-compat-31b33d68c68a\Lib\site-packages\chameleon\compiler.py", line 863, in _translate
    stmts = visitor(expression, target)
  File "D:\CantorAI\xlang3\venv\cpython3.14-a6792301b742-compat-31b33d68c68a\Lib\site-packages\chameleon\compiler.py", line 878, in visit_Value
    return compiler.assign_value(target)
           ~~~~~~~~~~~~~~~~~~~~~^^^^^^^^
  File "D:\CantorAI\xlang3\venv\cpython3.14-a6792301b742-compat-31b33d68c68a\Lib\site-packages\chameleon\compiler.py", line 642, in assign_value
    return self.compiler(target, self.engine)
           ~~~~~~~~~~~~~^^^^^^^^^^^^^^^^^^^^^
  File "D:\CantorAI\xlang3\venv\cpython3.14-a6792301b742-compat-31b33d68c68a\Lib\site-packages\chameleon\compiler.py", line 546, in compiler
    stmts = expression(target, engine)
  File "D:\CantorAI\xlang3\venv\cpython3.14-a6792301b742-compat-31b33d68c68a\Lib\site-packages\chameleon\tales.py", line 135, in __call__
    assignment = self.translate_proxy(engine, expression, target)
  File "D:\CantorAI\xlang3\venv\cpython3.14-a6792301b742-compat-31b33d68c68a\Lib\site-packages\chameleon\tales.py", line 168, in translate_proxy
    return self.translate(*args)
           ~~~~~~~~~~~~~~^^^^^^^
  File "D:\CantorAI\xlang3\venv\cpython3.14-a6792301b742-compat-31b33d68c68a\Lib\site-packages\chameleon\tales.py", line 248, in translate
    value = self.parse(string)
  File "D:\CantorAI\xlang3\venv\cpython3.14-a6792301b742-compat-31b33d68c68a\Lib\site-packages\chameleon\tales.py", line 235, in parse
    return parse(string, 'eval').body
           ~~~~~^^^^^^^^^^^^^^^^
  File "D:\CantorAI\xlang3\venv\cpython3.14-a6792301b742-compat-31b33d68c68a\Lib\site-packages\chameleon\astutil.py", line 26, in parse
    return compile(source, '', mode, ast.PyCF_ONLY_AST)
TypeError: expected Expression node, got Token
ERROR: Benchmark chameleon failed: Benchmark died
[27/97] chaos...
Traceback (most recent call last):
  File "C:\Python\Python314\Lib\site-packages\pyperformance\run.py", line 171, in run_benchmarks
    result = bench.run(
        bench_venv.python,
    ...<3 lines>...
        verbose=options.verbose,
    )
  File "D:\CantorAI\xlang3\benchmarks\diagnostics\run_pyperformance_xlang3_shimmed.py", line 155, in run_named_benchmark
    return original_benchmark_run(benchmark, *positional, **keywords)
  File "C:\Python\Python314\Lib\site-packages\pyperformance\_benchmark.py", line 193, in run
    bench = _run_perf_script(
        python,
    ...<4 lines>...
        verbose=verbose,
    )
  File "C:\Python\Python314\Lib\site-packages\pyperformance\_benchmark.py", line 250, in _run_perf_script
    raise RuntimeError("Benchmark died")
RuntimeError: Benchmark died
...........
WARNING: the benchmark result may be unstable
* Not enough samples to get a stable result (95% certainly of less than 1% variation)

Try to rerun the benchmark with more runs, values and/or loops.
Run 'xlang3.exe -m pyperf system tune' command to reduce the system jitter.
Use pyperf stats, pyperf dump and pyperf hist to analyze results.
Use --quiet option to hide these warnings.

chaos: Mean +- std dev: 462 ms +- 19 ms
[28/97] comprehensions...
...........
WARNING: the benchmark result may be unstable
* Not enough samples to get a stable result (95% certainly of less than 1% variation)

Try to rerun the benchmark with more runs, values and/or loops.
Run 'xlang3.exe -m pyperf system tune' command to reduce the system jitter.
Use pyperf stats, pyperf dump and pyperf hist to analyze results.
Use --quiet option to hide these warnings.

comprehensions: Mean +- std dev: 181 us +- 5 us
[29/97] concurrent_imap...
Traceback (most recent call last):
  File "<string>", line 1, in <module>
    from multiprocessing.spawn import spawn_main; spawn_main(parent_pid=28236, pipe_handle=540)
                                                  ~~~~~~~~~~^^^^^^^^^^^^^^^^^^^^^^^^^^^^^^^^^^^
  File "C:\Python\Python314\Lib\multiprocessing\spawn.py", line 122, in spawn_main
    exitcode = _main(fd, parent_sentinel)
  File "C:\Python\Python314\Lib\multiprocessing\spawn.py", line 127, in _main
    with os.fdopen(fd, 'rb', closefd=True) as from_parent:
    ^^^^^^^^^^^^^^^^^^^^^^^^^^^^^^^^^^^^^^^^^^^^^^^^^^^^^^
    ...<7 lines>...
    return self._bootstrap(parent_sentinel)
    
  File "C:\Python\Python314\Lib\multiprocessing\spawn.py", line 132, in _main
    self = reduction.pickle.load(from_parent)
  File "C:\Python\Python314\Lib\pickle.py", line 1875, in _load
    return _Unpickler(file, fix_imports=fix_imports, buffers=buffers,
           ~~~~~~~~~~~~~~~~~~~~~~~~~~~~~~~~~~~~~~~~~~~~~~~~~~~~~~~~~~
                     encoding=encoding, errors=errors).load()
                     ~~~~~~~~~~~~~~~~~~~~~~~~~~~~~~~~~~~~~~^^
  File "C:\Python\Python314\Lib\pickle.py", line 1318, in load
    raise EOFError
EOFError
Traceback (most recent call last):
  File "C:\Python\Python314\Lib\site-packages\pyperformance\data-files\benchmarks\bm_concurrent_imap\run_benchmark.py", line 31, in <module>
    runner.bench_func("bench_mp_pool", bench_mp_pool, num_core, count, chunk)
    ~~~~~~~~~~~~~~~~~^^^^^^^^^^^^^^^^^^^^^^^^^^^^^^^^^^^^^^^^^^^^^^^^^^^^^^^^
  File "D:\CantorAI\xlang3\venv\cpython3.14-a6792301b742-compat-31b33d68c68a\Lib\site-packages\pyperf\_runner.py", line 545, in bench_func
    result = self._main(task)
  File "D:\CantorAI\xlang3\venv\cpython3.14-a6792301b742-compat-31b33d68c68a\Lib\site-packages\pyperf\_runner.py", line 463, in _main
    bench = self._worker(task)
  File "D:\CantorAI\xlang3\venv\cpython3.14-a6792301b742-compat-31b33d68c68a\Lib\site-packages\pyperf\_runner.py", line 437, in _worker
    run = task.create_run()
  File "D:\CantorAI\xlang3\venv\cpython3.14-a6792301b742-compat-31b33d68c68a\Lib\site-packages\pyperf\_worker.py", line 300, in create_run
    self.compute()
    ~~~~~~~~~~~~^^
  File "D:\CantorAI\xlang3\venv\cpython3.14-a6792301b742-compat-31b33d68c68a\Lib\site-packages\pyperf\_worker.py", line 364, in compute
    WorkerTask.compute(self)
    ~~~~~~~~~~~~~~~~~~^^^^^^
  File "D:\CantorAI\xlang3\venv\cpython3.14-a6792301b742-compat-31b33d68c68a\Lib\site-packages\pyperf\_worker.py", line 287, in compute
    self.calibrate_loops()
    ~~~~~~~~~~~~~~~~~~~~^^
  File "D:\CantorAI\xlang3\venv\cpython3.14-a6792301b742-compat-31b33d68c68a\Lib\site-packages\pyperf\_worker.py", line 250, in calibrate_loops
    self._compute_values(self.warmups, nvalue,
    ~~~~~~~~~~~~~~~~~~~~^^^^^^^^^^^^^^^^^^^^^^
                         is_warmup=True,
                         ^^^^^^^^^^^^^^^
                         calibrate_loops=True)
                         ^^^^^^^^^^^^^^^^^^^^^
  File "D:\CantorAI\xlang3\venv\cpython3.14-a6792301b742-compat-31b33d68c68a\Lib\site-packages\pyperf\_worker.py", line 76, in _compute_values
    with contextlib.ExitStack() as stack:
    ^^^^^^^^^^^^^^^^^^^^^^^^^^^^^^^^^^^^^
    ...<4 lines>...
    raw_value = float(raw_value)
    
  File "D:\CantorAI\xlang3\venv\cpython3.14-a6792301b742-compat-31b33d68c68a\Lib\site-packages\pyperf\_worker.py", line 79, in _compute_values
    raw_value = task_func(self, self.loops)
  File "D:\CantorAI\xlang3\venv\cpython3.14-a6792301b742-compat-31b33d68c68a\Lib\site-packages\pyperf\_runner.py", line 538, in task_func
    local_func()
    ~~~~~~~~~~^^
  File "C:\Python\Python314\Lib\functools.py", line 393, in __call__
    return self.func(*pto_args, *args, **keywords)
           ~~~~~~~~~^^^^^^^^^^^^^^^^^^^^^^^^^^^^^^
  File "C:\Python\Python314\Lib\site-packages\pyperformance\data-files\benchmarks\bm_concurrent_imap\run_benchmark.py", line 14, in bench_mp_pool
    with Pool(p) as pool:
         ~~~~^^^
  File "C:\Python\Python314\Lib\multiprocessing\pool.py", line 215, in __init__
    self._repopulate_pool()
    ~~~~~~~~~~~~~~~~~~~~~^^
  File "C:\Python\Python314\Lib\multiprocessing\pool.py", line 306, in _repopulate_pool
    return self._repopulate_pool_static(self._ctx, self.Process,
           ~~~~~~~~~~~~~~~~~~~~~~~~~~~~^^^^^^^^^^^^^^^^^^^^^^^^^
                                        self._processes,
                                        ^^^^^^^^^^^^^^^^
    ...<3 lines>...
                                        self._maxtasksperchild,
                                        ^^^^^^^^^^^^^^^^^^^^^^^
                                        self._wrap_exception)
                                        ^^^^^^^^^^^^^^^^^^^^^
  File "C:\Python\Python314\Lib\multiprocessing\pool.py", line 329, in _repopulate_pool_static
    w.start()
    ~~~~~~~^^
  File "C:\Python\Python314\Lib\multiprocessing\process.py", line 121, in start
    self._popen = self._Popen(self)
                  ~~~~~~~~~~~^^^^^^
  File "C:\Python\Python314\Lib\multiprocessing\context.py", line 343, in _Popen
    return Popen(process_obj)
  File "C:\Python\Python314\Lib\multiprocessing\popen_spawn_win32.py", line 73, in __init__
        with open(wfd, 'wb', closefd=True) as to_child:
        ^^^^^^^^^^^^^^^^^^^^^^^^^^^^^^^^^^^^^^^^^^^^^^^
    ...<27 lines>...
    def duplicate_for_child(self, handle):
    ^^^^
  File "C:\Python\Python314\Lib\multiprocessing\popen_spawn_win32.py", line 97, in __init__
    reduction.dump(process_obj, to_child)
    ~~~~~~~~~~~~~~^^^^^^^^^^^^^^^^^^^^^^^
  File "C:\Python\Python314\Lib\multiprocessing\reduction.py", line 60, in dump
    ForkingPickler(file, protocol).dump(obj)
    ~~~~~~~~~~~~~~~~~~~~~~~~~~~~~~~~~~~^^^^^
  File "C:\Python\Python314\Lib\pickle.py", line 498, in dump
    self.save(obj)
    ~~~~~~~~~^^^^^
  File "C:\Python\Python314\Lib\pickle.py", line 615, in save
    self.save_reduce(obj=obj, *rv)
    ~~~~~~~~~~~~~~~~^^^^^^^^^^^^^^
  File "C:\Python\Python314\Lib\pickle.py", line 761, in save_reduce
    save(state)
    ~~~~^^^^^^^
  File "C:\Python\Python314\Lib\pickle.py", line 572, in save
    f(self, obj)  # Call unbound method with explicit self
    ~^^^^^^^^^^^
  File "C:\Python\Python314\Lib\pickle.py", line 1058, in save_dict
    self._batch_setitems(obj.items(), obj)
    ~~~~~~~~~~~~~~~~~~~~^^^^^^^^^^^^^^^^^^
  File "C:\Python\Python314\Lib\pickle.py", line 1084, in _batch_setitems
    save(v)
    ~~~~^^^
  File "C:\Python\Python314\Lib\pickle.py", line 572, in save
    f(self, obj)  # Call unbound method with explicit self
    ~^^^^^^^^^^^
  File "C:\Python\Python314\Lib\pickle.py", line 976, in save_tuple
    save(element)
    ~~~~^^^^^^^^^
  File "C:\Python\Python314\Lib\pickle.py", line 615, in save
    self.save_reduce(obj=obj, *rv)
    ~~~~~~~~~~~~~~~~^^^^^^^^^^^^^^
  File "C:\Python\Python314\Lib\pickle.py", line 761, in save_reduce
    save(state)
    ~~~~^^^^^^^
  File "C:\Python\Python314\Lib\pickle.py", line 572, in save
    f(self, obj)  # Call unbound method with explicit self
    ~^^^^^^^^^^^
  File "C:\Python\Python314\Lib\pickle.py", line 976, in save_tuple
    save(element)
    ~~~~^^^^^^^^^
  File "C:\Python\Python314\Lib\pickle.py", line 590, in save
    rv = reduce(self.proto)
  File "C:\Python\Python314\Lib\multiprocessing\synchronize.py", line 106, in __getstate__
    h = context.get_spawning_popen().duplicate_for_child(sl.handle)
  File "C:\Python\Python314\Lib\multiprocessing\popen_spawn_win32.py", line 103, in duplicate_for_child
    return reduction.duplicate(handle, self.sentinel)
           ~~~~~~~~~~~~~~~~~~~^^^^^^^^^^^^^^^^^^^^^^^
  File "C:\Python\Python314\Lib\multiprocessing\reduction.py", line 79, in duplicate
    return _winapi.DuplicateHandle(
           ~~~~~~~~~~~~~~~~~~~~~~~^
        source_process, handle, target_process,
        ^^^^^^^^^^^^^^^^^^^^^^^^^^^^^^^^^^^^^^^
        0, inheritable, _winapi.DUPLICATE_SAME_ACCESS)
        ^^^^^^^^^^^^^^^^^^^^^^^^^^^^^^^^^^^^^^^^^^^^^^
OSError: DuplicateHandle failed with Win32 error 6
when serializing tuple item 2
when serializing multiprocessing.queues.SimpleQueue state
when serializing multiprocessing.queues.SimpleQueue object
when serializing tuple item 0
when serializing dict item '_args'
when serializing multiprocessing.context.SpawnProcess state
when serializing multiprocessing.context.SpawnProcess object
Traceback (most recent call last):
  File "C:\Python\Python314\Lib\site-packages\pyperformance\data-files\benchmarks\bm_concurrent_imap\run_benchmark.py", line 31, in <module>
    runner.bench_func("bench_mp_pool", bench_mp_pool, num_core, count, chunk)
    ~~~~~~~~~~~~~~~~~^^^^^^^^^^^^^^^^^^^^^^^^^^^^^^^^^^^^^^^^^^^^^^^^^^^^^^^^
  File "D:\CantorAI\xlang3\venv\cpython3.14-a6792301b742-compat-31b33d68c68a\Lib\site-packages\pyperf\_runner.py", line 545, in bench_func
    result = self._main(task)
  File "D:\CantorAI\xlang3\venv\cpython3.14-a6792301b742-compat-31b33d68c68a\Lib\site-packages\pyperf\_runner.py", line 468, in _main
    bench = self._manager()
  File "D:\CantorAI\xlang3\venv\cpython3.14-a6792301b742-compat-31b33d68c68a\Lib\site-packages\pyperf\_runner.py", line 681, in _manager
    bench = Manager(self).create_bench()
  File "D:\CantorAI\xlang3\venv\cpython3.14-a6792301b742-compat-31b33d68c68a\Lib\site-packages\pyperf\_manager.py", line 243, in create_bench
    worker_bench, run = self.create_worker_bench()
                        ~~~~~~~~~~~~~~~~~~~~~~~~^^
  File "D:\CantorAI\xlang3\venv\cpython3.14-a6792301b742-compat-31b33d68c68a\Lib\site-packages\pyperf\_manager.py", line 142, in create_worker_bench
    suite = self.create_suite()
  File "D:\CantorAI\xlang3\venv\cpython3.14-a6792301b742-compat-31b33d68c68a\Lib\site-packages\pyperf\_manager.py", line 132, in create_suite
    suite = self.spawn_worker(self.calibrate_loops, 0)
  File "D:\CantorAI\xlang3\venv\cpython3.14-a6792301b742-compat-31b33d68c68a\Lib\site-packages\pyperf\_manager.py", line 118, in spawn_worker
    raise RuntimeError("%s failed with exit code %s"
                       % (cmd[0], exitcode))
RuntimeError: D:\CantorAI\xlang3\build-repro\main-verify-20261006\Release\xlang3.exe failed with exit code 1
Traceback (most recent call last):
ERROR: Benchmark concurrent_imap failed: Benchmark died
[30/97] coroutines...
  File "C:\Python\Python314\Lib\site-packages\pyperformance\run.py", line 171, in run_benchmarks
    result = bench.run(
        bench_venv.python,
    ...<3 lines>...
        verbose=options.verbose,
    )
  File "D:\CantorAI\xlang3\benchmarks\diagnostics\run_pyperformance_xlang3_shimmed.py", line 155, in run_named_benchmark
    return original_benchmark_run(benchmark, *positional, **keywords)
  File "C:\Python\Python314\Lib\site-packages\pyperformance\_benchmark.py", line 193, in run
    bench = _run_perf_script(
        python,
    ...<4 lines>...
        verbose=verbose,
    )
  File "C:\Python\Python314\Lib\site-packages\pyperformance\_benchmark.py", line 250, in _run_perf_script
    raise RuntimeError("Benchmark died")
RuntimeError: Benchmark died
...........
WARNING: the benchmark result may be unstable
* Not enough samples to get a stable result (95% certainly of less than 1% variation)

Try to rerun the benchmark with more runs, values and/or loops.
Run 'xlang3.exe -m pyperf system tune' command to reduce the system jitter.
Use pyperf stats, pyperf dump and pyperf hist to analyze results.
Use --quiet option to hide these warnings.

coroutines: Mean +- std dev: 145 ms +- 6 ms
[31/97] coverage...
TypeError: print_exception(): Exception expected for value, object found
D:\CantorAI\xlang3\venv\cpython3.14-a6792301b742-compat-31b33d68c68a\Lib\site-packages\coverage\pytracer.py:320: CoverageWarning: Trace function changed, data is likely wrong: None != <bound method> (trace-changed)
  self.warn(
Traceback (most recent call last):
  File "C:\Python\Python314\Lib\site-packages\pyperformance\data-files\benchmarks\bm_coverage\run_benchmark.py", line 29, in <module>
    runner.bench_time_func('coverage', bench_coverage)
    ~~~~~~~~~~~~~~~~~~~~~~^^^^^^^^^^^^^^^^^^^^^^^^^^^^
  File "D:\CantorAI\xlang3\venv\cpython3.14-a6792301b742-compat-31b33d68c68a\Lib\site-packages\pyperf\_runner.py", line 502, in bench_time_func
    result = self._main(task)
  File "D:\CantorAI\xlang3\venv\cpython3.14-a6792301b742-compat-31b33d68c68a\Lib\site-packages\pyperf\_runner.py", line 468, in _main
    bench = self._manager()
  File "D:\CantorAI\xlang3\venv\cpython3.14-a6792301b742-compat-31b33d68c68a\Lib\site-packages\pyperf\_runner.py", line 681, in _manager
    bench = Manager(self).create_bench()
  File "D:\CantorAI\xlang3\venv\cpython3.14-a6792301b742-compat-31b33d68c68a\Lib\site-packages\pyperf\_manager.py", line 243, in create_bench
    worker_bench, run = self.create_worker_bench()
                        ~~~~~~~~~~~~~~~~~~~~~~~~^^
  File "D:\CantorAI\xlang3\venv\cpython3.14-a6792301b742-compat-31b33d68c68a\Lib\site-packages\pyperf\_manager.py", line 142, in create_worker_bench
    suite = self.create_suite()
  File "D:\CantorAI\xlang3\venv\cpython3.14-a6792301b742-compat-31b33d68c68a\Lib\site-packages\pyperf\_manager.py", line 132, in create_suite
    suite = self.spawn_worker(self.calibrate_loops, 0)
  File "D:\CantorAI\xlang3\venv\cpython3.14-a6792301b742-compat-31b33d68c68a\Lib\site-packages\pyperf\_manager.py", line 118, in spawn_worker
    raise RuntimeError("%s failed with exit code %s"
                       % (cmd[0], exitcode))
RuntimeError: D:\CantorAI\xlang3\build-repro\main-verify-20261006\Release\xlang3.exe failed with exit code 1
Traceback (most recent call last):
  File "C:\Python\Python314\Lib\site-packages\pyperformance\run.py", line 171, in run_benchmarks
    result = bench.run(
        bench_venv.python,
    ...<3 lines>...
        verbose=options.verbose,
    )
  File "D:\CantorAI\xlang3\benchmarks\diagnostics\run_pyperformance_xlang3_shimmed.py", line 155, in run_named_benchmark
    current_benchmark_timeout_reported = False
               ^^^^^^^^^^^^^^^^^^^^^^^^^^^^^^^
  File "C:\Python\Python314\Lib\site-packages\pyperformance\_benchmark.py", line 193, in run
    bench = _run_perf_script(
        python,
    ...<4 lines>...
        verbose=verbose,
    )
  File "C:\Python\Python314\Lib\site-packages\pyperformance\_benchmark.py", line 250, in _run_perf_script
    raise RuntimeError("Benchmark died")
RuntimeError: Benchmark died
ERROR: Benchmark coverage failed: Benchmark died
[32/97] crypto_pyaes...
...........
WARNING: the benchmark result may be unstable
* Not enough samples to get a stable result (95% certainly of less than 1% variation)

Try to rerun the benchmark with more runs, values and/or loops.
Run 'xlang3.exe -m pyperf system tune' command to reduce the system jitter.
Use pyperf stats, pyperf dump and pyperf hist to analyze results.
Use --quiet option to hide these warnings.

crypto_pyaes: Mean +- std dev: 361 ms +- 11 ms
[33/97] dask...
Traceback (most recent call last):
  File "C:\Python\Python314\Lib\site-packages\pyperformance\data-files\benchmarks\bm_dask\run_benchmark.py", line 7, in <module>
    from dask.distributed import Client, Worker, Scheduler, wait
  File "D:\CantorAI\xlang3\venv\cpython3.14-a6792301b742-compat-31b33d68c68a\Lib\site-packages\dask\distributed.py", line 13, in <module>
    from distributed import *
  File "D:\CantorAI\xlang3\venv\cpython3.14-a6792301b742-compat-31b33d68c68a\Lib\site-packages\distributed\__init__.py", line 23, in <module>
    from distributed.actor import Actor, ActorFuture, BaseActorFuture
  File "D:\CantorAI\xlang3\venv\cpython3.14-a6792301b742-compat-31b33d68c68a\Lib\site-packages\distributed\actor.py", line 13, in <module>
    from distributed.client import Future
  File "D:\CantorAI\xlang3\venv\cpython3.14-a6792301b742-compat-31b33d68c68a\Lib\site-packages\distributed\client.py", line 66, in <module>
    from distributed.core import OKMessage
  File "D:\CantorAI\xlang3\venv\cpython3.14-a6792301b742-compat-31b33d68c68a\Lib\site-packages\distributed\core.py", line 39, in <module>
    from distributed.comm import (
    ...<7 lines>...
    )
  File "D:\CantorAI\xlang3\venv\cpython3.14-a6792301b742-compat-31b33d68c68a\Lib\site-packages\distributed\comm\__init__.py", line 31, in <module>
    _register_transports()
    ~~~~~~~~~~~~~~~~~~~~^^
  File "D:\CantorAI\xlang3\venv\cpython3.14-a6792301b742-compat-31b33d68c68a\Lib\site-packages\distributed\comm\__init__.py", line 20, in _register_transports
    from distributed.comm import inproc, tcp, ws
  File "D:\CantorAI\xlang3\venv\cpython3.14-a6792301b742-compat-31b33d68c68a\Lib\site-packages\distributed\comm\tcp.py", line 41, in <module>
    from distributed.system import MEMORY_LIMIT
  File "D:\CantorAI\xlang3\venv\cpython3.14-a6792301b742-compat-31b33d68c68a\Lib\site-packages\distributed\system.py", line 67, in <module>
    MEMORY_LIMIT = memory_limit()
  File "D:\CantorAI\xlang3\venv\cpython3.14-a6792301b742-compat-31b33d68c68a\Lib\site-packages\distributed\system.py", line 23, in memory_limit
    limit = psutil.virtual_memory().total
            ~~~~~~~~~~~~~~~~~~~~~^^
  File "D:\CantorAI\xlang3\venv\cpython3.14-a6792301b742-compat-31b33d68c68a\Lib\site-packages\psutil\__init__.py", line 2049, in virtual_memory
    ret = _psplatform.virtual_memory()
  File "D:\CantorAI\xlang3\venv\cpython3.14-a6792301b742-compat-31b33d68c68a\Lib\site-packages\psutil\_pswindows.py", line 187, in virtual_memory
    mem = cext.virtual_mem()
AttributeError: module 'psutil._psutil_windows' has no attribute 'virtual_mem'
Traceback (most recent call last):
  File "C:\Python\Python314\Lib\site-packages\pyperformance\run.py", line 171, in run_benchmarks
    result = bench.run(
        bench_venv.python,
    ...<3 lines>...
        verbose=options.verbose,
    )
  File "D:\CantorAI\xlang3\benchmarks\diagnostics\run_pyperformance_xlang3_shimmed.py", line 155, in run_named_benchmark
    current_benchmark_timeout_reported = False
               ^^^^^^^^^^^^^^^^^^^^^^^^^^^^^^^
  File "C:\Python\Python314\Lib\site-packages\pyperformance\_benchmark.py", line 193, in run
    bench = _run_perf_script(
        python,
    ...<4 lines>...
        verbose=verbose,
    )
  File "C:\Python\Python314\Lib\site-packages\pyperformance\_benchmark.py", line 250, in _run_perf_script
    raise RuntimeError("Benchmark died")
RuntimeError: Benchmark died
ERROR: Benchmark dask failed: Benchmark died
[34/97] deepcopy...
...........
WARNING: the benchmark result may be unstable
* Not enough samples to get a stable result (95% certainly of less than 1% variation)

Try to rerun the benchmark with more runs, values and/or loops.
Run 'xlang3.exe -m pyperf system tune' command to reduce the system jitter.
Use pyperf stats, pyperf dump and pyperf hist to analyze results.
Use --quiet option to hide these warnings.

deepcopy: Mean +- std dev: 2.74 ms +- 0.12 ms
...........
WARNING: the benchmark result may be unstable
* Not enough samples to get a stable result (95% certainly of less than 1% variation)

Try to rerun the benchmark with more runs, values and/or loops.
Run 'xlang3.exe -m pyperf system tune' command to reduce the system jitter.
Use pyperf stats, pyperf dump and pyperf hist to analyze results.
Use --quiet option to hide these warnings.

deepcopy_reduce: Mean +- std dev: 30.2 us +- 0.8 us
...........
WARNING: the benchmark result may be unstable
* Not enough samples to get a stable result (95% certainly of less than 1% variation)

Try to rerun the benchmark with more runs, values and/or loops.
Run 'xlang3.exe -m pyperf system tune' command to reduce the system jitter.
Use pyperf stats, pyperf dump and pyperf hist to analyze results.
Use --quiet option to hide these warnings.

deepcopy_memo: Mean +- std dev: 288 us +- 7 us
[35/97] deltablue...
...........
WARNING: the benchmark result may be unstable
* Not enough samples to get a stable result (95% certainly of less than 1% variation)

Try to rerun the benchmark with more runs, values and/or loops.
Run 'xlang3.exe -m pyperf system tune' command to reduce the system jitter.
Use pyperf stats, pyperf dump and pyperf hist to analyze results.
Use --quiet option to hide these warnings.

deltablue: Mean +- std dev: 41.4 ms +- 0.6 ms
[36/97] django_template...
...........
WARNING: the benchmark result may be unstable
* Not enough samples to get a stable result (95% certainly of less than 1% variation)

Try to rerun the benchmark with more runs, values and/or loops.
Run 'xlang3.exe -m pyperf system tune' command to reduce the system jitter.
Use pyperf stats, pyperf dump and pyperf hist to analyze results.
Use --quiet option to hide these warnings.

django_template: Mean +- std dev: 583 ms +- 13 ms
[37/97] docutils...
Traceback (most recent call last):
  File "C:\Python\Python314\Lib\site-packages\pyperformance\data-files\benchmarks\bm_docutils\run_benchmark.py", line 54, in <module>
    runner.bench_time_func("docutils", bench_docutils, DOC_ROOT)
    ~~~~~~~~~~~~~~~~~~~~~~^^^^^^^^^^^^^^^^^^^^^^^^^^^^^^^^^^^^^^
  File "D:\CantorAI\xlang3\venv\cpython3.14-a6792301b742-compat-31b33d68c68a\Lib\site-packages\pyperf\_runner.py", line 502, in bench_time_func
    result = self._main(task)
  File "D:\CantorAI\xlang3\venv\cpython3.14-a6792301b742-compat-31b33d68c68a\Lib\site-packages\pyperf\_runner.py", line 463, in _main
    bench = self._worker(task)
  File "D:\CantorAI\xlang3\venv\cpython3.14-a6792301b742-compat-31b33d68c68a\Lib\site-packages\pyperf\_runner.py", line 437, in _worker
    run = task.create_run()
  File "D:\CantorAI\xlang3\venv\cpython3.14-a6792301b742-compat-31b33d68c68a\Lib\site-packages\pyperf\_worker.py", line 300, in create_run
    self.compute()
    ~~~~~~~~~~~~^^
  File "D:\CantorAI\xlang3\venv\cpython3.14-a6792301b742-compat-31b33d68c68a\Lib\site-packages\pyperf\_worker.py", line 364, in compute
    WorkerTask.compute(self)
    ~~~~~~~~~~~~~~~~~~^^^^^^
  File "D:\CantorAI\xlang3\venv\cpython3.14-a6792301b742-compat-31b33d68c68a\Lib\site-packages\pyperf\_worker.py", line 287, in compute
    self.calibrate_loops()
    ~~~~~~~~~~~~~~~~~~~~^^
  File "D:\CantorAI\xlang3\venv\cpython3.14-a6792301b742-compat-31b33d68c68a\Lib\site-packages\pyperf\_worker.py", line 250, in calibrate_loops
    self._compute_values(self.warmups, nvalue,
    ~~~~~~~~~~~~~~~~~~~~^^^^^^^^^^^^^^^^^^^^^^
                         is_warmup=True,
                         ^^^^^^^^^^^^^^^
                         calibrate_loops=True)
                         ^^^^^^^^^^^^^^^^^^^^^
  File "D:\CantorAI\xlang3\venv\cpython3.14-a6792301b742-compat-31b33d68c68a\Lib\site-packages\pyperf\_worker.py", line 76, in _compute_values
    with contextlib.ExitStack() as stack:
    ^^^^^^^^^^^^^^^^^^^^^^^^^^^^^^^^^^^^^
    ...<4 lines>...
    raw_value = float(raw_value)
    
  File "D:\CantorAI\xlang3\venv\cpython3.14-a6792301b742-compat-31b33d68c68a\Lib\site-packages\pyperf\_worker.py", line 79, in _compute_values
    raw_value = task_func(self, self.loops)
  File "D:\CantorAI\xlang3\venv\cpython3.14-a6792301b742-compat-31b33d68c68a\Lib\site-packages\pyperf\_runner.py", line 497, in task_func
    return time_func(loops, *args)
  File "C:\Python\Python314\Lib\site-packages\pyperformance\data-files\benchmarks\bm_docutils\run_benchmark.py", line 44, in bench_docutils
    runs_total += build_html(doc_root)
                  ~~~~~~~~~~^^^^^^^^^^
  File "C:\Python\Python314\Lib\site-packages\pyperformance\data-files\benchmarks\bm_docutils\run_benchmark.py", line 27, in build_html
    with contextlib.suppress(docutils.ApplicationError):
    ^^^^^^^^^^^^^^^^^^^^^^^^^^^^^^^^^^^^^^^^^^^^^^^^^^^^
    ...<9 lines>...
    elapsed += pyperf.perf_counter() - t0
    
  File "C:\Python\Python314\Lib\site-packages\pyperformance\data-files\benchmarks\bm_docutils\run_benchmark.py", line 28, in build_html
    core.publish_string(source=file_contents,
    ~~~~~~~~~~~~~~~~~~~^^^^^^^^^^^^^^^^^^^^^^
                        reader_name="standalone",
                        ^^^^^^^^^^^^^^^^^^^^^^^^^
    ...<5 lines>...
                            "report_level": 5,
                            ^^^^^^^^^^^^^^^^^^
                        })
                        ^^
  File "D:\CantorAI\xlang3\venv\cpython3.14-a6792301b742-compat-31b33d68c68a\Lib\site-packages\docutils\core.py", line 407, in publish_string
    output, pub = publish_programmatically(
                  ~~~~~~~~~~~~~~~~~~~~~~~~^
        source_class=io.StringInput, source=source, source_path=source_path,
        ^^^^^^^^^^^^^^^^^^^^^^^^^^^^^^^^^^^^^^^^^^^^^^^^^^^^^^^^^^^^^^^^^^^^
    ...<7 lines>...
        config_section=config_section,
        ^^^^^^^^^^^^^^^^^^^^^^^^^^^^^^
        enable_exit_status=enable_exit_status)
        ^^^^^^^^^^^^^^^^^^^^^^^^^^^^^^^^^^^^^^
  File "D:\CantorAI\xlang3\venv\cpython3.14-a6792301b742-compat-31b33d68c68a\Lib\site-packages\docutils\core.py", line 660, in publish_programmatically
    pub.set_components(reader_name, parser_name, writer_name)
    ~~~~~~~~~~~~~~~~~~^^^^^^^^^^^^^^^^^^^^^^^^^^^^^^^^^^^^^^^
  File "D:\CantorAI\xlang3\venv\cpython3.14-a6792301b742-compat-31b33d68c68a\Lib\site-packages\docutils\core.py", line 94, in set_components
    self.set_reader(reader_name, self.parser, parser_name)
    ~~~~~~~~~~~~~~~^^^^^^^^^^^^^^^^^^^^^^^^^^^^^^^^^^^^^^^
  File "D:\CantorAI\xlang3\venv\cpython3.14-a6792301b742-compat-31b33d68c68a\Lib\site-packages\docutils\core.py", line 84, in set_reader
    self.reader = reader_class(parser, parser_name)
                  ~~~~~~~~~~~~^^^^^^^^^^^^^^^^^^^^^
  File "D:\CantorAI\xlang3\venv\cpython3.14-a6792301b742-compat-31b33d68c68a\Lib\site-packages\docutils\readers\__init__.py", line 52, in __init__
    self.set_parser(parser_name)
    ~~~~~~~~~~~~~~~^^^^^^^^^^^^^
  File "D:\CantorAI\xlang3\venv\cpython3.14-a6792301b742-compat-31b33d68c68a\Lib\site-packages\docutils\readers\__init__.py", line 63, in set_parser
    parser_class = parsers.get_parser_class(parser_name)
  File "D:\CantorAI\xlang3\venv\cpython3.14-a6792301b742-compat-31b33d68c68a\Lib\site-packages\docutils\parsers\__init__.py", line 82, in get_parser_class
    module = import_module('docutils.parsers.'+parser_name)
  File "C:\Python\Python314\Lib\importlib\__init__.py", line 88, in import_module
    return _bootstrap._gcd_import(name[level:], package, level)
           ~~~~~~~~~~~~~~~~~~~~~~^^^^^^^^^^^^^^^^^^^^^^^^^^^^^^
  File "D:\CantorAI\xlang3\venv\cpython3.14-a6792301b742-compat-31b33d68c68a\Lib\site-packages\docutils\parsers\rst\__init__.py", line 75, in <module>
    from docutils.parsers.rst import roles, states
  File "D:\CantorAI\xlang3\venv\cpython3.14-a6792301b742-compat-31b33d68c68a\Lib\site-packages\docutils\parsers\rst\states.py", line 1139, in <module>
    'enumerator': r'(%(parens)s|%(rparen)s|%(period)s)( +|$)' % pats,
                  ~~~~~~~~~~~~~~~~~~~~~~~~~~~~~~~~~~~~~~~~^^~~~~~~~~
KeyError: "format mapping key 'parens' not found"
Traceback (most recent call last):
  File "C:\Python\Python314\Lib\site-packages\pyperformance\data-files\benchmarks\bm_docutils\run_benchmark.py", line 54, in <module>
    runner.bench_time_func("docutils", bench_docutils, DOC_ROOT)
    ~~~~~~~~~~~~~~~~~~~~~~^^^^^^^^^^^^^^^^^^^^^^^^^^^^^^^^^^^^^^
  File "D:\CantorAI\xlang3\venv\cpython3.14-a6792301b742-compat-31b33d68c68a\Lib\site-packages\pyperf\_runner.py", line 502, in bench_time_func
    result = self._main(task)
  File "D:\CantorAI\xlang3\venv\cpython3.14-a6792301b742-compat-31b33d68c68a\Lib\site-packages\pyperf\_runner.py", line 468, in _main
    bench = self._manager()
  File "D:\CantorAI\xlang3\venv\cpython3.14-a6792301b742-compat-31b33d68c68a\Lib\site-packages\pyperf\_runner.py", line 681, in _manager
    bench = Manager(self).create_bench()
  File "D:\CantorAI\xlang3\venv\cpython3.14-a6792301b742-compat-31b33d68c68a\Lib\site-packages\pyperf\_manager.py", line 243, in create_bench
    worker_bench, run = self.create_worker_bench()
                        ~~~~~~~~~~~~~~~~~~~~~~~~^^
  File "D:\CantorAI\xlang3\venv\cpython3.14-a6792301b742-compat-31b33d68c68a\Lib\site-packages\pyperf\_manager.py", line 142, in create_worker_bench
    suite = self.create_suite()
  File "D:\CantorAI\xlang3\venv\cpython3.14-a6792301b742-compat-31b33d68c68a\Lib\site-packages\pyperf\_manager.py", line 132, in create_suite
    suite = self.spawn_worker(self.calibrate_loops, 0)
  File "D:\CantorAI\xlang3\venv\cpython3.14-a6792301b742-compat-31b33d68c68a\Lib\site-packages\pyperf\_manager.py", line 118, in spawn_worker
    raise RuntimeError("%s failed with exit code %s"
                       % (cmd[0], exitcode))
RuntimeError: D:\CantorAI\xlang3\build-repro\main-verify-20261006\Release\xlang3.exe failed with exit code 1
ERROR: Benchmark docutils failed: Benchmark died
[38/97] dulwich_log...
Traceback (most recent call last):
  File "C:\Python\Python314\Lib\site-packages\pyperformance\run.py", line 171, in run_benchmarks
    result = bench.run(
        bench_venv.python,
    ...<3 lines>...
        verbose=options.verbose,
    )
  File "D:\CantorAI\xlang3\benchmarks\diagnostics\run_pyperformance_xlang3_shimmed.py", line 155, in run_named_benchmark
    current_benchmark_timeout_reported = False
               ^^^^^^^^^^^^^^^^^^^^^^^^^^^^^^^
  File "C:\Python\Python314\Lib\site-packages\pyperformance\_benchmark.py", line 193, in run
    bench = _run_perf_script(
        python,
    ...<4 lines>...
        verbose=verbose,
    )
  File "C:\Python\Python314\Lib\site-packages\pyperformance\_benchmark.py", line 250, in _run_perf_script
    raise RuntimeError("Benchmark died")
RuntimeError: Benchmark died
Traceback (most recent call last):
  File "C:\Python\Python314\Lib\site-packages\pyperformance\data-files\benchmarks\bm_dulwich_log\run_benchmark.py", line 27, in <module>
    runner.bench_func('dulwich_log', iter_all_commits, repo)
    ~~~~~~~~~~~~~~~~~^^^^^^^^^^^^^^^^^^^^^^^^^^^^^^^^^^^^^^^
  File "D:\CantorAI\xlang3\venv\cpython3.14-a6792301b742-compat-31b33d68c68a\Lib\site-packages\pyperf\_runner.py", line 545, in bench_func
    result = self._main(task)
  File "D:\CantorAI\xlang3\venv\cpython3.14-a6792301b742-compat-31b33d68c68a\Lib\site-packages\pyperf\_runner.py", line 463, in _main
    bench = self._worker(task)
  File "D:\CantorAI\xlang3\venv\cpython3.14-a6792301b742-compat-31b33d68c68a\Lib\site-packages\pyperf\_runner.py", line 437, in _worker
    run = task.create_run()
  File "D:\CantorAI\xlang3\venv\cpython3.14-a6792301b742-compat-31b33d68c68a\Lib\site-packages\pyperf\_worker.py", line 300, in create_run
    self.compute()
    ~~~~~~~~~~~~^^
  File "D:\CantorAI\xlang3\venv\cpython3.14-a6792301b742-compat-31b33d68c68a\Lib\site-packages\pyperf\_worker.py", line 364, in compute
    WorkerTask.compute(self)
    ~~~~~~~~~~~~~~~~~~^^^^^^
  File "D:\CantorAI\xlang3\venv\cpython3.14-a6792301b742-compat-31b33d68c68a\Lib\site-packages\pyperf\_worker.py", line 287, in compute
    self.calibrate_loops()
    ~~~~~~~~~~~~~~~~~~~~^^
  File "D:\CantorAI\xlang3\venv\cpython3.14-a6792301b742-compat-31b33d68c68a\Lib\site-packages\pyperf\_worker.py", line 250, in calibrate_loops
    self._compute_values(self.warmups, nvalue,
    ~~~~~~~~~~~~~~~~~~~~^^^^^^^^^^^^^^^^^^^^^^
                         is_warmup=True,
                         ^^^^^^^^^^^^^^^
                         calibrate_loops=True)
                         ^^^^^^^^^^^^^^^^^^^^^
  File "D:\CantorAI\xlang3\venv\cpython3.14-a6792301b742-compat-31b33d68c68a\Lib\site-packages\pyperf\_worker.py", line 76, in _compute_values
    with contextlib.ExitStack() as stack:
    ^^^^^^^^^^^^^^^^^^^^^^^^^^^^^^^^^^^^^
    ...<4 lines>...
    raw_value = float(raw_value)
    
  File "D:\CantorAI\xlang3\venv\cpython3.14-a6792301b742-compat-31b33d68c68a\Lib\site-packages\pyperf\_worker.py", line 79, in _compute_values
    raw_value = task_func(self, self.loops)
  File "D:\CantorAI\xlang3\venv\cpython3.14-a6792301b742-compat-31b33d68c68a\Lib\site-packages\pyperf\_runner.py", line 538, in task_func
    local_func()
    ~~~~~~~~~~^^
  File "C:\Python\Python314\Lib\functools.py", line 393, in __call__
    return self.func(*pto_args, *args, **keywords)
           ~~~~~~~~~^^^^^^^^^^^^^^^^^^^^^^^^^^^^^^
  File "C:\Python\Python314\Lib\site-packages\pyperformance\data-files\benchmarks\bm_dulwich_log\run_benchmark.py", line 14, in iter_all_commits
    for entry in repo.get_walker(head):
                 ~~~~~~~~~~~~~~~^^^^^^
  File "D:\CantorAI\xlang3\venv\cpython3.14-a6792301b742-compat-31b33d68c68a\Lib\site-packages\dulwich\repo.py", line 757, in get_walker
    return Walker(self.object_store, include, *args, **kwargs)
  File "D:\CantorAI\xlang3\venv\cpython3.14-a6792301b742-compat-31b33d68c68a\Lib\site-packages\dulwich\walk.py", line 305, in __init__
    self._queue = queue_cls(self)
                  ~~~~~~~~~^^^^^^
  File "D:\CantorAI\xlang3\venv\cpython3.14-a6792301b742-compat-31b33d68c68a\Lib\site-packages\dulwich\walk.py", line 146, in __init__
    self._push(commit_id)
    ~~~~~~~~~~^^^^^^^^^^^
  File "D:\CantorAI\xlang3\venv\cpython3.14-a6792301b742-compat-31b33d68c68a\Lib\site-packages\dulwich\walk.py", line 150, in _push
    obj = self._store[object_id]
          ~~~~~~~~~~~^^^^^^^^^^^
  File "D:\CantorAI\xlang3\venv\cpython3.14-a6792301b742-compat-31b33d68c68a\Lib\site-packages\dulwich\object_store.py", line 133, in __getitem__
    type_num, uncomp = self.get_raw(sha)
                       ~~~~~~~~~~~~^^^^^
  File "D:\CantorAI\xlang3\venv\cpython3.14-a6792301b742-compat-31b33d68c68a\Lib\site-packages\dulwich\object_store.py", line 571, in get_raw
    return pack.get_raw(sha)
           ~~~~~~~~~~~~^^^^^
  File "D:\CantorAI\xlang3\venv\cpython3.14-a6792301b742-compat-31b33d68c68a\Lib\site-packages\dulwich\pack.py", line 2097, in get_raw
    offset = self.index.object_index(sha1)
             ^^^^^^^^^^
  File "D:\CantorAI\xlang3\venv\cpython3.14-a6792301b742-compat-31b33d68c68a\Lib\site-packages\dulwich\pack.py", line 2018, in index
    self._idx = self._idx_load()
                ~~~~~~~~~~~~~~^^
  File "D:\CantorAI\xlang3\venv\cpython3.14-a6792301b742-compat-31b33d68c68a\Lib\site-packages\dulwich\pack.py", line 1974, in <lambda>
    self._idx_load = lambda: load_pack_index(self._idx_path)
                             ~~~~~~~~~~~~~~~^^^^^^^^^^^^^^^^
  File "D:\CantorAI\xlang3\venv\cpython3.14-a6792301b742-compat-31b33d68c68a\Lib\site-packages\dulwich\pack.py", line 280, in load_pack_index
        with GitFile(path, "rb") as f:
        ^^^^^^^^^^^^^^^^^^^^^^^^^^^^^^
    ...<3 lines>...
    def _load_file_contents(f, size=None):
    ^^^^
  File "D:\CantorAI\xlang3\venv\cpython3.14-a6792301b742-compat-31b33d68c68a\Lib\site-packages\dulwich\pack.py", line 281, in load_pack_index
    return load_pack_index_file(path, f)
  File "D:\CantorAI\xlang3\venv\cpython3.14-a6792301b742-compat-31b33d68c68a\Lib\site-packages\dulwich\pack.py", line 315, in load_pack_index_file
    if contents[:4] == b"\377tOc":
       ~~~~~~~~^^^^
TypeError: object is not subscriptable
Traceback (most recent call last):
  File "C:\Python\Python314\Lib\site-packages\pyperformance\data-files\benchmarks\bm_dulwich_log\run_benchmark.py", line 27, in <module>
    runner.bench_func('dulwich_log', iter_all_commits, repo)
    ~~~~~~~~~~~~~~~~~^^^^^^^^^^^^^^^^^^^^^^^^^^^^^^^^^^^^^^^
  File "D:\CantorAI\xlang3\venv\cpython3.14-a6792301b742-compat-31b33d68c68a\Lib\site-packages\pyperf\_runner.py", line 545, in bench_func
    result = self._main(task)
  File "D:\CantorAI\xlang3\venv\cpython3.14-a6792301b742-compat-31b33d68c68a\Lib\site-packages\pyperf\_runner.py", line 468, in _main
    bench = self._manager()
  File "D:\CantorAI\xlang3\venv\cpython3.14-a6792301b742-compat-31b33d68c68a\Lib\site-packages\pyperf\_runner.py", line 681, in _manager
    bench = Manager(self).create_bench()
  File "D:\CantorAI\xlang3\venv\cpython3.14-a6792301b742-compat-31b33d68c68a\Lib\site-packages\pyperf\_manager.py", line 243, in create_bench
    worker_bench, run = self.create_worker_bench()
                        ~~~~~~~~~~~~~~~~~~~~~~~~^^
  File "D:\CantorAI\xlang3\venv\cpython3.14-a6792301b742-compat-31b33d68c68a\Lib\site-packages\pyperf\_manager.py", line 142, in create_worker_bench
    suite = self.create_suite()
  File "D:\CantorAI\xlang3\venv\cpython3.14-a6792301b742-compat-31b33d68c68a\Lib\site-packages\pyperf\_manager.py", line 132, in create_suite
    suite = self.spawn_worker(self.calibrate_loops, 0)
  File "D:\CantorAI\xlang3\venv\cpython3.14-a6792301b742-compat-31b33d68c68a\Lib\site-packages\pyperf\_manager.py", line 118, in spawn_worker
    raise RuntimeError("%s failed with exit code %s"
                       % (cmd[0], exitcode))
RuntimeError: D:\CantorAI\xlang3\build-repro\main-verify-20261006\Release\xlang3.exe failed with exit code 1
Traceback (most recent call last):
  File "C:\Python\Python314\Lib\site-packages\pyperformance\run.py", line 171, in run_benchmarks
    result = bench.run(
        bench_venv.python,
    ...<3 lines>...
        verbose=options.verbose,
    )
  File "D:\CantorAI\xlang3\benchmarks\diagnostics\run_pyperformance_xlang3_shimmed.py", line 155, in run_named_benchmark
    current_benchmark_timeout_reported = False
               ^^^^^^^^^^^^^^^^^^^^^^^^^^^^^^^
  File "C:\Python\Python314\Lib\site-packages\pyperformance\_benchmark.py", line 193, in run
    bench = _run_perf_script(
        python,
    ...<4 lines>...
        verbose=verbose,
    )
  File "C:\Python\Python314\Lib\site-packages\pyperformance\_benchmark.py", line 250, in _run_perf_script
    raise RuntimeError("Benchmark died")
RuntimeError: Benchmark died
ERROR: Benchmark dulwich_log failed: Benchmark died
[39/97] fannkuch...
...........
WARNING: the benchmark result may be unstable
* Not enough samples to get a stable result (95% certainly of less than 1% variation)

Try to rerun the benchmark with more runs, values and/or loops.
Run 'xlang3.exe -m pyperf system tune' command to reduce the system jitter.
Use pyperf stats, pyperf dump and pyperf hist to analyze results.
Use --quiet option to hide these warnings.

fannkuch: Mean +- std dev: 287 ms +- 8 ms
[40/97] fastapi...
...Full-case timeout: fastapi exceeded 300 seconds
ERROR: Benchmark fastapi timed out
[41/97] float...
...........
WARNING: the benchmark result may be unstable
* Not enough samples to get a stable result (95% certainly of less than 1% variation)

Try to rerun the benchmark with more runs, values and/or loops.
Run 'xlang3.exe -m pyperf system tune' command to reduce the system jitter.
Use pyperf stats, pyperf dump and pyperf hist to analyze results.
Use --quiet option to hide these warnings.

float: Mean +- std dev: 80.9 ms +- 5.1 ms
[42/97] gc_collect...
Traceback (most recent call last):
  File "C:\Python\Python314\Lib\site-packages\pyperformance\data-files\benchmarks\bm_gc_collect\run_benchmark.py", line 64, in <module>
    runner.bench_time_func("create_gc_cycles", benchamark_collection, CYCLES, LINKS)
    ~~~~~~~~~~~~~~~~~~~~~~^^^^^^^^^^^^^^^^^^^^^^^^^^^^^^^^^^^^^^^^^^^^^^^^^^^^^^^^^^
  File "D:\CantorAI\xlang3\venv\cpython3.14-a6792301b742-compat-31b33d68c68a\Lib\site-packages\pyperf\_runner.py", line 502, in bench_time_func
    result = self._main(task)
  File "D:\CantorAI\xlang3\venv\cpython3.14-a6792301b742-compat-31b33d68c68a\Lib\site-packages\pyperf\_runner.py", line 463, in _main
    bench = self._worker(task)
  File "D:\CantorAI\xlang3\venv\cpython3.14-a6792301b742-compat-31b33d68c68a\Lib\site-packages\pyperf\_runner.py", line 437, in _worker
    run = task.create_run()
  File "D:\CantorAI\xlang3\venv\cpython3.14-a6792301b742-compat-31b33d68c68a\Lib\site-packages\pyperf\_worker.py", line 300, in create_run
    self.compute()
    ~~~~~~~~~~~~^^
  File "D:\CantorAI\xlang3\venv\cpython3.14-a6792301b742-compat-31b33d68c68a\Lib\site-packages\pyperf\_worker.py", line 364, in compute
    WorkerTask.compute(self)
    ~~~~~~~~~~~~~~~~~~^^^^^^
  File "D:\CantorAI\xlang3\venv\cpython3.14-a6792301b742-compat-31b33d68c68a\Lib\site-packages\pyperf\_worker.py", line 287, in compute
    self.calibrate_loops()
    ~~~~~~~~~~~~~~~~~~~~^^
  File "D:\CantorAI\xlang3\venv\cpython3.14-a6792301b742-compat-31b33d68c68a\Lib\site-packages\pyperf\_worker.py", line 250, in calibrate_loops
    self._compute_values(self.warmups, nvalue,
    ~~~~~~~~~~~~~~~~~~~~^^^^^^^^^^^^^^^^^^^^^^
                         is_warmup=True,
                         ^^^^^^^^^^^^^^^
                         calibrate_loops=True)
                         ^^^^^^^^^^^^^^^^^^^^^
  File "D:\CantorAI\xlang3\venv\cpython3.14-a6792301b742-compat-31b33d68c68a\Lib\site-packages\pyperf\_worker.py", line 76, in _compute_values
    with contextlib.ExitStack() as stack:
    ^^^^^^^^^^^^^^^^^^^^^^^^^^^^^^^^^^^^^
    ...<4 lines>...
    raw_value = float(raw_value)
    
  File "D:\CantorAI\xlang3\venv\cpython3.14-a6792301b742-compat-31b33d68c68a\Lib\site-packages\pyperf\_worker.py", line 79, in _compute_values
    raw_value = task_func(self, self.loops)
  File "D:\CantorAI\xlang3\venv\cpython3.14-a6792301b742-compat-31b33d68c68a\Lib\site-packages\pyperf\_runner.py", line 497, in task_func
    return time_func(loops, *args)
  File "C:\Python\Python314\Lib\site-packages\pyperformance\data-files\benchmarks\bm_gc_collect\run_benchmark.py", line 56, in benchamark_collection
    assert collected is None or collected >= cycles * (links + 1)
AssertionError
Traceback (most recent call last):
  File "C:\Python\Python314\Lib\site-packages\pyperformance\data-files\benchmarks\bm_gc_collect\run_benchmark.py", line 64, in <module>
    runner.bench_time_func("create_gc_cycles", benchamark_collection, CYCLES, LINKS)
    ~~~~~~~~~~~~~~~~~~~~~~^^^^^^^^^^^^^^^^^^^^^^^^^^^^^^^^^^^^^^^^^^^^^^^^^^^^^^^^^^
  File "D:\CantorAI\xlang3\venv\cpython3.14-a6792301b742-compat-31b33d68c68a\Lib\site-packages\pyperf\_runner.py", line 502, in bench_time_func
    result = self._main(task)
  File "D:\CantorAI\xlang3\venv\cpython3.14-a6792301b742-compat-31b33d68c68a\Lib\site-packages\pyperf\_runner.py", line 468, in _main
    bench = self._manager()
  File "D:\CantorAI\xlang3\venv\cpython3.14-a6792301b742-compat-31b33d68c68a\Lib\site-packages\pyperf\_runner.py", line 681, in _manager
    bench = Manager(self).create_bench()
  File "D:\CantorAI\xlang3\venv\cpython3.14-a6792301b742-compat-31b33d68c68a\Lib\site-packages\pyperf\_manager.py", line 243, in create_bench
    worker_bench, run = self.create_worker_bench()
                        ~~~~~~~~~~~~~~~~~~~~~~~~^^
  File "D:\CantorAI\xlang3\venv\cpython3.14-a6792301b742-compat-31b33d68c68a\Lib\site-packages\pyperf\_manager.py", line 142, in create_worker_bench
    suite = self.create_suite()
  File "D:\CantorAI\xlang3\venv\cpython3.14-a6792301b742-compat-31b33d68c68a\Lib\site-packages\pyperf\_manager.py", line 132, in create_suite
    suite = self.spawn_worker(self.calibrate_loops, 0)
  File "D:\CantorAI\xlang3\venv\cpython3.14-a6792301b742-compat-31b33d68c68a\Lib\site-packages\pyperf\_manager.py", line 118, in spawn_worker
    raise RuntimeError("%s failed with exit code %s"
                       % (cmd[0], exitcode))
RuntimeError: D:\CantorAI\xlang3\build-repro\main-verify-20261006\Release\xlang3.exe failed with exit code 1
Traceback (most recent call last):
  File "C:\Python\Python314\Lib\site-packages\pyperformance\run.py", line 171, in run_benchmarks
    result = bench.run(
        bench_venv.python,
    ...<3 lines>...
        verbose=options.verbose,
    )
  File "D:\CantorAI\xlang3\benchmarks\diagnostics\run_pyperformance_xlang3_shimmed.py", line 155, in run_named_benchmark
    current_benchmark_timeout_reported = False
               ^^^^^^^^^^^^^^^^^^^^^^^^^^^^^^^
  File "C:\Python\Python314\Lib\site-packages\pyperformance\_benchmark.py", line 193, in run
    bench = _run_perf_script(
        python,
    ...<4 lines>...
        verbose=verbose,
    )
  File "C:\Python\Python314\Lib\site-packages\pyperformance\_benchmark.py", line 250, in _run_perf_script
    raise RuntimeError("Benchmark died")
RuntimeError: Benchmark died
ERROR: Benchmark gc_collect failed: Benchmark died
[43/97] gc_traversal...
...........
WARNING: the benchmark result may be unstable
* Not enough samples to get a stable result (95% certainly of less than 1% variation)

Try to rerun the benchmark with more runs, values and/or loops.
Run 'xlang3.exe -m pyperf system tune' command to reduce the system jitter.
Use pyperf stats, pyperf dump and pyperf hist to analyze results.
Use --quiet option to hide these warnings.

gc_traversal: Mean +- std dev: 1.35 ms +- 0.08 ms
[44/97] generators...
...........
WARNING: the benchmark result may be unstable
* Not enough samples to get a stable result (95% certainly of less than 1% variation)

Try to rerun the benchmark with more runs, values and/or loops.
Run 'xlang3.exe -m pyperf system tune' command to reduce the system jitter.
Use pyperf stats, pyperf dump and pyperf hist to analyze results.
Use --quiet option to hide these warnings.

generators: Mean +- std dev: 327 ms +- 14 ms
[45/97] genshi...
Traceback (most recent call last):
  File "C:\Python\Python314\Lib\site-packages\pyperformance\data-files\benchmarks\bm_genshi\run_benchmark.py", line 67, in <module>
    runner.bench_time_func(name, bench_genshi, tmpl_cls, tmpl_str)
    ~~~~~~~~~~~~~~~~~~~~~~^^^^^^^^^^^^^^^^^^^^^^^^^^^^^^^^^^^^^^^^
  File "D:\CantorAI\xlang3\venv\cpython3.14-a6792301b742-compat-31b33d68c68a\Lib\site-packages\pyperf\_runner.py", line 502, in bench_time_func
    result = self._main(task)
  File "D:\CantorAI\xlang3\venv\cpython3.14-a6792301b742-compat-31b33d68c68a\Lib\site-packages\pyperf\_runner.py", line 463, in _main
    bench = self._worker(task)
  File "D:\CantorAI\xlang3\venv\cpython3.14-a6792301b742-compat-31b33d68c68a\Lib\site-packages\pyperf\_runner.py", line 437, in _worker
    run = task.create_run()
  File "D:\CantorAI\xlang3\venv\cpython3.14-a6792301b742-compat-31b33d68c68a\Lib\site-packages\pyperf\_worker.py", line 300, in create_run
    self.compute()
    ~~~~~~~~~~~~^^
  File "D:\CantorAI\xlang3\venv\cpython3.14-a6792301b742-compat-31b33d68c68a\Lib\site-packages\pyperf\_worker.py", line 364, in compute
    WorkerTask.compute(self)
    ~~~~~~~~~~~~~~~~~~^^^^^^
  File "D:\CantorAI\xlang3\venv\cpython3.14-a6792301b742-compat-31b33d68c68a\Lib\site-packages\pyperf\_worker.py", line 287, in compute
    self.calibrate_loops()
    ~~~~~~~~~~~~~~~~~~~~^^
  File "D:\CantorAI\xlang3\venv\cpython3.14-a6792301b742-compat-31b33d68c68a\Lib\site-packages\pyperf\_worker.py", line 250, in calibrate_loops
    self._compute_values(self.warmups, nvalue,
    ~~~~~~~~~~~~~~~~~~~~^^^^^^^^^^^^^^^^^^^^^^
                         is_warmup=True,
                         ^^^^^^^^^^^^^^^
                         calibrate_loops=True)
                         ^^^^^^^^^^^^^^^^^^^^^
  File "D:\CantorAI\xlang3\venv\cpython3.14-a6792301b742-compat-31b33d68c68a\Lib\site-packages\pyperf\_worker.py", line 76, in _compute_values
    with contextlib.ExitStack() as stack:
    ^^^^^^^^^^^^^^^^^^^^^^^^^^^^^^^^^^^^^
    ...<4 lines>...
    raw_value = float(raw_value)
    
  File "D:\CantorAI\xlang3\venv\cpython3.14-a6792301b742-compat-31b33d68c68a\Lib\site-packages\pyperf\_worker.py", line 79, in _compute_values
    raw_value = task_func(self, self.loops)
  File "D:\CantorAI\xlang3\venv\cpython3.14-a6792301b742-compat-31b33d68c68a\Lib\site-packages\pyperf\_runner.py", line 497, in task_func
    return time_func(loops, *args)
  File "C:\Python\Python314\Lib\site-packages\pyperformance\data-files\benchmarks\bm_genshi\run_benchmark.py", line 36, in bench_genshi
    stream.render()
    ~~~~~~~~~~~~~^^
  File "D:\CantorAI\xlang3\venv\cpython3.14-a6792301b742-compat-31b33d68c68a\Lib\site-packages\genshi\core.py", line 184, in render
    return encode(generator, method=method, encoding=encoding, out=out)
  File "D:\CantorAI\xlang3\venv\cpython3.14-a6792301b742-compat-31b33d68c68a\Lib\site-packages\genshi\output.py", line 59, in encode
    return _encode(''.join(list(iterator)))
                           ~~~~^^^^^^^^^^
  File "D:\CantorAI\xlang3\venv\cpython3.14-a6792301b742-compat-31b33d68c68a\Lib\site-packages\genshi\output.py", line 581, in __call__
            for event in stream:
            ^^^^^^^^^^^^^^^^^^^^
    ...<7 lines>...
    class EmptyTagFilter(object):
    ^^^^^^^^
  File "D:\CantorAI\xlang3\venv\cpython3.14-a6792301b742-compat-31b33d68c68a\Lib\site-packages\genshi\core.py", line 292, in _ensure
        for event in stream:
        ^^^^^^^^^^^^^^^^^^^^
    ...<3 lines>...
    class Attrs(tuple):
    ^^^^
  File "D:\CantorAI\xlang3\venv\cpython3.14-a6792301b742-compat-31b33d68c68a\Lib\site-packages\genshi\template\base.py", line 641, in _include
            for event in stream:
            ^^^^^^^^^^^^^^^^^^^^
    ...<25 lines>...
    EXEC = Template.EXEC
    ^^^^^^^^
  File "D:\CantorAI\xlang3\venv\cpython3.14-a6792301b742-compat-31b33d68c68a\Lib\site-packages\genshi\template\base.py", line 581, in _flatten
            for kind, data, pos in stream:
            ^^^^^^^^^^^^^^^^^^^^^^^^^^^^^^
    ...<53 lines>...
    def _include(self, stream, ctxt, **vars):
    ^^^^^^^^
  File "D:\CantorAI\xlang3\venv\cpython3.14-a6792301b742-compat-31b33d68c68a\Lib\site-packages\genshi\template\directives.py", line 369, in __call__
    iterable = _eval_expr(self.expr, ctxt, vars)
  File "D:\CantorAI\xlang3\venv\cpython3.14-a6792301b742-compat-31b33d68c68a\Lib\site-packages\genshi\template\base.py", line 290, in _eval_expr
    retval = expr.evaluate(ctxt)
  File "D:\CantorAI\xlang3\venv\cpython3.14-a6792301b742-compat-31b33d68c68a\Lib\site-packages\genshi\template\eval.py", line 160, in evaluate
    return eval(self.code, _globals, {'__data__': data})
  File "<string>", line 1, in <module>
TypeError: iter() expected 1 or 2 arguments
Traceback (most recent call last):
  File "C:\Python\Python314\Lib\site-packages\pyperformance\data-files\benchmarks\bm_genshi\run_benchmark.py", line 67, in <module>
    runner.bench_time_func(name, bench_genshi, tmpl_cls, tmpl_str)
    ~~~~~~~~~~~~~~~~~~~~~~^^^^^^^^^^^^^^^^^^^^^^^^^^^^^^^^^^^^^^^^
  File "D:\CantorAI\xlang3\venv\cpython3.14-a6792301b742-compat-31b33d68c68a\Lib\site-packages\pyperf\_runner.py", line 502, in bench_time_func
    result = self._main(task)
  File "D:\CantorAI\xlang3\venv\cpython3.14-a6792301b742-compat-31b33d68c68a\Lib\site-packages\pyperf\_runner.py", line 468, in _main
    bench = self._manager()
  File "D:\CantorAI\xlang3\venv\cpython3.14-a6792301b742-compat-31b33d68c68a\Lib\site-packages\pyperf\_runner.py", line 681, in _manager
    bench = Manager(self).create_bench()
  File "D:\CantorAI\xlang3\venv\cpython3.14-a6792301b742-compat-31b33d68c68a\Lib\site-packages\pyperf\_manager.py", line 243, in create_bench
    worker_bench, run = self.create_worker_bench()
                        ~~~~~~~~~~~~~~~~~~~~~~~~^^
  File "D:\CantorAI\xlang3\venv\cpython3.14-a6792301b742-compat-31b33d68c68a\Lib\site-packages\pyperf\_manager.py", line 142, in create_worker_bench
    suite = self.create_suite()
  File "D:\CantorAI\xlang3\venv\cpython3.14-a6792301b742-compat-31b33d68c68a\Lib\site-packages\pyperf\_manager.py", line 132, in create_suite
    suite = self.spawn_worker(self.calibrate_loops, 0)
  File "D:\CantorAI\xlang3\venv\cpython3.14-a6792301b742-compat-31b33d68c68a\Lib\site-packages\pyperf\_manager.py", line 118, in spawn_worker
    raise RuntimeError("%s failed with exit code %s"
                       % (cmd[0], exitcode))
RuntimeError: D:\CantorAI\xlang3\build-repro\main-verify-20261006\Release\xlang3.exe failed with exit code 1
Traceback (most recent call last):
  File "C:\Python\Python314\Lib\site-packages\pyperformance\run.py", line 171, in run_benchmarks
    result = bench.run(
        bench_venv.python,
    ...<3 lines>...
        verbose=options.verbose,
    )
  File "D:\CantorAI\xlang3\benchmarks\diagnostics\run_pyperformance_xlang3_shimmed.py", line 155, in run_named_benchmark
    current_benchmark_timeout_reported = False
               ^^^^^^^^^^^^^^^^^^^^^^^^^^^^^^^
  File "C:\Python\Python314\Lib\site-packages\pyperformance\_benchmark.py", line 193, in run
    bench = _run_perf_script(
        python,
    ...<4 lines>...
        verbose=verbose,
    )
  File "C:\Python\Python314\Lib\site-packages\pyperformance\_benchmark.py", line 250, in _run_perf_script
    raise RuntimeError("Benchmark died")
RuntimeError: Benchmark died
ERROR: Benchmark genshi failed: Benchmark died
[46/97] go...
...........
WARNING: the benchmark result may be unstable
* Not enough samples to get a stable result (95% certainly of less than 1% variation)

Try to rerun the benchmark with more runs, values and/or loops.
Run 'xlang3.exe -m pyperf system tune' command to reduce the system jitter.
Use pyperf stats, pyperf dump and pyperf hist to analyze results.
Use --quiet option to hide these warnings.

go: Mean +- std dev: 960 ms +- 38 ms
[47/97] hexiom...
...........
WARNING: the benchmark result may be unstable
* Not enough samples to get a stable result (95% certainly of less than 1% variation)

Try to rerun the benchmark with more runs, values and/or loops.
Run 'xlang3.exe -m pyperf system tune' command to reduce the system jitter.
Use pyperf stats, pyperf dump and pyperf hist to analyze results.
Use --quiet option to hide these warnings.

hexiom: Mean +- std dev: 48.2 ms +- 1.0 ms
[48/97] html5lib...
...........
WARNING: the benchmark result may be unstable
* Not enough samples to get a stable result (95% certainly of less than 1% variation)

Try to rerun the benchmark with more runs, values and/or loops.
Run 'xlang3.exe -m pyperf system tune' command to reduce the system jitter.
Use pyperf stats, pyperf dump and pyperf hist to analyze results.
Use --quiet option to hide these warnings.

html5lib: Mean +- std dev: 797 ms +- 24 ms
[49/97] json_dumps...
...........
WARNING: the benchmark result may be unstable
* Not enough samples to get a stable result (95% certainly of less than 1% variation)

Try to rerun the benchmark with more runs, values and/or loops.
Run 'xlang3.exe -m pyperf system tune' command to reduce the system jitter.
Use pyperf stats, pyperf dump and pyperf hist to analyze results.
Use --quiet option to hide these warnings.

json_dumps: Mean +- std dev: 36.9 ms +- 0.7 ms
[50/97] json_loads...
...........
WARNING: the benchmark result may be unstable
* Not enough samples to get a stable result (95% certainly of less than 1% variation)

Try to rerun the benchmark with more runs, values and/or loops.
Run 'xlang3.exe -m pyperf system tune' command to reduce the system jitter.
Use pyperf stats, pyperf dump and pyperf hist to analyze results.
Use --quiet option to hide these warnings.

json_loads: Mean +- std dev: 81.8 us +- 1.8 us
[51/97] logging...
...........
WARNING: the benchmark result may be unstable
* Not enough samples to get a stable result (95% certainly of less than 1% variation)

Try to rerun the benchmark with more runs, values and/or loops.
Run 'xlang3.exe -m pyperf system tune' command to reduce the system jitter.
Use pyperf stats, pyperf dump and pyperf hist to analyze results.
Use --quiet option to hide these warnings.

logging_format: Mean +- std dev: 108 us +- 4 us
...........
WARNING: the benchmark result may be unstable
* Not enough samples to get a stable result (95% certainly of less than 1% variation)

Try to rerun the benchmark with more runs, values and/or loops.
Run 'xlang3.exe -m pyperf system tune' command to reduce the system jitter.
Use pyperf stats, pyperf dump and pyperf hist to analyze results.
Use --quiet option to hide these warnings.

logging_silent: Mean +- std dev: 1.11 us +- 0.03 us
...........
WARNING: the benchmark result may be unstable
* Not enough samples to get a stable result (95% certainly of less than 1% variation)

Try to rerun the benchmark with more runs, values and/or loops.
Run 'xlang3.exe -m pyperf system tune' command to reduce the system jitter.
Use pyperf stats, pyperf dump and pyperf hist to analyze results.
Use --quiet option to hide these warnings.

logging_simple: Mean +- std dev: 95.5 us +- 5.1 us
[52/97] mako...
Traceback (most recent call last):
  File "C:\Python\Python314\Lib\site-packages\pyperformance\data-files\benchmarks\bm_mako\run_benchmark.py", line 19, in <module>
    from mako.template import Template   # noqa
  File "D:\CantorAI\xlang3\venv\cpython3.14-a6792301b742-compat-31b33d68c68a\Lib\site-packages\mako\template.py", line 20, in <module>
    from mako import codegen
  File "D:\CantorAI\xlang3\venv\cpython3.14-a6792301b742-compat-31b33d68c68a\Lib\site-packages\mako\codegen.py", line 14, in <module>
    from mako import ast
  File "D:\CantorAI\xlang3\venv\cpython3.14-a6792301b742-compat-31b33d68c68a\Lib\site-packages\mako\ast.py", line 13, in <module>
    from mako import exceptions
  File "D:\CantorAI\xlang3\venv\cpython3.14-a6792301b742-compat-31b33d68c68a\Lib\site-packages\mako\exceptions.py", line 305, in <module>
    _install_highlighting()
    ~~~~~~~~~~~~~~~~~~~~~^^
  File "D:\CantorAI\xlang3\venv\cpython3.14-a6792301b742-compat-31b33d68c68a\Lib\site-packages\mako\exceptions.py", line 300, in _install_highlighting
    _install_pygments()
    ~~~~~~~~~~~~~~~~~^^
  File "D:\CantorAI\xlang3\venv\cpython3.14-a6792301b742-compat-31b33d68c68a\Lib\site-packages\mako\exceptions.py", line 284, in _install_pygments
    from mako.ext.pygmentplugin import syntax_highlight  # noqa
  File "D:\CantorAI\xlang3\venv\cpython3.14-a6792301b742-compat-31b33d68c68a\Lib\site-packages\mako\ext\pygmentplugin.py", line 14, in <module>
    from pygments.lexers.agile import Python3Lexer
  File "D:\CantorAI\xlang3\venv\cpython3.14-a6792301b742-compat-31b33d68c68a\Lib\site-packages\pygments\lexers\agile.py", line 13, in <module>
    from pygments.lexers.lisp import SchemeLexer
  File "D:\CantorAI\xlang3\venv\cpython3.14-a6792301b742-compat-31b33d68c68a\Lib\site-packages\pygments\lexers\lisp.py", line 221, in <module>
    (number_rules[2], Number.Bin, '#pop'),
     ~~~~~~~~~~~~^^^
KeyError: '2'
Traceback (most recent call last):
  File "C:\Python\Python314\Lib\site-packages\pyperformance\run.py", line 171, in run_benchmarks
    result = bench.run(
        bench_venv.python,
    ...<3 lines>...
        verbose=options.verbose,
    )
  File "D:\CantorAI\xlang3\benchmarks\diagnostics\run_pyperformance_xlang3_shimmed.py", line 155, in run_named_benchmark
    current_benchmark_timeout_reported = False
               ^^^^^^^^^^^^^^^^^^^^^^^^^^^^^^^
  File "C:\Python\Python314\Lib\site-packages\pyperformance\_benchmark.py", line 193, in run
    bench = _run_perf_script(
        python,
    ...<4 lines>...
        verbose=verbose,
    )
  File "C:\Python\Python314\Lib\site-packages\pyperformance\_benchmark.py", line 250, in _run_perf_script
    raise RuntimeError("Benchmark died")
RuntimeError: Benchmark died
ERROR: Benchmark mako failed: Benchmark died
[53/97] mdp...
Traceback (most recent call last):
  File "C:\Python\Python314\Lib\site-packages\pyperformance\data-files\benchmarks\bm_mdp\run_benchmark.py", line 267, in <module>
    runner.bench_time_func('mdp', bench_mdp)
    ~~~~~~~~~~~~~~~~~~~~~~^^^^^^^^^^^^^^^^^^
  File "D:\CantorAI\xlang3\venv\cpython3.14-a6792301b742-compat-31b33d68c68a\Lib\site-packages\pyperf\_runner.py", line 502, in bench_time_func
    result = self._main(task)
  File "D:\CantorAI\xlang3\venv\cpython3.14-a6792301b742-compat-31b33d68c68a\Lib\site-packages\pyperf\_runner.py", line 463, in _main
    bench = self._worker(task)
  File "D:\CantorAI\xlang3\venv\cpython3.14-a6792301b742-compat-31b33d68c68a\Lib\site-packages\pyperf\_runner.py", line 437, in _worker
    run = task.create_run()
  File "D:\CantorAI\xlang3\venv\cpython3.14-a6792301b742-compat-31b33d68c68a\Lib\site-packages\pyperf\_worker.py", line 300, in create_run
    self.compute()
    ~~~~~~~~~~~~^^
  File "D:\CantorAI\xlang3\venv\cpython3.14-a6792301b742-compat-31b33d68c68a\Lib\site-packages\pyperf\_worker.py", line 364, in compute
    WorkerTask.compute(self)
    ~~~~~~~~~~~~~~~~~~^^^^^^
  File "D:\CantorAI\xlang3\venv\cpython3.14-a6792301b742-compat-31b33d68c68a\Lib\site-packages\pyperf\_worker.py", line 287, in compute
    self.calibrate_loops()
    ~~~~~~~~~~~~~~~~~~~~^^
  File "D:\CantorAI\xlang3\venv\cpython3.14-a6792301b742-compat-31b33d68c68a\Lib\site-packages\pyperf\_worker.py", line 250, in calibrate_loops
    self._compute_values(self.warmups, nvalue,
    ~~~~~~~~~~~~~~~~~~~~^^^^^^^^^^^^^^^^^^^^^^
                         is_warmup=True,
                         ^^^^^^^^^^^^^^^
                         calibrate_loops=True)
                         ^^^^^^^^^^^^^^^^^^^^^
  File "D:\CantorAI\xlang3\venv\cpython3.14-a6792301b742-compat-31b33d68c68a\Lib\site-packages\pyperf\_worker.py", line 76, in _compute_values
    with contextlib.ExitStack() as stack:
    ^^^^^^^^^^^^^^^^^^^^^^^^^^^^^^^^^^^^^
    ...<4 lines>...
    raw_value = float(raw_value)
    
  File "D:\CantorAI\xlang3\venv\cpython3.14-a6792301b742-compat-31b33d68c68a\Lib\site-packages\pyperf\_worker.py", line 79, in _compute_values
    raw_value = task_func(self, self.loops)
  File "D:\CantorAI\xlang3\venv\cpython3.14-a6792301b742-compat-31b33d68c68a\Lib\site-packages\pyperf\_runner.py", line 497, in task_func
    return time_func(loops, *args)
  File "C:\Python\Python314\Lib\site-packages\pyperformance\data-files\benchmarks\bm_mdp\run_benchmark.py", line 254, in bench_mdp
    result = Battle().evaluate(0.192)
  File "C:\Python\Python314\Lib\site-packages\pyperformance\data-files\benchmarks\bm_mdp\run_benchmark.py", line 221, in evaluate
    stateps = topoSort([initial_statep], self.getSuccessorsList)
  File "C:\Python\Python314\Lib\site-packages\pyperformance\data-files\benchmarks\bm_mdp\run_benchmark.py", line 30, in topoSort
    assert(current in visited)
    ~~~~~~^^^^^^^^^^^^^^^^^^^^
AssertionError
Traceback (most recent call last):
  File "C:\Python\Python314\Lib\site-packages\pyperformance\data-files\benchmarks\bm_mdp\run_benchmark.py", line 267, in <module>
    runner.bench_time_func('mdp', bench_mdp)
    ~~~~~~~~~~~~~~~~~~~~~~^^^^^^^^^^^^^^^^^^
  File "D:\CantorAI\xlang3\venv\cpython3.14-a6792301b742-compat-31b33d68c68a\Lib\site-packages\pyperf\_runner.py", line 502, in bench_time_func
    result = self._main(task)
  File "D:\CantorAI\xlang3\venv\cpython3.14-a6792301b742-compat-31b33d68c68a\Lib\site-packages\pyperf\_runner.py", line 468, in _main
    bench = self._manager()
  File "D:\CantorAI\xlang3\venv\cpython3.14-a6792301b742-compat-31b33d68c68a\Lib\site-packages\pyperf\_runner.py", line 681, in _manager
    bench = Manager(self).create_bench()
  File "D:\CantorAI\xlang3\venv\cpython3.14-a6792301b742-compat-31b33d68c68a\Lib\site-packages\pyperf\_manager.py", line 243, in create_bench
    worker_bench, run = self.create_worker_bench()
                        ~~~~~~~~~~~~~~~~~~~~~~~~^^
  File "D:\CantorAI\xlang3\venv\cpython3.14-a6792301b742-compat-31b33d68c68a\Lib\site-packages\pyperf\_manager.py", line 142, in create_worker_bench
    suite = self.create_suite()
  File "D:\CantorAI\xlang3\venv\cpython3.14-a6792301b742-compat-31b33d68c68a\Lib\site-packages\pyperf\_manager.py", line 132, in create_suite
    suite = self.spawn_worker(self.calibrate_loops, 0)
  File "D:\CantorAI\xlang3\venv\cpython3.14-a6792301b742-compat-31b33d68c68a\Lib\site-packages\pyperf\_manager.py", line 118, in spawn_worker
    raise RuntimeError("%s failed with exit code %s"
                       % (cmd[0], exitcode))
RuntimeError: D:\CantorAI\xlang3\build-repro\main-verify-20261006\Release\xlang3.exe failed with exit code 1
Traceback (most recent call last):
  File "C:\Python\Python314\Lib\site-packages\pyperformance\run.py", line 171, in run_benchmarks
    result = bench.run(
        bench_venv.python,
    ...<3 lines>...
        verbose=options.verbose,
    )
  File "D:\CantorAI\xlang3\benchmarks\diagnostics\run_pyperformance_xlang3_shimmed.py", line 155, in run_named_benchmark
    current_benchmark_timeout_reported = False
               ^^^^^^^^^^^^^^^^^^^^^^^^^^^^^^^
  File "C:\Python\Python314\Lib\site-packages\pyperformance\_benchmark.py", line 193, in run
    bench = _run_perf_script(
        python,
    ...<4 lines>...
        verbose=verbose,
    )
  File "C:\Python\Python314\Lib\site-packages\pyperformance\_benchmark.py", line 250, in _run_perf_script
    raise RuntimeError("Benchmark died")
RuntimeError: Benchmark died
ERROR: Benchmark mdp failed: Benchmark died
[54/97] meteor_contest...
...........
WARNING: the benchmark result may be unstable
* Not enough samples to get a stable result (95% certainly of less than 1% variation)

Try to rerun the benchmark with more runs, values and/or loops.
Run 'xlang3.exe -m pyperf system tune' command to reduce the system jitter.
Use pyperf stats, pyperf dump and pyperf hist to analyze results.
Use --quiet option to hide these warnings.

meteor_contest: Mean +- std dev: 1.48 sec +- 0.06 sec
[55/97] nbody...
...........
WARNING: the benchmark result may be unstable
* Not enough samples to get a stable result (95% certainly of less than 1% variation)

Try to rerun the benchmark with more runs, values and/or loops.
Run 'xlang3.exe -m pyperf system tune' command to reduce the system jitter.
Use pyperf stats, pyperf dump and pyperf hist to analyze results.
Use --quiet option to hide these warnings.

nbody: Mean +- std dev: 317 ms +- 12 ms
[56/97] networkx...
...........
WARNING: the benchmark result may be unstable
* Not enough samples to get a stable result (95% certainly of less than 1% variation)

Try to rerun the benchmark with more runs, values and/or loops.
Run 'xlang3.exe -m pyperf system tune' command to reduce the system jitter.
Use pyperf stats, pyperf dump and pyperf hist to analyze results.
Use --quiet option to hide these warnings.

shortest_path: Mean +- std dev: 1.59 sec +- 0.04 sec
[57/97] networkx_connected_components...
...........
WARNING: the benchmark result may be unstable
* Not enough samples to get a stable result (95% certainly of less than 1% variation)

Try to rerun the benchmark with more runs, values and/or loops.
Run 'xlang3.exe -m pyperf system tune' command to reduce the system jitter.
Use pyperf stats, pyperf dump and pyperf hist to analyze results.
Use --quiet option to hide these warnings.

connected_components: Mean +- std dev: 1.44 sec +- 0.07 sec
[58/97] networkx_k_core...
..........Full-case timeout: networkx_k_core exceeded 600 seconds
ERROR: Benchmark networkx_k_core timed out
[59/97] nqueens...
...........
WARNING: the benchmark result may be unstable
* Not enough samples to get a stable result (95% certainly of less than 1% variation)

Try to rerun the benchmark with more runs, values and/or loops.
Run 'xlang3.exe -m pyperf system tune' command to reduce the system jitter.
Use pyperf stats, pyperf dump and pyperf hist to analyze results.
Use --quiet option to hide these warnings.

nqueens: Mean +- std dev: 899 ms +- 31 ms
[60/97] pathlib...
...........
WARNING: the benchmark result may be unstable
* Not enough samples to get a stable result (95% certainly of less than 1% variation)

Try to rerun the benchmark with more runs, values and/or loops.
Run 'xlang3.exe -m pyperf system tune' command to reduce the system jitter.
Use pyperf stats, pyperf dump and pyperf hist to analyze results.
Use --quiet option to hide these warnings.

pathlib: Mean +- std dev: 655 ms +- 23 ms
[61/97] pickle...
...........
WARNING: the benchmark result may be unstable
* Not enough samples to get a stable result (95% certainly of less than 1% variation)

Try to rerun the benchmark with more runs, values and/or loops.
Run 'xlang3.exe -m pyperf system tune' command to reduce the system jitter.
Use pyperf stats, pyperf dump and pyperf hist to analyze results.
Use --quiet option to hide these warnings.

pickle: Mean +- std dev: 20.2 us +- 0.5 us
[62/97] pickle_dict...
...........
WARNING: the benchmark result may be unstable
* Not enough samples to get a stable result (95% certainly of less than 1% variation)

Try to rerun the benchmark with more runs, values and/or loops.
Run 'xlang3.exe -m pyperf system tune' command to reduce the system jitter.
Use pyperf stats, pyperf dump and pyperf hist to analyze results.
Use --quiet option to hide these warnings.

pickle_dict: Mean +- std dev: 26.5 us +- 1.3 us
[63/97] pickle_list...
...........
WARNING: the benchmark result may be unstable
* Not enough samples to get a stable result (95% certainly of less than 1% variation)

Try to rerun the benchmark with more runs, values and/or loops.
Run 'xlang3.exe -m pyperf system tune' command to reduce the system jitter.
Use pyperf stats, pyperf dump and pyperf hist to analyze results.
Use --quiet option to hide these warnings.

pickle_list: Mean +- std dev: 4.47 us +- 0.15 us
[64/97] pickle_pure_python...
...........
WARNING: the benchmark result may be unstable
* Not enough samples to get a stable result (95% certainly of less than 1% variation)

Try to rerun the benchmark with more runs, values and/or loops.
Run 'xlang3.exe -m pyperf system tune' command to reduce the system jitter.
Use pyperf stats, pyperf dump and pyperf hist to analyze results.
Use --quiet option to hide these warnings.

pickle_pure_python: Mean +- std dev: 5.74 ms +- 0.27 ms
[65/97] pidigits...
...........
WARNING: the benchmark result may be unstable
* Not enough samples to get a stable result (95% certainly of less than 1% variation)

Try to rerun the benchmark with more runs, values and/or loops.
Run 'xlang3.exe -m pyperf system tune' command to reduce the system jitter.
Use pyperf stats, pyperf dump and pyperf hist to analyze results.
Use --quiet option to hide these warnings.

pidigits: Mean +- std dev: 421 ms +- 9 ms
[66/97] pprint...
........Full-case timeout: pprint exceeded 300 seconds
ERROR: Benchmark pprint timed out
[67/97] pyflate...
...........
WARNING: the benchmark result may be unstable
* Not enough samples to get a stable result (95% certainly of less than 1% variation)

Try to rerun the benchmark with more runs, values and/or loops.
Run 'xlang3.exe -m pyperf system tune' command to reduce the system jitter.
Use pyperf stats, pyperf dump and pyperf hist to analyze results.
Use --quiet option to hide these warnings.

pyflate: Mean +- std dev: 3.20 sec +- 0.11 sec
[68/97] python_startup...
...........
WARNING: the benchmark result may be unstable
* Not enough samples to get a stable result (95% certainly of less than 1% variation)

Try to rerun the benchmark with more runs, values and/or loops.
Run 'xlang3.exe -m pyperf system tune' command to reduce the system jitter.
Use pyperf stats, pyperf dump and pyperf hist to analyze results.
Use --quiet option to hide these warnings.

python_startup: Mean +- std dev: 32.9 ms +- 1.5 ms
[69/97] python_startup_no_site...
...........
WARNING: the benchmark result may be unstable
* Not enough samples to get a stable result (95% certainly of less than 1% variation)

Try to rerun the benchmark with more runs, values and/or loops.
Run 'xlang3.exe -m pyperf system tune' command to reduce the system jitter.
Use pyperf stats, pyperf dump and pyperf hist to analyze results.
Use --quiet option to hide these warnings.

python_startup_no_site: Mean +- std dev: 19.1 ms +- 0.6 ms
[70/97] raytrace...
...........
WARNING: the benchmark result may be unstable
* Not enough samples to get a stable result (95% certainly of less than 1% variation)

Try to rerun the benchmark with more runs, values and/or loops.
Run 'xlang3.exe -m pyperf system tune' command to reduce the system jitter.
Use pyperf stats, pyperf dump and pyperf hist to analyze results.
Use --quiet option to hide these warnings.

raytrace: Mean +- std dev: 2.31 sec +- 0.07 sec
[71/97] regex_compile...
...........
WARNING: the benchmark result may be unstable
* Not enough samples to get a stable result (95% certainly of less than 1% variation)

Try to rerun the benchmark with more runs, values and/or loops.
Run 'xlang3.exe -m pyperf system tune' command to reduce the system jitter.
Use pyperf stats, pyperf dump and pyperf hist to analyze results.
Use --quiet option to hide these warnings.

regex_compile: Mean +- std dev: 1.39 sec +- 0.06 sec
[72/97] regex_dna...
...........
WARNING: the benchmark result may be unstable
* Not enough samples to get a stable result (95% certainly of less than 1% variation)

Try to rerun the benchmark with more runs, values and/or loops.
Run 'xlang3.exe -m pyperf system tune' command to reduce the system jitter.
Use pyperf stats, pyperf dump and pyperf hist to analyze results.
Use --quiet option to hide these warnings.

regex_dna: Mean +- std dev: 221 ms +- 5 ms
[73/97] regex_effbot...
...........
WARNING: the benchmark result may be unstable
* Not enough samples to get a stable result (95% certainly of less than 1% variation)

Try to rerun the benchmark with more runs, values and/or loops.
Run 'xlang3.exe -m pyperf system tune' command to reduce the system jitter.
Use pyperf stats, pyperf dump and pyperf hist to analyze results.
Use --quiet option to hide these warnings.

regex_effbot: Mean +- std dev: 13.4 ms +- 0.2 ms
[74/97] regex_v8...
...........
WARNING: the benchmark result may be unstable
* Not enough samples to get a stable result (95% certainly of less than 1% variation)

Try to rerun the benchmark with more runs, values and/or loops.
Run 'xlang3.exe -m pyperf system tune' command to reduce the system jitter.
Use pyperf stats, pyperf dump and pyperf hist to analyze results.
Use --quiet option to hide these warnings.

regex_v8: Mean +- std dev: 71.2 ms +- 2.9 ms
[75/97] richards...
...........
WARNING: the benchmark result may be unstable
* Not enough samples to get a stable result (95% certainly of less than 1% variation)

Try to rerun the benchmark with more runs, values and/or loops.
Run 'xlang3.exe -m pyperf system tune' command to reduce the system jitter.
Use pyperf stats, pyperf dump and pyperf hist to analyze results.
Use --quiet option to hide these warnings.

richards: Mean +- std dev: 386 ms +- 9 ms
[76/97] richards_super...
...........
WARNING: the benchmark result may be unstable
* Not enough samples to get a stable result (95% certainly of less than 1% variation)

Try to rerun the benchmark with more runs, values and/or loops.
Run 'xlang3.exe -m pyperf system tune' command to reduce the system jitter.
Use pyperf stats, pyperf dump and pyperf hist to analyze results.
Use --quiet option to hide these warnings.

richards_super: Mean +- std dev: 535 ms +- 11 ms
[77/97] scimark...
...........
WARNING: the benchmark result may be unstable
* Not enough samples to get a stable result (95% certainly of less than 1% variation)

Try to rerun the benchmark with more runs, values and/or loops.
Run 'xlang3.exe -m pyperf system tune' command to reduce the system jitter.
Use pyperf stats, pyperf dump and pyperf hist to analyze results.
Use --quiet option to hide these warnings.

scimark_fft: Mean +- std dev: 997 ms +- 22 ms
...........
WARNING: the benchmark result may be unstable
* Not enough samples to get a stable result (95% certainly of less than 1% variation)

Try to rerun the benchmark with more runs, values and/or loops.
Run 'xlang3.exe -m pyperf system tune' command to reduce the system jitter.
Use pyperf stats, pyperf dump and pyperf hist to analyze results.
Use --quiet option to hide these warnings.

scimark_lu: Mean +- std dev: 1.51 sec +- 0.04 sec
...........
WARNING: the benchmark result may be unstable
* Not enough samples to get a stable result (95% certainly of less than 1% variation)

Try to rerun the benchmark with more runs, values and/or loops.
Run 'xlang3.exe -m pyperf system tune' command to reduce the system jitter.
Use pyperf stats, pyperf dump and pyperf hist to analyze results.
Use --quiet option to hide these warnings.

scimark_monte_carlo: Mean +- std dev: 571 ms +- 11 ms
...........
WARNING: the benchmark result may be unstable
* Not enough samples to get a stable result (95% certainly of less than 1% variation)

Try to rerun the benchmark with more runs, values and/or loops.
Run 'xlang3.exe -m pyperf system tune' command to reduce the system jitter.
Use pyperf stats, pyperf dump and pyperf hist to analyze results.
Use --quiet option to hide these warnings.

scimark_sor: Mean +- std dev: 865 ms +- 26 ms
...........
WARNING: the benchmark result may be unstable
* Not enough samples to get a stable result (95% certainly of less than 1% variation)

Try to rerun the benchmark with more runs, values and/or loops.
Run 'xlang3.exe -m pyperf system tune' command to reduce the system jitter.
Use pyperf stats, pyperf dump and pyperf hist to analyze results.
Use --quiet option to hide these warnings.

scimark_sparse_mat_mult: Mean +- std dev: 18.2 ms +- 0.6 ms
[78/97] spectral_norm...
...........
WARNING: the benchmark result may be unstable
* Not enough samples to get a stable result (95% certainly of less than 1% variation)

Try to rerun the benchmark with more runs, values and/or loops.
Run 'xlang3.exe -m pyperf system tune' command to reduce the system jitter.
Use pyperf stats, pyperf dump and pyperf hist to analyze results.
Use --quiet option to hide these warnings.

spectral_norm: Mean +- std dev: 523 ms +- 17 ms
[79/97] sphinx...
Traceback (most recent call last):
  File "C:\Python\Python314\Lib\site-packages\pyperformance\data-files\benchmarks\bm_sphinx\run_benchmark.py", line 11, in <module>
    from sphinx.cmd.build import main as sphinx_main
  File "D:\CantorAI\xlang3\venv\cpython3.14-a6792301b742-compat-31b33d68c68a\Lib\site-packages\sphinx\cmd\build.py", line 21, in <module>
    from sphinx.application import Sphinx
  File "D:\CantorAI\xlang3\venv\cpython3.14-a6792301b742-compat-31b33d68c68a\Lib\site-packages\sphinx\application.py", line 19, in <module>
    from docutils.parsers.rst import Directive, roles
  File "D:\CantorAI\xlang3\venv\cpython3.14-a6792301b742-compat-31b33d68c68a\Lib\site-packages\docutils\parsers\rst\__init__.py", line 75, in <module>
    from docutils.parsers.rst import roles, states
  File "D:\CantorAI\xlang3\venv\cpython3.14-a6792301b742-compat-31b33d68c68a\Lib\site-packages\docutils\parsers\rst\states.py", line 1139, in <module>
    'enumerator': r'(%(parens)s|%(rparen)s|%(period)s)( +|$)' % pats,
                  ~~~~~~~~~~~~~~~~~~~~~~~~~~~~~~~~~~~~~~~~^^~~~~~~~~
KeyError: "format mapping key 'parens' not found"
Traceback (most recent call last):
  File "C:\Python\Python314\Lib\site-packages\pyperformance\run.py", line 171, in run_benchmarks
    result = bench.run(
        bench_venv.python,
    ...<3 lines>...
        verbose=options.verbose,
    )
  File "D:\CantorAI\xlang3\benchmarks\diagnostics\run_pyperformance_xlang3_shimmed.py", line 155, in run_named_benchmark
    current_benchmark_timeout_reported = False
               ^^^^^^^^^^^^^^^^^^^^^^^^^^^^^^^
  File "C:\Python\Python314\Lib\site-packages\pyperformance\_benchmark.py", line 193, in run
    bench = _run_perf_script(
        python,
    ...<4 lines>...
        verbose=verbose,
    )
  File "C:\Python\Python314\Lib\site-packages\pyperformance\_benchmark.py", line 250, in _run_perf_script
    raise RuntimeError("Benchmark died")
RuntimeError: Benchmark died
ERROR: Benchmark sphinx failed: Benchmark died
[80/97] sqlalchemy_declarative...
D:\CantorAI\xlang3\venv\cpython3.14-a6792301b742-compat-31b33d68c68a\Lib\site-packages\sqlalchemy\sql\sqltypes.py:2030: DeprecationWarning: datetime.datetime.utcfromtimestamp() is deprecated and scheduled for removal in a future version. Use timezone-aware objects to represent datetimes in UTC: datetime.datetime.fromtimestamp(t, datetime.UTC).
  epoch = dt.datetime.utcfromtimestamp(0)
Traceback (most recent call last):
  File "C:\Python\Python314\Lib\site-packages\pyperformance\data-files\benchmarks\bm_sqlalchemy_declarative\run_benchmark.py", line 3, in <module>
    from sqlalchemy import Column, ForeignKey, Integer, String
  File "D:\CantorAI\xlang3\venv\cpython3.14-a6792301b742-compat-31b33d68c68a\Lib\site-packages\sqlalchemy\__init__.py", line 9, in <module>
    from .engine import create_engine
  File "D:\CantorAI\xlang3\venv\cpython3.14-a6792301b742-compat-31b33d68c68a\Lib\site-packages\sqlalchemy\engine\__init__.py", line 18, in <module>
    from . import events
  File "D:\CantorAI\xlang3\venv\cpython3.14-a6792301b742-compat-31b33d68c68a\Lib\site-packages\sqlalchemy\engine\events.py", line 9, in <module>
    from .base import Engine
  File "D:\CantorAI\xlang3\venv\cpython3.14-a6792301b742-compat-31b33d68c68a\Lib\site-packages\sqlalchemy\engine\base.py", line 12, in <module>
    from .interfaces import Connectable
  File "D:\CantorAI\xlang3\venv\cpython3.14-a6792301b742-compat-31b33d68c68a\Lib\site-packages\sqlalchemy\engine\interfaces.py", line 11, in <module>
    from ..sql.compiler import Compiled  # noqa
  File "D:\CantorAI\xlang3\venv\cpython3.14-a6792301b742-compat-31b33d68c68a\Lib\site-packages\sqlalchemy\sql\__init__.py", line 9, in <module>
    from .compiler import COLLECT_CARTESIAN_PRODUCTS
  File "D:\CantorAI\xlang3\venv\cpython3.14-a6792301b742-compat-31b33d68c68a\Lib\site-packages\sqlalchemy\sql\compiler.py", line 34, in <module>
    from . import crud
  File "D:\CantorAI\xlang3\venv\cpython3.14-a6792301b742-compat-31b33d68c68a\Lib\site-packages\sqlalchemy\sql\crud.py", line 16, in <module>
    from . import dml
  File "D:\CantorAI\xlang3\venv\cpython3.14-a6792301b742-compat-31b33d68c68a\Lib\site-packages\sqlalchemy\sql\dml.py", line 15, in <module>
    from . import util as sql_util
  File "D:\CantorAI\xlang3\venv\cpython3.14-a6792301b742-compat-31b33d68c68a\Lib\site-packages\sqlalchemy\sql\util.py", line 36, in <module>
    from .schema import Column
  File "D:\CantorAI\xlang3\venv\cpython3.14-a6792301b742-compat-31b33d68c68a\Lib\site-packages\sqlalchemy\sql\schema.py", line 51, in <module>
    from .selectable import TableClause
ImportError: parse error importing module 'sqlalchemy.sql.selectable': line 2601, column 23: invalid syntax. Did you mean 'if'?
Traceback (most recent call last):
  File "C:\Python\Python314\Lib\site-packages\pyperformance\run.py", line 171, in run_benchmarks
    result = bench.run(
        bench_venv.python,
    ...<3 lines>...
        verbose=options.verbose,
    )
  File "D:\CantorAI\xlang3\benchmarks\diagnostics\run_pyperformance_xlang3_shimmed.py", line 155, in run_named_benchmark
    current_benchmark_timeout_reported = False
               ^^^^^^^^^^^^^^^^^^^^^^^^^^^^^^^
  File "C:\Python\Python314\Lib\site-packages\pyperformance\_benchmark.py", line 193, in run
    bench = _run_perf_script(
        python,
    ...<4 lines>...
        verbose=verbose,
    )
  File "C:\Python\Python314\Lib\site-packages\pyperformance\_benchmark.py", line 250, in _run_perf_script
    raise RuntimeError("Benchmark died")
RuntimeError: Benchmark died
ERROR: Benchmark sqlalchemy_declarative failed: Benchmark died
[81/97] sqlalchemy_imperative...
D:\CantorAI\xlang3\venv\cpython3.14-a6792301b742-compat-31b33d68c68a\Lib\site-packages\sqlalchemy\sql\sqltypes.py:2030: DeprecationWarning: datetime.datetime.utcfromtimestamp() is deprecated and scheduled for removal in a future version. Use timezone-aware objects to represent datetimes in UTC: datetime.datetime.fromtimestamp(t, datetime.UTC).
  epoch = dt.datetime.utcfromtimestamp(0)
Traceback (most recent call last):
  File "C:\Python\Python314\Lib\site-packages\pyperformance\data-files\benchmarks\bm_sqlalchemy_imperative\run_benchmark.py", line 3, in <module>
    from sqlalchemy import Column, ForeignKey, Integer, String, Table, MetaData
  File "D:\CantorAI\xlang3\venv\cpython3.14-a6792301b742-compat-31b33d68c68a\Lib\site-packages\sqlalchemy\__init__.py", line 9, in <module>
    from .engine import create_engine
  File "D:\CantorAI\xlang3\venv\cpython3.14-a6792301b742-compat-31b33d68c68a\Lib\site-packages\sqlalchemy\engine\__init__.py", line 18, in <module>
    from . import events
  File "D:\CantorAI\xlang3\venv\cpython3.14-a6792301b742-compat-31b33d68c68a\Lib\site-packages\sqlalchemy\engine\events.py", line 9, in <module>
    from .base import Engine
  File "D:\CantorAI\xlang3\venv\cpython3.14-a6792301b742-compat-31b33d68c68a\Lib\site-packages\sqlalchemy\engine\base.py", line 12, in <module>
    from .interfaces import Connectable
  File "D:\CantorAI\xlang3\venv\cpython3.14-a6792301b742-compat-31b33d68c68a\Lib\site-packages\sqlalchemy\engine\interfaces.py", line 11, in <module>
    from ..sql.compiler import Compiled  # noqa
  File "D:\CantorAI\xlang3\venv\cpython3.14-a6792301b742-compat-31b33d68c68a\Lib\site-packages\sqlalchemy\sql\__init__.py", line 9, in <module>
    from .compiler import COLLECT_CARTESIAN_PRODUCTS
  File "D:\CantorAI\xlang3\venv\cpython3.14-a6792301b742-compat-31b33d68c68a\Lib\site-packages\sqlalchemy\sql\compiler.py", line 34, in <module>
    from . import crud
  File "D:\CantorAI\xlang3\venv\cpython3.14-a6792301b742-compat-31b33d68c68a\Lib\site-packages\sqlalchemy\sql\crud.py", line 16, in <module>
    from . import dml
  File "D:\CantorAI\xlang3\venv\cpython3.14-a6792301b742-compat-31b33d68c68a\Lib\site-packages\sqlalchemy\sql\dml.py", line 15, in <module>
    from . import util as sql_util
  File "D:\CantorAI\xlang3\venv\cpython3.14-a6792301b742-compat-31b33d68c68a\Lib\site-packages\sqlalchemy\sql\util.py", line 36, in <module>
    from .schema import Column
  File "D:\CantorAI\xlang3\venv\cpython3.14-a6792301b742-compat-31b33d68c68a\Lib\site-packages\sqlalchemy\sql\schema.py", line 51, in <module>
    from .selectable import TableClause
ImportError: parse error importing module 'sqlalchemy.sql.selectable': line 2601, column 23: invalid syntax. Did you mean 'if'?
Traceback (most recent call last):
  File "C:\Python\Python314\Lib\site-packages\pyperformance\run.py", line 171, in run_benchmarks
    result = bench.run(
        bench_venv.python,
    ...<3 lines>...
        verbose=options.verbose,
    )
  File "D:\CantorAI\xlang3\benchmarks\diagnostics\run_pyperformance_xlang3_shimmed.py", line 155, in run_named_benchmark
    current_benchmark_timeout_reported = False
               ^^^^^^^^^^^^^^^^^^^^^^^^^^^^^^^
  File "C:\Python\Python314\Lib\site-packages\pyperformance\_benchmark.py", line 193, in run
    bench = _run_perf_script(
        python,
    ...<4 lines>...
        verbose=verbose,
    )
  File "C:\Python\Python314\Lib\site-packages\pyperformance\_benchmark.py", line 250, in _run_perf_script
    raise RuntimeError("Benchmark died")
RuntimeError: Benchmark died
ERROR: Benchmark sqlalchemy_imperative failed: Benchmark died
[82/97] sqlglot_v2...
...........
WARNING: the benchmark result may be unstable
* Not enough samples to get a stable result (95% certainly of less than 1% variation)

Try to rerun the benchmark with more runs, values and/or loops.
Run 'xlang3.exe -m pyperf system tune' command to reduce the system jitter.
Use pyperf stats, pyperf dump and pyperf hist to analyze results.
Use --quiet option to hide these warnings.

sqlglot_v2_normalize: Mean +- std dev: 1.78 sec +- 0.07 sec
[83/97] sqlglot_v2_optimize...
...........
WARNING: the benchmark result may be unstable
* Not enough samples to get a stable result (95% certainly of less than 1% variation)

Try to rerun the benchmark with more runs, values and/or loops.
Run 'xlang3.exe -m pyperf system tune' command to reduce the system jitter.
Use pyperf stats, pyperf dump and pyperf hist to analyze results.
Use --quiet option to hide these warnings.

sqlglot_v2_optimize: Mean +- std dev: 803 ms +- 35 ms
[84/97] sqlglot_v2_parse...
...........
WARNING: the benchmark result may be unstable
* Not enough samples to get a stable result (95% certainly of less than 1% variation)

Try to rerun the benchmark with more runs, values and/or loops.
Run 'xlang3.exe -m pyperf system tune' command to reduce the system jitter.
Use pyperf stats, pyperf dump and pyperf hist to analyze results.
Use --quiet option to hide these warnings.

sqlglot_v2_parse: Mean +- std dev: 22.9 ms +- 0.7 ms
[85/97] sqlglot_v2_transpile...
...........
WARNING: the benchmark result may be unstable
* Not enough samples to get a stable result (95% certainly of less than 1% variation)

Try to rerun the benchmark with more runs, values and/or loops.
Run 'xlang3.exe -m pyperf system tune' command to reduce the system jitter.
Use pyperf stats, pyperf dump and pyperf hist to analyze results.
Use --quiet option to hide these warnings.

sqlglot_v2_transpile: Mean +- std dev: 27.4 ms +- 1.2 ms
[86/97] sqlite_synth...
Traceback (most recent call last):
  File "C:\Python\Python314\Lib\site-packages\pyperformance\data-files\benchmarks\bm_sqlite_synth\run_benchmark.py", line 57, in <module>
    runner.bench_time_func('sqlite_synth', bench_sqlite)
    ~~~~~~~~~~~~~~~~~~~~~~^^^^^^^^^^^^^^^^^^^^^^^^^^^^^^
  File "D:\CantorAI\xlang3\venv\cpython3.14-a6792301b742-compat-31b33d68c68a\Lib\site-packages\pyperf\_runner.py", line 502, in bench_time_func
    result = self._main(task)
  File "D:\CantorAI\xlang3\venv\cpython3.14-a6792301b742-compat-31b33d68c68a\Lib\site-packages\pyperf\_runner.py", line 463, in _main
    bench = self._worker(task)
  File "D:\CantorAI\xlang3\venv\cpython3.14-a6792301b742-compat-31b33d68c68a\Lib\site-packages\pyperf\_runner.py", line 437, in _worker
    run = task.create_run()
  File "D:\CantorAI\xlang3\venv\cpython3.14-a6792301b742-compat-31b33d68c68a\Lib\site-packages\pyperf\_worker.py", line 300, in create_run
    self.compute()
    ~~~~~~~~~~~~^^
  File "D:\CantorAI\xlang3\venv\cpython3.14-a6792301b742-compat-31b33d68c68a\Lib\site-packages\pyperf\_worker.py", line 364, in compute
    WorkerTask.compute(self)
    ~~~~~~~~~~~~~~~~~~^^^^^^
  File "D:\CantorAI\xlang3\venv\cpython3.14-a6792301b742-compat-31b33d68c68a\Lib\site-packages\pyperf\_worker.py", line 287, in compute
    self.calibrate_loops()
    ~~~~~~~~~~~~~~~~~~~~^^
  File "D:\CantorAI\xlang3\venv\cpython3.14-a6792301b742-compat-31b33d68c68a\Lib\site-packages\pyperf\_worker.py", line 250, in calibrate_loops
    self._compute_values(self.warmups, nvalue,
    ~~~~~~~~~~~~~~~~~~~~^^^^^^^^^^^^^^^^^^^^^^
                         is_warmup=True,
                         ^^^^^^^^^^^^^^^
                         calibrate_loops=True)
                         ^^^^^^^^^^^^^^^^^^^^^
  File "D:\CantorAI\xlang3\venv\cpython3.14-a6792301b742-compat-31b33d68c68a\Lib\site-packages\pyperf\_worker.py", line 76, in _compute_values
    with contextlib.ExitStack() as stack:
    ^^^^^^^^^^^^^^^^^^^^^^^^^^^^^^^^^^^^^
    ...<4 lines>...
    raw_value = float(raw_value)
    
  File "D:\CantorAI\xlang3\venv\cpython3.14-a6792301b742-compat-31b33d68c68a\Lib\site-packages\pyperf\_worker.py", line 79, in _compute_values
    raw_value = task_func(self, self.loops)
  File "D:\CantorAI\xlang3\venv\cpython3.14-a6792301b742-compat-31b33d68c68a\Lib\site-packages\pyperf\_runner.py", line 497, in task_func
    return time_func(loops, *args)
  File "C:\Python\Python314\Lib\site-packages\pyperformance\data-files\benchmarks\bm_sqlite_synth\run_benchmark.py", line 44, in bench_sqlite
    conn.create_aggregate("avglength", 1, AvgLength)
    ~~~~~~~~~~~~~~~~~~~~~^^^^^^^^^^^^^^^^^^^^^^^^^^^
AttributeError: 'Connection' object has no attribute 'create_aggregate'
Traceback (most recent call last):
  File "C:\Python\Python314\Lib\site-packages\pyperformance\data-files\benchmarks\bm_sqlite_synth\run_benchmark.py", line 57, in <module>
    runner.bench_time_func('sqlite_synth', bench_sqlite)
    ~~~~~~~~~~~~~~~~~~~~~~^^^^^^^^^^^^^^^^^^^^^^^^^^^^^^
  File "D:\CantorAI\xlang3\venv\cpython3.14-a6792301b742-compat-31b33d68c68a\Lib\site-packages\pyperf\_runner.py", line 502, in bench_time_func
    result = self._main(task)
  File "D:\CantorAI\xlang3\venv\cpython3.14-a6792301b742-compat-31b33d68c68a\Lib\site-packages\pyperf\_runner.py", line 468, in _main
    bench = self._manager()
  File "D:\CantorAI\xlang3\venv\cpython3.14-a6792301b742-compat-31b33d68c68a\Lib\site-packages\pyperf\_runner.py", line 681, in _manager
    bench = Manager(self).create_bench()
  File "D:\CantorAI\xlang3\venv\cpython3.14-a6792301b742-compat-31b33d68c68a\Lib\site-packages\pyperf\_manager.py", line 243, in create_bench
    worker_bench, run = self.create_worker_bench()
                        ~~~~~~~~~~~~~~~~~~~~~~~~^^
  File "D:\CantorAI\xlang3\venv\cpython3.14-a6792301b742-compat-31b33d68c68a\Lib\site-packages\pyperf\_manager.py", line 142, in create_worker_bench
    suite = self.create_suite()
  File "D:\CantorAI\xlang3\venv\cpython3.14-a6792301b742-compat-31b33d68c68a\Lib\site-packages\pyperf\_manager.py", line 132, in create_suite
    suite = self.spawn_worker(self.calibrate_loops, 0)
  File "D:\CantorAI\xlang3\venv\cpython3.14-a6792301b742-compat-31b33d68c68a\Lib\site-packages\pyperf\_manager.py", line 118, in spawn_worker
    raise RuntimeError("%s failed with exit code %s"
                       % (cmd[0], exitcode))
RuntimeError: D:\CantorAI\xlang3\build-repro\main-verify-20261006\Release\xlang3.exe failed with exit code 1
Traceback (most recent call last):
  File "C:\Python\Python314\Lib\site-packages\pyperformance\run.py", line 171, in run_benchmarks
    result = bench.run(
        bench_venv.python,
    ...<3 lines>...
        verbose=options.verbose,
    )
  File "D:\CantorAI\xlang3\benchmarks\diagnostics\run_pyperformance_xlang3_shimmed.py", line 155, in run_named_benchmark
    current_benchmark_timeout_reported = False
               ^^^^^^^^^^^^^^^^^^^^^^^^^^^^^^^
  File "C:\Python\Python314\Lib\site-packages\pyperformance\_benchmark.py", line 193, in run
    bench = _run_perf_script(
        python,
    ...<4 lines>...
        verbose=verbose,
    )
  File "C:\Python\Python314\Lib\site-packages\pyperformance\_benchmark.py", line 250, in _run_perf_script
    raise RuntimeError("Benchmark died")
RuntimeError: Benchmark died
ERROR: Benchmark sqlite_synth failed: Benchmark died
[87/97] sympy...
Traceback (most recent call last):
  File "C:\Python\Python314\Lib\site-packages\pyperformance\data-files\benchmarks\bm_sympy\run_benchmark.py", line 3, in <module>
    from sympy import expand, symbols, integrate, tan, summation
  File "D:\CantorAI\xlang3\venv\cpython3.14-a6792301b742-compat-31b33d68c68a\Lib\site-packages\sympy\__init__.py", line 51, in <module>
    from .core import (sympify, SympifyError, cacheit, Basic, Atom,
    ...<11 lines>...
            Catalan, EulerGamma, GoldenRatio, TribonacciConstant)
  File "D:\CantorAI\xlang3\venv\cpython3.14-a6792301b742-compat-31b33d68c68a\Lib\site-packages\sympy\core\__init__.py", line 4, in <module>
    from .sympify import sympify, SympifyError
  File "D:\CantorAI\xlang3\venv\cpython3.14-a6792301b742-compat-31b33d68c68a\Lib\site-packages\sympy\core\sympify.py", line 620, in <module>
    from .basic import Basic
  File "D:\CantorAI\xlang3\venv\cpython3.14-a6792301b742-compat-31b33d68c68a\Lib\site-packages\sympy\core\basic.py", line 6, in <module>
    from .assumptions import BasicMeta, ManagedProperties
  File "D:\CantorAI\xlang3\venv\cpython3.14-a6792301b742-compat-31b33d68c68a\Lib\site-packages\sympy\core\assumptions.py", line 203, in <module>
    _assume_rules = FactRules([
    
    ...<54 lines>...
        'extended_nonzero == extended_real & !zero',
    ])
  File "D:\CantorAI\xlang3\venv\cpython3.14-a6792301b742-compat-31b33d68c68a\Lib\site-packages\sympy\core\facts.py", line 424, in __init__
    P.process_rule(a, b)
    ~~~~~~~~~~~~~~^^^^^^
  File "D:\CantorAI\xlang3\venv\cpython3.14-a6792301b742-compat-31b33d68c68a\Lib\site-packages\sympy\core\facts.py", line 321, in process_rule
    self._process_rule(a, b)
    ~~~~~~~~~~~~~~~~~~^^^^^^
  File "D:\CantorAI\xlang3\venv\cpython3.14-a6792301b742-compat-31b33d68c68a\Lib\site-packages\sympy\core\facts.py", line 348, in _process_rule
    self.process_rule(And(a, Not(barg)), Or(*brest))
    ~~~~~~~~~~~~~~~~~^^^^^^^^^^^^^^^^^^^^^^^^^^^^^^^
  File "D:\CantorAI\xlang3\venv\cpython3.14-a6792301b742-compat-31b33d68c68a\Lib\site-packages\sympy\core\facts.py", line 321, in process_rule
    self._process_rule(a, b)
    ~~~~~~~~~~~~~~~~~~^^^^^^
  File "D:\CantorAI\xlang3\venv\cpython3.14-a6792301b742-compat-31b33d68c68a\Lib\site-packages\sympy\core\facts.py", line 343, in _process_rule
    self.process_rule(And(*[Not(barg) for barg in b.args]), Not(a))
    ~~~~~~~~~~~~~~~~~^^^^^^^^^^^^^^^^^^^^^^^^^^^^^^^^^^^^^^^^^^^^^^
  File "D:\CantorAI\xlang3\venv\cpython3.14-a6792301b742-compat-31b33d68c68a\Lib\site-packages\sympy\core\facts.py", line 321, in process_rule
    self._process_rule(a, b)
    ~~~~~~~~~~~~~~~~~~^^^^^^
  File "D:\CantorAI\xlang3\venv\cpython3.14-a6792301b742-compat-31b33d68c68a\Lib\site-packages\sympy\core\facts.py", line 343, in _process_rule
    self.process_rule(And(*[Not(barg) for barg in b.args]), Not(a))
    ~~~~~~~~~~~~~~~~~^^^^^^^^^^^^^^^^^^^^^^^^^^^^^^^^^^^^^^^^^^^^^^
  File "D:\CantorAI\xlang3\venv\cpython3.14-a6792301b742-compat-31b33d68c68a\Lib\site-packages\sympy\core\facts.py", line 321, in process_rule
    self._process_rule(a, b)
    ~~~~~~~~~~~~~~~~~~^^^^^^
  File "D:\CantorAI\xlang3\venv\cpython3.14-a6792301b742-compat-31b33d68c68a\Lib\site-packages\sympy\core\facts.py", line 343, in _process_rule
    self.process_rule(And(*[Not(barg) for barg in b.args]), Not(a))
    ~~~~~~~~~~~~~~~~~^^^^^^^^^^^^^^^^^^^^^^^^^^^^^^^^^^^^^^^^^^^^^^
  File "D:\CantorAI\xlang3\venv\cpython3.14-a6792301b742-compat-31b33d68c68a\Lib\site-packages\sympy\core\facts.py", line 321, in process_rule
    self._process_rule(a, b)
    ~~~~~~~~~~~~~~~~~~^^^^^^
  File "D:\CantorAI\xlang3\venv\cpython3.14-a6792301b742-compat-31b33d68c68a\Lib\site-packages\sympy\core\facts.py", line 343, in _process_rule
    self.process_rule(And(*[Not(barg) for barg in b.args]), Not(a))
    ~~~~~~~~~~~~~~~~~^^^^^^^^^^^^^^^^^^^^^^^^^^^^^^^^^^^^^^^^^^^^^^
  File "D:\CantorAI\xlang3\venv\cpython3.14-a6792301b742-compat-31b33d68c68a\Lib\site-packages\sympy\core\facts.py", line 321, in process_rule
    self._process_rule(a, b)
    ~~~~~~~~~~~~~~~~~~^^^^^^
  File "D:\CantorAI\xlang3\venv\cpython3.14-a6792301b742-compat-31b33d68c68a\Lib\site-packages\sympy\core\facts.py", line 343, in _process_rule
    self.process_rule(And(*[Not(barg) for barg in b.args]), Not(a))
    ~~~~~~~~~~~~~~~~~^^^^^^^^^^^^^^^^^^^^^^^^^^^^^^^^^^^^^^^^^^^^^^
  File "D:\CantorAI\xlang3\venv\cpython3.14-a6792301b742-compat-31b33d68c68a\Lib\site-packages\sympy\core\facts.py", line 321, in process_rule
    self._process_rule(a, b)
    ~~~~~~~~~~~~~~~~~~^^^^^^
  File "D:\CantorAI\xlang3\venv\cpython3.14-a6792301b742-compat-31b33d68c68a\Lib\site-packages\sympy\core\facts.py", line 343, in _process_rule
    self.process_rule(And(*[Not(barg) for barg in b.args]), Not(a))
    ~~~~~~~~~~~~~~~~~^^^^^^^^^^^^^^^^^^^^^^^^^^^^^^^^^^^^^^^^^^^^^^
  File "D:\CantorAI\xlang3\venv\cpython3.14-a6792301b742-compat-31b33d68c68a\Lib\site-packages\sympy\core\facts.py", line 321, in process_rule
    self._process_rule(a, b)
    ~~~~~~~~~~~~~~~~~~^^^^^^
  File "D:\CantorAI\xlang3\venv\cpython3.14-a6792301b742-compat-31b33d68c68a\Lib\site-packages\sympy\core\facts.py", line 343, in _process_rule
    self.process_rule(And(*[Not(barg) for barg in b.args]), Not(a))
    ~~~~~~~~~~~~~~~~~^^^^^^^^^^^^^^^^^^^^^^^^^^^^^^^^^^^^^^^^^^^^^^
  File "D:\CantorAI\xlang3\venv\cpython3.14-a6792301b742-compat-31b33d68c68a\Lib\site-packages\sympy\core\facts.py", line 321, in process_rule
    self._process_rule(a, b)
    ~~~~~~~~~~~~~~~~~~^^^^^^
  File "D:\CantorAI\xlang3\venv\cpython3.14-a6792301b742-compat-31b33d68c68a\Lib\site-packages\sympy\core\facts.py", line 343, in _process_rule
    self.process_rule(And(*[Not(barg) for barg in b.args]), Not(a))
    ~~~~~~~~~~~~~~~~~^^^^^^^^^^^^^^^^^^^^^^^^^^^^^^^^^^^^^^^^^^^^^^
  File "D:\CantorAI\xlang3\venv\cpython3.14-a6792301b742-compat-31b33d68c68a\Lib\site-packages\sympy\core\facts.py", line 321, in process_rule
    self._process_rule(a, b)
    ~~~~~~~~~~~~~~~~~~^^^^^^
  File "D:\CantorAI\xlang3\venv\cpython3.14-a6792301b742-compat-31b33d68c68a\Lib\site-packages\sympy\core\facts.py", line 343, in _process_rule
    self.process_rule(And(*[Not(barg) for barg in b.args]), Not(a))
    ~~~~~~~~~~~~~~~~~^^^^^^^^^^^^^^^^^^^^^^^^^^^^^^^^^^^^^^^^^^^^^^
  File "D:\CantorAI\xlang3\venv\cpython3.14-a6792301b742-compat-31b33d68c68a\Lib\site-packages\sympy\core\facts.py", line 321, in process_rule
    self._process_rule(a, b)
    ~~~~~~~~~~~~~~~~~~^^^^^^
  File "D:\CantorAI\xlang3\venv\cpython3.14-a6792301b742-compat-31b33d68c68a\Lib\site-packages\sympy\core\facts.py", line 343, in _process_rule
    self.process_rule(And(*[Not(barg) for barg in b.args]), Not(a))
    ~~~~~~~~~~~~~~~~~^^^^^^^^^^^^^^^^^^^^^^^^^^^^^^^^^^^^^^^^^^^^^^
  File "D:\CantorAI\xlang3\venv\cpython3.14-a6792301b742-compat-31b33d68c68a\Lib\site-packages\sympy\core\facts.py", line 321, in process_rule
    self._process_rule(a, b)
    ~~~~~~~~~~~~~~~~~~^^^^^^
  File "D:\CantorAI\xlang3\venv\cpython3.14-a6792301b742-compat-31b33d68c68a\Lib\site-packages\sympy\core\facts.py", line 343, in _process_rule
    self.process_rule(And(*[Not(barg) for barg in b.args]), Not(a))
    ~~~~~~~~~~~~~~~~~^^^^^^^^^^^^^^^^^^^^^^^^^^^^^^^^^^^^^^^^^^^^^^
  File "D:\CantorAI\xlang3\venv\cpython3.14-a6792301b742-compat-31b33d68c68a\Lib\site-packages\sympy\core\facts.py", line 321, in process_rule
    self._process_rule(a, b)
    ~~~~~~~~~~~~~~~~~~^^^^^^
  File "D:\CantorAI\xlang3\venv\cpython3.14-a6792301b742-compat-31b33d68c68a\Lib\site-packages\sympy\core\facts.py", line 343, in _process_rule
    self.process_rule(And(*[Not(barg) for barg in b.args]), Not(a))
    ~~~~~~~~~~~~~~~~~^^^^^^^^^^^^^^^^^^^^^^^^^^^^^^^^^^^^^^^^^^^^^^
  File "D:\CantorAI\xlang3\venv\cpython3.14-a6792301b742-compat-31b33d68c68a\Lib\site-packages\sympy\core\facts.py", line 321, in process_rule
    self._process_rule(a, b)
    ~~~~~~~~~~~~~~~~~~^^^^^^
  File "D:\CantorAI\xlang3\venv\cpython3.14-a6792301b742-compat-31b33d68c68a\Lib\site-packages\sympy\core\facts.py", line 343, in _process_rule
    self.process_rule(And(*[Not(barg) for barg in b.args]), Not(a))
    ~~~~~~~~~~~~~~~~~^^^^^^^^^^^^^^^^^^^^^^^^^^^^^^^^^^^^^^^^^^^^^^
  File "D:\CantorAI\xlang3\venv\cpython3.14-a6792301b742-compat-31b33d68c68a\Lib\site-packages\sympy\core\facts.py", line 321, in process_rule
    self._process_rule(a, b)
    ~~~~~~~~~~~~~~~~~~^^^^^^
  File "D:\CantorAI\xlang3\venv\cpython3.14-a6792301b742-compat-31b33d68c68a\Lib\site-packages\sympy\core\facts.py", line 343, in _process_rule
    self.process_rule(And(*[Not(barg) for barg in b.args]), Not(a))
    ~~~~~~~~~~~~~~~~~^^^^^^^^^^^^^^^^^^^^^^^^^^^^^^^^^^^^^^^^^^^^^^
  File "D:\CantorAI\xlang3\venv\cpython3.14-a6792301b742-compat-31b33d68c68a\Lib\site-packages\sympy\core\facts.py", line 321, in process_rule
    self._process_rule(a, b)
    ~~~~~~~~~~~~~~~~~~^^^^^^
  File "D:\CantorAI\xlang3\venv\cpython3.14-a6792301b742-compat-31b33d68c68a\Lib\site-packages\sympy\core\facts.py", line 343, in _process_rule
    self.process_rule(And(*[Not(barg) for barg in b.args]), Not(a))
    ~~~~~~~~~~~~~~~~~^^^^^^^^^^^^^^^^^^^^^^^^^^^^^^^^^^^^^^^^^^^^^^
  File "D:\CantorAI\xlang3\venv\cpython3.14-a6792301b742-compat-31b33d68c68a\Lib\site-packages\sympy\core\facts.py", line 321, in process_rule
    self._process_rule(a, b)
    ~~~~~~~~~~~~~~~~~~^^^^^^
  File "D:\CantorAI\xlang3\venv\cpython3.14-a6792301b742-compat-31b33d68c68a\Lib\site-packages\sympy\core\facts.py", line 343, in _process_rule
    self.process_rule(And(*[Not(barg) for barg in b.args]), Not(a))
    ~~~~~~~~~~~~~~~~~^^^^^^^^^^^^^^^^^^^^^^^^^^^^^^^^^^^^^^^^^^^^^^
  File "D:\CantorAI\xlang3\venv\cpython3.14-a6792301b742-compat-31b33d68c68a\Lib\site-packages\sympy\core\facts.py", line 321, in process_rule
    self._process_rule(a, b)
    ~~~~~~~~~~~~~~~~~~^^^^^^
  File "D:\CantorAI\xlang3\venv\cpython3.14-a6792301b742-compat-31b33d68c68a\Lib\site-packages\sympy\core\facts.py", line 343, in _process_rule
    self.process_rule(And(*[Not(barg) for barg in b.args]), Not(a))
    ~~~~~~~~~~~~~~~~~^^^^^^^^^^^^^^^^^^^^^^^^^^^^^^^^^^^^^^^^^^^^^^
  File "D:\CantorAI\xlang3\venv\cpython3.14-a6792301b742-compat-31b33d68c68a\Lib\site-packages\sympy\core\facts.py", line 321, in process_rule
    self._process_rule(a, b)
    ~~~~~~~~~~~~~~~~~~^^^^^^
  File "D:\CantorAI\xlang3\venv\cpython3.14-a6792301b742-compat-31b33d68c68a\Lib\site-packages\sympy\core\facts.py", line 343, in _process_rule
    self.process_rule(And(*[Not(barg) for barg in b.args]), Not(a))
    ~~~~~~~~~~~~~~~~~^^^^^^^^^^^^^^^^^^^^^^^^^^^^^^^^^^^^^^^^^^^^^^
  File "D:\CantorAI\xlang3\venv\cpython3.14-a6792301b742-compat-31b33d68c68a\Lib\site-packages\sympy\core\facts.py", line 321, in process_rule
    self._process_rule(a, b)
    ~~~~~~~~~~~~~~~~~~^^^^^^
  File "D:\CantorAI\xlang3\venv\cpython3.14-a6792301b742-compat-31b33d68c68a\Lib\site-packages\sympy\core\facts.py", line 343, in _process_rule
    self.process_rule(And(*[Not(barg) for barg in b.args]), Not(a))
    ~~~~~~~~~~~~~~~~~^^^^^^^^^^^^^^^^^^^^^^^^^^^^^^^^^^^^^^^^^^^^^^
  File "D:\CantorAI\xlang3\venv\cpython3.14-a6792301b742-compat-31b33d68c68a\Lib\site-packages\sympy\core\facts.py", line 321, in process_rule
    self._process_rule(a, b)
    ~~~~~~~~~~~~~~~~~~^^^^^^
  File "D:\CantorAI\xlang3\venv\cpython3.14-a6792301b742-compat-31b33d68c68a\Lib\site-packages\sympy\core\facts.py", line 343, in _process_rule
    self.process_rule(And(*[Not(barg) for barg in b.args]), Not(a))
    ~~~~~~~~~~~~~~~~~^^^^^^^^^^^^^^^^^^^^^^^^^^^^^^^^^^^^^^^^^^^^^^
  File "D:\CantorAI\xlang3\venv\cpython3.14-a6792301b742-compat-31b33d68c68a\Lib\site-packages\sympy\core\facts.py", line 321, in process_rule
    self._process_rule(a, b)
    ~~~~~~~~~~~~~~~~~~^^^^^^
  File "D:\CantorAI\xlang3\venv\cpython3.14-a6792301b742-compat-31b33d68c68a\Lib\site-packages\sympy\core\facts.py", line 343, in _process_rule
    self.process_rule(And(*[Not(barg) for barg in b.args]), Not(a))
    ~~~~~~~~~~~~~~~~~^^^^^^^^^^^^^^^^^^^^^^^^^^^^^^^^^^^^^^^^^^^^^^
  File "D:\CantorAI\xlang3\venv\cpython3.14-a6792301b742-compat-31b33d68c68a\Lib\site-packages\sympy\core\facts.py", line 321, in process_rule
    self._process_rule(a, b)
    ~~~~~~~~~~~~~~~~~~^^^^^^
  File "D:\CantorAI\xlang3\venv\cpython3.14-a6792301b742-compat-31b33d68c68a\Lib\site-packages\sympy\core\facts.py", line 343, in _process_rule
    self.process_rule(And(*[Not(barg) for barg in b.args]), Not(a))
    ~~~~~~~~~~~~~~~~~^^^^^^^^^^^^^^^^^^^^^^^^^^^^^^^^^^^^^^^^^^^^^^
  File "D:\CantorAI\xlang3\venv\cpython3.14-a6792301b742-compat-31b33d68c68a\Lib\site-packages\sympy\core\facts.py", line 321, in process_rule
    self._process_rule(a, b)
    ~~~~~~~~~~~~~~~~~~^^^^^^
  File "D:\CantorAI\xlang3\venv\cpython3.14-a6792301b742-compat-31b33d68c68a\Lib\site-packages\sympy\core\facts.py", line 343, in _process_rule
    self.process_rule(And(*[Not(barg) for barg in b.args]), Not(a))
    ~~~~~~~~~~~~~~~~~^^^^^^^^^^^^^^^^^^^^^^^^^^^^^^^^^^^^^^^^^^^^^^
  File "D:\CantorAI\xlang3\venv\cpython3.14-a6792301b742-compat-31b33d68c68a\Lib\site-packages\sympy\core\facts.py", line 321, in process_rule
    self._process_rule(a, b)
    ~~~~~~~~~~~~~~~~~~^^^^^^
  File "D:\CantorAI\xlang3\venv\cpython3.14-a6792301b742-compat-31b33d68c68a\Lib\site-packages\sympy\core\facts.py", line 343, in _process_rule
    self.process_rule(And(*[Not(barg) for barg in b.args]), Not(a))
    ~~~~~~~~~~~~~~~~~^^^^^^^^^^^^^^^^^^^^^^^^^^^^^^^^^^^^^^^^^^^^^^
  File "D:\CantorAI\xlang3\venv\cpython3.14-a6792301b742-compat-31b33d68c68a\Lib\site-packages\sympy\core\facts.py", line 321, in process_rule
    self._process_rule(a, b)
    ~~~~~~~~~~~~~~~~~~^^^^^^
  File "D:\CantorAI\xlang3\venv\cpython3.14-a6792301b742-compat-31b33d68c68a\Lib\site-packages\sympy\core\facts.py", line 343, in _process_rule
    self.process_rule(And(*[Not(barg) for barg in b.args]), Not(a))
    ~~~~~~~~~~~~~~~~~^^^^^^^^^^^^^^^^^^^^^^^^^^^^^^^^^^^^^^^^^^^^^^
  File "D:\CantorAI\xlang3\venv\cpython3.14-a6792301b742-compat-31b33d68c68a\Lib\site-packages\sympy\core\facts.py", line 321, in process_rule
    self._process_rule(a, b)
    ~~~~~~~~~~~~~~~~~~^^^^^^
  File "D:\CantorAI\xlang3\venv\cpython3.14-a6792301b742-compat-31b33d68c68a\Lib\site-packages\sympy\core\facts.py", line 343, in _process_rule
    self.process_rule(And(*[Not(barg) for barg in b.args]), Not(a))
    ~~~~~~~~~~~~~~~~~^^^^^^^^^^^^^^^^^^^^^^^^^^^^^^^^^^^^^^^^^^^^^^
  File "D:\CantorAI\xlang3\venv\cpython3.14-a6792301b742-compat-31b33d68c68a\Lib\site-packages\sympy\core\facts.py", line 321, in process_rule
    self._process_rule(a, b)
    ~~~~~~~~~~~~~~~~~~^^^^^^
  File "D:\CantorAI\xlang3\venv\cpython3.14-a6792301b742-compat-31b33d68c68a\Lib\site-packages\sympy\core\facts.py", line 343, in _process_rule
    self.process_rule(And(*[Not(barg) for barg in b.args]), Not(a))
    ~~~~~~~~~~~~~~~~~^^^^^^^^^^^^^^^^^^^^^^^^^^^^^^^^^^^^^^^^^^^^^^
  File "D:\CantorAI\xlang3\venv\cpython3.14-a6792301b742-compat-31b33d68c68a\Lib\site-packages\sympy\core\facts.py", line 321, in process_rule
    self._process_rule(a, b)
    ~~~~~~~~~~~~~~~~~~^^^^^^
  File "D:\CantorAI\xlang3\venv\cpython3.14-a6792301b742-compat-31b33d68c68a\Lib\site-packages\sympy\core\facts.py", line 343, in _process_rule
    self.process_rule(And(*[Not(barg) for barg in b.args]), Not(a))
    ~~~~~~~~~~~~~~~~~^^^^^^^^^^^^^^^^^^^^^^^^^^^^^^^^^^^^^^^^^^^^^^
  File "D:\CantorAI\xlang3\venv\cpython3.14-a6792301b742-compat-31b33d68c68a\Lib\site-packages\sympy\core\facts.py", line 321, in process_rule
    self._process_rule(a, b)
    ~~~~~~~~~~~~~~~~~~^^^^^^
  File "D:\CantorAI\xlang3\venv\cpython3.14-a6792301b742-compat-31b33d68c68a\Lib\site-packages\sympy\core\facts.py", line 343, in _process_rule
    self.process_rule(And(*[Not(barg) for barg in b.args]), Not(a))
    ~~~~~~~~~~~~~~~~~^^^^^^^^^^^^^^^^^^^^^^^^^^^^^^^^^^^^^^^^^^^^^^
  File "D:\CantorAI\xlang3\venv\cpython3.14-a6792301b742-compat-31b33d68c68a\Lib\site-packages\sympy\core\facts.py", line 321, in process_rule
    self._process_rule(a, b)
    ~~~~~~~~~~~~~~~~~~^^^^^^
  File "D:\CantorAI\xlang3\venv\cpython3.14-a6792301b742-compat-31b33d68c68a\Lib\site-packages\sympy\core\facts.py", line 343, in _process_rule
    self.process_rule(And(*[Not(barg) for barg in b.args]), Not(a))
    ~~~~~~~~~~~~~~~~~^^^^^^^^^^^^^^^^^^^^^^^^^^^^^^^^^^^^^^^^^^^^^^
  File "D:\CantorAI\xlang3\venv\cpython3.14-a6792301b742-compat-31b33d68c68a\Lib\site-packages\sympy\core\facts.py", line 321, in process_rule
    self._process_rule(a, b)
    ~~~~~~~~~~~~~~~~~~^^^^^^
  File "D:\CantorAI\xlang3\venv\cpython3.14-a6792301b742-compat-31b33d68c68a\Lib\site-packages\sympy\core\facts.py", line 343, in _process_rule
    self.process_rule(And(*[Not(barg) for barg in b.args]), Not(a))
    ~~~~~~~~~~~~~~~~~^^^^^^^^^^^^^^^^^^^^^^^^^^^^^^^^^^^^^^^^^^^^^^
  File "D:\CantorAI\xlang3\venv\cpython3.14-a6792301b742-compat-31b33d68c68a\Lib\site-packages\sympy\core\facts.py", line 321, in process_rule
    self._process_rule(a, b)
    ~~~~~~~~~~~~~~~~~~^^^^^^
  File "D:\CantorAI\xlang3\venv\cpython3.14-a6792301b742-compat-31b33d68c68a\Lib\site-packages\sympy\core\facts.py", line 343, in _process_rule
    self.process_rule(And(*[Not(barg) for barg in b.args]), Not(a))
    ~~~~~~~~~~~~~~~~~^^^^^^^^^^^^^^^^^^^^^^^^^^^^^^^^^^^^^^^^^^^^^^
  File "D:\CantorAI\xlang3\venv\cpython3.14-a6792301b742-compat-31b33d68c68a\Lib\site-packages\sympy\core\facts.py", line 321, in process_rule
    self._process_rule(a, b)
    ~~~~~~~~~~~~~~~~~~^^^^^^
  File "D:\CantorAI\xlang3\venv\cpython3.14-a6792301b742-compat-31b33d68c68a\Lib\site-packages\sympy\core\facts.py", line 343, in _process_rule
    self.process_rule(And(*[Not(barg) for barg in b.args]), Not(a))
    ~~~~~~~~~~~~~~~~~^^^^^^^^^^^^^^^^^^^^^^^^^^^^^^^^^^^^^^^^^^^^^^
  File "D:\CantorAI\xlang3\venv\cpython3.14-a6792301b742-compat-31b33d68c68a\Lib\site-packages\sympy\core\facts.py", line 321, in process_rule
    self._process_rule(a, b)
    ~~~~~~~~~~~~~~~~~~^^^^^^
  File "D:\CantorAI\xlang3\venv\cpython3.14-a6792301b742-compat-31b33d68c68a\Lib\site-packages\sympy\core\facts.py", line 343, in _process_rule
    self.process_rule(And(*[Not(barg) for barg in b.args]), Not(a))
    ~~~~~~~~~~~~~~~~~^^^^^^^^^^^^^^^^^^^^^^^^^^^^^^^^^^^^^^^^^^^^^^
  File "D:\CantorAI\xlang3\venv\cpython3.14-a6792301b742-compat-31b33d68c68a\Lib\site-packages\sympy\core\facts.py", line 321, in process_rule
    self._process_rule(a, b)
    ~~~~~~~~~~~~~~~~~~^^^^^^
  File "D:\CantorAI\xlang3\venv\cpython3.14-a6792301b742-compat-31b33d68c68a\Lib\site-packages\sympy\core\facts.py", line 343, in _process_rule
    self.process_rule(And(*[Not(barg) for barg in b.args]), Not(a))
    ~~~~~~~~~~~~~~~~~^^^^^^^^^^^^^^^^^^^^^^^^^^^^^^^^^^^^^^^^^^^^^^
  File "D:\CantorAI\xlang3\venv\cpython3.14-a6792301b742-compat-31b33d68c68a\Lib\site-packages\sympy\core\facts.py", line 321, in process_rule
    self._process_rule(a, b)
    ~~~~~~~~~~~~~~~~~~^^^^^^
  File "D:\CantorAI\xlang3\venv\cpython3.14-a6792301b742-compat-31b33d68c68a\Lib\site-packages\sympy\core\facts.py", line 343, in _process_rule
    self.process_rule(And(*[Not(barg) for barg in b.args]), Not(a))
    ~~~~~~~~~~~~~~~~~^^^^^^^^^^^^^^^^^^^^^^^^^^^^^^^^^^^^^^^^^^^^^^
  File "D:\CantorAI\xlang3\venv\cpython3.14-a6792301b742-compat-31b33d68c68a\Lib\site-packages\sympy\core\facts.py", line 321, in process_rule
    self._process_rule(a, b)
    ~~~~~~~~~~~~~~~~~~^^^^^^
  File "D:\CantorAI\xlang3\venv\cpython3.14-a6792301b742-compat-31b33d68c68a\Lib\site-packages\sympy\core\facts.py", line 343, in _process_rule
    self.process_rule(And(*[Not(barg) for barg in b.args]), Not(a))
    ~~~~~~~~~~~~~~~~~^^^^^^^^^^^^^^^^^^^^^^^^^^^^^^^^^^^^^^^^^^^^^^
  File "D:\CantorAI\xlang3\venv\cpython3.14-a6792301b742-compat-31b33d68c68a\Lib\site-packages\sympy\core\facts.py", line 321, in process_rule
    self._process_rule(a, b)
    ~~~~~~~~~~~~~~~~~~^^^^^^
  File "D:\CantorAI\xlang3\venv\cpython3.14-a6792301b742-compat-31b33d68c68a\Lib\site-packages\sympy\core\facts.py", line 343, in _process_rule
    self.process_rule(And(*[Not(barg) for barg in b.args]), Not(a))
    ~~~~~~~~~~~~~~~~~^^^^^^^^^^^^^^^^^^^^^^^^^^^^^^^^^^^^^^^^^^^^^^
  File "D:\CantorAI\xlang3\venv\cpython3.14-a6792301b742-compat-31b33d68c68a\Lib\site-packages\sympy\core\facts.py", line 321, in process_rule
    self._process_rule(a, b)
    ~~~~~~~~~~~~~~~~~~^^^^^^
  File "D:\CantorAI\xlang3\venv\cpython3.14-a6792301b742-compat-31b33d68c68a\Lib\site-packages\sympy\core\facts.py", line 343, in _process_rule
    self.process_rule(And(*[Not(barg) for barg in b.args]), Not(a))
    ~~~~~~~~~~~~~~~~~^^^^^^^^^^^^^^^^^^^^^^^^^^^^^^^^^^^^^^^^^^^^^^
  File "D:\CantorAI\xlang3\venv\cpython3.14-a6792301b742-compat-31b33d68c68a\Lib\site-packages\sympy\core\facts.py", line 321, in process_rule
    self._process_rule(a, b)
    ~~~~~~~~~~~~~~~~~~^^^^^^
  File "D:\CantorAI\xlang3\venv\cpython3.14-a6792301b742-compat-31b33d68c68a\Lib\site-packages\sympy\core\facts.py", line 343, in _process_rule
    self.process_rule(And(*[Not(barg) for barg in b.args]), Not(a))
    ~~~~~~~~~~~~~~~~~^^^^^^^^^^^^^^^^^^^^^^^^^^^^^^^^^^^^^^^^^^^^^^
  File "D:\CantorAI\xlang3\venv\cpython3.14-a6792301b742-compat-31b33d68c68a\Lib\site-packages\sympy\core\facts.py", line 321, in process_rule
    self._process_rule(a, b)
    ~~~~~~~~~~~~~~~~~~^^^^^^
  File "D:\CantorAI\xlang3\venv\cpython3.14-a6792301b742-compat-31b33d68c68a\Lib\site-packages\sympy\core\facts.py", line 343, in _process_rule
    self.process_rule(And(*[Not(barg) for barg in b.args]), Not(a))
    ~~~~~~~~~~~~~~~~~^^^^^^^^^^^^^^^^^^^^^^^^^^^^^^^^^^^^^^^^^^^^^^
  File "D:\CantorAI\xlang3\venv\cpython3.14-a6792301b742-compat-31b33d68c68a\Lib\site-packages\sympy\core\facts.py", line 321, in process_rule
    self._process_rule(a, b)
    ~~~~~~~~~~~~~~~~~~^^^^^^
  File "D:\CantorAI\xlang3\venv\cpython3.14-a6792301b742-compat-31b33d68c68a\Lib\site-packages\sympy\core\facts.py", line 343, in _process_rule
    self.process_rule(And(*[Not(barg) for barg in b.args]), Not(a))
    ~~~~~~~~~~~~~~~~~^^^^^^^^^^^^^^^^^^^^^^^^^^^^^^^^^^^^^^^^^^^^^^
  File "D:\CantorAI\xlang3\venv\cpython3.14-a6792301b742-compat-31b33d68c68a\Lib\site-packages\sympy\core\facts.py", line 321, in process_rule
    self._process_rule(a, b)
    ~~~~~~~~~~~~~~~~~~^^^^^^
  File "D:\CantorAI\xlang3\venv\cpython3.14-a6792301b742-compat-31b33d68c68a\Lib\site-packages\sympy\core\facts.py", line 343, in _process_rule
    self.process_rule(And(*[Not(barg) for barg in b.args]), Not(a))
    ~~~~~~~~~~~~~~~~~^^^^^^^^^^^^^^^^^^^^^^^^^^^^^^^^^^^^^^^^^^^^^^
  File "D:\CantorAI\xlang3\venv\cpython3.14-a6792301b742-compat-31b33d68c68a\Lib\site-packages\sympy\core\facts.py", line 321, in process_rule
    self._process_rule(a, b)
    ~~~~~~~~~~~~~~~~~~^^^^^^
  File "D:\CantorAI\xlang3\venv\cpython3.14-a6792301b742-compat-31b33d68c68a\Lib\site-packages\sympy\core\facts.py", line 343, in _process_rule
    self.process_rule(And(*[Not(barg) for barg in b.args]), Not(a))
    ~~~~~~~~~~~~~~~~~^^^^^^^^^^^^^^^^^^^^^^^^^^^^^^^^^^^^^^^^^^^^^^
  File "D:\CantorAI\xlang3\venv\cpython3.14-a6792301b742-compat-31b33d68c68a\Lib\site-packages\sympy\core\facts.py", line 321, in process_rule
    self._process_rule(a, b)
    ~~~~~~~~~~~~~~~~~~^^^^^^
  File "D:\CantorAI\xlang3\venv\cpython3.14-a6792301b742-compat-31b33d68c68a\Lib\site-packages\sympy\core\facts.py", line 343, in _process_rule
    self.process_rule(And(*[Not(barg) for barg in b.args]), Not(a))
    ~~~~~~~~~~~~~~~~~^^^^^^^^^^^^^^^^^^^^^^^^^^^^^^^^^^^^^^^^^^^^^^
  File "D:\CantorAI\xlang3\venv\cpython3.14-a6792301b742-compat-31b33d68c68a\Lib\site-packages\sympy\core\facts.py", line 321, in process_rule
    self._process_rule(a, b)
    ~~~~~~~~~~~~~~~~~~^^^^^^
  File "D:\CantorAI\xlang3\venv\cpython3.14-a6792301b742-compat-31b33d68c68a\Lib\site-packages\sympy\core\facts.py", line 343, in _process_rule
    self.process_rule(And(*[Not(barg) for barg in b.args]), Not(a))
    ~~~~~~~~~~~~~~~~~^^^^^^^^^^^^^^^^^^^^^^^^^^^^^^^^^^^^^^^^^^^^^^
  File "D:\CantorAI\xlang3\venv\cpython3.14-a6792301b742-compat-31b33d68c68a\Lib\site-packages\sympy\core\facts.py", line 321, in process_rule
    self._process_rule(a, b)
    ~~~~~~~~~~~~~~~~~~^^^^^^
  File "D:\CantorAI\xlang3\venv\cpython3.14-a6792301b742-compat-31b33d68c68a\Lib\site-packages\sympy\core\facts.py", line 343, in _process_rule
    self.process_rule(And(*[Not(barg) for barg in b.args]), Not(a))
    ~~~~~~~~~~~~~~~~~^^^^^^^^^^^^^^^^^^^^^^^^^^^^^^^^^^^^^^^^^^^^^^
  File "D:\CantorAI\xlang3\venv\cpython3.14-a6792301b742-compat-31b33d68c68a\Lib\site-packages\sympy\core\facts.py", line 321, in process_rule
    self._process_rule(a, b)
    ~~~~~~~~~~~~~~~~~~^^^^^^
  File "D:\CantorAI\xlang3\venv\cpython3.14-a6792301b742-compat-31b33d68c68a\Lib\site-packages\sympy\core\facts.py", line 343, in _process_rule
    self.process_rule(And(*[Not(barg) for barg in b.args]), Not(a))
    ~~~~~~~~~~~~~~~~~^^^^^^^^^^^^^^^^^^^^^^^^^^^^^^^^^^^^^^^^^^^^^^
  File "D:\CantorAI\xlang3\venv\cpython3.14-a6792301b742-compat-31b33d68c68a\Lib\site-packages\sympy\core\facts.py", line 321, in process_rule
    self._process_rule(a, b)
    ~~~~~~~~~~~~~~~~~~^^^^^^
  File "D:\CantorAI\xlang3\venv\cpython3.14-a6792301b742-compat-31b33d68c68a\Lib\site-packages\sympy\core\facts.py", line 343, in _process_rule
    self.process_rule(And(*[Not(barg) for barg in b.args]), Not(a))
    ~~~~~~~~~~~~~~~~~^^^^^^^^^^^^^^^^^^^^^^^^^^^^^^^^^^^^^^^^^^^^^^
  File "D:\CantorAI\xlang3\venv\cpython3.14-a6792301b742-compat-31b33d68c68a\Lib\site-packages\sympy\core\facts.py", line 321, in process_rule
    self._process_rule(a, b)
    ~~~~~~~~~~~~~~~~~~^^^^^^
  File "D:\CantorAI\xlang3\venv\cpython3.14-a6792301b742-compat-31b33d68c68a\Lib\site-packages\sympy\core\facts.py", line 343, in _process_rule
    self.process_rule(And(*[Not(barg) for barg in b.args]), Not(a))
    ~~~~~~~~~~~~~~~~~^^^^^^^^^^^^^^^^^^^^^^^^^^^^^^^^^^^^^^^^^^^^^^
  File "D:\CantorAI\xlang3\venv\cpython3.14-a6792301b742-compat-31b33d68c68a\Lib\site-packages\sympy\core\facts.py", line 321, in process_rule
    self._process_rule(a, b)
    ~~~~~~~~~~~~~~~~~~^^^^^^
  File "D:\CantorAI\xlang3\venv\cpython3.14-a6792301b742-compat-31b33d68c68a\Lib\site-packages\sympy\core\facts.py", line 343, in _process_rule
    self.process_rule(And(*[Not(barg) for barg in b.args]), Not(a))
    ~~~~~~~~~~~~~~~~~^^^^^^^^^^^^^^^^^^^^^^^^^^^^^^^^^^^^^^^^^^^^^^
  File "D:\CantorAI\xlang3\venv\cpython3.14-a6792301b742-compat-31b33d68c68a\Lib\site-packages\sympy\core\facts.py", line 321, in process_rule
    self._process_rule(a, b)
    ~~~~~~~~~~~~~~~~~~^^^^^^
  File "D:\CantorAI\xlang3\venv\cpython3.14-a6792301b742-compat-31b33d68c68a\Lib\site-packages\sympy\core\facts.py", line 343, in _process_rule
    self.process_rule(And(*[Not(barg) for barg in b.args]), Not(a))
    ~~~~~~~~~~~~~~~~~^^^^^^^^^^^^^^^^^^^^^^^^^^^^^^^^^^^^^^^^^^^^^^
  File "D:\CantorAI\xlang3\venv\cpython3.14-a6792301b742-compat-31b33d68c68a\Lib\site-packages\sympy\core\facts.py", line 321, in process_rule
    self._process_rule(a, b)
    ~~~~~~~~~~~~~~~~~~^^^^^^
  File "D:\CantorAI\xlang3\venv\cpython3.14-a6792301b742-compat-31b33d68c68a\Lib\site-packages\sympy\core\facts.py", line 343, in _process_rule
    self.process_rule(And(*[Not(barg) for barg in b.args]), Not(a))
    ~~~~~~~~~~~~~~~~~^^^^^^^^^^^^^^^^^^^^^^^^^^^^^^^^^^^^^^^^^^^^^^
  File "D:\CantorAI\xlang3\venv\cpython3.14-a6792301b742-compat-31b33d68c68a\Lib\site-packages\sympy\core\facts.py", line 321, in process_rule
    self._process_rule(a, b)
    ~~~~~~~~~~~~~~~~~~^^^^^^
  File "D:\CantorAI\xlang3\venv\cpython3.14-a6792301b742-compat-31b33d68c68a\Lib\site-packages\sympy\core\facts.py", line 343, in _process_rule
    self.process_rule(And(*[Not(barg) for barg in b.args]), Not(a))
    ~~~~~~~~~~~~~~~~~^^^^^^^^^^^^^^^^^^^^^^^^^^^^^^^^^^^^^^^^^^^^^^
  File "D:\CantorAI\xlang3\venv\cpython3.14-a6792301b742-compat-31b33d68c68a\Lib\site-packages\sympy\core\facts.py", line 321, in process_rule
    self._process_rule(a, b)
    ~~~~~~~~~~~~~~~~~~^^^^^^
  File "D:\CantorAI\xlang3\venv\cpython3.14-a6792301b742-compat-31b33d68c68a\Lib\site-packages\sympy\core\facts.py", line 343, in _process_rule
    self.process_rule(And(*[Not(barg) for barg in b.args]), Not(a))
    ~~~~~~~~~~~~~~~~~^^^^^^^^^^^^^^^^^^^^^^^^^^^^^^^^^^^^^^^^^^^^^^
  File "D:\CantorAI\xlang3\venv\cpython3.14-a6792301b742-compat-31b33d68c68a\Lib\site-packages\sympy\core\facts.py", line 321, in process_rule
    self._process_rule(a, b)
    ~~~~~~~~~~~~~~~~~~^^^^^^
  File "D:\CantorAI\xlang3\venv\cpython3.14-a6792301b742-compat-31b33d68c68a\Lib\site-packages\sympy\core\facts.py", line 343, in _process_rule
    self.process_rule(And(*[Not(barg) for barg in b.args]), Not(a))
    ~~~~~~~~~~~~~~~~~^^^^^^^^^^^^^^^^^^^^^^^^^^^^^^^^^^^^^^^^^^^^^^
  File "D:\CantorAI\xlang3\venv\cpython3.14-a6792301b742-compat-31b33d68c68a\Lib\site-packages\sympy\core\facts.py", line 321, in process_rule
    self._process_rule(a, b)
    ~~~~~~~~~~~~~~~~~~^^^^^^
  File "D:\CantorAI\xlang3\venv\cpython3.14-a6792301b742-compat-31b33d68c68a\Lib\site-packages\sympy\core\facts.py", line 343, in _process_rule
    self.process_rule(And(*[Not(barg) for barg in b.args]), Not(a))
    ~~~~~~~~~~~~~~~~~^^^^^^^^^^^^^^^^^^^^^^^^^^^^^^^^^^^^^^^^^^^^^^
  File "D:\CantorAI\xlang3\venv\cpython3.14-a6792301b742-compat-31b33d68c68a\Lib\site-packages\sympy\core\facts.py", line 321, in process_rule
    self._process_rule(a, b)
    ~~~~~~~~~~~~~~~~~~^^^^^^
  File "D:\CantorAI\xlang3\venv\cpython3.14-a6792301b742-compat-31b33d68c68a\Lib\site-packages\sympy\core\facts.py", line 343, in _process_rule
    self.process_rule(And(*[Not(barg) for barg in b.args]), Not(a))
    ~~~~~~~~~~~~~~~~~^^^^^^^^^^^^^^^^^^^^^^^^^^^^^^^^^^^^^^^^^^^^^^
  File "D:\CantorAI\xlang3\venv\cpython3.14-a6792301b742-compat-31b33d68c68a\Lib\site-packages\sympy\core\facts.py", line 321, in process_rule
    self._process_rule(a, b)
    ~~~~~~~~~~~~~~~~~~^^^^^^
  File "D:\CantorAI\xlang3\venv\cpython3.14-a6792301b742-compat-31b33d68c68a\Lib\site-packages\sympy\core\facts.py", line 343, in _process_rule
    self.process_rule(And(*[Not(barg) for barg in b.args]), Not(a))
    ~~~~~~~~~~~~~~~~~^^^^^^^^^^^^^^^^^^^^^^^^^^^^^^^^^^^^^^^^^^^^^^
  File "D:\CantorAI\xlang3\venv\cpython3.14-a6792301b742-compat-31b33d68c68a\Lib\site-packages\sympy\core\facts.py", line 321, in process_rule
    self._process_rule(a, b)
    ~~~~~~~~~~~~~~~~~~^^^^^^
  File "D:\CantorAI\xlang3\venv\cpython3.14-a6792301b742-compat-31b33d68c68a\Lib\site-packages\sympy\core\facts.py", line 343, in _process_rule
    self.process_rule(And(*[Not(barg) for barg in b.args]), Not(a))
    ~~~~~~~~~~~~~~~~~^^^^^^^^^^^^^^^^^^^^^^^^^^^^^^^^^^^^^^^^^^^^^^
  File "D:\CantorAI\xlang3\venv\cpython3.14-a6792301b742-compat-31b33d68c68a\Lib\site-packages\sympy\core\facts.py", line 321, in process_rule
    self._process_rule(a, b)
    ~~~~~~~~~~~~~~~~~~^^^^^^
  File "D:\CantorAI\xlang3\venv\cpython3.14-a6792301b742-compat-31b33d68c68a\Lib\site-packages\sympy\core\facts.py", line 343, in _process_rule
    self.process_rule(And(*[Not(barg) for barg in b.args]), Not(a))
    ~~~~~~~~~~~~~~~~~^^^^^^^^^^^^^^^^^^^^^^^^^^^^^^^^^^^^^^^^^^^^^^
  File "D:\CantorAI\xlang3\venv\cpython3.14-a6792301b742-compat-31b33d68c68a\Lib\site-packages\sympy\core\facts.py", line 321, in process_rule
    self._process_rule(a, b)
    ~~~~~~~~~~~~~~~~~~^^^^^^
  File "D:\CantorAI\xlang3\venv\cpython3.14-a6792301b742-compat-31b33d68c68a\Lib\site-packages\sympy\core\facts.py", line 343, in _process_rule
    self.process_rule(And(*[Not(barg) for barg in b.args]), Not(a))
    ~~~~~~~~~~~~~~~~~^^^^^^^^^^^^^^^^^^^^^^^^^^^^^^^^^^^^^^^^^^^^^^
  File "D:\CantorAI\xlang3\venv\cpython3.14-a6792301b742-compat-31b33d68c68a\Lib\site-packages\sympy\core\facts.py", line 321, in process_rule
    self._process_rule(a, b)
    ~~~~~~~~~~~~~~~~~~^^^^^^
  File "D:\CantorAI\xlang3\venv\cpython3.14-a6792301b742-compat-31b33d68c68a\Lib\site-packages\sympy\core\facts.py", line 343, in _process_rule
    self.process_rule(And(*[Not(barg) for barg in b.args]), Not(a))
    ~~~~~~~~~~~~~~~~~^^^^^^^^^^^^^^^^^^^^^^^^^^^^^^^^^^^^^^^^^^^^^^
  File "D:\CantorAI\xlang3\venv\cpython3.14-a6792301b742-compat-31b33d68c68a\Lib\site-packages\sympy\core\facts.py", line 321, in process_rule
    self._process_rule(a, b)
    ~~~~~~~~~~~~~~~~~~^^^^^^
  File "D:\CantorAI\xlang3\venv\cpython3.14-a6792301b742-compat-31b33d68c68a\Lib\site-packages\sympy\core\facts.py", line 343, in _process_rule
    self.process_rule(And(*[Not(barg) for barg in b.args]), Not(a))
    ~~~~~~~~~~~~~~~~~^^^^^^^^^^^^^^^^^^^^^^^^^^^^^^^^^^^^^^^^^^^^^^
  File "D:\CantorAI\xlang3\venv\cpython3.14-a6792301b742-compat-31b33d68c68a\Lib\site-packages\sympy\core\facts.py", line 321, in process_rule
    self._process_rule(a, b)
    ~~~~~~~~~~~~~~~~~~^^^^^^
  File "D:\CantorAI\xlang3\venv\cpython3.14-a6792301b742-compat-31b33d68c68a\Lib\site-packages\sympy\core\facts.py", line 343, in _process_rule
    self.process_rule(And(*[Not(barg) for barg in b.args]), Not(a))
    ~~~~~~~~~~~~~~~~~^^^^^^^^^^^^^^^^^^^^^^^^^^^^^^^^^^^^^^^^^^^^^^
  File "D:\CantorAI\xlang3\venv\cpython3.14-a6792301b742-compat-31b33d68c68a\Lib\site-packages\sympy\core\facts.py", line 321, in process_rule
    self._process_rule(a, b)
    ~~~~~~~~~~~~~~~~~~^^^^^^
  File "D:\CantorAI\xlang3\venv\cpython3.14-a6792301b742-compat-31b33d68c68a\Lib\site-packages\sympy\core\facts.py", line 343, in _process_rule
    self.process_rule(And(*[Not(barg) for barg in b.args]), Not(a))
    ~~~~~~~~~~~~~~~~~^^^^^^^^^^^^^^^^^^^^^^^^^^^^^^^^^^^^^^^^^^^^^^
  File "D:\CantorAI\xlang3\venv\cpython3.14-a6792301b742-compat-31b33d68c68a\Lib\site-packages\sympy\core\facts.py", line 321, in process_rule
    self._process_rule(a, b)
    ~~~~~~~~~~~~~~~~~~^^^^^^
  File "D:\CantorAI\xlang3\venv\cpython3.14-a6792301b742-compat-31b33d68c68a\Lib\site-packages\sympy\core\facts.py", line 343, in _process_rule
    self.process_rule(And(*[Not(barg) for barg in b.args]), Not(a))
    ~~~~~~~~~~~~~~~~~^^^^^^^^^^^^^^^^^^^^^^^^^^^^^^^^^^^^^^^^^^^^^^
  File "D:\CantorAI\xlang3\venv\cpython3.14-a6792301b742-compat-31b33d68c68a\Lib\site-packages\sympy\core\facts.py", line 321, in process_rule
    self._process_rule(a, b)
    ~~~~~~~~~~~~~~~~~~^^^^^^
  File "D:\CantorAI\xlang3\venv\cpython3.14-a6792301b742-compat-31b33d68c68a\Lib\site-packages\sympy\core\facts.py", line 343, in _process_rule
    self.process_rule(And(*[Not(barg) for barg in b.args]), Not(a))
    ~~~~~~~~~~~~~~~~~^^^^^^^^^^^^^^^^^^^^^^^^^^^^^^^^^^^^^^^^^^^^^^
  File "D:\CantorAI\xlang3\venv\cpython3.14-a6792301b742-compat-31b33d68c68a\Lib\site-packages\sympy\core\facts.py", line 321, in process_rule
    self._process_rule(a, b)
    ~~~~~~~~~~~~~~~~~~^^^^^^
  File "D:\CantorAI\xlang3\venv\cpython3.14-a6792301b742-compat-31b33d68c68a\Lib\site-packages\sympy\core\facts.py", line 343, in _process_rule
    self.process_rule(And(*[Not(barg) for barg in b.args]), Not(a))
    ~~~~~~~~~~~~~~~~~^^^^^^^^^^^^^^^^^^^^^^^^^^^^^^^^^^^^^^^^^^^^^^
  File "D:\CantorAI\xlang3\venv\cpython3.14-a6792301b742-compat-31b33d68c68a\Lib\site-packages\sympy\core\facts.py", line 321, in process_rule
    self._process_rule(a, b)
    ~~~~~~~~~~~~~~~~~~^^^^^^
  File "D:\CantorAI\xlang3\venv\cpython3.14-a6792301b742-compat-31b33d68c68a\Lib\site-packages\sympy\core\facts.py", line 343, in _process_rule
    self.process_rule(And(*[Not(barg) for barg in b.args]), Not(a))
    ~~~~~~~~~~~~~~~~~^^^^^^^^^^^^^^^^^^^^^^^^^^^^^^^^^^^^^^^^^^^^^^
  File "D:\CantorAI\xlang3\venv\cpython3.14-a6792301b742-compat-31b33d68c68a\Lib\site-packages\sympy\core\facts.py", line 321, in process_rule
    self._process_rule(a, b)
    ~~~~~~~~~~~~~~~~~~^^^^^^
  File "D:\CantorAI\xlang3\venv\cpython3.14-a6792301b742-compat-31b33d68c68a\Lib\site-packages\sympy\core\facts.py", line 343, in _process_rule
    self.process_rule(And(*[Not(barg) for barg in b.args]), Not(a))
    ~~~~~~~~~~~~~~~~~^^^^^^^^^^^^^^^^^^^^^^^^^^^^^^^^^^^^^^^^^^^^^^
  File "D:\CantorAI\xlang3\venv\cpython3.14-a6792301b742-compat-31b33d68c68a\Lib\site-packages\sympy\core\facts.py", line 321, in process_rule
    self._process_rule(a, b)
    ~~~~~~~~~~~~~~~~~~^^^^^^
  File "D:\CantorAI\xlang3\venv\cpython3.14-a6792301b742-compat-31b33d68c68a\Lib\site-packages\sympy\core\facts.py", line 343, in _process_rule
    self.process_rule(And(*[Not(barg) for barg in b.args]), Not(a))
    ~~~~~~~~~~~~~~~~~^^^^^^^^^^^^^^^^^^^^^^^^^^^^^^^^^^^^^^^^^^^^^^
  File "D:\CantorAI\xlang3\venv\cpython3.14-a6792301b742-compat-31b33d68c68a\Lib\site-packages\sympy\core\facts.py", line 321, in process_rule
    self._process_rule(a, b)
    ~~~~~~~~~~~~~~~~~~^^^^^^
  File "D:\CantorAI\xlang3\venv\cpython3.14-a6792301b742-compat-31b33d68c68a\Lib\site-packages\sympy\core\facts.py", line 343, in _process_rule
    self.process_rule(And(*[Not(barg) for barg in b.args]), Not(a))
    ~~~~~~~~~~~~~~~~~^^^^^^^^^^^^^^^^^^^^^^^^^^^^^^^^^^^^^^^^^^^^^^
  File "D:\CantorAI\xlang3\venv\cpython3.14-a6792301b742-compat-31b33d68c68a\Lib\site-packages\sympy\core\facts.py", line 321, in process_rule
    self._process_rule(a, b)
    ~~~~~~~~~~~~~~~~~~^^^^^^
  File "D:\CantorAI\xlang3\venv\cpython3.14-a6792301b742-compat-31b33d68c68a\Lib\site-packages\sympy\core\facts.py", line 343, in _process_rule
    self.process_rule(And(*[Not(barg) for barg in b.args]), Not(a))
    ~~~~~~~~~~~~~~~~~^^^^^^^^^^^^^^^^^^^^^^^^^^^^^^^^^^^^^^^^^^^^^^
  File "D:\CantorAI\xlang3\venv\cpython3.14-a6792301b742-compat-31b33d68c68a\Lib\site-packages\sympy\core\facts.py", line 321, in process_rule
    self._process_rule(a, b)
    ~~~~~~~~~~~~~~~~~~^^^^^^
  File "D:\CantorAI\xlang3\venv\cpython3.14-a6792301b742-compat-31b33d68c68a\Lib\site-packages\sympy\core\facts.py", line 343, in _process_rule
    self.process_rule(And(*[Not(barg) for barg in b.args]), Not(a))
    ~~~~~~~~~~~~~~~~~^^^^^^^^^^^^^^^^^^^^^^^^^^^^^^^^^^^^^^^^^^^^^^
  File "D:\CantorAI\xlang3\venv\cpython3.14-a6792301b742-compat-31b33d68c68a\Lib\site-packages\sympy\core\facts.py", line 321, in process_rule
    self._process_rule(a, b)
    ~~~~~~~~~~~~~~~~~~^^^^^^
  File "D:\CantorAI\xlang3\venv\cpython3.14-a6792301b742-compat-31b33d68c68a\Lib\site-packages\sympy\core\facts.py", line 343, in _process_rule
    self.process_rule(And(*[Not(barg) for barg in b.args]), Not(a))
    ~~~~~~~~~~~~~~~~~^^^^^^^^^^^^^^^^^^^^^^^^^^^^^^^^^^^^^^^^^^^^^^
  File "D:\CantorAI\xlang3\venv\cpython3.14-a6792301b742-compat-31b33d68c68a\Lib\site-packages\sympy\core\facts.py", line 321, in process_rule
    self._process_rule(a, b)
    ~~~~~~~~~~~~~~~~~~^^^^^^
  File "D:\CantorAI\xlang3\venv\cpython3.14-a6792301b742-compat-31b33d68c68a\Lib\site-packages\sympy\core\facts.py", line 343, in _process_rule
    self.process_rule(And(*[Not(barg) for barg in b.args]), Not(a))
    ~~~~~~~~~~~~~~~~~^^^^^^^^^^^^^^^^^^^^^^^^^^^^^^^^^^^^^^^^^^^^^^
  File "D:\CantorAI\xlang3\venv\cpython3.14-a6792301b742-compat-31b33d68c68a\Lib\site-packages\sympy\core\facts.py", line 321, in process_rule
    self._process_rule(a, b)
    ~~~~~~~~~~~~~~~~~~^^^^^^
  File "D:\CantorAI\xlang3\venv\cpython3.14-a6792301b742-compat-31b33d68c68a\Lib\site-packages\sympy\core\facts.py", line 343, in _process_rule
    self.process_rule(And(*[Not(barg) for barg in b.args]), Not(a))
    ~~~~~~~~~~~~~~~~~^^^^^^^^^^^^^^^^^^^^^^^^^^^^^^^^^^^^^^^^^^^^^^
  File "D:\CantorAI\xlang3\venv\cpython3.14-a6792301b742-compat-31b33d68c68a\Lib\site-packages\sympy\core\facts.py", line 321, in process_rule
    self._process_rule(a, b)
    ~~~~~~~~~~~~~~~~~~^^^^^^
  File "D:\CantorAI\xlang3\venv\cpython3.14-a6792301b742-compat-31b33d68c68a\Lib\site-packages\sympy\core\facts.py", line 343, in _process_rule
    self.process_rule(And(*[Not(barg) for barg in b.args]), Not(a))
    ~~~~~~~~~~~~~~~~~^^^^^^^^^^^^^^^^^^^^^^^^^^^^^^^^^^^^^^^^^^^^^^
  File "D:\CantorAI\xlang3\venv\cpython3.14-a6792301b742-compat-31b33d68c68a\Lib\site-packages\sympy\core\facts.py", line 321, in process_rule
    self._process_rule(a, b)
    ~~~~~~~~~~~~~~~~~~^^^^^^
  File "D:\CantorAI\xlang3\venv\cpython3.14-a6792301b742-compat-31b33d68c68a\Lib\site-packages\sympy\core\facts.py", line 343, in _process_rule
    self.process_rule(And(*[Not(barg) for barg in b.args]), Not(a))
    ~~~~~~~~~~~~~~~~~^^^^^^^^^^^^^^^^^^^^^^^^^^^^^^^^^^^^^^^^^^^^^^
  File "D:\CantorAI\xlang3\venv\cpython3.14-a6792301b742-compat-31b33d68c68a\Lib\site-packages\sympy\core\facts.py", line 321, in process_rule
    self._process_rule(a, b)
    ~~~~~~~~~~~~~~~~~~^^^^^^
  File "D:\CantorAI\xlang3\venv\cpython3.14-a6792301b742-compat-31b33d68c68a\Lib\site-packages\sympy\core\facts.py", line 343, in _process_rule
    self.process_rule(And(*[Not(barg) for barg in b.args]), Not(a))
    ~~~~~~~~~~~~~~~~~^^^^^^^^^^^^^^^^^^^^^^^^^^^^^^^^^^^^^^^^^^^^^^
  File "D:\CantorAI\xlang3\venv\cpython3.14-a6792301b742-compat-31b33d68c68a\Lib\site-packages\sympy\core\facts.py", line 321, in process_rule
    self._process_rule(a, b)
    ~~~~~~~~~~~~~~~~~~^^^^^^
  File "D:\CantorAI\xlang3\venv\cpython3.14-a6792301b742-compat-31b33d68c68a\Lib\site-packages\sympy\core\facts.py", line 343, in _process_rule
    self.process_rule(And(*[Not(barg) for barg in b.args]), Not(a))
    ~~~~~~~~~~~~~~~~~^^^^^^^^^^^^^^^^^^^^^^^^^^^^^^^^^^^^^^^^^^^^^^
  File "D:\CantorAI\xlang3\venv\cpython3.14-a6792301b742-compat-31b33d68c68a\Lib\site-packages\sympy\core\facts.py", line 321, in process_rule
    self._process_rule(a, b)
    ~~~~~~~~~~~~~~~~~~^^^^^^
  File "D:\CantorAI\xlang3\venv\cpython3.14-a6792301b742-compat-31b33d68c68a\Lib\site-packages\sympy\core\facts.py", line 343, in _process_rule
    self.process_rule(And(*[Not(barg) for barg in b.args]), Not(a))
    ~~~~~~~~~~~~~~~~~^^^^^^^^^^^^^^^^^^^^^^^^^^^^^^^^^^^^^^^^^^^^^^
  File "D:\CantorAI\xlang3\venv\cpython3.14-a6792301b742-compat-31b33d68c68a\Lib\site-packages\sympy\core\facts.py", line 321, in process_rule
    self._process_rule(a, b)
    ~~~~~~~~~~~~~~~~~~^^^^^^
  File "D:\CantorAI\xlang3\venv\cpython3.14-a6792301b742-compat-31b33d68c68a\Lib\site-packages\sympy\core\facts.py", line 343, in _process_rule
    self.process_rule(And(*[Not(barg) for barg in b.args]), Not(a))
    ~~~~~~~~~~~~~~~~~^^^^^^^^^^^^^^^^^^^^^^^^^^^^^^^^^^^^^^^^^^^^^^
  File "D:\CantorAI\xlang3\venv\cpython3.14-a6792301b742-compat-31b33d68c68a\Lib\site-packages\sympy\core\facts.py", line 321, in process_rule
    self._process_rule(a, b)
    ~~~~~~~~~~~~~~~~~~^^^^^^
  File "D:\CantorAI\xlang3\venv\cpython3.14-a6792301b742-compat-31b33d68c68a\Lib\site-packages\sympy\core\facts.py", line 343, in _process_rule
    self.process_rule(And(*[Not(barg) for barg in b.args]), Not(a))
    ~~~~~~~~~~~~~~~~~^^^^^^^^^^^^^^^^^^^^^^^^^^^^^^^^^^^^^^^^^^^^^^
  File "D:\CantorAI\xlang3\venv\cpython3.14-a6792301b742-compat-31b33d68c68a\Lib\site-packages\sympy\core\facts.py", line 321, in process_rule
    self._process_rule(a, b)
    ~~~~~~~~~~~~~~~~~~^^^^^^
  File "D:\CantorAI\xlang3\venv\cpython3.14-a6792301b742-compat-31b33d68c68a\Lib\site-packages\sympy\core\facts.py", line 343, in _process_rule
    self.process_rule(And(*[Not(barg) for barg in b.args]), Not(a))
    ~~~~~~~~~~~~~~~~~^^^^^^^^^^^^^^^^^^^^^^^^^^^^^^^^^^^^^^^^^^^^^^
  File "D:\CantorAI\xlang3\venv\cpython3.14-a6792301b742-compat-31b33d68c68a\Lib\site-packages\sympy\core\facts.py", line 321, in process_rule
    self._process_rule(a, b)
    ~~~~~~~~~~~~~~~~~~^^^^^^
  File "D:\CantorAI\xlang3\venv\cpython3.14-a6792301b742-compat-31b33d68c68a\Lib\site-packages\sympy\core\facts.py", line 343, in _process_rule
    self.process_rule(And(*[Not(barg) for barg in b.args]), Not(a))
    ~~~~~~~~~~~~~~~~~^^^^^^^^^^^^^^^^^^^^^^^^^^^^^^^^^^^^^^^^^^^^^^
  File "D:\CantorAI\xlang3\venv\cpython3.14-a6792301b742-compat-31b33d68c68a\Lib\site-packages\sympy\core\facts.py", line 321, in process_rule
    self._process_rule(a, b)
    ~~~~~~~~~~~~~~~~~~^^^^^^
  File "D:\CantorAI\xlang3\venv\cpython3.14-a6792301b742-compat-31b33d68c68a\Lib\site-packages\sympy\core\facts.py", line 343, in _process_rule
    self.process_rule(And(*[Not(barg) for barg in b.args]), Not(a))
    ~~~~~~~~~~~~~~~~~^^^^^^^^^^^^^^^^^^^^^^^^^^^^^^^^^^^^^^^^^^^^^^
  File "D:\CantorAI\xlang3\venv\cpython3.14-a6792301b742-compat-31b33d68c68a\Lib\site-packages\sympy\core\facts.py", line 321, in process_rule
    self._process_rule(a, b)
    ~~~~~~~~~~~~~~~~~~^^^^^^
  File "D:\CantorAI\xlang3\venv\cpython3.14-a6792301b742-compat-31b33d68c68a\Lib\site-packages\sympy\core\facts.py", line 343, in _process_rule
    self.process_rule(And(*[Not(barg) for barg in b.args]), Not(a))
    ~~~~~~~~~~~~~~~~~^^^^^^^^^^^^^^^^^^^^^^^^^^^^^^^^^^^^^^^^^^^^^^
  File "D:\CantorAI\xlang3\venv\cpython3.14-a6792301b742-compat-31b33d68c68a\Lib\site-packages\sympy\core\facts.py", line 321, in process_rule
    self._process_rule(a, b)
    ~~~~~~~~~~~~~~~~~~^^^^^^
  File "D:\CantorAI\xlang3\venv\cpython3.14-a6792301b742-compat-31b33d68c68a\Lib\site-packages\sympy\core\facts.py", line 343, in _process_rule
    self.process_rule(And(*[Not(barg) for barg in b.args]), Not(a))
    ~~~~~~~~~~~~~~~~~^^^^^^^^^^^^^^^^^^^^^^^^^^^^^^^^^^^^^^^^^^^^^^
  File "D:\CantorAI\xlang3\venv\cpython3.14-a6792301b742-compat-31b33d68c68a\Lib\site-packages\sympy\core\facts.py", line 321, in process_rule
    self._process_rule(a, b)
    ~~~~~~~~~~~~~~~~~~^^^^^^
  File "D:\CantorAI\xlang3\venv\cpython3.14-a6792301b742-compat-31b33d68c68a\Lib\site-packages\sympy\core\facts.py", line 343, in _process_rule
    self.process_rule(And(*[Not(barg) for barg in b.args]), Not(a))
    ~~~~~~~~~~~~~~~~~^^^^^^^^^^^^^^^^^^^^^^^^^^^^^^^^^^^^^^^^^^^^^^
  File "D:\CantorAI\xlang3\venv\cpython3.14-a6792301b742-compat-31b33d68c68a\Lib\site-packages\sympy\core\facts.py", line 321, in process_rule
    self._process_rule(a, b)
    ~~~~~~~~~~~~~~~~~~^^^^^^
  File "D:\CantorAI\xlang3\venv\cpython3.14-a6792301b742-compat-31b33d68c68a\Lib\site-packages\sympy\core\facts.py", line 343, in _process_rule
    self.process_rule(And(*[Not(barg) for barg in b.args]), Not(a))
    ~~~~~~~~~~~~~~~~~^^^^^^^^^^^^^^^^^^^^^^^^^^^^^^^^^^^^^^^^^^^^^^
  File "D:\CantorAI\xlang3\venv\cpython3.14-a6792301b742-compat-31b33d68c68a\Lib\site-packages\sympy\core\facts.py", line 321, in process_rule
    self._process_rule(a, b)
    ~~~~~~~~~~~~~~~~~~^^^^^^
  File "D:\CantorAI\xlang3\venv\cpython3.14-a6792301b742-compat-31b33d68c68a\Lib\site-packages\sympy\core\facts.py", line 343, in _process_rule
    self.process_rule(And(*[Not(barg) for barg in b.args]), Not(a))
    ~~~~~~~~~~~~~~~~~^^^^^^^^^^^^^^^^^^^^^^^^^^^^^^^^^^^^^^^^^^^^^^
  File "D:\CantorAI\xlang3\venv\cpython3.14-a6792301b742-compat-31b33d68c68a\Lib\site-packages\sympy\core\facts.py", line 321, in process_rule
    self._process_rule(a, b)
    ~~~~~~~~~~~~~~~~~~^^^^^^
  File "D:\CantorAI\xlang3\venv\cpython3.14-a6792301b742-compat-31b33d68c68a\Lib\site-packages\sympy\core\facts.py", line 343, in _process_rule
    self.process_rule(And(*[Not(barg) for barg in b.args]), Not(a))
    ~~~~~~~~~~~~~~~~~^^^^^^^^^^^^^^^^^^^^^^^^^^^^^^^^^^^^^^^^^^^^^^
  File "D:\CantorAI\xlang3\venv\cpython3.14-a6792301b742-compat-31b33d68c68a\Lib\site-packages\sympy\core\facts.py", line 321, in process_rule
    self._process_rule(a, b)
    ~~~~~~~~~~~~~~~~~~^^^^^^
  File "D:\CantorAI\xlang3\venv\cpython3.14-a6792301b742-compat-31b33d68c68a\Lib\site-packages\sympy\core\facts.py", line 343, in _process_rule
    self.process_rule(And(*[Not(barg) for barg in b.args]), Not(a))
    ~~~~~~~~~~~~~~~~~^^^^^^^^^^^^^^^^^^^^^^^^^^^^^^^^^^^^^^^^^^^^^^
  File "D:\CantorAI\xlang3\venv\cpython3.14-a6792301b742-compat-31b33d68c68a\Lib\site-packages\sympy\core\facts.py", line 321, in process_rule
    self._process_rule(a, b)
    ~~~~~~~~~~~~~~~~~~^^^^^^
  File "D:\CantorAI\xlang3\venv\cpython3.14-a6792301b742-compat-31b33d68c68a\Lib\site-packages\sympy\core\facts.py", line 343, in _process_rule
    self.process_rule(And(*[Not(barg) for barg in b.args]), Not(a))
    ~~~~~~~~~~~~~~~~~^^^^^^^^^^^^^^^^^^^^^^^^^^^^^^^^^^^^^^^^^^^^^^
  File "D:\CantorAI\xlang3\venv\cpython3.14-a6792301b742-compat-31b33d68c68a\Lib\site-packages\sympy\core\facts.py", line 321, in process_rule
    self._process_rule(a, b)
    ~~~~~~~~~~~~~~~~~~^^^^^^
  File "D:\CantorAI\xlang3\venv\cpython3.14-a6792301b742-compat-31b33d68c68a\Lib\site-packages\sympy\core\facts.py", line 343, in _process_rule
    self.process_rule(And(*[Not(barg) for barg in b.args]), Not(a))
    ~~~~~~~~~~~~~~~~~^^^^^^^^^^^^^^^^^^^^^^^^^^^^^^^^^^^^^^^^^^^^^^
  File "D:\CantorAI\xlang3\venv\cpython3.14-a6792301b742-compat-31b33d68c68a\Lib\site-packages\sympy\core\facts.py", line 321, in process_rule
    self._process_rule(a, b)
    ~~~~~~~~~~~~~~~~~~^^^^^^
  File "D:\CantorAI\xlang3\venv\cpython3.14-a6792301b742-compat-31b33d68c68a\Lib\site-packages\sympy\core\facts.py", line 343, in _process_rule
    self.process_rule(And(*[Not(barg) for barg in b.args]), Not(a))
    ~~~~~~~~~~~~~~~~~^^^^^^^^^^^^^^^^^^^^^^^^^^^^^^^^^^^^^^^^^^^^^^
  File "D:\CantorAI\xlang3\venv\cpython3.14-a6792301b742-compat-31b33d68c68a\Lib\site-packages\sympy\core\facts.py", line 321, in process_rule
    self._process_rule(a, b)
    ~~~~~~~~~~~~~~~~~~^^^^^^
  File "D:\CantorAI\xlang3\venv\cpython3.14-a6792301b742-compat-31b33d68c68a\Lib\site-packages\sympy\core\facts.py", line 343, in _process_rule
    self.process_rule(And(*[Not(barg) for barg in b.args]), Not(a))
    ~~~~~~~~~~~~~~~~~^^^^^^^^^^^^^^^^^^^^^^^^^^^^^^^^^^^^^^^^^^^^^^
  File "D:\CantorAI\xlang3\venv\cpython3.14-a6792301b742-compat-31b33d68c68a\Lib\site-packages\sympy\core\facts.py", line 321, in process_rule
    self._process_rule(a, b)
    ~~~~~~~~~~~~~~~~~~^^^^^^
  File "D:\CantorAI\xlang3\venv\cpython3.14-a6792301b742-compat-31b33d68c68a\Lib\site-packages\sympy\core\facts.py", line 343, in _process_rule
    self.process_rule(And(*[Not(barg) for barg in b.args]), Not(a))
    ~~~~~~~~~~~~~~~~~^^^^^^^^^^^^^^^^^^^^^^^^^^^^^^^^^^^^^^^^^^^^^^
  File "D:\CantorAI\xlang3\venv\cpython3.14-a6792301b742-compat-31b33d68c68a\Lib\site-packages\sympy\core\facts.py", line 321, in process_rule
    self._process_rule(a, b)
    ~~~~~~~~~~~~~~~~~~^^^^^^
  File "D:\CantorAI\xlang3\venv\cpython3.14-a6792301b742-compat-31b33d68c68a\Lib\site-packages\sympy\core\facts.py", line 343, in _process_rule
    self.process_rule(And(*[Not(barg) for barg in b.args]), Not(a))
    ~~~~~~~~~~~~~~~~~^^^^^^^^^^^^^^^^^^^^^^^^^^^^^^^^^^^^^^^^^^^^^^
  File "D:\CantorAI\xlang3\venv\cpython3.14-a6792301b742-compat-31b33d68c68a\Lib\site-packages\sympy\core\facts.py", line 321, in process_rule
    self._process_rule(a, b)
    ~~~~~~~~~~~~~~~~~~^^^^^^
  File "D:\CantorAI\xlang3\venv\cpython3.14-a6792301b742-compat-31b33d68c68a\Lib\site-packages\sympy\core\facts.py", line 343, in _process_rule
    self.process_rule(And(*[Not(barg) for barg in b.args]), Not(a))
    ~~~~~~~~~~~~~~~~~^^^^^^^^^^^^^^^^^^^^^^^^^^^^^^^^^^^^^^^^^^^^^^
  File "D:\CantorAI\xlang3\venv\cpython3.14-a6792301b742-compat-31b33d68c68a\Lib\site-packages\sympy\core\facts.py", line 321, in process_rule
    self._process_rule(a, b)
    ~~~~~~~~~~~~~~~~~~^^^^^^
  File "D:\CantorAI\xlang3\venv\cpython3.14-a6792301b742-compat-31b33d68c68a\Lib\site-packages\sympy\core\facts.py", line 343, in _process_rule
    self.process_rule(And(*[Not(barg) for barg in b.args]), Not(a))
    ~~~~~~~~~~~~~~~~~^^^^^^^^^^^^^^^^^^^^^^^^^^^^^^^^^^^^^^^^^^^^^^
  File "D:\CantorAI\xlang3\venv\cpython3.14-a6792301b742-compat-31b33d68c68a\Lib\site-packages\sympy\core\facts.py", line 321, in process_rule
    self._process_rule(a, b)
    ~~~~~~~~~~~~~~~~~~^^^^^^
  File "D:\CantorAI\xlang3\venv\cpython3.14-a6792301b742-compat-31b33d68c68a\Lib\site-packages\sympy\core\facts.py", line 343, in _process_rule
    self.process_rule(And(*[Not(barg) for barg in b.args]), Not(a))
    ~~~~~~~~~~~~~~~~~^^^^^^^^^^^^^^^^^^^^^^^^^^^^^^^^^^^^^^^^^^^^^^
  File "D:\CantorAI\xlang3\venv\cpython3.14-a6792301b742-compat-31b33d68c68a\Lib\site-packages\sympy\core\facts.py", line 321, in process_rule
    self._process_rule(a, b)
    ~~~~~~~~~~~~~~~~~~^^^^^^
  File "D:\CantorAI\xlang3\venv\cpython3.14-a6792301b742-compat-31b33d68c68a\Lib\site-packages\sympy\core\facts.py", line 343, in _process_rule
    self.process_rule(And(*[Not(barg) for barg in b.args]), Not(a))
    ~~~~~~~~~~~~~~~~~^^^^^^^^^^^^^^^^^^^^^^^^^^^^^^^^^^^^^^^^^^^^^^
  File "D:\CantorAI\xlang3\venv\cpython3.14-a6792301b742-compat-31b33d68c68a\Lib\site-packages\sympy\core\facts.py", line 321, in process_rule
    self._process_rule(a, b)
    ~~~~~~~~~~~~~~~~~~^^^^^^
  File "D:\CantorAI\xlang3\venv\cpython3.14-a6792301b742-compat-31b33d68c68a\Lib\site-packages\sympy\core\facts.py", line 343, in _process_rule
    self.process_rule(And(*[Not(barg) for barg in b.args]), Not(a))
    ~~~~~~~~~~~~~~~~~^^^^^^^^^^^^^^^^^^^^^^^^^^^^^^^^^^^^^^^^^^^^^^
  File "D:\CantorAI\xlang3\venv\cpython3.14-a6792301b742-compat-31b33d68c68a\Lib\site-packages\sympy\core\facts.py", line 321, in process_rule
    self._process_rule(a, b)
    ~~~~~~~~~~~~~~~~~~^^^^^^
  File "D:\CantorAI\xlang3\venv\cpython3.14-a6792301b742-compat-31b33d68c68a\Lib\site-packages\sympy\core\facts.py", line 343, in _process_rule
    self.process_rule(And(*[Not(barg) for barg in b.args]), Not(a))
    ~~~~~~~~~~~~~~~~~^^^^^^^^^^^^^^^^^^^^^^^^^^^^^^^^^^^^^^^^^^^^^^
  File "D:\CantorAI\xlang3\venv\cpython3.14-a6792301b742-compat-31b33d68c68a\Lib\site-packages\sympy\core\facts.py", line 321, in process_rule
    self._process_rule(a, b)
    ~~~~~~~~~~~~~~~~~~^^^^^^
  File "D:\CantorAI\xlang3\venv\cpython3.14-a6792301b742-compat-31b33d68c68a\Lib\site-packages\sympy\core\facts.py", line 343, in _process_rule
    self.process_rule(And(*[Not(barg) for barg in b.args]), Not(a))
    ~~~~~~~~~~~~~~~~~^^^^^^^^^^^^^^^^^^^^^^^^^^^^^^^^^^^^^^^^^^^^^^
  File "D:\CantorAI\xlang3\venv\cpython3.14-a6792301b742-compat-31b33d68c68a\Lib\site-packages\sympy\core\facts.py", line 321, in process_rule
    self._process_rule(a, b)
    ~~~~~~~~~~~~~~~~~~^^^^^^
  File "D:\CantorAI\xlang3\venv\cpython3.14-a6792301b742-compat-31b33d68c68a\Lib\site-packages\sympy\core\facts.py", line 343, in _process_rule
    self.process_rule(And(*[Not(barg) for barg in b.args]), Not(a))
    ~~~~~~~~~~~~~~~~~^^^^^^^^^^^^^^^^^^^^^^^^^^^^^^^^^^^^^^^^^^^^^^
  File "D:\CantorAI\xlang3\venv\cpython3.14-a6792301b742-compat-31b33d68c68a\Lib\site-packages\sympy\core\facts.py", line 321, in process_rule
    self._process_rule(a, b)
    ~~~~~~~~~~~~~~~~~~^^^^^^
  File "D:\CantorAI\xlang3\venv\cpython3.14-a6792301b742-compat-31b33d68c68a\Lib\site-packages\sympy\core\facts.py", line 343, in _process_rule
    self.process_rule(And(*[Not(barg) for barg in b.args]), Not(a))
    ~~~~~~~~~~~~~~~~~^^^^^^^^^^^^^^^^^^^^^^^^^^^^^^^^^^^^^^^^^^^^^^
  File "D:\CantorAI\xlang3\venv\cpython3.14-a6792301b742-compat-31b33d68c68a\Lib\site-packages\sympy\core\facts.py", line 321, in process_rule
    self._process_rule(a, b)
    ~~~~~~~~~~~~~~~~~~^^^^^^
  File "D:\CantorAI\xlang3\venv\cpython3.14-a6792301b742-compat-31b33d68c68a\Lib\site-packages\sympy\core\facts.py", line 343, in _process_rule
    self.process_rule(And(*[Not(barg) for barg in b.args]), Not(a))
    ~~~~~~~~~~~~~~~~~^^^^^^^^^^^^^^^^^^^^^^^^^^^^^^^^^^^^^^^^^^^^^^
  File "D:\CantorAI\xlang3\venv\cpython3.14-a6792301b742-compat-31b33d68c68a\Lib\site-packages\sympy\core\facts.py", line 321, in process_rule
    self._process_rule(a, b)
    ~~~~~~~~~~~~~~~~~~^^^^^^
  File "D:\CantorAI\xlang3\venv\cpython3.14-a6792301b742-compat-31b33d68c68a\Lib\site-packages\sympy\core\facts.py", line 343, in _process_rule
    self.process_rule(And(*[Not(barg) for barg in b.args]), Not(a))
    ~~~~~~~~~~~~~~~~~^^^^^^^^^^^^^^^^^^^^^^^^^^^^^^^^^^^^^^^^^^^^^^
  File "D:\CantorAI\xlang3\venv\cpython3.14-a6792301b742-compat-31b33d68c68a\Lib\site-packages\sympy\core\facts.py", line 321, in process_rule
    self._process_rule(a, b)
    ~~~~~~~~~~~~~~~~~~^^^^^^
  File "D:\CantorAI\xlang3\venv\cpython3.14-a6792301b742-compat-31b33d68c68a\Lib\site-packages\sympy\core\facts.py", line 343, in _process_rule
    self.process_rule(And(*[Not(barg) for barg in b.args]), Not(a))
    ~~~~~~~~~~~~~~~~~^^^^^^^^^^^^^^^^^^^^^^^^^^^^^^^^^^^^^^^^^^^^^^
  File "D:\CantorAI\xlang3\venv\cpython3.14-a6792301b742-compat-31b33d68c68a\Lib\site-packages\sympy\core\facts.py", line 321, in process_rule
    self._process_rule(a, b)
    ~~~~~~~~~~~~~~~~~~^^^^^^
  File "D:\CantorAI\xlang3\venv\cpython3.14-a6792301b742-compat-31b33d68c68a\Lib\site-packages\sympy\core\facts.py", line 343, in _process_rule
    self.process_rule(And(*[Not(barg) for barg in b.args]), Not(a))
    ~~~~~~~~~~~~~~~~~^^^^^^^^^^^^^^^^^^^^^^^^^^^^^^^^^^^^^^^^^^^^^^
  File "D:\CantorAI\xlang3\venv\cpython3.14-a6792301b742-compat-31b33d68c68a\Lib\site-packages\sympy\core\facts.py", line 321, in process_rule
    self._process_rule(a, b)
    ~~~~~~~~~~~~~~~~~~^^^^^^
  File "D:\CantorAI\xlang3\venv\cpython3.14-a6792301b742-compat-31b33d68c68a\Lib\site-packages\sympy\core\facts.py", line 343, in _process_rule
    self.process_rule(And(*[Not(barg) for barg in b.args]), Not(a))
    ~~~~~~~~~~~~~~~~~^^^^^^^^^^^^^^^^^^^^^^^^^^^^^^^^^^^^^^^^^^^^^^
  File "D:\CantorAI\xlang3\venv\cpython3.14-a6792301b742-compat-31b33d68c68a\Lib\site-packages\sympy\core\facts.py", line 321, in process_rule
    self._process_rule(a, b)
    ~~~~~~~~~~~~~~~~~~^^^^^^
  File "D:\CantorAI\xlang3\venv\cpython3.14-a6792301b742-compat-31b33d68c68a\Lib\site-packages\sympy\core\facts.py", line 343, in _process_rule
    self.process_rule(And(*[Not(barg) for barg in b.args]), Not(a))
    ~~~~~~~~~~~~~~~~~^^^^^^^^^^^^^^^^^^^^^^^^^^^^^^^^^^^^^^^^^^^^^^
  File "D:\CantorAI\xlang3\venv\cpython3.14-a6792301b742-compat-31b33d68c68a\Lib\site-packages\sympy\core\facts.py", line 321, in process_rule
    self._process_rule(a, b)
    ~~~~~~~~~~~~~~~~~~^^^^^^
  File "D:\CantorAI\xlang3\venv\cpython3.14-a6792301b742-compat-31b33d68c68a\Lib\site-packages\sympy\core\facts.py", line 343, in _process_rule
    self.process_rule(And(*[Not(barg) for barg in b.args]), Not(a))
    ~~~~~~~~~~~~~~~~~^^^^^^^^^^^^^^^^^^^^^^^^^^^^^^^^^^^^^^^^^^^^^^
  File "D:\CantorAI\xlang3\venv\cpython3.14-a6792301b742-compat-31b33d68c68a\Lib\site-packages\sympy\core\facts.py", line 321, in process_rule
    self._process_rule(a, b)
    ~~~~~~~~~~~~~~~~~~^^^^^^
  File "D:\CantorAI\xlang3\venv\cpython3.14-a6792301b742-compat-31b33d68c68a\Lib\site-packages\sympy\core\facts.py", line 343, in _process_rule
    self.process_rule(And(*[Not(barg) for barg in b.args]), Not(a))
    ~~~~~~~~~~~~~~~~~^^^^^^^^^^^^^^^^^^^^^^^^^^^^^^^^^^^^^^^^^^^^^^
  File "D:\CantorAI\xlang3\venv\cpython3.14-a6792301b742-compat-31b33d68c68a\Lib\site-packages\sympy\core\facts.py", line 321, in process_rule
    self._process_rule(a, b)
    ~~~~~~~~~~~~~~~~~~^^^^^^
  File "D:\CantorAI\xlang3\venv\cpython3.14-a6792301b742-compat-31b33d68c68a\Lib\site-packages\sympy\core\facts.py", line 343, in _process_rule
    self.process_rule(And(*[Not(barg) for barg in b.args]), Not(a))
    ~~~~~~~~~~~~~~~~~^^^^^^^^^^^^^^^^^^^^^^^^^^^^^^^^^^^^^^^^^^^^^^
  File "D:\CantorAI\xlang3\venv\cpython3.14-a6792301b742-compat-31b33d68c68a\Lib\site-packages\sympy\core\facts.py", line 321, in process_rule
    self._process_rule(a, b)
    ~~~~~~~~~~~~~~~~~~^^^^^^
  File "D:\CantorAI\xlang3\venv\cpython3.14-a6792301b742-compat-31b33d68c68a\Lib\site-packages\sympy\core\facts.py", line 343, in _process_rule
    self.process_rule(And(*[Not(barg) for barg in b.args]), Not(a))
    ~~~~~~~~~~~~~~~~~^^^^^^^^^^^^^^^^^^^^^^^^^^^^^^^^^^^^^^^^^^^^^^
  File "D:\CantorAI\xlang3\venv\cpython3.14-a6792301b742-compat-31b33d68c68a\Lib\site-packages\sympy\core\facts.py", line 321, in process_rule
    self._process_rule(a, b)
    ~~~~~~~~~~~~~~~~~~^^^^^^
  File "D:\CantorAI\xlang3\venv\cpython3.14-a6792301b742-compat-31b33d68c68a\Lib\site-packages\sympy\core\facts.py", line 343, in _process_rule
    self.process_rule(And(*[Not(barg) for barg in b.args]), Not(a))
    ~~~~~~~~~~~~~~~~~^^^^^^^^^^^^^^^^^^^^^^^^^^^^^^^^^^^^^^^^^^^^^^
  File "D:\CantorAI\xlang3\venv\cpython3.14-a6792301b742-compat-31b33d68c68a\Lib\site-packages\sympy\core\facts.py", line 321, in process_rule
    self._process_rule(a, b)
    ~~~~~~~~~~~~~~~~~~^^^^^^
  File "D:\CantorAI\xlang3\venv\cpython3.14-a6792301b742-compat-31b33d68c68a\Lib\site-packages\sympy\core\facts.py", line 343, in _process_rule
    self.process_rule(And(*[Not(barg) for barg in b.args]), Not(a))
    ~~~~~~~~~~~~~~~~~^^^^^^^^^^^^^^^^^^^^^^^^^^^^^^^^^^^^^^^^^^^^^^
  File "D:\CantorAI\xlang3\venv\cpython3.14-a6792301b742-compat-31b33d68c68a\Lib\site-packages\sympy\core\facts.py", line 321, in process_rule
    self._process_rule(a, b)
    ~~~~~~~~~~~~~~~~~~^^^^^^
  File "D:\CantorAI\xlang3\venv\cpython3.14-a6792301b742-compat-31b33d68c68a\Lib\site-packages\sympy\core\facts.py", line 343, in _process_rule
    self.process_rule(And(*[Not(barg) for barg in b.args]), Not(a))
    ~~~~~~~~~~~~~~~~~^^^^^^^^^^^^^^^^^^^^^^^^^^^^^^^^^^^^^^^^^^^^^^
  File "D:\CantorAI\xlang3\venv\cpython3.14-a6792301b742-compat-31b33d68c68a\Lib\site-packages\sympy\core\facts.py", line 321, in process_rule
    self._process_rule(a, b)
    ~~~~~~~~~~~~~~~~~~^^^^^^
  File "D:\CantorAI\xlang3\venv\cpython3.14-a6792301b742-compat-31b33d68c68a\Lib\site-packages\sympy\core\facts.py", line 343, in _process_rule
    self.process_rule(And(*[Not(barg) for barg in b.args]), Not(a))
    ~~~~~~~~~~~~~~~~~^^^^^^^^^^^^^^^^^^^^^^^^^^^^^^^^^^^^^^^^^^^^^^
  File "D:\CantorAI\xlang3\venv\cpython3.14-a6792301b742-compat-31b33d68c68a\Lib\site-packages\sympy\core\facts.py", line 321, in process_rule
    self._process_rule(a, b)
    ~~~~~~~~~~~~~~~~~~^^^^^^
  File "D:\CantorAI\xlang3\venv\cpython3.14-a6792301b742-compat-31b33d68c68a\Lib\site-packages\sympy\core\facts.py", line 343, in _process_rule
    self.process_rule(And(*[Not(barg) for barg in b.args]), Not(a))
    ~~~~~~~~~~~~~~~~~^^^^^^^^^^^^^^^^^^^^^^^^^^^^^^^^^^^^^^^^^^^^^^
  File "D:\CantorAI\xlang3\venv\cpython3.14-a6792301b742-compat-31b33d68c68a\Lib\site-packages\sympy\core\facts.py", line 321, in process_rule
    self._process_rule(a, b)
    ~~~~~~~~~~~~~~~~~~^^^^^^
  File "D:\CantorAI\xlang3\venv\cpython3.14-a6792301b742-compat-31b33d68c68a\Lib\site-packages\sympy\core\facts.py", line 343, in _process_rule
    self.process_rule(And(*[Not(barg) for barg in b.args]), Not(a))
    ~~~~~~~~~~~~~~~~~^^^^^^^^^^^^^^^^^^^^^^^^^^^^^^^^^^^^^^^^^^^^^^
  File "D:\CantorAI\xlang3\venv\cpython3.14-a6792301b742-compat-31b33d68c68a\Lib\site-packages\sympy\core\facts.py", line 321, in process_rule
    self._process_rule(a, b)
    ~~~~~~~~~~~~~~~~~~^^^^^^
  File "D:\CantorAI\xlang3\venv\cpython3.14-a6792301b742-compat-31b33d68c68a\Lib\site-packages\sympy\core\facts.py", line 343, in _process_rule
    self.process_rule(And(*[Not(barg) for barg in b.args]), Not(a))
    ~~~~~~~~~~~~~~~~~^^^^^^^^^^^^^^^^^^^^^^^^^^^^^^^^^^^^^^^^^^^^^^
  File "D:\CantorAI\xlang3\venv\cpython3.14-a6792301b742-compat-31b33d68c68a\Lib\site-packages\sympy\core\facts.py", line 321, in process_rule
    self._process_rule(a, b)
    ~~~~~~~~~~~~~~~~~~^^^^^^
  File "D:\CantorAI\xlang3\venv\cpython3.14-a6792301b742-compat-31b33d68c68a\Lib\site-packages\sympy\core\facts.py", line 343, in _process_rule
    self.process_rule(And(*[Not(barg) for barg in b.args]), Not(a))
    ~~~~~~~~~~~~~~~~~^^^^^^^^^^^^^^^^^^^^^^^^^^^^^^^^^^^^^^^^^^^^^^
  File "D:\CantorAI\xlang3\venv\cpython3.14-a6792301b742-compat-31b33d68c68a\Lib\site-packages\sympy\core\facts.py", line 321, in process_rule
    self._process_rule(a, b)
    ~~~~~~~~~~~~~~~~~~^^^^^^
  File "D:\CantorAI\xlang3\venv\cpython3.14-a6792301b742-compat-31b33d68c68a\Lib\site-packages\sympy\core\facts.py", line 343, in _process_rule
    self.process_rule(And(*[Not(barg) for barg in b.args]), Not(a))
    ~~~~~~~~~~~~~~~~~^^^^^^^^^^^^^^^^^^^^^^^^^^^^^^^^^^^^^^^^^^^^^^
  File "D:\CantorAI\xlang3\venv\cpython3.14-a6792301b742-compat-31b33d68c68a\Lib\site-packages\sympy\core\facts.py", line 321, in process_rule
    self._process_rule(a, b)
    ~~~~~~~~~~~~~~~~~~^^^^^^
  File "D:\CantorAI\xlang3\venv\cpython3.14-a6792301b742-compat-31b33d68c68a\Lib\site-packages\sympy\core\facts.py", line 343, in _process_rule
    self.process_rule(And(*[Not(barg) for barg in b.args]), Not(a))
    ~~~~~~~~~~~~~~~~~^^^^^^^^^^^^^^^^^^^^^^^^^^^^^^^^^^^^^^^^^^^^^^
  File "D:\CantorAI\xlang3\venv\cpython3.14-a6792301b742-compat-31b33d68c68a\Lib\site-packages\sympy\core\facts.py", line 321, in process_rule
    self._process_rule(a, b)
    ~~~~~~~~~~~~~~~~~~^^^^^^
  File "D:\CantorAI\xlang3\venv\cpython3.14-a6792301b742-compat-31b33d68c68a\Lib\site-packages\sympy\core\facts.py", line 343, in _process_rule
    self.process_rule(And(*[Not(barg) for barg in b.args]), Not(a))
    ~~~~~~~~~~~~~~~~~^^^^^^^^^^^^^^^^^^^^^^^^^^^^^^^^^^^^^^^^^^^^^^
  File "D:\CantorAI\xlang3\venv\cpython3.14-a6792301b742-compat-31b33d68c68a\Lib\site-packages\sympy\core\facts.py", line 321, in process_rule
    self._process_rule(a, b)
    ~~~~~~~~~~~~~~~~~~^^^^^^
  File "D:\CantorAI\xlang3\venv\cpython3.14-a6792301b742-compat-31b33d68c68a\Lib\site-packages\sympy\core\facts.py", line 343, in _process_rule
    self.process_rule(And(*[Not(barg) for barg in b.args]), Not(a))
    ~~~~~~~~~~~~~~~~~^^^^^^^^^^^^^^^^^^^^^^^^^^^^^^^^^^^^^^^^^^^^^^
  File "D:\CantorAI\xlang3\venv\cpython3.14-a6792301b742-compat-31b33d68c68a\Lib\site-packages\sympy\core\facts.py", line 321, in process_rule
    self._process_rule(a, b)
    ~~~~~~~~~~~~~~~~~~^^^^^^
  File "D:\CantorAI\xlang3\venv\cpython3.14-a6792301b742-compat-31b33d68c68a\Lib\site-packages\sympy\core\facts.py", line 343, in _process_rule
    self.process_rule(And(*[Not(barg) for barg in b.args]), Not(a))
    ~~~~~~~~~~~~~~~~~^^^^^^^^^^^^^^^^^^^^^^^^^^^^^^^^^^^^^^^^^^^^^^
  File "D:\CantorAI\xlang3\venv\cpython3.14-a6792301b742-compat-31b33d68c68a\Lib\site-packages\sympy\core\facts.py", line 321, in process_rule
    self._process_rule(a, b)
    ~~~~~~~~~~~~~~~~~~^^^^^^
  File "D:\CantorAI\xlang3\venv\cpython3.14-a6792301b742-compat-31b33d68c68a\Lib\site-packages\sympy\core\facts.py", line 343, in _process_rule
    self.process_rule(And(*[Not(barg) for barg in b.args]), Not(a))
    ~~~~~~~~~~~~~~~~~^^^^^^^^^^^^^^^^^^^^^^^^^^^^^^^^^^^^^^^^^^^^^^
  File "D:\CantorAI\xlang3\venv\cpython3.14-a6792301b742-compat-31b33d68c68a\Lib\site-packages\sympy\core\facts.py", line 321, in process_rule
    self._process_rule(a, b)
    ~~~~~~~~~~~~~~~~~~^^^^^^
  File "D:\CantorAI\xlang3\venv\cpython3.14-a6792301b742-compat-31b33d68c68a\Lib\site-packages\sympy\core\facts.py", line 343, in _process_rule
    self.process_rule(And(*[Not(barg) for barg in b.args]), Not(a))
    ~~~~~~~~~~~~~~~~~^^^^^^^^^^^^^^^^^^^^^^^^^^^^^^^^^^^^^^^^^^^^^^
  File "D:\CantorAI\xlang3\venv\cpython3.14-a6792301b742-compat-31b33d68c68a\Lib\site-packages\sympy\core\facts.py", line 321, in process_rule
    self._process_rule(a, b)
    ~~~~~~~~~~~~~~~~~~^^^^^^
  File "D:\CantorAI\xlang3\venv\cpython3.14-a6792301b742-compat-31b33d68c68a\Lib\site-packages\sympy\core\facts.py", line 343, in _process_rule
    self.process_rule(And(*[Not(barg) for barg in b.args]), Not(a))
    ~~~~~~~~~~~~~~~~~^^^^^^^^^^^^^^^^^^^^^^^^^^^^^^^^^^^^^^^^^^^^^^
  File "D:\CantorAI\xlang3\venv\cpython3.14-a6792301b742-compat-31b33d68c68a\Lib\site-packages\sympy\core\facts.py", line 321, in process_rule
    self._process_rule(a, b)
    ~~~~~~~~~~~~~~~~~~^^^^^^
  File "D:\CantorAI\xlang3\venv\cpython3.14-a6792301b742-compat-31b33d68c68a\Lib\site-packages\sympy\core\facts.py", line 343, in _process_rule
    self.process_rule(And(*[Not(barg) for barg in b.args]), Not(a))
    ~~~~~~~~~~~~~~~~~^^^^^^^^^^^^^^^^^^^^^^^^^^^^^^^^^^^^^^^^^^^^^^
  File "D:\CantorAI\xlang3\venv\cpython3.14-a6792301b742-compat-31b33d68c68a\Lib\site-packages\sympy\core\facts.py", line 321, in process_rule
    self._process_rule(a, b)
    ~~~~~~~~~~~~~~~~~~^^^^^^
  File "D:\CantorAI\xlang3\venv\cpython3.14-a6792301b742-compat-31b33d68c68a\Lib\site-packages\sympy\core\facts.py", line 343, in _process_rule
    self.process_rule(And(*[Not(barg) for barg in b.args]), Not(a))
    ~~~~~~~~~~~~~~~~~^^^^^^^^^^^^^^^^^^^^^^^^^^^^^^^^^^^^^^^^^^^^^^
  File "D:\CantorAI\xlang3\venv\cpython3.14-a6792301b742-compat-31b33d68c68a\Lib\site-packages\sympy\core\facts.py", line 321, in process_rule
    self._process_rule(a, b)
    ~~~~~~~~~~~~~~~~~~^^^^^^
  File "D:\CantorAI\xlang3\venv\cpython3.14-a6792301b742-compat-31b33d68c68a\Lib\site-packages\sympy\core\facts.py", line 343, in _process_rule
    self.process_rule(And(*[Not(barg) for barg in b.args]), Not(a))
    ~~~~~~~~~~~~~~~~~^^^^^^^^^^^^^^^^^^^^^^^^^^^^^^^^^^^^^^^^^^^^^^
  File "D:\CantorAI\xlang3\venv\cpython3.14-a6792301b742-compat-31b33d68c68a\Lib\site-packages\sympy\core\facts.py", line 321, in process_rule
    self._process_rule(a, b)
    ~~~~~~~~~~~~~~~~~~^^^^^^
  File "D:\CantorAI\xlang3\venv\cpython3.14-a6792301b742-compat-31b33d68c68a\Lib\site-packages\sympy\core\facts.py", line 343, in _process_rule
    self.process_rule(And(*[Not(barg) for barg in b.args]), Not(a))
    ~~~~~~~~~~~~~~~~~^^^^^^^^^^^^^^^^^^^^^^^^^^^^^^^^^^^^^^^^^^^^^^
  File "D:\CantorAI\xlang3\venv\cpython3.14-a6792301b742-compat-31b33d68c68a\Lib\site-packages\sympy\core\facts.py", line 321, in process_rule
    self._process_rule(a, b)
    ~~~~~~~~~~~~~~~~~~^^^^^^
  File "D:\CantorAI\xlang3\venv\cpython3.14-a6792301b742-compat-31b33d68c68a\Lib\site-packages\sympy\core\facts.py", line 343, in _process_rule
    self.process_rule(And(*[Not(barg) for barg in b.args]), Not(a))
    ~~~~~~~~~~~~~~~~~^^^^^^^^^^^^^^^^^^^^^^^^^^^^^^^^^^^^^^^^^^^^^^
  File "D:\CantorAI\xlang3\venv\cpython3.14-a6792301b742-compat-31b33d68c68a\Lib\site-packages\sympy\core\facts.py", line 321, in process_rule
    self._process_rule(a, b)
    ~~~~~~~~~~~~~~~~~~^^^^^^
  File "D:\CantorAI\xlang3\venv\cpython3.14-a6792301b742-compat-31b33d68c68a\Lib\site-packages\sympy\core\facts.py", line 343, in _process_rule
    self.process_rule(And(*[Not(barg) for barg in b.args]), Not(a))
    ~~~~~~~~~~~~~~~~~^^^^^^^^^^^^^^^^^^^^^^^^^^^^^^^^^^^^^^^^^^^^^^
  File "D:\CantorAI\xlang3\venv\cpython3.14-a6792301b742-compat-31b33d68c68a\Lib\site-packages\sympy\core\facts.py", line 321, in process_rule
    self._process_rule(a, b)
    ~~~~~~~~~~~~~~~~~~^^^^^^
  File "D:\CantorAI\xlang3\venv\cpython3.14-a6792301b742-compat-31b33d68c68a\Lib\site-packages\sympy\core\facts.py", line 343, in _process_rule
    self.process_rule(And(*[Not(barg) for barg in b.args]), Not(a))
    ~~~~~~~~~~~~~~~~~^^^^^^^^^^^^^^^^^^^^^^^^^^^^^^^^^^^^^^^^^^^^^^
  File "D:\CantorAI\xlang3\venv\cpython3.14-a6792301b742-compat-31b33d68c68a\Lib\site-packages\sympy\core\facts.py", line 321, in process_rule
    self._process_rule(a, b)
    ~~~~~~~~~~~~~~~~~~^^^^^^
  File "D:\CantorAI\xlang3\venv\cpython3.14-a6792301b742-compat-31b33d68c68a\Lib\site-packages\sympy\core\facts.py", line 343, in _process_rule
    self.process_rule(And(*[Not(barg) for barg in b.args]), Not(a))
    ~~~~~~~~~~~~~~~~~^^^^^^^^^^^^^^^^^^^^^^^^^^^^^^^^^^^^^^^^^^^^^^
  File "D:\CantorAI\xlang3\venv\cpython3.14-a6792301b742-compat-31b33d68c68a\Lib\site-packages\sympy\core\facts.py", line 321, in process_rule
    self._process_rule(a, b)
    ~~~~~~~~~~~~~~~~~~^^^^^^
  File "D:\CantorAI\xlang3\venv\cpython3.14-a6792301b742-compat-31b33d68c68a\Lib\site-packages\sympy\core\facts.py", line 343, in _process_rule
    self.process_rule(And(*[Not(barg) for barg in b.args]), Not(a))
    ~~~~~~~~~~~~~~~~~^^^^^^^^^^^^^^^^^^^^^^^^^^^^^^^^^^^^^^^^^^^^^^
  File "D:\CantorAI\xlang3\venv\cpython3.14-a6792301b742-compat-31b33d68c68a\Lib\site-packages\sympy\core\facts.py", line 321, in process_rule
    self._process_rule(a, b)
    ~~~~~~~~~~~~~~~~~~^^^^^^
  File "D:\CantorAI\xlang3\venv\cpython3.14-a6792301b742-compat-31b33d68c68a\Lib\site-packages\sympy\core\facts.py", line 343, in _process_rule
    self.process_rule(And(*[Not(barg) for barg in b.args]), Not(a))
    ~~~~~~~~~~~~~~~~~^^^^^^^^^^^^^^^^^^^^^^^^^^^^^^^^^^^^^^^^^^^^^^
  File "D:\CantorAI\xlang3\venv\cpython3.14-a6792301b742-compat-31b33d68c68a\Lib\site-packages\sympy\core\facts.py", line 321, in process_rule
    self._process_rule(a, b)
    ~~~~~~~~~~~~~~~~~~^^^^^^
  File "D:\CantorAI\xlang3\venv\cpython3.14-a6792301b742-compat-31b33d68c68a\Lib\site-packages\sympy\core\facts.py", line 343, in _process_rule
    self.process_rule(And(*[Not(barg) for barg in b.args]), Not(a))
    ~~~~~~~~~~~~~~~~~^^^^^^^^^^^^^^^^^^^^^^^^^^^^^^^^^^^^^^^^^^^^^^
  File "D:\CantorAI\xlang3\venv\cpython3.14-a6792301b742-compat-31b33d68c68a\Lib\site-packages\sympy\core\facts.py", line 321, in process_rule
    self._process_rule(a, b)
    ~~~~~~~~~~~~~~~~~~^^^^^^
  File "D:\CantorAI\xlang3\venv\cpython3.14-a6792301b742-compat-31b33d68c68a\Lib\site-packages\sympy\core\facts.py", line 343, in _process_rule
    self.process_rule(And(*[Not(barg) for barg in b.args]), Not(a))
    ~~~~~~~~~~~~~~~~~^^^^^^^^^^^^^^^^^^^^^^^^^^^^^^^^^^^^^^^^^^^^^^
  File "D:\CantorAI\xlang3\venv\cpython3.14-a6792301b742-compat-31b33d68c68a\Lib\site-packages\sympy\core\facts.py", line 321, in process_rule
    self._process_rule(a, b)
    ~~~~~~~~~~~~~~~~~~^^^^^^
  File "D:\CantorAI\xlang3\venv\cpython3.14-a6792301b742-compat-31b33d68c68a\Lib\site-packages\sympy\core\facts.py", line 343, in _process_rule
    self.process_rule(And(*[Not(barg) for barg in b.args]), Not(a))
    ~~~~~~~~~~~~~~~~~^^^^^^^^^^^^^^^^^^^^^^^^^^^^^^^^^^^^^^^^^^^^^^
  File "D:\CantorAI\xlang3\venv\cpython3.14-a6792301b742-compat-31b33d68c68a\Lib\site-packages\sympy\core\facts.py", line 321, in process_rule
    self._process_rule(a, b)
    ~~~~~~~~~~~~~~~~~~^^^^^^
  File "D:\CantorAI\xlang3\venv\cpython3.14-a6792301b742-compat-31b33d68c68a\Lib\site-packages\sympy\core\facts.py", line 343, in _process_rule
    self.process_rule(And(*[Not(barg) for barg in b.args]), Not(a))
    ~~~~~~~~~~~~~~~~~^^^^^^^^^^^^^^^^^^^^^^^^^^^^^^^^^^^^^^^^^^^^^^
  File "D:\CantorAI\xlang3\venv\cpython3.14-a6792301b742-compat-31b33d68c68a\Lib\site-packages\sympy\core\facts.py", line 321, in process_rule
    self._process_rule(a, b)
    ~~~~~~~~~~~~~~~~~~^^^^^^
  File "D:\CantorAI\xlang3\venv\cpython3.14-a6792301b742-compat-31b33d68c68a\Lib\site-packages\sympy\core\facts.py", line 343, in _process_rule
    self.process_rule(And(*[Not(barg) for barg in b.args]), Not(a))
    ~~~~~~~~~~~~~~~~~^^^^^^^^^^^^^^^^^^^^^^^^^^^^^^^^^^^^^^^^^^^^^^
  File "D:\CantorAI\xlang3\venv\cpython3.14-a6792301b742-compat-31b33d68c68a\Lib\site-packages\sympy\core\facts.py", line 321, in process_rule
    self._process_rule(a, b)
    ~~~~~~~~~~~~~~~~~~^^^^^^
  File "D:\CantorAI\xlang3\venv\cpython3.14-a6792301b742-compat-31b33d68c68a\Lib\site-packages\sympy\core\facts.py", line 343, in _process_rule
    self.process_rule(And(*[Not(barg) for barg in b.args]), Not(a))
    ~~~~~~~~~~~~~~~~~^^^^^^^^^^^^^^^^^^^^^^^^^^^^^^^^^^^^^^^^^^^^^^
  File "D:\CantorAI\xlang3\venv\cpython3.14-a6792301b742-compat-31b33d68c68a\Lib\site-packages\sympy\core\facts.py", line 321, in process_rule
    self._process_rule(a, b)
    ~~~~~~~~~~~~~~~~~~^^^^^^
  File "D:\CantorAI\xlang3\venv\cpython3.14-a6792301b742-compat-31b33d68c68a\Lib\site-packages\sympy\core\facts.py", line 343, in _process_rule
    self.process_rule(And(*[Not(barg) for barg in b.args]), Not(a))
    ~~~~~~~~~~~~~~~~~^^^^^^^^^^^^^^^^^^^^^^^^^^^^^^^^^^^^^^^^^^^^^^
  File "D:\CantorAI\xlang3\venv\cpython3.14-a6792301b742-compat-31b33d68c68a\Lib\site-packages\sympy\core\facts.py", line 321, in process_rule
    self._process_rule(a, b)
    ~~~~~~~~~~~~~~~~~~^^^^^^
  File "D:\CantorAI\xlang3\venv\cpython3.14-a6792301b742-compat-31b33d68c68a\Lib\site-packages\sympy\core\facts.py", line 343, in _process_rule
    self.process_rule(And(*[Not(barg) for barg in b.args]), Not(a))
    ~~~~~~~~~~~~~~~~~^^^^^^^^^^^^^^^^^^^^^^^^^^^^^^^^^^^^^^^^^^^^^^
  File "D:\CantorAI\xlang3\venv\cpython3.14-a6792301b742-compat-31b33d68c68a\Lib\site-packages\sympy\core\facts.py", line 321, in process_rule
    self._process_rule(a, b)
    ~~~~~~~~~~~~~~~~~~^^^^^^
  File "D:\CantorAI\xlang3\venv\cpython3.14-a6792301b742-compat-31b33d68c68a\Lib\site-packages\sympy\core\facts.py", line 343, in _process_rule
    self.process_rule(And(*[Not(barg) for barg in b.args]), Not(a))
    ~~~~~~~~~~~~~~~~~^^^^^^^^^^^^^^^^^^^^^^^^^^^^^^^^^^^^^^^^^^^^^^
  File "D:\CantorAI\xlang3\venv\cpython3.14-a6792301b742-compat-31b33d68c68a\Lib\site-packages\sympy\core\facts.py", line 321, in process_rule
    self._process_rule(a, b)
    ~~~~~~~~~~~~~~~~~~^^^^^^
  File "D:\CantorAI\xlang3\venv\cpython3.14-a6792301b742-compat-31b33d68c68a\Lib\site-packages\sympy\core\facts.py", line 343, in _process_rule
    self.process_rule(And(*[Not(barg) for barg in b.args]), Not(a))
    ~~~~~~~~~~~~~~~~~^^^^^^^^^^^^^^^^^^^^^^^^^^^^^^^^^^^^^^^^^^^^^^
  File "D:\CantorAI\xlang3\venv\cpython3.14-a6792301b742-compat-31b33d68c68a\Lib\site-packages\sympy\core\facts.py", line 321, in process_rule
    self._process_rule(a, b)
    ~~~~~~~~~~~~~~~~~~^^^^^^
  File "D:\CantorAI\xlang3\venv\cpython3.14-a6792301b742-compat-31b33d68c68a\Lib\site-packages\sympy\core\facts.py", line 343, in _process_rule
    self.process_rule(And(*[Not(barg) for barg in b.args]), Not(a))
    ~~~~~~~~~~~~~~~~~^^^^^^^^^^^^^^^^^^^^^^^^^^^^^^^^^^^^^^^^^^^^^^
  File "D:\CantorAI\xlang3\venv\cpython3.14-a6792301b742-compat-31b33d68c68a\Lib\site-packages\sympy\core\facts.py", line 321, in process_rule
    self._process_rule(a, b)
    ~~~~~~~~~~~~~~~~~~^^^^^^
  File "D:\CantorAI\xlang3\venv\cpython3.14-a6792301b742-compat-31b33d68c68a\Lib\site-packages\sympy\core\facts.py", line 343, in _process_rule
    self.process_rule(And(*[Not(barg) for barg in b.args]), Not(a))
    ~~~~~~~~~~~~~~~~~^^^^^^^^^^^^^^^^^^^^^^^^^^^^^^^^^^^^^^^^^^^^^^
  File "D:\CantorAI\xlang3\venv\cpython3.14-a6792301b742-compat-31b33d68c68a\Lib\site-packages\sympy\core\facts.py", line 321, in process_rule
    self._process_rule(a, b)
    ~~~~~~~~~~~~~~~~~~^^^^^^
  File "D:\CantorAI\xlang3\venv\cpython3.14-a6792301b742-compat-31b33d68c68a\Lib\site-packages\sympy\core\facts.py", line 343, in _process_rule
    self.process_rule(And(*[Not(barg) for barg in b.args]), Not(a))
    ~~~~~~~~~~~~~~~~~^^^^^^^^^^^^^^^^^^^^^^^^^^^^^^^^^^^^^^^^^^^^^^
  File "D:\CantorAI\xlang3\venv\cpython3.14-a6792301b742-compat-31b33d68c68a\Lib\site-packages\sympy\core\facts.py", line 321, in process_rule
    self._process_rule(a, b)
    ~~~~~~~~~~~~~~~~~~^^^^^^
  File "D:\CantorAI\xlang3\venv\cpython3.14-a6792301b742-compat-31b33d68c68a\Lib\site-packages\sympy\core\facts.py", line 343, in _process_rule
    self.process_rule(And(*[Not(barg) for barg in b.args]), Not(a))
    ~~~~~~~~~~~~~~~~~^^^^^^^^^^^^^^^^^^^^^^^^^^^^^^^^^^^^^^^^^^^^^^
  File "D:\CantorAI\xlang3\venv\cpython3.14-a6792301b742-compat-31b33d68c68a\Lib\site-packages\sympy\core\facts.py", line 321, in process_rule
    self._process_rule(a, b)
    ~~~~~~~~~~~~~~~~~~^^^^^^
  File "D:\CantorAI\xlang3\venv\cpython3.14-a6792301b742-compat-31b33d68c68a\Lib\site-packages\sympy\core\facts.py", line 343, in _process_rule
    self.process_rule(And(*[Not(barg) for barg in b.args]), Not(a))
    ~~~~~~~~~~~~~~~~~^^^^^^^^^^^^^^^^^^^^^^^^^^^^^^^^^^^^^^^^^^^^^^
  File "D:\CantorAI\xlang3\venv\cpython3.14-a6792301b742-compat-31b33d68c68a\Lib\site-packages\sympy\core\facts.py", line 321, in process_rule
    self._process_rule(a, b)
    ~~~~~~~~~~~~~~~~~~^^^^^^
  File "D:\CantorAI\xlang3\venv\cpython3.14-a6792301b742-compat-31b33d68c68a\Lib\site-packages\sympy\core\facts.py", line 343, in _process_rule
    self.process_rule(And(*[Not(barg) for barg in b.args]), Not(a))
    ~~~~~~~~~~~~~~~~~^^^^^^^^^^^^^^^^^^^^^^^^^^^^^^^^^^^^^^^^^^^^^^
  File "D:\CantorAI\xlang3\venv\cpython3.14-a6792301b742-compat-31b33d68c68a\Lib\site-packages\sympy\core\facts.py", line 321, in process_rule
    self._process_rule(a, b)
    ~~~~~~~~~~~~~~~~~~^^^^^^
  File "D:\CantorAI\xlang3\venv\cpython3.14-a6792301b742-compat-31b33d68c68a\Lib\site-packages\sympy\core\facts.py", line 343, in _process_rule
    self.process_rule(And(*[Not(barg) for barg in b.args]), Not(a))
    ~~~~~~~~~~~~~~~~~^^^^^^^^^^^^^^^^^^^^^^^^^^^^^^^^^^^^^^^^^^^^^^
  File "D:\CantorAI\xlang3\venv\cpython3.14-a6792301b742-compat-31b33d68c68a\Lib\site-packages\sympy\core\facts.py", line 321, in process_rule
    self._process_rule(a, b)
    ~~~~~~~~~~~~~~~~~~^^^^^^
  File "D:\CantorAI\xlang3\venv\cpython3.14-a6792301b742-compat-31b33d68c68a\Lib\site-packages\sympy\core\facts.py", line 343, in _process_rule
    self.process_rule(And(*[Not(barg) for barg in b.args]), Not(a))
    ~~~~~~~~~~~~~~~~~^^^^^^^^^^^^^^^^^^^^^^^^^^^^^^^^^^^^^^^^^^^^^^
  File "D:\CantorAI\xlang3\venv\cpython3.14-a6792301b742-compat-31b33d68c68a\Lib\site-packages\sympy\core\facts.py", line 321, in process_rule
    self._process_rule(a, b)
    ~~~~~~~~~~~~~~~~~~^^^^^^
  File "D:\CantorAI\xlang3\venv\cpython3.14-a6792301b742-compat-31b33d68c68a\Lib\site-packages\sympy\core\facts.py", line 343, in _process_rule
    self.process_rule(And(*[Not(barg) for barg in b.args]), Not(a))
    ~~~~~~~~~~~~~~~~~^^^^^^^^^^^^^^^^^^^^^^^^^^^^^^^^^^^^^^^^^^^^^^
  File "D:\CantorAI\xlang3\venv\cpython3.14-a6792301b742-compat-31b33d68c68a\Lib\site-packages\sympy\core\facts.py", line 321, in process_rule
    self._process_rule(a, b)
    ~~~~~~~~~~~~~~~~~~^^^^^^
  File "D:\CantorAI\xlang3\venv\cpython3.14-a6792301b742-compat-31b33d68c68a\Lib\site-packages\sympy\core\facts.py", line 343, in _process_rule
    self.process_rule(And(*[Not(barg) for barg in b.args]), Not(a))
    ~~~~~~~~~~~~~~~~~^^^^^^^^^^^^^^^^^^^^^^^^^^^^^^^^^^^^^^^^^^^^^^
  File "D:\CantorAI\xlang3\venv\cpython3.14-a6792301b742-compat-31b33d68c68a\Lib\site-packages\sympy\core\facts.py", line 321, in process_rule
    self._process_rule(a, b)
    ~~~~~~~~~~~~~~~~~~^^^^^^
  File "D:\CantorAI\xlang3\venv\cpython3.14-a6792301b742-compat-31b33d68c68a\Lib\site-packages\sympy\core\facts.py", line 343, in _process_rule
    self.process_rule(And(*[Not(barg) for barg in b.args]), Not(a))
    ~~~~~~~~~~~~~~~~~^^^^^^^^^^^^^^^^^^^^^^^^^^^^^^^^^^^^^^^^^^^^^^
  File "D:\CantorAI\xlang3\venv\cpython3.14-a6792301b742-compat-31b33d68c68a\Lib\site-packages\sympy\core\facts.py", line 321, in process_rule
    self._process_rule(a, b)
    ~~~~~~~~~~~~~~~~~~^^^^^^
  File "D:\CantorAI\xlang3\venv\cpython3.14-a6792301b742-compat-31b33d68c68a\Lib\site-packages\sympy\core\facts.py", line 343, in _process_rule
    self.process_rule(And(*[Not(barg) for barg in b.args]), Not(a))
    ~~~~~~~~~~~~~~~~~^^^^^^^^^^^^^^^^^^^^^^^^^^^^^^^^^^^^^^^^^^^^^^
  File "D:\CantorAI\xlang3\venv\cpython3.14-a6792301b742-compat-31b33d68c68a\Lib\site-packages\sympy\core\facts.py", line 321, in process_rule
    self._process_rule(a, b)
    ~~~~~~~~~~~~~~~~~~^^^^^^
  File "D:\CantorAI\xlang3\venv\cpython3.14-a6792301b742-compat-31b33d68c68a\Lib\site-packages\sympy\core\facts.py", line 343, in _process_rule
    self.process_rule(And(*[Not(barg) for barg in b.args]), Not(a))
    ~~~~~~~~~~~~~~~~~^^^^^^^^^^^^^^^^^^^^^^^^^^^^^^^^^^^^^^^^^^^^^^
  File "D:\CantorAI\xlang3\venv\cpython3.14-a6792301b742-compat-31b33d68c68a\Lib\site-packages\sympy\core\facts.py", line 321, in process_rule
    self._process_rule(a, b)
    ~~~~~~~~~~~~~~~~~~^^^^^^
  File "D:\CantorAI\xlang3\venv\cpython3.14-a6792301b742-compat-31b33d68c68a\Lib\site-packages\sympy\core\facts.py", line 343, in _process_rule
    self.process_rule(And(*[Not(barg) for barg in b.args]), Not(a))
    ~~~~~~~~~~~~~~~~~^^^^^^^^^^^^^^^^^^^^^^^^^^^^^^^^^^^^^^^^^^^^^^
  File "D:\CantorAI\xlang3\venv\cpython3.14-a6792301b742-compat-31b33d68c68a\Lib\site-packages\sympy\core\facts.py", line 321, in process_rule
    self._process_rule(a, b)
    ~~~~~~~~~~~~~~~~~~^^^^^^
  File "D:\CantorAI\xlang3\venv\cpython3.14-a6792301b742-compat-31b33d68c68a\Lib\site-packages\sympy\core\facts.py", line 343, in _process_rule
    self.process_rule(And(*[Not(barg) for barg in b.args]), Not(a))
    ~~~~~~~~~~~~~~~~~^^^^^^^^^^^^^^^^^^^^^^^^^^^^^^^^^^^^^^^^^^^^^^
  File "D:\CantorAI\xlang3\venv\cpython3.14-a6792301b742-compat-31b33d68c68a\Lib\site-packages\sympy\core\facts.py", line 321, in process_rule
    self._process_rule(a, b)
    ~~~~~~~~~~~~~~~~~~^^^^^^
  File "D:\CantorAI\xlang3\venv\cpython3.14-a6792301b742-compat-31b33d68c68a\Lib\site-packages\sympy\core\facts.py", line 343, in _process_rule
    self.process_rule(And(*[Not(barg) for barg in b.args]), Not(a))
    ~~~~~~~~~~~~~~~~~^^^^^^^^^^^^^^^^^^^^^^^^^^^^^^^^^^^^^^^^^^^^^^
  File "D:\CantorAI\xlang3\venv\cpython3.14-a6792301b742-compat-31b33d68c68a\Lib\site-packages\sympy\core\facts.py", line 321, in process_rule
    self._process_rule(a, b)
    ~~~~~~~~~~~~~~~~~~^^^^^^
  File "D:\CantorAI\xlang3\venv\cpython3.14-a6792301b742-compat-31b33d68c68a\Lib\site-packages\sympy\core\facts.py", line 343, in _process_rule
    self.process_rule(And(*[Not(barg) for barg in b.args]), Not(a))
    ~~~~~~~~~~~~~~~~~^^^^^^^^^^^^^^^^^^^^^^^^^^^^^^^^^^^^^^^^^^^^^^
  File "D:\CantorAI\xlang3\venv\cpython3.14-a6792301b742-compat-31b33d68c68a\Lib\site-packages\sympy\core\facts.py", line 321, in process_rule
    self._process_rule(a, b)
    ~~~~~~~~~~~~~~~~~~^^^^^^
  File "D:\CantorAI\xlang3\venv\cpython3.14-a6792301b742-compat-31b33d68c68a\Lib\site-packages\sympy\core\facts.py", line 343, in _process_rule
    self.process_rule(And(*[Not(barg) for barg in b.args]), Not(a))
    ~~~~~~~~~~~~~~~~~^^^^^^^^^^^^^^^^^^^^^^^^^^^^^^^^^^^^^^^^^^^^^^
  File "D:\CantorAI\xlang3\venv\cpython3.14-a6792301b742-compat-31b33d68c68a\Lib\site-packages\sympy\core\facts.py", line 321, in process_rule
    self._process_rule(a, b)
    ~~~~~~~~~~~~~~~~~~^^^^^^
  File "D:\CantorAI\xlang3\venv\cpython3.14-a6792301b742-compat-31b33d68c68a\Lib\site-packages\sympy\core\facts.py", line 343, in _process_rule
    self.process_rule(And(*[Not(barg) for barg in b.args]), Not(a))
    ~~~~~~~~~~~~~~~~~^^^^^^^^^^^^^^^^^^^^^^^^^^^^^^^^^^^^^^^^^^^^^^
  File "D:\CantorAI\xlang3\venv\cpython3.14-a6792301b742-compat-31b33d68c68a\Lib\site-packages\sympy\core\facts.py", line 321, in process_rule
    self._process_rule(a, b)
    ~~~~~~~~~~~~~~~~~~^^^^^^
  File "D:\CantorAI\xlang3\venv\cpython3.14-a6792301b742-compat-31b33d68c68a\Lib\site-packages\sympy\core\facts.py", line 343, in _process_rule
    self.process_rule(And(*[Not(barg) for barg in b.args]), Not(a))
    ~~~~~~~~~~~~~~~~~^^^^^^^^^^^^^^^^^^^^^^^^^^^^^^^^^^^^^^^^^^^^^^
  File "D:\CantorAI\xlang3\venv\cpython3.14-a6792301b742-compat-31b33d68c68a\Lib\site-packages\sympy\core\facts.py", line 321, in process_rule
    self._process_rule(a, b)
    ~~~~~~~~~~~~~~~~~~^^^^^^
  File "D:\CantorAI\xlang3\venv\cpython3.14-a6792301b742-compat-31b33d68c68a\Lib\site-packages\sympy\core\facts.py", line 343, in _process_rule
    self.process_rule(And(*[Not(barg) for barg in b.args]), Not(a))
    ~~~~~~~~~~~~~~~~~^^^^^^^^^^^^^^^^^^^^^^^^^^^^^^^^^^^^^^^^^^^^^^
  File "D:\CantorAI\xlang3\venv\cpython3.14-a6792301b742-compat-31b33d68c68a\Lib\site-packages\sympy\core\facts.py", line 321, in process_rule
    self._process_rule(a, b)
    ~~~~~~~~~~~~~~~~~~^^^^^^
  File "D:\CantorAI\xlang3\venv\cpython3.14-a6792301b742-compat-31b33d68c68a\Lib\site-packages\sympy\core\facts.py", line 343, in _process_rule
    self.process_rule(And(*[Not(barg) for barg in b.args]), Not(a))
    ~~~~~~~~~~~~~~~~~^^^^^^^^^^^^^^^^^^^^^^^^^^^^^^^^^^^^^^^^^^^^^^
  File "D:\CantorAI\xlang3\venv\cpython3.14-a6792301b742-compat-31b33d68c68a\Lib\site-packages\sympy\core\facts.py", line 321, in process_rule
    self._process_rule(a, b)
    ~~~~~~~~~~~~~~~~~~^^^^^^
  File "D:\CantorAI\xlang3\venv\cpython3.14-a6792301b742-compat-31b33d68c68a\Lib\site-packages\sympy\core\facts.py", line 343, in _process_rule
    self.process_rule(And(*[Not(barg) for barg in b.args]), Not(a))
    ~~~~~~~~~~~~~~~~~^^^^^^^^^^^^^^^^^^^^^^^^^^^^^^^^^^^^^^^^^^^^^^
  File "D:\CantorAI\xlang3\venv\cpython3.14-a6792301b742-compat-31b33d68c68a\Lib\site-packages\sympy\core\facts.py", line 321, in process_rule
    self._process_rule(a, b)
    ~~~~~~~~~~~~~~~~~~^^^^^^
  File "D:\CantorAI\xlang3\venv\cpython3.14-a6792301b742-compat-31b33d68c68a\Lib\site-packages\sympy\core\facts.py", line 343, in _process_rule
    self.process_rule(And(*[Not(barg) for barg in b.args]), Not(a))
    ~~~~~~~~~~~~~~~~~^^^^^^^^^^^^^^^^^^^^^^^^^^^^^^^^^^^^^^^^^^^^^^
  File "D:\CantorAI\xlang3\venv\cpython3.14-a6792301b742-compat-31b33d68c68a\Lib\site-packages\sympy\core\facts.py", line 321, in process_rule
    self._process_rule(a, b)
    ~~~~~~~~~~~~~~~~~~^^^^^^
  File "D:\CantorAI\xlang3\venv\cpython3.14-a6792301b742-compat-31b33d68c68a\Lib\site-packages\sympy\core\facts.py", line 343, in _process_rule
    self.process_rule(And(*[Not(barg) for barg in b.args]), Not(a))
    ~~~~~~~~~~~~~~~~~^^^^^^^^^^^^^^^^^^^^^^^^^^^^^^^^^^^^^^^^^^^^^^
  File "D:\CantorAI\xlang3\venv\cpython3.14-a6792301b742-compat-31b33d68c68a\Lib\site-packages\sympy\core\facts.py", line 321, in process_rule
    self._process_rule(a, b)
    ~~~~~~~~~~~~~~~~~~^^^^^^
  File "D:\CantorAI\xlang3\venv\cpython3.14-a6792301b742-compat-31b33d68c68a\Lib\site-packages\sympy\core\facts.py", line 343, in _process_rule
    self.process_rule(And(*[Not(barg) for barg in b.args]), Not(a))
    ~~~~~~~~~~~~~~~~~^^^^^^^^^^^^^^^^^^^^^^^^^^^^^^^^^^^^^^^^^^^^^^
  File "D:\CantorAI\xlang3\venv\cpython3.14-a6792301b742-compat-31b33d68c68a\Lib\site-packages\sympy\core\facts.py", line 321, in process_rule
    self._process_rule(a, b)
    ~~~~~~~~~~~~~~~~~~^^^^^^
  File "D:\CantorAI\xlang3\venv\cpython3.14-a6792301b742-compat-31b33d68c68a\Lib\site-packages\sympy\core\facts.py", line 343, in _process_rule
    self.process_rule(And(*[Not(barg) for barg in b.args]), Not(a))
    ~~~~~~~~~~~~~~~~~^^^^^^^^^^^^^^^^^^^^^^^^^^^^^^^^^^^^^^^^^^^^^^
  File "D:\CantorAI\xlang3\venv\cpython3.14-a6792301b742-compat-31b33d68c68a\Lib\site-packages\sympy\core\facts.py", line 321, in process_rule
    self._process_rule(a, b)
    ~~~~~~~~~~~~~~~~~~^^^^^^
  File "D:\CantorAI\xlang3\venv\cpython3.14-a6792301b742-compat-31b33d68c68a\Lib\site-packages\sympy\core\facts.py", line 343, in _process_rule
    self.process_rule(And(*[Not(barg) for barg in b.args]), Not(a))
    ~~~~~~~~~~~~~~~~~^^^^^^^^^^^^^^^^^^^^^^^^^^^^^^^^^^^^^^^^^^^^^^
  File "D:\CantorAI\xlang3\venv\cpython3.14-a6792301b742-compat-31b33d68c68a\Lib\site-packages\sympy\core\facts.py", line 321, in process_rule
    self._process_rule(a, b)
    ~~~~~~~~~~~~~~~~~~^^^^^^
  File "D:\CantorAI\xlang3\venv\cpython3.14-a6792301b742-compat-31b33d68c68a\Lib\site-packages\sympy\core\facts.py", line 343, in _process_rule
    self.process_rule(And(*[Not(barg) for barg in b.args]), Not(a))
    ~~~~~~~~~~~~~~~~~^^^^^^^^^^^^^^^^^^^^^^^^^^^^^^^^^^^^^^^^^^^^^^
  File "D:\CantorAI\xlang3\venv\cpython3.14-a6792301b742-compat-31b33d68c68a\Lib\site-packages\sympy\core\facts.py", line 321, in process_rule
    self._process_rule(a, b)
    ~~~~~~~~~~~~~~~~~~^^^^^^
  File "D:\CantorAI\xlang3\venv\cpython3.14-a6792301b742-compat-31b33d68c68a\Lib\site-packages\sympy\core\facts.py", line 343, in _process_rule
    self.process_rule(And(*[Not(barg) for barg in b.args]), Not(a))
    ~~~~~~~~~~~~~~~~~^^^^^^^^^^^^^^^^^^^^^^^^^^^^^^^^^^^^^^^^^^^^^^
  File "D:\CantorAI\xlang3\venv\cpython3.14-a6792301b742-compat-31b33d68c68a\Lib\site-packages\sympy\core\facts.py", line 321, in process_rule
    self._process_rule(a, b)
    ~~~~~~~~~~~~~~~~~~^^^^^^
  File "D:\CantorAI\xlang3\venv\cpython3.14-a6792301b742-compat-31b33d68c68a\Lib\site-packages\sympy\core\facts.py", line 343, in _process_rule
    self.process_rule(And(*[Not(barg) for barg in b.args]), Not(a))
    ~~~~~~~~~~~~~~~~~^^^^^^^^^^^^^^^^^^^^^^^^^^^^^^^^^^^^^^^^^^^^^^
  File "D:\CantorAI\xlang3\venv\cpython3.14-a6792301b742-compat-31b33d68c68a\Lib\site-packages\sympy\core\facts.py", line 321, in process_rule
    self._process_rule(a, b)
    ~~~~~~~~~~~~~~~~~~^^^^^^
  File "D:\CantorAI\xlang3\venv\cpython3.14-a6792301b742-compat-31b33d68c68a\Lib\site-packages\sympy\core\facts.py", line 343, in _process_rule
    self.process_rule(And(*[Not(barg) for barg in b.args]), Not(a))
    ~~~~~~~~~~~~~~~~~^^^^^^^^^^^^^^^^^^^^^^^^^^^^^^^^^^^^^^^^^^^^^^
  File "D:\CantorAI\xlang3\venv\cpython3.14-a6792301b742-compat-31b33d68c68a\Lib\site-packages\sympy\core\facts.py", line 321, in process_rule
    self._process_rule(a, b)
    ~~~~~~~~~~~~~~~~~~^^^^^^
  File "D:\CantorAI\xlang3\venv\cpython3.14-a6792301b742-compat-31b33d68c68a\Lib\site-packages\sympy\core\facts.py", line 343, in _process_rule
    self.process_rule(And(*[Not(barg) for barg in b.args]), Not(a))
    ~~~~~~~~~~~~~~~~~^^^^^^^^^^^^^^^^^^^^^^^^^^^^^^^^^^^^^^^^^^^^^^
  File "D:\CantorAI\xlang3\venv\cpython3.14-a6792301b742-compat-31b33d68c68a\Lib\site-packages\sympy\core\facts.py", line 321, in process_rule
    self._process_rule(a, b)
    ~~~~~~~~~~~~~~~~~~^^^^^^
  File "D:\CantorAI\xlang3\venv\cpython3.14-a6792301b742-compat-31b33d68c68a\Lib\site-packages\sympy\core\facts.py", line 343, in _process_rule
    self.process_rule(And(*[Not(barg) for barg in b.args]), Not(a))
    ~~~~~~~~~~~~~~~~~^^^^^^^^^^^^^^^^^^^^^^^^^^^^^^^^^^^^^^^^^^^^^^
  File "D:\CantorAI\xlang3\venv\cpython3.14-a6792301b742-compat-31b33d68c68a\Lib\site-packages\sympy\core\facts.py", line 321, in process_rule
    self._process_rule(a, b)
    ~~~~~~~~~~~~~~~~~~^^^^^^
  File "D:\CantorAI\xlang3\venv\cpython3.14-a6792301b742-compat-31b33d68c68a\Lib\site-packages\sympy\core\facts.py", line 343, in _process_rule
    self.process_rule(And(*[Not(barg) for barg in b.args]), Not(a))
    ~~~~~~~~~~~~~~~~~^^^^^^^^^^^^^^^^^^^^^^^^^^^^^^^^^^^^^^^^^^^^^^
  File "D:\CantorAI\xlang3\venv\cpython3.14-a6792301b742-compat-31b33d68c68a\Lib\site-packages\sympy\core\facts.py", line 321, in process_rule
    self._process_rule(a, b)
    ~~~~~~~~~~~~~~~~~~^^^^^^
  File "D:\CantorAI\xlang3\venv\cpython3.14-a6792301b742-compat-31b33d68c68a\Lib\site-packages\sympy\core\facts.py", line 343, in _process_rule
    self.process_rule(And(*[Not(barg) for barg in b.args]), Not(a))
    ~~~~~~~~~~~~~~~~~^^^^^^^^^^^^^^^^^^^^^^^^^^^^^^^^^^^^^^^^^^^^^^
  File "D:\CantorAI\xlang3\venv\cpython3.14-a6792301b742-compat-31b33d68c68a\Lib\site-packages\sympy\core\facts.py", line 321, in process_rule
    self._process_rule(a, b)
    ~~~~~~~~~~~~~~~~~~^^^^^^
  File "D:\CantorAI\xlang3\venv\cpython3.14-a6792301b742-compat-31b33d68c68a\Lib\site-packages\sympy\core\facts.py", line 343, in _process_rule
    self.process_rule(And(*[Not(barg) for barg in b.args]), Not(a))
    ~~~~~~~~~~~~~~~~~^^^^^^^^^^^^^^^^^^^^^^^^^^^^^^^^^^^^^^^^^^^^^^
  File "D:\CantorAI\xlang3\venv\cpython3.14-a6792301b742-compat-31b33d68c68a\Lib\site-packages\sympy\core\facts.py", line 321, in process_rule
    self._process_rule(a, b)
    ~~~~~~~~~~~~~~~~~~^^^^^^
  File "D:\CantorAI\xlang3\venv\cpython3.14-a6792301b742-compat-31b33d68c68a\Lib\site-packages\sympy\core\facts.py", line 343, in _process_rule
    self.process_rule(And(*[Not(barg) for barg in b.args]), Not(a))
    ~~~~~~~~~~~~~~~~~^^^^^^^^^^^^^^^^^^^^^^^^^^^^^^^^^^^^^^^^^^^^^^
  File "D:\CantorAI\xlang3\venv\cpython3.14-a6792301b742-compat-31b33d68c68a\Lib\site-packages\sympy\core\facts.py", line 321, in process_rule
    self._process_rule(a, b)
    ~~~~~~~~~~~~~~~~~~^^^^^^
  File "D:\CantorAI\xlang3\venv\cpython3.14-a6792301b742-compat-31b33d68c68a\Lib\site-packages\sympy\core\facts.py", line 343, in _process_rule
    self.process_rule(And(*[Not(barg) for barg in b.args]), Not(a))
    ~~~~~~~~~~~~~~~~~^^^^^^^^^^^^^^^^^^^^^^^^^^^^^^^^^^^^^^^^^^^^^^
  File "D:\CantorAI\xlang3\venv\cpython3.14-a6792301b742-compat-31b33d68c68a\Lib\site-packages\sympy\core\facts.py", line 321, in process_rule
    self._process_rule(a, b)
    ~~~~~~~~~~~~~~~~~~^^^^^^
  File "D:\CantorAI\xlang3\venv\cpython3.14-a6792301b742-compat-31b33d68c68a\Lib\site-packages\sympy\core\facts.py", line 343, in _process_rule
    self.process_rule(And(*[Not(barg) for barg in b.args]), Not(a))
    ~~~~~~~~~~~~~~~~~^^^^^^^^^^^^^^^^^^^^^^^^^^^^^^^^^^^^^^^^^^^^^^
  File "D:\CantorAI\xlang3\venv\cpython3.14-a6792301b742-compat-31b33d68c68a\Lib\site-packages\sympy\core\facts.py", line 321, in process_rule
    self._process_rule(a, b)
    ~~~~~~~~~~~~~~~~~~^^^^^^
  File "D:\CantorAI\xlang3\venv\cpython3.14-a6792301b742-compat-31b33d68c68a\Lib\site-packages\sympy\core\facts.py", line 343, in _process_rule
    self.process_rule(And(*[Not(barg) for barg in b.args]), Not(a))
    ~~~~~~~~~~~~~~~~~^^^^^^^^^^^^^^^^^^^^^^^^^^^^^^^^^^^^^^^^^^^^^^
  File "D:\CantorAI\xlang3\venv\cpython3.14-a6792301b742-compat-31b33d68c68a\Lib\site-packages\sympy\core\facts.py", line 321, in process_rule
    self._process_rule(a, b)
    ~~~~~~~~~~~~~~~~~~^^^^^^
  File "D:\CantorAI\xlang3\venv\cpython3.14-a6792301b742-compat-31b33d68c68a\Lib\site-packages\sympy\core\facts.py", line 343, in _process_rule
    self.process_rule(And(*[Not(barg) for barg in b.args]), Not(a))
    ~~~~~~~~~~~~~~~~~^^^^^^^^^^^^^^^^^^^^^^^^^^^^^^^^^^^^^^^^^^^^^^
  File "D:\CantorAI\xlang3\venv\cpython3.14-a6792301b742-compat-31b33d68c68a\Lib\site-packages\sympy\core\facts.py", line 321, in process_rule
    self._process_rule(a, b)
    ~~~~~~~~~~~~~~~~~~^^^^^^
  File "D:\CantorAI\xlang3\venv\cpython3.14-a6792301b742-compat-31b33d68c68a\Lib\site-packages\sympy\core\facts.py", line 343, in _process_rule
    self.process_rule(And(*[Not(barg) for barg in b.args]), Not(a))
    ~~~~~~~~~~~~~~~~~^^^^^^^^^^^^^^^^^^^^^^^^^^^^^^^^^^^^^^^^^^^^^^
  File "D:\CantorAI\xlang3\venv\cpython3.14-a6792301b742-compat-31b33d68c68a\Lib\site-packages\sympy\core\facts.py", line 321, in process_rule
    self._process_rule(a, b)
    ~~~~~~~~~~~~~~~~~~^^^^^^
  File "D:\CantorAI\xlang3\venv\cpython3.14-a6792301b742-compat-31b33d68c68a\Lib\site-packages\sympy\core\facts.py", line 343, in _process_rule
    self.process_rule(And(*[Not(barg) for barg in b.args]), Not(a))
    ~~~~~~~~~~~~~~~~~^^^^^^^^^^^^^^^^^^^^^^^^^^^^^^^^^^^^^^^^^^^^^^
  File "D:\CantorAI\xlang3\venv\cpython3.14-a6792301b742-compat-31b33d68c68a\Lib\site-packages\sympy\core\facts.py", line 321, in process_rule
    self._process_rule(a, b)
    ~~~~~~~~~~~~~~~~~~^^^^^^
  File "D:\CantorAI\xlang3\venv\cpython3.14-a6792301b742-compat-31b33d68c68a\Lib\site-packages\sympy\core\facts.py", line 343, in _process_rule
    self.process_rule(And(*[Not(barg) for barg in b.args]), Not(a))
    ~~~~~~~~~~~~~~~~~^^^^^^^^^^^^^^^^^^^^^^^^^^^^^^^^^^^^^^^^^^^^^^
  File "D:\CantorAI\xlang3\venv\cpython3.14-a6792301b742-compat-31b33d68c68a\Lib\site-packages\sympy\core\facts.py", line 321, in process_rule
    self._process_rule(a, b)
    ~~~~~~~~~~~~~~~~~~^^^^^^
  File "D:\CantorAI\xlang3\venv\cpython3.14-a6792301b742-compat-31b33d68c68a\Lib\site-packages\sympy\core\facts.py", line 343, in _process_rule
    self.process_rule(And(*[Not(barg) for barg in b.args]), Not(a))
    ~~~~~~~~~~~~~~~~~^^^^^^^^^^^^^^^^^^^^^^^^^^^^^^^^^^^^^^^^^^^^^^
  File "D:\CantorAI\xlang3\venv\cpython3.14-a6792301b742-compat-31b33d68c68a\Lib\site-packages\sympy\core\facts.py", line 321, in process_rule
    self._process_rule(a, b)
    ~~~~~~~~~~~~~~~~~~^^^^^^
  File "D:\CantorAI\xlang3\venv\cpython3.14-a6792301b742-compat-31b33d68c68a\Lib\site-packages\sympy\core\facts.py", line 343, in _process_rule
    self.process_rule(And(*[Not(barg) for barg in b.args]), Not(a))
    ~~~~~~~~~~~~~~~~~^^^^^^^^^^^^^^^^^^^^^^^^^^^^^^^^^^^^^^^^^^^^^^
  File "D:\CantorAI\xlang3\venv\cpython3.14-a6792301b742-compat-31b33d68c68a\Lib\site-packages\sympy\core\facts.py", line 321, in process_rule
    self._process_rule(a, b)
    ~~~~~~~~~~~~~~~~~~^^^^^^
  File "D:\CantorAI\xlang3\venv\cpython3.14-a6792301b742-compat-31b33d68c68a\Lib\site-packages\sympy\core\facts.py", line 343, in _process_rule
    self.process_rule(And(*[Not(barg) for barg in b.args]), Not(a))
    ~~~~~~~~~~~~~~~~~^^^^^^^^^^^^^^^^^^^^^^^^^^^^^^^^^^^^^^^^^^^^^^
  File "D:\CantorAI\xlang3\venv\cpython3.14-a6792301b742-compat-31b33d68c68a\Lib\site-packages\sympy\core\facts.py", line 321, in process_rule
    self._process_rule(a, b)
    ~~~~~~~~~~~~~~~~~~^^^^^^
  File "D:\CantorAI\xlang3\venv\cpython3.14-a6792301b742-compat-31b33d68c68a\Lib\site-packages\sympy\core\facts.py", line 343, in _process_rule
    self.process_rule(And(*[Not(barg) for barg in b.args]), Not(a))
    ~~~~~~~~~~~~~~~~~^^^^^^^^^^^^^^^^^^^^^^^^^^^^^^^^^^^^^^^^^^^^^^
  File "D:\CantorAI\xlang3\venv\cpython3.14-a6792301b742-compat-31b33d68c68a\Lib\site-packages\sympy\core\facts.py", line 321, in process_rule
    self._process_rule(a, b)
    ~~~~~~~~~~~~~~~~~~^^^^^^
  File "D:\CantorAI\xlang3\venv\cpython3.14-a6792301b742-compat-31b33d68c68a\Lib\site-packages\sympy\core\facts.py", line 343, in _process_rule
    self.process_rule(And(*[Not(barg) for barg in b.args]), Not(a))
    ~~~~~~~~~~~~~~~~~^^^^^^^^^^^^^^^^^^^^^^^^^^^^^^^^^^^^^^^^^^^^^^
  File "D:\CantorAI\xlang3\venv\cpython3.14-a6792301b742-compat-31b33d68c68a\Lib\site-packages\sympy\core\facts.py", line 321, in process_rule
    self._process_rule(a, b)
    ~~~~~~~~~~~~~~~~~~^^^^^^
  File "D:\CantorAI\xlang3\venv\cpython3.14-a6792301b742-compat-31b33d68c68a\Lib\site-packages\sympy\core\facts.py", line 343, in _process_rule
    self.process_rule(And(*[Not(barg) for barg in b.args]), Not(a))
    ~~~~~~~~~~~~~~~~~^^^^^^^^^^^^^^^^^^^^^^^^^^^^^^^^^^^^^^^^^^^^^^
  File "D:\CantorAI\xlang3\venv\cpython3.14-a6792301b742-compat-31b33d68c68a\Lib\site-packages\sympy\core\facts.py", line 321, in process_rule
    self._process_rule(a, b)
    ~~~~~~~~~~~~~~~~~~^^^^^^
  File "D:\CantorAI\xlang3\venv\cpython3.14-a6792301b742-compat-31b33d68c68a\Lib\site-packages\sympy\core\facts.py", line 343, in _process_rule
    self.process_rule(And(*[Not(barg) for barg in b.args]), Not(a))
    ~~~~~~~~~~~~~~~~~^^^^^^^^^^^^^^^^^^^^^^^^^^^^^^^^^^^^^^^^^^^^^^
  File "D:\CantorAI\xlang3\venv\cpython3.14-a6792301b742-compat-31b33d68c68a\Lib\site-packages\sympy\core\facts.py", line 321, in process_rule
    self._process_rule(a, b)
    ~~~~~~~~~~~~~~~~~~^^^^^^
  File "D:\CantorAI\xlang3\venv\cpython3.14-a6792301b742-compat-31b33d68c68a\Lib\site-packages\sympy\core\facts.py", line 343, in _process_rule
    self.process_rule(And(*[Not(barg) for barg in b.args]), Not(a))
    ~~~~~~~~~~~~~~~~~^^^^^^^^^^^^^^^^^^^^^^^^^^^^^^^^^^^^^^^^^^^^^^
  File "D:\CantorAI\xlang3\venv\cpython3.14-a6792301b742-compat-31b33d68c68a\Lib\site-packages\sympy\core\facts.py", line 321, in process_rule
    self._process_rule(a, b)
    ~~~~~~~~~~~~~~~~~~^^^^^^
  File "D:\CantorAI\xlang3\venv\cpython3.14-a6792301b742-compat-31b33d68c68a\Lib\site-packages\sympy\core\facts.py", line 343, in _process_rule
    self.process_rule(And(*[Not(barg) for barg in b.args]), Not(a))
    ~~~~~~~~~~~~~~~~~^^^^^^^^^^^^^^^^^^^^^^^^^^^^^^^^^^^^^^^^^^^^^^
  File "D:\CantorAI\xlang3\venv\cpython3.14-a6792301b742-compat-31b33d68c68a\Lib\site-packages\sympy\core\facts.py", line 321, in process_rule
    self._process_rule(a, b)
    ~~~~~~~~~~~~~~~~~~^^^^^^
  File "D:\CantorAI\xlang3\venv\cpython3.14-a6792301b742-compat-31b33d68c68a\Lib\site-packages\sympy\core\facts.py", line 343, in _process_rule
    self.process_rule(And(*[Not(barg) for barg in b.args]), Not(a))
    ~~~~~~~~~~~~~~~~~^^^^^^^^^^^^^^^^^^^^^^^^^^^^^^^^^^^^^^^^^^^^^^
  File "D:\CantorAI\xlang3\venv\cpython3.14-a6792301b742-compat-31b33d68c68a\Lib\site-packages\sympy\core\facts.py", line 321, in process_rule
    self._process_rule(a, b)
    ~~~~~~~~~~~~~~~~~~^^^^^^
  File "D:\CantorAI\xlang3\venv\cpython3.14-a6792301b742-compat-31b33d68c68a\Lib\site-packages\sympy\core\facts.py", line 343, in _process_rule
    self.process_rule(And(*[Not(barg) for barg in b.args]), Not(a))
    ~~~~~~~~~~~~~~~~~^^^^^^^^^^^^^^^^^^^^^^^^^^^^^^^^^^^^^^^^^^^^^^
  File "D:\CantorAI\xlang3\venv\cpython3.14-a6792301b742-compat-31b33d68c68a\Lib\site-packages\sympy\core\facts.py", line 321, in process_rule
    self._process_rule(a, b)
    ~~~~~~~~~~~~~~~~~~^^^^^^
  File "D:\CantorAI\xlang3\venv\cpython3.14-a6792301b742-compat-31b33d68c68a\Lib\site-packages\sympy\core\facts.py", line 343, in _process_rule
    self.process_rule(And(*[Not(barg) for barg in b.args]), Not(a))
    ~~~~~~~~~~~~~~~~~^^^^^^^^^^^^^^^^^^^^^^^^^^^^^^^^^^^^^^^^^^^^^^
  File "D:\CantorAI\xlang3\venv\cpython3.14-a6792301b742-compat-31b33d68c68a\Lib\site-packages\sympy\core\facts.py", line 321, in process_rule
    self._process_rule(a, b)
    ~~~~~~~~~~~~~~~~~~^^^^^^
  File "D:\CantorAI\xlang3\venv\cpython3.14-a6792301b742-compat-31b33d68c68a\Lib\site-packages\sympy\core\facts.py", line 343, in _process_rule
    self.process_rule(And(*[Not(barg) for barg in b.args]), Not(a))
    ~~~~~~~~~~~~~~~~~^^^^^^^^^^^^^^^^^^^^^^^^^^^^^^^^^^^^^^^^^^^^^^
  File "D:\CantorAI\xlang3\venv\cpython3.14-a6792301b742-compat-31b33d68c68a\Lib\site-packages\sympy\core\facts.py", line 321, in process_rule
    self._process_rule(a, b)
    ~~~~~~~~~~~~~~~~~~^^^^^^
  File "D:\CantorAI\xlang3\venv\cpython3.14-a6792301b742-compat-31b33d68c68a\Lib\site-packages\sympy\core\facts.py", line 343, in _process_rule
    self.process_rule(And(*[Not(barg) for barg in b.args]), Not(a))
    ~~~~~~~~~~~~~~~~~^^^^^^^^^^^^^^^^^^^^^^^^^^^^^^^^^^^^^^^^^^^^^^
  File "D:\CantorAI\xlang3\venv\cpython3.14-a6792301b742-compat-31b33d68c68a\Lib\site-packages\sympy\core\facts.py", line 321, in process_rule
    self._process_rule(a, b)
    ~~~~~~~~~~~~~~~~~~^^^^^^
  File "D:\CantorAI\xlang3\venv\cpython3.14-a6792301b742-compat-31b33d68c68a\Lib\site-packages\sympy\core\facts.py", line 343, in _process_rule
    self.process_rule(And(*[Not(barg) for barg in b.args]), Not(a))
    ~~~~~~~~~~~~~~~~~^^^^^^^^^^^^^^^^^^^^^^^^^^^^^^^^^^^^^^^^^^^^^^
  File "D:\CantorAI\xlang3\venv\cpython3.14-a6792301b742-compat-31b33d68c68a\Lib\site-packages\sympy\core\facts.py", line 321, in process_rule
    self._process_rule(a, b)
    ~~~~~~~~~~~~~~~~~~^^^^^^
  File "D:\CantorAI\xlang3\venv\cpython3.14-a6792301b742-compat-31b33d68c68a\Lib\site-packages\sympy\core\facts.py", line 343, in _process_rule
    self.process_rule(And(*[Not(barg) for barg in b.args]), Not(a))
    ~~~~~~~~~~~~~~~~~^^^^^^^^^^^^^^^^^^^^^^^^^^^^^^^^^^^^^^^^^^^^^^
  File "D:\CantorAI\xlang3\venv\cpython3.14-a6792301b742-compat-31b33d68c68a\Lib\site-packages\sympy\core\facts.py", line 321, in process_rule
    self._process_rule(a, b)
    ~~~~~~~~~~~~~~~~~~^^^^^^
  File "D:\CantorAI\xlang3\venv\cpython3.14-a6792301b742-compat-31b33d68c68a\Lib\site-packages\sympy\core\facts.py", line 343, in _process_rule
    self.process_rule(And(*[Not(barg) for barg in b.args]), Not(a))
    ~~~~~~~~~~~~~~~~~^^^^^^^^^^^^^^^^^^^^^^^^^^^^^^^^^^^^^^^^^^^^^^
  File "D:\CantorAI\xlang3\venv\cpython3.14-a6792301b742-compat-31b33d68c68a\Lib\site-packages\sympy\core\facts.py", line 321, in process_rule
    self._process_rule(a, b)
    ~~~~~~~~~~~~~~~~~~^^^^^^
  File "D:\CantorAI\xlang3\venv\cpython3.14-a6792301b742-compat-31b33d68c68a\Lib\site-packages\sympy\core\facts.py", line 343, in _process_rule
    self.process_rule(And(*[Not(barg) for barg in b.args]), Not(a))
    ~~~~~~~~~~~~~~~~~^^^^^^^^^^^^^^^^^^^^^^^^^^^^^^^^^^^^^^^^^^^^^^
  File "D:\CantorAI\xlang3\venv\cpython3.14-a6792301b742-compat-31b33d68c68a\Lib\site-packages\sympy\core\facts.py", line 321, in process_rule
    self._process_rule(a, b)
    ~~~~~~~~~~~~~~~~~~^^^^^^
  File "D:\CantorAI\xlang3\venv\cpython3.14-a6792301b742-compat-31b33d68c68a\Lib\site-packages\sympy\core\facts.py", line 343, in _process_rule
    self.process_rule(And(*[Not(barg) for barg in b.args]), Not(a))
    ~~~~~~~~~~~~~~~~~^^^^^^^^^^^^^^^^^^^^^^^^^^^^^^^^^^^^^^^^^^^^^^
  File "D:\CantorAI\xlang3\venv\cpython3.14-a6792301b742-compat-31b33d68c68a\Lib\site-packages\sympy\core\facts.py", line 321, in process_rule
    self._process_rule(a, b)
    ~~~~~~~~~~~~~~~~~~^^^^^^
  File "D:\CantorAI\xlang3\venv\cpython3.14-a6792301b742-compat-31b33d68c68a\Lib\site-packages\sympy\core\facts.py", line 343, in _process_rule
    self.process_rule(And(*[Not(barg) for barg in b.args]), Not(a))
    ~~~~~~~~~~~~~~~~~^^^^^^^^^^^^^^^^^^^^^^^^^^^^^^^^^^^^^^^^^^^^^^
  File "D:\CantorAI\xlang3\venv\cpython3.14-a6792301b742-compat-31b33d68c68a\Lib\site-packages\sympy\core\facts.py", line 321, in process_rule
    self._process_rule(a, b)
    ~~~~~~~~~~~~~~~~~~^^^^^^
  File "D:\CantorAI\xlang3\venv\cpython3.14-a6792301b742-compat-31b33d68c68a\Lib\site-packages\sympy\core\facts.py", line 343, in _process_rule
    self.process_rule(And(*[Not(barg) for barg in b.args]), Not(a))
    ~~~~~~~~~~~~~~~~~^^^^^^^^^^^^^^^^^^^^^^^^^^^^^^^^^^^^^^^^^^^^^^
  File "D:\CantorAI\xlang3\venv\cpython3.14-a6792301b742-compat-31b33d68c68a\Lib\site-packages\sympy\core\facts.py", line 321, in process_rule
    self._process_rule(a, b)
    ~~~~~~~~~~~~~~~~~~^^^^^^
  File "D:\CantorAI\xlang3\venv\cpython3.14-a6792301b742-compat-31b33d68c68a\Lib\site-packages\sympy\core\facts.py", line 343, in _process_rule
    self.process_rule(And(*[Not(barg) for barg in b.args]), Not(a))
    ~~~~~~~~~~~~~~~~~^^^^^^^^^^^^^^^^^^^^^^^^^^^^^^^^^^^^^^^^^^^^^^
  File "D:\CantorAI\xlang3\venv\cpython3.14-a6792301b742-compat-31b33d68c68a\Lib\site-packages\sympy\core\facts.py", line 321, in process_rule
    self._process_rule(a, b)
    ~~~~~~~~~~~~~~~~~~^^^^^^
  File "D:\CantorAI\xlang3\venv\cpython3.14-a6792301b742-compat-31b33d68c68a\Lib\site-packages\sympy\core\facts.py", line 343, in _process_rule
    self.process_rule(And(*[Not(barg) for barg in b.args]), Not(a))
    ~~~~~~~~~~~~~~~~~^^^^^^^^^^^^^^^^^^^^^^^^^^^^^^^^^^^^^^^^^^^^^^
  File "D:\CantorAI\xlang3\venv\cpython3.14-a6792301b742-compat-31b33d68c68a\Lib\site-packages\sympy\core\facts.py", line 321, in process_rule
    self._process_rule(a, b)
    ~~~~~~~~~~~~~~~~~~^^^^^^
  File "D:\CantorAI\xlang3\venv\cpython3.14-a6792301b742-compat-31b33d68c68a\Lib\site-packages\sympy\core\facts.py", line 343, in _process_rule
    self.process_rule(And(*[Not(barg) for barg in b.args]), Not(a))
    ~~~~~~~~~~~~~~~~~^^^^^^^^^^^^^^^^^^^^^^^^^^^^^^^^^^^^^^^^^^^^^^
  File "D:\CantorAI\xlang3\venv\cpython3.14-a6792301b742-compat-31b33d68c68a\Lib\site-packages\sympy\core\facts.py", line 321, in process_rule
    self._process_rule(a, b)
    ~~~~~~~~~~~~~~~~~~^^^^^^
  File "D:\CantorAI\xlang3\venv\cpython3.14-a6792301b742-compat-31b33d68c68a\Lib\site-packages\sympy\core\facts.py", line 343, in _process_rule
    self.process_rule(And(*[Not(barg) for barg in b.args]), Not(a))
    ~~~~~~~~~~~~~~~~~^^^^^^^^^^^^^^^^^^^^^^^^^^^^^^^^^^^^^^^^^^^^^^
  File "D:\CantorAI\xlang3\venv\cpython3.14-a6792301b742-compat-31b33d68c68a\Lib\site-packages\sympy\core\facts.py", line 321, in process_rule
    self._process_rule(a, b)
    ~~~~~~~~~~~~~~~~~~^^^^^^
  File "D:\CantorAI\xlang3\venv\cpython3.14-a6792301b742-compat-31b33d68c68a\Lib\site-packages\sympy\core\facts.py", line 343, in _process_rule
    self.process_rule(And(*[Not(barg) for barg in b.args]), Not(a))
    ~~~~~~~~~~~~~~~~~^^^^^^^^^^^^^^^^^^^^^^^^^^^^^^^^^^^^^^^^^^^^^^
  File "D:\CantorAI\xlang3\venv\cpython3.14-a6792301b742-compat-31b33d68c68a\Lib\site-packages\sympy\core\facts.py", line 321, in process_rule
    self._process_rule(a, b)
    ~~~~~~~~~~~~~~~~~~^^^^^^
  File "D:\CantorAI\xlang3\venv\cpython3.14-a6792301b742-compat-31b33d68c68a\Lib\site-packages\sympy\core\facts.py", line 343, in _process_rule
    self.process_rule(And(*[Not(barg) for barg in b.args]), Not(a))
    ~~~~~~~~~~~~~~~~~^^^^^^^^^^^^^^^^^^^^^^^^^^^^^^^^^^^^^^^^^^^^^^
  File "D:\CantorAI\xlang3\venv\cpython3.14-a6792301b742-compat-31b33d68c68a\Lib\site-packages\sympy\core\facts.py", line 321, in process_rule
    self._process_rule(a, b)
    ~~~~~~~~~~~~~~~~~~^^^^^^
  File "D:\CantorAI\xlang3\venv\cpython3.14-a6792301b742-compat-31b33d68c68a\Lib\site-packages\sympy\core\facts.py", line 343, in _process_rule
    self.process_rule(And(*[Not(barg) for barg in b.args]), Not(a))
    ~~~~~~~~~~~~~~~~~^^^^^^^^^^^^^^^^^^^^^^^^^^^^^^^^^^^^^^^^^^^^^^
  File "D:\CantorAI\xlang3\venv\cpython3.14-a6792301b742-compat-31b33d68c68a\Lib\site-packages\sympy\core\facts.py", line 321, in process_rule
    self._process_rule(a, b)
    ~~~~~~~~~~~~~~~~~~^^^^^^
  File "D:\CantorAI\xlang3\venv\cpython3.14-a6792301b742-compat-31b33d68c68a\Lib\site-packages\sympy\core\facts.py", line 343, in _process_rule
    self.process_rule(And(*[Not(barg) for barg in b.args]), Not(a))
    ~~~~~~~~~~~~~~~~~^^^^^^^^^^^^^^^^^^^^^^^^^^^^^^^^^^^^^^^^^^^^^^
  File "D:\CantorAI\xlang3\venv\cpython3.14-a6792301b742-compat-31b33d68c68a\Lib\site-packages\sympy\core\facts.py", line 321, in process_rule
    self._process_rule(a, b)
    ~~~~~~~~~~~~~~~~~~^^^^^^
  File "D:\CantorAI\xlang3\venv\cpython3.14-a6792301b742-compat-31b33d68c68a\Lib\site-packages\sympy\core\facts.py", line 343, in _process_rule
    self.process_rule(And(*[Not(barg) for barg in b.args]), Not(a))
    ~~~~~~~~~~~~~~~~~^^^^^^^^^^^^^^^^^^^^^^^^^^^^^^^^^^^^^^^^^^^^^^
  File "D:\CantorAI\xlang3\venv\cpython3.14-a6792301b742-compat-31b33d68c68a\Lib\site-packages\sympy\core\facts.py", line 321, in process_rule
    self._process_rule(a, b)
    ~~~~~~~~~~~~~~~~~~^^^^^^
  File "D:\CantorAI\xlang3\venv\cpython3.14-a6792301b742-compat-31b33d68c68a\Lib\site-packages\sympy\core\facts.py", line 343, in _process_rule
    self.process_rule(And(*[Not(barg) for barg in b.args]), Not(a))
    ~~~~~~~~~~~~~~~~~^^^^^^^^^^^^^^^^^^^^^^^^^^^^^^^^^^^^^^^^^^^^^^
  File "D:\CantorAI\xlang3\venv\cpython3.14-a6792301b742-compat-31b33d68c68a\Lib\site-packages\sympy\core\facts.py", line 321, in process_rule
    self._process_rule(a, b)
    ~~~~~~~~~~~~~~~~~~^^^^^^
  File "D:\CantorAI\xlang3\venv\cpython3.14-a6792301b742-compat-31b33d68c68a\Lib\site-packages\sympy\core\facts.py", line 343, in _process_rule
    self.process_rule(And(*[Not(barg) for barg in b.args]), Not(a))
    ~~~~~~~~~~~~~~~~~^^^^^^^^^^^^^^^^^^^^^^^^^^^^^^^^^^^^^^^^^^^^^^
  File "D:\CantorAI\xlang3\venv\cpython3.14-a6792301b742-compat-31b33d68c68a\Lib\site-packages\sympy\core\facts.py", line 321, in process_rule
    self._process_rule(a, b)
    ~~~~~~~~~~~~~~~~~~^^^^^^
  File "D:\CantorAI\xlang3\venv\cpython3.14-a6792301b742-compat-31b33d68c68a\Lib\site-packages\sympy\core\facts.py", line 343, in _process_rule
    self.process_rule(And(*[Not(barg) for barg in b.args]), Not(a))
    ~~~~~~~~~~~~~~~~~^^^^^^^^^^^^^^^^^^^^^^^^^^^^^^^^^^^^^^^^^^^^^^
  File "D:\CantorAI\xlang3\venv\cpython3.14-a6792301b742-compat-31b33d68c68a\Lib\site-packages\sympy\core\facts.py", line 321, in process_rule
    self._process_rule(a, b)
    ~~~~~~~~~~~~~~~~~~^^^^^^
  File "D:\CantorAI\xlang3\venv\cpython3.14-a6792301b742-compat-31b33d68c68a\Lib\site-packages\sympy\core\facts.py", line 343, in _process_rule
    self.process_rule(And(*[Not(barg) for barg in b.args]), Not(a))
    ~~~~~~~~~~~~~~~~~^^^^^^^^^^^^^^^^^^^^^^^^^^^^^^^^^^^^^^^^^^^^^^
  File "D:\CantorAI\xlang3\venv\cpython3.14-a6792301b742-compat-31b33d68c68a\Lib\site-packages\sympy\core\facts.py", line 321, in process_rule
    self._process_rule(a, b)
    ~~~~~~~~~~~~~~~~~~^^^^^^
  File "D:\CantorAI\xlang3\venv\cpython3.14-a6792301b742-compat-31b33d68c68a\Lib\site-packages\sympy\core\facts.py", line 343, in _process_rule
    self.process_rule(And(*[Not(barg) for barg in b.args]), Not(a))
    ~~~~~~~~~~~~~~~~~^^^^^^^^^^^^^^^^^^^^^^^^^^^^^^^^^^^^^^^^^^^^^^
  File "D:\CantorAI\xlang3\venv\cpython3.14-a6792301b742-compat-31b33d68c68a\Lib\site-packages\sympy\core\facts.py", line 321, in process_rule
    self._process_rule(a, b)
    ~~~~~~~~~~~~~~~~~~^^^^^^
  File "D:\CantorAI\xlang3\venv\cpython3.14-a6792301b742-compat-31b33d68c68a\Lib\site-packages\sympy\core\facts.py", line 343, in _process_rule
    self.process_rule(And(*[Not(barg) for barg in b.args]), Not(a))
    ~~~~~~~~~~~~~~~~~^^^^^^^^^^^^^^^^^^^^^^^^^^^^^^^^^^^^^^^^^^^^^^
  File "D:\CantorAI\xlang3\venv\cpython3.14-a6792301b742-compat-31b33d68c68a\Lib\site-packages\sympy\core\facts.py", line 321, in process_rule
    self._process_rule(a, b)
    ~~~~~~~~~~~~~~~~~~^^^^^^
  File "D:\CantorAI\xlang3\venv\cpython3.14-a6792301b742-compat-31b33d68c68a\Lib\site-packages\sympy\core\facts.py", line 343, in _process_rule
    self.process_rule(And(*[Not(barg) for barg in b.args]), Not(a))
    ~~~~~~~~~~~~~~~~~^^^^^^^^^^^^^^^^^^^^^^^^^^^^^^^^^^^^^^^^^^^^^^
  File "D:\CantorAI\xlang3\venv\cpython3.14-a6792301b742-compat-31b33d68c68a\Lib\site-packages\sympy\core\facts.py", line 321, in process_rule
    self._process_rule(a, b)
    ~~~~~~~~~~~~~~~~~~^^^^^^
  File "D:\CantorAI\xlang3\venv\cpython3.14-a6792301b742-compat-31b33d68c68a\Lib\site-packages\sympy\core\facts.py", line 343, in _process_rule
    self.process_rule(And(*[Not(barg) for barg in b.args]), Not(a))
    ~~~~~~~~~~~~~~~~~^^^^^^^^^^^^^^^^^^^^^^^^^^^^^^^^^^^^^^^^^^^^^^
  File "D:\CantorAI\xlang3\venv\cpython3.14-a6792301b742-compat-31b33d68c68a\Lib\site-packages\sympy\core\facts.py", line 321, in process_rule
    self._process_rule(a, b)
    ~~~~~~~~~~~~~~~~~~^^^^^^
  File "D:\CantorAI\xlang3\venv\cpython3.14-a6792301b742-compat-31b33d68c68a\Lib\site-packages\sympy\core\facts.py", line 343, in _process_rule
    self.process_rule(And(*[Not(barg) for barg in b.args]), Not(a))
    ~~~~~~~~~~~~~~~~~^^^^^^^^^^^^^^^^^^^^^^^^^^^^^^^^^^^^^^^^^^^^^^
  File "D:\CantorAI\xlang3\venv\cpython3.14-a6792301b742-compat-31b33d68c68a\Lib\site-packages\sympy\core\facts.py", line 321, in process_rule
    self._process_rule(a, b)
    ~~~~~~~~~~~~~~~~~~^^^^^^
  File "D:\CantorAI\xlang3\venv\cpython3.14-a6792301b742-compat-31b33d68c68a\Lib\site-packages\sympy\core\facts.py", line 343, in _process_rule
    self.process_rule(And(*[Not(barg) for barg in b.args]), Not(a))
    ~~~~~~~~~~~~~~~~~^^^^^^^^^^^^^^^^^^^^^^^^^^^^^^^^^^^^^^^^^^^^^^
  File "D:\CantorAI\xlang3\venv\cpython3.14-a6792301b742-compat-31b33d68c68a\Lib\site-packages\sympy\core\facts.py", line 321, in process_rule
    self._process_rule(a, b)
    ~~~~~~~~~~~~~~~~~~^^^^^^
  File "D:\CantorAI\xlang3\venv\cpython3.14-a6792301b742-compat-31b33d68c68a\Lib\site-packages\sympy\core\facts.py", line 343, in _process_rule
    self.process_rule(And(*[Not(barg) for barg in b.args]), Not(a))
    ~~~~~~~~~~~~~~~~~^^^^^^^^^^^^^^^^^^^^^^^^^^^^^^^^^^^^^^^^^^^^^^
  File "D:\CantorAI\xlang3\venv\cpython3.14-a6792301b742-compat-31b33d68c68a\Lib\site-packages\sympy\core\facts.py", line 321, in process_rule
    self._process_rule(a, b)
    ~~~~~~~~~~~~~~~~~~^^^^^^
  File "D:\CantorAI\xlang3\venv\cpython3.14-a6792301b742-compat-31b33d68c68a\Lib\site-packages\sympy\core\facts.py", line 343, in _process_rule
    self.process_rule(And(*[Not(barg) for barg in b.args]), Not(a))
    ~~~~~~~~~~~~~~~~~^^^^^^^^^^^^^^^^^^^^^^^^^^^^^^^^^^^^^^^^^^^^^^
  File "D:\CantorAI\xlang3\venv\cpython3.14-a6792301b742-compat-31b33d68c68a\Lib\site-packages\sympy\core\facts.py", line 321, in process_rule
    self._process_rule(a, b)
    ~~~~~~~~~~~~~~~~~~^^^^^^
  File "D:\CantorAI\xlang3\venv\cpython3.14-a6792301b742-compat-31b33d68c68a\Lib\site-packages\sympy\core\facts.py", line 343, in _process_rule
    self.process_rule(And(*[Not(barg) for barg in b.args]), Not(a))
    ~~~~~~~~~~~~~~~~~^^^^^^^^^^^^^^^^^^^^^^^^^^^^^^^^^^^^^^^^^^^^^^
  File "D:\CantorAI\xlang3\venv\cpython3.14-a6792301b742-compat-31b33d68c68a\Lib\site-packages\sympy\core\facts.py", line 321, in process_rule
    self._process_rule(a, b)
    ~~~~~~~~~~~~~~~~~~^^^^^^
  File "D:\CantorAI\xlang3\venv\cpython3.14-a6792301b742-compat-31b33d68c68a\Lib\site-packages\sympy\core\facts.py", line 343, in _process_rule
    self.process_rule(And(*[Not(barg) for barg in b.args]), Not(a))
    ~~~~~~~~~~~~~~~~~^^^^^^^^^^^^^^^^^^^^^^^^^^^^^^^^^^^^^^^^^^^^^^
  File "D:\CantorAI\xlang3\venv\cpython3.14-a6792301b742-compat-31b33d68c68a\Lib\site-packages\sympy\core\facts.py", line 321, in process_rule
    self._process_rule(a, b)
    ~~~~~~~~~~~~~~~~~~^^^^^^
  File "D:\CantorAI\xlang3\venv\cpython3.14-a6792301b742-compat-31b33d68c68a\Lib\site-packages\sympy\core\facts.py", line 343, in _process_rule
    self.process_rule(And(*[Not(barg) for barg in b.args]), Not(a))
    ~~~~~~~~~~~~~~~~~^^^^^^^^^^^^^^^^^^^^^^^^^^^^^^^^^^^^^^^^^^^^^^
  File "D:\CantorAI\xlang3\venv\cpython3.14-a6792301b742-compat-31b33d68c68a\Lib\site-packages\sympy\core\facts.py", line 321, in process_rule
    self._process_rule(a, b)
    ~~~~~~~~~~~~~~~~~~^^^^^^
  File "D:\CantorAI\xlang3\venv\cpython3.14-a6792301b742-compat-31b33d68c68a\Lib\site-packages\sympy\core\facts.py", line 343, in _process_rule
    self.process_rule(And(*[Not(barg) for barg in b.args]), Not(a))
    ~~~~~~~~~~~~~~~~~^^^^^^^^^^^^^^^^^^^^^^^^^^^^^^^^^^^^^^^^^^^^^^
  File "D:\CantorAI\xlang3\venv\cpython3.14-a6792301b742-compat-31b33d68c68a\Lib\site-packages\sympy\core\facts.py", line 321, in process_rule
    self._process_rule(a, b)
    ~~~~~~~~~~~~~~~~~~^^^^^^
  File "D:\CantorAI\xlang3\venv\cpython3.14-a6792301b742-compat-31b33d68c68a\Lib\site-packages\sympy\core\facts.py", line 343, in _process_rule
    self.process_rule(And(*[Not(barg) for barg in b.args]), Not(a))
    ~~~~~~~~~~~~~~~~~^^^^^^^^^^^^^^^^^^^^^^^^^^^^^^^^^^^^^^^^^^^^^^
  File "D:\CantorAI\xlang3\venv\cpython3.14-a6792301b742-compat-31b33d68c68a\Lib\site-packages\sympy\core\facts.py", line 321, in process_rule
    self._process_rule(a, b)
    ~~~~~~~~~~~~~~~~~~^^^^^^
  File "D:\CantorAI\xlang3\venv\cpython3.14-a6792301b742-compat-31b33d68c68a\Lib\site-packages\sympy\core\facts.py", line 343, in _process_rule
    self.process_rule(And(*[Not(barg) for barg in b.args]), Not(a))
    ~~~~~~~~~~~~~~~~~^^^^^^^^^^^^^^^^^^^^^^^^^^^^^^^^^^^^^^^^^^^^^^
  File "D:\CantorAI\xlang3\venv\cpython3.14-a6792301b742-compat-31b33d68c68a\Lib\site-packages\sympy\core\facts.py", line 321, in process_rule
    self._process_rule(a, b)
    ~~~~~~~~~~~~~~~~~~^^^^^^
  File "D:\CantorAI\xlang3\venv\cpython3.14-a6792301b742-compat-31b33d68c68a\Lib\site-packages\sympy\core\facts.py", line 343, in _process_rule
    self.process_rule(And(*[Not(barg) for barg in b.args]), Not(a))
    ~~~~~~~~~~~~~~~~~^^^^^^^^^^^^^^^^^^^^^^^^^^^^^^^^^^^^^^^^^^^^^^
  File "D:\CantorAI\xlang3\venv\cpython3.14-a6792301b742-compat-31b33d68c68a\Lib\site-packages\sympy\core\facts.py", line 321, in process_rule
    self._process_rule(a, b)
    ~~~~~~~~~~~~~~~~~~^^^^^^
  File "D:\CantorAI\xlang3\venv\cpython3.14-a6792301b742-compat-31b33d68c68a\Lib\site-packages\sympy\core\facts.py", line 343, in _process_rule
    self.process_rule(And(*[Not(barg) for barg in b.args]), Not(a))
    ~~~~~~~~~~~~~~~~~^^^^^^^^^^^^^^^^^^^^^^^^^^^^^^^^^^^^^^^^^^^^^^
  File "D:\CantorAI\xlang3\venv\cpython3.14-a6792301b742-compat-31b33d68c68a\Lib\site-packages\sympy\core\facts.py", line 321, in process_rule
    self._process_rule(a, b)
    ~~~~~~~~~~~~~~~~~~^^^^^^
  File "D:\CantorAI\xlang3\venv\cpython3.14-a6792301b742-compat-31b33d68c68a\Lib\site-packages\sympy\core\facts.py", line 343, in _process_rule
    self.process_rule(And(*[Not(barg) for barg in b.args]), Not(a))
    ~~~~~~~~~~~~~~~~~^^^^^^^^^^^^^^^^^^^^^^^^^^^^^^^^^^^^^^^^^^^^^^
  File "D:\CantorAI\xlang3\venv\cpython3.14-a6792301b742-compat-31b33d68c68a\Lib\site-packages\sympy\core\facts.py", line 321, in process_rule
    self._process_rule(a, b)
    ~~~~~~~~~~~~~~~~~~^^^^^^
  File "D:\CantorAI\xlang3\venv\cpython3.14-a6792301b742-compat-31b33d68c68a\Lib\site-packages\sympy\core\facts.py", line 343, in _process_rule
    self.process_rule(And(*[Not(barg) for barg in b.args]), Not(a))
    ~~~~~~~~~~~~~~~~~^^^^^^^^^^^^^^^^^^^^^^^^^^^^^^^^^^^^^^^^^^^^^^
  File "D:\CantorAI\xlang3\venv\cpython3.14-a6792301b742-compat-31b33d68c68a\Lib\site-packages\sympy\core\facts.py", line 321, in process_rule
    self._process_rule(a, b)
    ~~~~~~~~~~~~~~~~~~^^^^^^
  File "D:\CantorAI\xlang3\venv\cpython3.14-a6792301b742-compat-31b33d68c68a\Lib\site-packages\sympy\core\facts.py", line 343, in _process_rule
    self.process_rule(And(*[Not(barg) for barg in b.args]), Not(a))
    ~~~~~~~~~~~~~~~~~^^^^^^^^^^^^^^^^^^^^^^^^^^^^^^^^^^^^^^^^^^^^^^
  File "D:\CantorAI\xlang3\venv\cpython3.14-a6792301b742-compat-31b33d68c68a\Lib\site-packages\sympy\core\facts.py", line 321, in process_rule
    self._process_rule(a, b)
    ~~~~~~~~~~~~~~~~~~^^^^^^
  File "D:\CantorAI\xlang3\venv\cpython3.14-a6792301b742-compat-31b33d68c68a\Lib\site-packages\sympy\core\facts.py", line 343, in _process_rule
    self.process_rule(And(*[Not(barg) for barg in b.args]), Not(a))
    ~~~~~~~~~~~~~~~~~^^^^^^^^^^^^^^^^^^^^^^^^^^^^^^^^^^^^^^^^^^^^^^
  File "D:\CantorAI\xlang3\venv\cpython3.14-a6792301b742-compat-31b33d68c68a\Lib\site-packages\sympy\core\facts.py", line 321, in process_rule
    self._process_rule(a, b)
    ~~~~~~~~~~~~~~~~~~^^^^^^
  File "D:\CantorAI\xlang3\venv\cpython3.14-a6792301b742-compat-31b33d68c68a\Lib\site-packages\sympy\core\facts.py", line 343, in _process_rule
    self.process_rule(And(*[Not(barg) for barg in b.args]), Not(a))
    ~~~~~~~~~~~~~~~~~^^^^^^^^^^^^^^^^^^^^^^^^^^^^^^^^^^^^^^^^^^^^^^
  File "D:\CantorAI\xlang3\venv\cpython3.14-a6792301b742-compat-31b33d68c68a\Lib\site-packages\sympy\core\facts.py", line 321, in process_rule
    self._process_rule(a, b)
    ~~~~~~~~~~~~~~~~~~^^^^^^
  File "D:\CantorAI\xlang3\venv\cpython3.14-a6792301b742-compat-31b33d68c68a\Lib\site-packages\sympy\core\facts.py", line 343, in _process_rule
    self.process_rule(And(*[Not(barg) for barg in b.args]), Not(a))
    ~~~~~~~~~~~~~~~~~^^^^^^^^^^^^^^^^^^^^^^^^^^^^^^^^^^^^^^^^^^^^^^
  File "D:\CantorAI\xlang3\venv\cpython3.14-a6792301b742-compat-31b33d68c68a\Lib\site-packages\sympy\core\facts.py", line 321, in process_rule
    self._process_rule(a, b)
    ~~~~~~~~~~~~~~~~~~^^^^^^
  File "D:\CantorAI\xlang3\venv\cpython3.14-a6792301b742-compat-31b33d68c68a\Lib\site-packages\sympy\core\facts.py", line 343, in _process_rule
    self.process_rule(And(*[Not(barg) for barg in b.args]), Not(a))
    ~~~~~~~~~~~~~~~~~^^^^^^^^^^^^^^^^^^^^^^^^^^^^^^^^^^^^^^^^^^^^^^
  File "D:\CantorAI\xlang3\venv\cpython3.14-a6792301b742-compat-31b33d68c68a\Lib\site-packages\sympy\core\facts.py", line 321, in process_rule
    self._process_rule(a, b)
    ~~~~~~~~~~~~~~~~~~^^^^^^
  File "D:\CantorAI\xlang3\venv\cpython3.14-a6792301b742-compat-31b33d68c68a\Lib\site-packages\sympy\core\facts.py", line 343, in _process_rule
    self.process_rule(And(*[Not(barg) for barg in b.args]), Not(a))
    ~~~~~~~~~~~~~~~~~^^^^^^^^^^^^^^^^^^^^^^^^^^^^^^^^^^^^^^^^^^^^^^
  File "D:\CantorAI\xlang3\venv\cpython3.14-a6792301b742-compat-31b33d68c68a\Lib\site-packages\sympy\core\facts.py", line 321, in process_rule
    self._process_rule(a, b)
    ~~~~~~~~~~~~~~~~~~^^^^^^
  File "D:\CantorAI\xlang3\venv\cpython3.14-a6792301b742-compat-31b33d68c68a\Lib\site-packages\sympy\core\facts.py", line 343, in _process_rule
    self.process_rule(And(*[Not(barg) for barg in b.args]), Not(a))
    ~~~~~~~~~~~~~~~~~^^^^^^^^^^^^^^^^^^^^^^^^^^^^^^^^^^^^^^^^^^^^^^
  File "D:\CantorAI\xlang3\venv\cpython3.14-a6792301b742-compat-31b33d68c68a\Lib\site-packages\sympy\core\facts.py", line 321, in process_rule
    self._process_rule(a, b)
    ~~~~~~~~~~~~~~~~~~^^^^^^
  File "D:\CantorAI\xlang3\venv\cpython3.14-a6792301b742-compat-31b33d68c68a\Lib\site-packages\sympy\core\facts.py", line 343, in _process_rule
    self.process_rule(And(*[Not(barg) for barg in b.args]), Not(a))
    ~~~~~~~~~~~~~~~~~^^^^^^^^^^^^^^^^^^^^^^^^^^^^^^^^^^^^^^^^^^^^^^
  File "D:\CantorAI\xlang3\venv\cpython3.14-a6792301b742-compat-31b33d68c68a\Lib\site-packages\sympy\core\facts.py", line 321, in process_rule
    self._process_rule(a, b)
    ~~~~~~~~~~~~~~~~~~^^^^^^
  File "D:\CantorAI\xlang3\venv\cpython3.14-a6792301b742-compat-31b33d68c68a\Lib\site-packages\sympy\core\facts.py", line 343, in _process_rule
    self.process_rule(And(*[Not(barg) for barg in b.args]), Not(a))
    ~~~~~~~~~~~~~~~~~^^^^^^^^^^^^^^^^^^^^^^^^^^^^^^^^^^^^^^^^^^^^^^
  File "D:\CantorAI\xlang3\venv\cpython3.14-a6792301b742-compat-31b33d68c68a\Lib\site-packages\sympy\core\facts.py", line 321, in process_rule
    self._process_rule(a, b)
    ~~~~~~~~~~~~~~~~~~^^^^^^
  File "D:\CantorAI\xlang3\venv\cpython3.14-a6792301b742-compat-31b33d68c68a\Lib\site-packages\sympy\core\facts.py", line 343, in _process_rule
    self.process_rule(And(*[Not(barg) for barg in b.args]), Not(a))
    ~~~~~~~~~~~~~~~~~^^^^^^^^^^^^^^^^^^^^^^^^^^^^^^^^^^^^^^^^^^^^^^
  File "D:\CantorAI\xlang3\venv\cpython3.14-a6792301b742-compat-31b33d68c68a\Lib\site-packages\sympy\core\facts.py", line 321, in process_rule
    self._process_rule(a, b)
    ~~~~~~~~~~~~~~~~~~^^^^^^
  File "D:\CantorAI\xlang3\venv\cpython3.14-a6792301b742-compat-31b33d68c68a\Lib\site-packages\sympy\core\facts.py", line 343, in _process_rule
    self.process_rule(And(*[Not(barg) for barg in b.args]), Not(a))
    ~~~~~~~~~~~~~~~~~^^^^^^^^^^^^^^^^^^^^^^^^^^^^^^^^^^^^^^^^^^^^^^
  File "D:\CantorAI\xlang3\venv\cpython3.14-a6792301b742-compat-31b33d68c68a\Lib\site-packages\sympy\core\facts.py", line 321, in process_rule
    self._process_rule(a, b)
    ~~~~~~~~~~~~~~~~~~^^^^^^
  File "D:\CantorAI\xlang3\venv\cpython3.14-a6792301b742-compat-31b33d68c68a\Lib\site-packages\sympy\core\facts.py", line 343, in _process_rule
    self.process_rule(And(*[Not(barg) for barg in b.args]), Not(a))
    ~~~~~~~~~~~~~~~~~^^^^^^^^^^^^^^^^^^^^^^^^^^^^^^^^^^^^^^^^^^^^^^
  File "D:\CantorAI\xlang3\venv\cpython3.14-a6792301b742-compat-31b33d68c68a\Lib\site-packages\sympy\core\facts.py", line 321, in process_rule
    self._process_rule(a, b)
    ~~~~~~~~~~~~~~~~~~^^^^^^
  File "D:\CantorAI\xlang3\venv\cpython3.14-a6792301b742-compat-31b33d68c68a\Lib\site-packages\sympy\core\facts.py", line 343, in _process_rule
    self.process_rule(And(*[Not(barg) for barg in b.args]), Not(a))
    ~~~~~~~~~~~~~~~~~^^^^^^^^^^^^^^^^^^^^^^^^^^^^^^^^^^^^^^^^^^^^^^
  File "D:\CantorAI\xlang3\venv\cpython3.14-a6792301b742-compat-31b33d68c68a\Lib\site-packages\sympy\core\facts.py", line 321, in process_rule
    self._process_rule(a, b)
    ~~~~~~~~~~~~~~~~~~^^^^^^
  File "D:\CantorAI\xlang3\venv\cpython3.14-a6792301b742-compat-31b33d68c68a\Lib\site-packages\sympy\core\facts.py", line 343, in _process_rule
    self.process_rule(And(*[Not(barg) for barg in b.args]), Not(a))
    ~~~~~~~~~~~~~~~~~^^^^^^^^^^^^^^^^^^^^^^^^^^^^^^^^^^^^^^^^^^^^^^
  File "D:\CantorAI\xlang3\venv\cpython3.14-a6792301b742-compat-31b33d68c68a\Lib\site-packages\sympy\core\facts.py", line 321, in process_rule
    self._process_rule(a, b)
    ~~~~~~~~~~~~~~~~~~^^^^^^
  File "D:\CantorAI\xlang3\venv\cpython3.14-a6792301b742-compat-31b33d68c68a\Lib\site-packages\sympy\core\facts.py", line 343, in _process_rule
    self.process_rule(And(*[Not(barg) for barg in b.args]), Not(a))
    ~~~~~~~~~~~~~~~~~^^^^^^^^^^^^^^^^^^^^^^^^^^^^^^^^^^^^^^^^^^^^^^
  File "D:\CantorAI\xlang3\venv\cpython3.14-a6792301b742-compat-31b33d68c68a\Lib\site-packages\sympy\core\facts.py", line 321, in process_rule
    self._process_rule(a, b)
    ~~~~~~~~~~~~~~~~~~^^^^^^
  File "D:\CantorAI\xlang3\venv\cpython3.14-a6792301b742-compat-31b33d68c68a\Lib\site-packages\sympy\core\facts.py", line 343, in _process_rule
    self.process_rule(And(*[Not(barg) for barg in b.args]), Not(a))
    ~~~~~~~~~~~~~~~~~^^^^^^^^^^^^^^^^^^^^^^^^^^^^^^^^^^^^^^^^^^^^^^
  File "D:\CantorAI\xlang3\venv\cpython3.14-a6792301b742-compat-31b33d68c68a\Lib\site-packages\sympy\core\facts.py", line 321, in process_rule
    self._process_rule(a, b)
    ~~~~~~~~~~~~~~~~~~^^^^^^
  File "D:\CantorAI\xlang3\venv\cpython3.14-a6792301b742-compat-31b33d68c68a\Lib\site-packages\sympy\core\facts.py", line 343, in _process_rule
    self.process_rule(And(*[Not(barg) for barg in b.args]), Not(a))
    ~~~~~~~~~~~~~~~~~^^^^^^^^^^^^^^^^^^^^^^^^^^^^^^^^^^^^^^^^^^^^^^
  File "D:\CantorAI\xlang3\venv\cpython3.14-a6792301b742-compat-31b33d68c68a\Lib\site-packages\sympy\core\facts.py", line 321, in process_rule
    self._process_rule(a, b)
    ~~~~~~~~~~~~~~~~~~^^^^^^
  File "D:\CantorAI\xlang3\venv\cpython3.14-a6792301b742-compat-31b33d68c68a\Lib\site-packages\sympy\core\facts.py", line 343, in _process_rule
    self.process_rule(And(*[Not(barg) for barg in b.args]), Not(a))
    ~~~~~~~~~~~~~~~~~^^^^^^^^^^^^^^^^^^^^^^^^^^^^^^^^^^^^^^^^^^^^^^
  File "D:\CantorAI\xlang3\venv\cpython3.14-a6792301b742-compat-31b33d68c68a\Lib\site-packages\sympy\core\facts.py", line 321, in process_rule
    self._process_rule(a, b)
    ~~~~~~~~~~~~~~~~~~^^^^^^
  File "D:\CantorAI\xlang3\venv\cpython3.14-a6792301b742-compat-31b33d68c68a\Lib\site-packages\sympy\core\facts.py", line 343, in _process_rule
    self.process_rule(And(*[Not(barg) for barg in b.args]), Not(a))
    ~~~~~~~~~~~~~~~~~^^^^^^^^^^^^^^^^^^^^^^^^^^^^^^^^^^^^^^^^^^^^^^
  File "D:\CantorAI\xlang3\venv\cpython3.14-a6792301b742-compat-31b33d68c68a\Lib\site-packages\sympy\core\facts.py", line 321, in process_rule
    self._process_rule(a, b)
    ~~~~~~~~~~~~~~~~~~^^^^^^
  File "D:\CantorAI\xlang3\venv\cpython3.14-a6792301b742-compat-31b33d68c68a\Lib\site-packages\sympy\core\facts.py", line 343, in _process_rule
    self.process_rule(And(*[Not(barg) for barg in b.args]), Not(a))
    ~~~~~~~~~~~~~~~~~^^^^^^^^^^^^^^^^^^^^^^^^^^^^^^^^^^^^^^^^^^^^^^
  File "D:\CantorAI\xlang3\venv\cpython3.14-a6792301b742-compat-31b33d68c68a\Lib\site-packages\sympy\core\facts.py", line 321, in process_rule
    self._process_rule(a, b)
    ~~~~~~~~~~~~~~~~~~^^^^^^
  File "D:\CantorAI\xlang3\venv\cpython3.14-a6792301b742-compat-31b33d68c68a\Lib\site-packages\sympy\core\facts.py", line 343, in _process_rule
    self.process_rule(And(*[Not(barg) for barg in b.args]), Not(a))
    ~~~~~~~~~~~~~~~~~^^^^^^^^^^^^^^^^^^^^^^^^^^^^^^^^^^^^^^^^^^^^^^
  File "D:\CantorAI\xlang3\venv\cpython3.14-a6792301b742-compat-31b33d68c68a\Lib\site-packages\sympy\core\facts.py", line 321, in process_rule
    self._process_rule(a, b)
    ~~~~~~~~~~~~~~~~~~^^^^^^
  File "D:\CantorAI\xlang3\venv\cpython3.14-a6792301b742-compat-31b33d68c68a\Lib\site-packages\sympy\core\facts.py", line 343, in _process_rule
    self.process_rule(And(*[Not(barg) for barg in b.args]), Not(a))
    ~~~~~~~~~~~~~~~~~^^^^^^^^^^^^^^^^^^^^^^^^^^^^^^^^^^^^^^^^^^^^^^
  File "D:\CantorAI\xlang3\venv\cpython3.14-a6792301b742-compat-31b33d68c68a\Lib\site-packages\sympy\core\facts.py", line 321, in process_rule
    self._process_rule(a, b)
    ~~~~~~~~~~~~~~~~~~^^^^^^
  File "D:\CantorAI\xlang3\venv\cpython3.14-a6792301b742-compat-31b33d68c68a\Lib\site-packages\sympy\core\facts.py", line 343, in _process_rule
    self.process_rule(And(*[Not(barg) for barg in b.args]), Not(a))
    ~~~~~~~~~~~~~~~~~^^^^^^^^^^^^^^^^^^^^^^^^^^^^^^^^^^^^^^^^^^^^^^
  File "D:\CantorAI\xlang3\venv\cpython3.14-a6792301b742-compat-31b33d68c68a\Lib\site-packages\sympy\core\facts.py", line 321, in process_rule
    self._process_rule(a, b)
    ~~~~~~~~~~~~~~~~~~^^^^^^
  File "D:\CantorAI\xlang3\venv\cpython3.14-a6792301b742-compat-31b33d68c68a\Lib\site-packages\sympy\core\facts.py", line 343, in _process_rule
    self.process_rule(And(*[Not(barg) for barg in b.args]), Not(a))
    ~~~~~~~~~~~~~~~~~^^^^^^^^^^^^^^^^^^^^^^^^^^^^^^^^^^^^^^^^^^^^^^
  File "D:\CantorAI\xlang3\venv\cpython3.14-a6792301b742-compat-31b33d68c68a\Lib\site-packages\sympy\core\facts.py", line 321, in process_rule
    self._process_rule(a, b)
    ~~~~~~~~~~~~~~~~~~^^^^^^
  File "D:\CantorAI\xlang3\venv\cpython3.14-a6792301b742-compat-31b33d68c68a\Lib\site-packages\sympy\core\facts.py", line 343, in _process_rule
    self.process_rule(And(*[Not(barg) for barg in b.args]), Not(a))
    ~~~~~~~~~~~~~~~~~^^^^^^^^^^^^^^^^^^^^^^^^^^^^^^^^^^^^^^^^^^^^^^
  File "D:\CantorAI\xlang3\venv\cpython3.14-a6792301b742-compat-31b33d68c68a\Lib\site-packages\sympy\core\facts.py", line 321, in process_rule
    self._process_rule(a, b)
    ~~~~~~~~~~~~~~~~~~^^^^^^
  File "D:\CantorAI\xlang3\venv\cpython3.14-a6792301b742-compat-31b33d68c68a\Lib\site-packages\sympy\core\facts.py", line 343, in _process_rule
    self.process_rule(And(*[Not(barg) for barg in b.args]), Not(a))
    ~~~~~~~~~~~~~~~~~^^^^^^^^^^^^^^^^^^^^^^^^^^^^^^^^^^^^^^^^^^^^^^
  File "D:\CantorAI\xlang3\venv\cpython3.14-a6792301b742-compat-31b33d68c68a\Lib\site-packages\sympy\core\facts.py", line 321, in process_rule
    self._process_rule(a, b)
    ~~~~~~~~~~~~~~~~~~^^^^^^
  File "D:\CantorAI\xlang3\venv\cpython3.14-a6792301b742-compat-31b33d68c68a\Lib\site-packages\sympy\core\facts.py", line 343, in _process_rule
    self.process_rule(And(*[Not(barg) for barg in b.args]), Not(a))
    ~~~~~~~~~~~~~~~~~^^^^^^^^^^^^^^^^^^^^^^^^^^^^^^^^^^^^^^^^^^^^^^
  File "D:\CantorAI\xlang3\venv\cpython3.14-a6792301b742-compat-31b33d68c68a\Lib\site-packages\sympy\core\facts.py", line 321, in process_rule
    self._process_rule(a, b)
    ~~~~~~~~~~~~~~~~~~^^^^^^
  File "D:\CantorAI\xlang3\venv\cpython3.14-a6792301b742-compat-31b33d68c68a\Lib\site-packages\sympy\core\facts.py", line 343, in _process_rule
    self.process_rule(And(*[Not(barg) for barg in b.args]), Not(a))
    ~~~~~~~~~~~~~~~~~^^^^^^^^^^^^^^^^^^^^^^^^^^^^^^^^^^^^^^^^^^^^^^
  File "D:\CantorAI\xlang3\venv\cpython3.14-a6792301b742-compat-31b33d68c68a\Lib\site-packages\sympy\core\facts.py", line 321, in process_rule
    self._process_rule(a, b)
    ~~~~~~~~~~~~~~~~~~^^^^^^
  File "D:\CantorAI\xlang3\venv\cpython3.14-a6792301b742-compat-31b33d68c68a\Lib\site-packages\sympy\core\facts.py", line 343, in _process_rule
    self.process_rule(And(*[Not(barg) for barg in b.args]), Not(a))
    ~~~~~~~~~~~~~~~~~^^^^^^^^^^^^^^^^^^^^^^^^^^^^^^^^^^^^^^^^^^^^^^
  File "D:\CantorAI\xlang3\venv\cpython3.14-a6792301b742-compat-31b33d68c68a\Lib\site-packages\sympy\core\facts.py", line 321, in process_rule
    self._process_rule(a, b)
    ~~~~~~~~~~~~~~~~~~^^^^^^
  File "D:\CantorAI\xlang3\venv\cpython3.14-a6792301b742-compat-31b33d68c68a\Lib\site-packages\sympy\core\facts.py", line 343, in _process_rule
    self.process_rule(And(*[Not(barg) for barg in b.args]), Not(a))
    ~~~~~~~~~~~~~~~~~^^^^^^^^^^^^^^^^^^^^^^^^^^^^^^^^^^^^^^^^^^^^^^
  File "D:\CantorAI\xlang3\venv\cpython3.14-a6792301b742-compat-31b33d68c68a\Lib\site-packages\sympy\core\facts.py", line 321, in process_rule
    self._process_rule(a, b)
    ~~~~~~~~~~~~~~~~~~^^^^^^
  File "D:\CantorAI\xlang3\venv\cpython3.14-a6792301b742-compat-31b33d68c68a\Lib\site-packages\sympy\core\facts.py", line 343, in _process_rule
    self.process_rule(And(*[Not(barg) for barg in b.args]), Not(a))
    ~~~~~~~~~~~~~~~~~^^^^^^^^^^^^^^^^^^^^^^^^^^^^^^^^^^^^^^^^^^^^^^
  File "D:\CantorAI\xlang3\venv\cpython3.14-a6792301b742-compat-31b33d68c68a\Lib\site-packages\sympy\core\facts.py", line 321, in process_rule
    self._process_rule(a, b)
    ~~~~~~~~~~~~~~~~~~^^^^^^
  File "D:\CantorAI\xlang3\venv\cpython3.14-a6792301b742-compat-31b33d68c68a\Lib\site-packages\sympy\core\facts.py", line 343, in _process_rule
    self.process_rule(And(*[Not(barg) for barg in b.args]), Not(a))
    ~~~~~~~~~~~~~~~~~^^^^^^^^^^^^^^^^^^^^^^^^^^^^^^^^^^^^^^^^^^^^^^
  File "D:\CantorAI\xlang3\venv\cpython3.14-a6792301b742-compat-31b33d68c68a\Lib\site-packages\sympy\core\facts.py", line 321, in process_rule
    self._process_rule(a, b)
    ~~~~~~~~~~~~~~~~~~^^^^^^
  File "D:\CantorAI\xlang3\venv\cpython3.14-a6792301b742-compat-31b33d68c68a\Lib\site-packages\sympy\core\facts.py", line 343, in _process_rule
    self.process_rule(And(*[Not(barg) for barg in b.args]), Not(a))
    ~~~~~~~~~~~~~~~~~^^^^^^^^^^^^^^^^^^^^^^^^^^^^^^^^^^^^^^^^^^^^^^
  File "D:\CantorAI\xlang3\venv\cpython3.14-a6792301b742-compat-31b33d68c68a\Lib\site-packages\sympy\core\facts.py", line 321, in process_rule
    self._process_rule(a, b)
    ~~~~~~~~~~~~~~~~~~^^^^^^
  File "D:\CantorAI\xlang3\venv\cpython3.14-a6792301b742-compat-31b33d68c68a\Lib\site-packages\sympy\core\facts.py", line 343, in _process_rule
    self.process_rule(And(*[Not(barg) for barg in b.args]), Not(a))
    ~~~~~~~~~~~~~~~~~^^^^^^^^^^^^^^^^^^^^^^^^^^^^^^^^^^^^^^^^^^^^^^
  File "D:\CantorAI\xlang3\venv\cpython3.14-a6792301b742-compat-31b33d68c68a\Lib\site-packages\sympy\core\facts.py", line 321, in process_rule
    self._process_rule(a, b)
    ~~~~~~~~~~~~~~~~~~^^^^^^
  File "D:\CantorAI\xlang3\venv\cpython3.14-a6792301b742-compat-31b33d68c68a\Lib\site-packages\sympy\core\facts.py", line 343, in _process_rule
    self.process_rule(And(*[Not(barg) for barg in b.args]), Not(a))
    ~~~~~~~~~~~~~~~~~^^^^^^^^^^^^^^^^^^^^^^^^^^^^^^^^^^^^^^^^^^^^^^
  File "D:\CantorAI\xlang3\venv\cpython3.14-a6792301b742-compat-31b33d68c68a\Lib\site-packages\sympy\core\facts.py", line 321, in process_rule
    self._process_rule(a, b)
    ~~~~~~~~~~~~~~~~~~^^^^^^
  File "D:\CantorAI\xlang3\venv\cpython3.14-a6792301b742-compat-31b33d68c68a\Lib\site-packages\sympy\core\facts.py", line 343, in _process_rule
    self.process_rule(And(*[Not(barg) for barg in b.args]), Not(a))
    ~~~~~~~~~~~~~~~~~^^^^^^^^^^^^^^^^^^^^^^^^^^^^^^^^^^^^^^^^^^^^^^
  File "D:\CantorAI\xlang3\venv\cpython3.14-a6792301b742-compat-31b33d68c68a\Lib\site-packages\sympy\core\facts.py", line 321, in process_rule
    self._process_rule(a, b)
    ~~~~~~~~~~~~~~~~~~^^^^^^
  File "D:\CantorAI\xlang3\venv\cpython3.14-a6792301b742-compat-31b33d68c68a\Lib\site-packages\sympy\core\facts.py", line 343, in _process_rule
    self.process_rule(And(*[Not(barg) for barg in b.args]), Not(a))
    ~~~~~~~~~~~~~~~~~^^^^^^^^^^^^^^^^^^^^^^^^^^^^^^^^^^^^^^^^^^^^^^
  File "D:\CantorAI\xlang3\venv\cpython3.14-a6792301b742-compat-31b33d68c68a\Lib\site-packages\sympy\core\facts.py", line 321, in process_rule
    self._process_rule(a, b)
    ~~~~~~~~~~~~~~~~~~^^^^^^
  File "D:\CantorAI\xlang3\venv\cpython3.14-a6792301b742-compat-31b33d68c68a\Lib\site-packages\sympy\core\facts.py", line 343, in _process_rule
    self.process_rule(And(*[Not(barg) for barg in b.args]), Not(a))
    ~~~~~~~~~~~~~~~~~^^^^^^^^^^^^^^^^^^^^^^^^^^^^^^^^^^^^^^^^^^^^^^
  File "D:\CantorAI\xlang3\venv\cpython3.14-a6792301b742-compat-31b33d68c68a\Lib\site-packages\sympy\core\facts.py", line 321, in process_rule
    self._process_rule(a, b)
    ~~~~~~~~~~~~~~~~~~^^^^^^
  File "D:\CantorAI\xlang3\venv\cpython3.14-a6792301b742-compat-31b33d68c68a\Lib\site-packages\sympy\core\facts.py", line 343, in _process_rule
    self.process_rule(And(*[Not(barg) for barg in b.args]), Not(a))
    ~~~~~~~~~~~~~~~~~^^^^^^^^^^^^^^^^^^^^^^^^^^^^^^^^^^^^^^^^^^^^^^
  File "D:\CantorAI\xlang3\venv\cpython3.14-a6792301b742-compat-31b33d68c68a\Lib\site-packages\sympy\core\facts.py", line 321, in process_rule
    self._process_rule(a, b)
    ~~~~~~~~~~~~~~~~~~^^^^^^
  File "D:\CantorAI\xlang3\venv\cpython3.14-a6792301b742-compat-31b33d68c68a\Lib\site-packages\sympy\core\facts.py", line 343, in _process_rule
    self.process_rule(And(*[Not(barg) for barg in b.args]), Not(a))
    ~~~~~~~~~~~~~~~~~^^^^^^^^^^^^^^^^^^^^^^^^^^^^^^^^^^^^^^^^^^^^^^
  File "D:\CantorAI\xlang3\venv\cpython3.14-a6792301b742-compat-31b33d68c68a\Lib\site-packages\sympy\core\facts.py", line 321, in process_rule
    self._process_rule(a, b)
    ~~~~~~~~~~~~~~~~~~^^^^^^
  File "D:\CantorAI\xlang3\venv\cpython3.14-a6792301b742-compat-31b33d68c68a\Lib\site-packages\sympy\core\facts.py", line 343, in _process_rule
    self.process_rule(And(*[Not(barg) for barg in b.args]), Not(a))
    ~~~~~~~~~~~~~~~~~^^^^^^^^^^^^^^^^^^^^^^^^^^^^^^^^^^^^^^^^^^^^^^
  File "D:\CantorAI\xlang3\venv\cpython3.14-a6792301b742-compat-31b33d68c68a\Lib\site-packages\sympy\core\facts.py", line 321, in process_rule
    self._process_rule(a, b)
    ~~~~~~~~~~~~~~~~~~^^^^^^
  File "D:\CantorAI\xlang3\venv\cpython3.14-a6792301b742-compat-31b33d68c68a\Lib\site-packages\sympy\core\facts.py", line 343, in _process_rule
    self.process_rule(And(*[Not(barg) for barg in b.args]), Not(a))
    ~~~~~~~~~~~~~~~~~^^^^^^^^^^^^^^^^^^^^^^^^^^^^^^^^^^^^^^^^^^^^^^
  File "D:\CantorAI\xlang3\venv\cpython3.14-a6792301b742-compat-31b33d68c68a\Lib\site-packages\sympy\core\facts.py", line 321, in process_rule
    self._process_rule(a, b)
    ~~~~~~~~~~~~~~~~~~^^^^^^
  File "D:\CantorAI\xlang3\venv\cpython3.14-a6792301b742-compat-31b33d68c68a\Lib\site-packages\sympy\core\facts.py", line 343, in _process_rule
    self.process_rule(And(*[Not(barg) for barg in b.args]), Not(a))
    ~~~~~~~~~~~~~~~~~^^^^^^^^^^^^^^^^^^^^^^^^^^^^^^^^^^^^^^^^^^^^^^
  File "D:\CantorAI\xlang3\venv\cpython3.14-a6792301b742-compat-31b33d68c68a\Lib\site-packages\sympy\core\facts.py", line 321, in process_rule
    self._process_rule(a, b)
    ~~~~~~~~~~~~~~~~~~^^^^^^
  File "D:\CantorAI\xlang3\venv\cpython3.14-a6792301b742-compat-31b33d68c68a\Lib\site-packages\sympy\core\facts.py", line 343, in _process_rule
    self.process_rule(And(*[Not(barg) for barg in b.args]), Not(a))
    ~~~~~~~~~~~~~~~~~^^^^^^^^^^^^^^^^^^^^^^^^^^^^^^^^^^^^^^^^^^^^^^
  File "D:\CantorAI\xlang3\venv\cpython3.14-a6792301b742-compat-31b33d68c68a\Lib\site-packages\sympy\core\facts.py", line 321, in process_rule
    self._process_rule(a, b)
    ~~~~~~~~~~~~~~~~~~^^^^^^
  File "D:\CantorAI\xlang3\venv\cpython3.14-a6792301b742-compat-31b33d68c68a\Lib\site-packages\sympy\core\facts.py", line 343, in _process_rule
    self.process_rule(And(*[Not(barg) for barg in b.args]), Not(a))
    ~~~~~~~~~~~~~~~~~^^^^^^^^^^^^^^^^^^^^^^^^^^^^^^^^^^^^^^^^^^^^^^
  File "D:\CantorAI\xlang3\venv\cpython3.14-a6792301b742-compat-31b33d68c68a\Lib\site-packages\sympy\core\facts.py", line 321, in process_rule
    self._process_rule(a, b)
    ~~~~~~~~~~~~~~~~~~^^^^^^
  File "D:\CantorAI\xlang3\venv\cpython3.14-a6792301b742-compat-31b33d68c68a\Lib\site-packages\sympy\core\facts.py", line 343, in _process_rule
    self.process_rule(And(*[Not(barg) for barg in b.args]), Not(a))
    ~~~~~~~~~~~~~~~~~^^^^^^^^^^^^^^^^^^^^^^^^^^^^^^^^^^^^^^^^^^^^^^
  File "D:\CantorAI\xlang3\venv\cpython3.14-a6792301b742-compat-31b33d68c68a\Lib\site-packages\sympy\core\facts.py", line 321, in process_rule
    self._process_rule(a, b)
    ~~~~~~~~~~~~~~~~~~^^^^^^
  File "D:\CantorAI\xlang3\venv\cpython3.14-a6792301b742-compat-31b33d68c68a\Lib\site-packages\sympy\core\facts.py", line 343, in _process_rule
    self.process_rule(And(*[Not(barg) for barg in b.args]), Not(a))
    ~~~~~~~~~~~~~~~~~^^^^^^^^^^^^^^^^^^^^^^^^^^^^^^^^^^^^^^^^^^^^^^
  File "D:\CantorAI\xlang3\venv\cpython3.14-a6792301b742-compat-31b33d68c68a\Lib\site-packages\sympy\core\facts.py", line 321, in process_rule
    self._process_rule(a, b)
    ~~~~~~~~~~~~~~~~~~^^^^^^
  File "D:\CantorAI\xlang3\venv\cpython3.14-a6792301b742-compat-31b33d68c68a\Lib\site-packages\sympy\core\facts.py", line 343, in _process_rule
    self.process_rule(And(*[Not(barg) for barg in b.args]), Not(a))
    ~~~~~~~~~~~~~~~~~^^^^^^^^^^^^^^^^^^^^^^^^^^^^^^^^^^^^^^^^^^^^^^
  File "D:\CantorAI\xlang3\venv\cpython3.14-a6792301b742-compat-31b33d68c68a\Lib\site-packages\sympy\core\facts.py", line 321, in process_rule
    self._process_rule(a, b)
    ~~~~~~~~~~~~~~~~~~^^^^^^
  File "D:\CantorAI\xlang3\venv\cpython3.14-a6792301b742-compat-31b33d68c68a\Lib\site-packages\sympy\core\facts.py", line 343, in _process_rule
    self.process_rule(And(*[Not(barg) for barg in b.args]), Not(a))
    ~~~~~~~~~~~~~~~~~^^^^^^^^^^^^^^^^^^^^^^^^^^^^^^^^^^^^^^^^^^^^^^
  File "D:\CantorAI\xlang3\venv\cpython3.14-a6792301b742-compat-31b33d68c68a\Lib\site-packages\sympy\core\facts.py", line 321, in process_rule
    self._process_rule(a, b)
    ~~~~~~~~~~~~~~~~~~^^^^^^
  File "D:\CantorAI\xlang3\venv\cpython3.14-a6792301b742-compat-31b33d68c68a\Lib\site-packages\sympy\core\facts.py", line 343, in _process_rule
    self.process_rule(And(*[Not(barg) for barg in b.args]), Not(a))
    ~~~~~~~~~~~~~~~~~^^^^^^^^^^^^^^^^^^^^^^^^^^^^^^^^^^^^^^^^^^^^^^
  File "D:\CantorAI\xlang3\venv\cpython3.14-a6792301b742-compat-31b33d68c68a\Lib\site-packages\sympy\core\facts.py", line 321, in process_rule
    self._process_rule(a, b)
    ~~~~~~~~~~~~~~~~~~^^^^^^
  File "D:\CantorAI\xlang3\venv\cpython3.14-a6792301b742-compat-31b33d68c68a\Lib\site-packages\sympy\core\facts.py", line 343, in _process_rule
    self.process_rule(And(*[Not(barg) for barg in b.args]), Not(a))
    ~~~~~~~~~~~~~~~~~^^^^^^^^^^^^^^^^^^^^^^^^^^^^^^^^^^^^^^^^^^^^^^
  File "D:\CantorAI\xlang3\venv\cpython3.14-a6792301b742-compat-31b33d68c68a\Lib\site-packages\sympy\core\facts.py", line 321, in process_rule
    self._process_rule(a, b)
    ~~~~~~~~~~~~~~~~~~^^^^^^
  File "D:\CantorAI\xlang3\venv\cpython3.14-a6792301b742-compat-31b33d68c68a\Lib\site-packages\sympy\core\facts.py", line 343, in _process_rule
    self.process_rule(And(*[Not(barg) for barg in b.args]), Not(a))
    ~~~~~~~~~~~~~~~~~^^^^^^^^^^^^^^^^^^^^^^^^^^^^^^^^^^^^^^^^^^^^^^
  File "D:\CantorAI\xlang3\venv\cpython3.14-a6792301b742-compat-31b33d68c68a\Lib\site-packages\sympy\core\facts.py", line 321, in process_rule
    self._process_rule(a, b)
    ~~~~~~~~~~~~~~~~~~^^^^^^
  File "D:\CantorAI\xlang3\venv\cpython3.14-a6792301b742-compat-31b33d68c68a\Lib\site-packages\sympy\core\facts.py", line 343, in _process_rule
    self.process_rule(And(*[Not(barg) for barg in b.args]), Not(a))
    ~~~~~~~~~~~~~~~~~^^^^^^^^^^^^^^^^^^^^^^^^^^^^^^^^^^^^^^^^^^^^^^
  File "D:\CantorAI\xlang3\venv\cpython3.14-a6792301b742-compat-31b33d68c68a\Lib\site-packages\sympy\core\facts.py", line 321, in process_rule
    self._process_rule(a, b)
    ~~~~~~~~~~~~~~~~~~^^^^^^
  File "D:\CantorAI\xlang3\venv\cpython3.14-a6792301b742-compat-31b33d68c68a\Lib\site-packages\sympy\core\facts.py", line 343, in _process_rule
    self.process_rule(And(*[Not(barg) for barg in b.args]), Not(a))
    ~~~~~~~~~~~~~~~~~^^^^^^^^^^^^^^^^^^^^^^^^^^^^^^^^^^^^^^^^^^^^^^
  File "D:\CantorAI\xlang3\venv\cpython3.14-a6792301b742-compat-31b33d68c68a\Lib\site-packages\sympy\core\facts.py", line 321, in process_rule
    self._process_rule(a, b)
    ~~~~~~~~~~~~~~~~~~^^^^^^
  File "D:\CantorAI\xlang3\venv\cpython3.14-a6792301b742-compat-31b33d68c68a\Lib\site-packages\sympy\core\facts.py", line 343, in _process_rule
    self.process_rule(And(*[Not(barg) for barg in b.args]), Not(a))
    ~~~~~~~~~~~~~~~~~^^^^^^^^^^^^^^^^^^^^^^^^^^^^^^^^^^^^^^^^^^^^^^
  File "D:\CantorAI\xlang3\venv\cpython3.14-a6792301b742-compat-31b33d68c68a\Lib\site-packages\sympy\core\facts.py", line 321, in process_rule
    self._process_rule(a, b)
    ~~~~~~~~~~~~~~~~~~^^^^^^
  File "D:\CantorAI\xlang3\venv\cpython3.14-a6792301b742-compat-31b33d68c68a\Lib\site-packages\sympy\core\facts.py", line 343, in _process_rule
    self.process_rule(And(*[Not(barg) for barg in b.args]), Not(a))
    ~~~~~~~~~~~~~~~~~^^^^^^^^^^^^^^^^^^^^^^^^^^^^^^^^^^^^^^^^^^^^^^
  File "D:\CantorAI\xlang3\venv\cpython3.14-a6792301b742-compat-31b33d68c68a\Lib\site-packages\sympy\core\facts.py", line 321, in process_rule
    self._process_rule(a, b)
    ~~~~~~~~~~~~~~~~~~^^^^^^
  File "D:\CantorAI\xlang3\venv\cpython3.14-a6792301b742-compat-31b33d68c68a\Lib\site-packages\sympy\core\facts.py", line 343, in _process_rule
    self.process_rule(And(*[Not(barg) for barg in b.args]), Not(a))
    ~~~~~~~~~~~~~~~~~^^^^^^^^^^^^^^^^^^^^^^^^^^^^^^^^^^^^^^^^^^^^^^
  File "D:\CantorAI\xlang3\venv\cpython3.14-a6792301b742-compat-31b33d68c68a\Lib\site-packages\sympy\core\facts.py", line 321, in process_rule
    self._process_rule(a, b)
    ~~~~~~~~~~~~~~~~~~^^^^^^
  File "D:\CantorAI\xlang3\venv\cpython3.14-a6792301b742-compat-31b33d68c68a\Lib\site-packages\sympy\core\facts.py", line 343, in _process_rule
    self.process_rule(And(*[Not(barg) for barg in b.args]), Not(a))
    ~~~~~~~~~~~~~~~~~^^^^^^^^^^^^^^^^^^^^^^^^^^^^^^^^^^^^^^^^^^^^^^
  File "D:\CantorAI\xlang3\venv\cpython3.14-a6792301b742-compat-31b33d68c68a\Lib\site-packages\sympy\core\facts.py", line 321, in process_rule
    self._process_rule(a, b)
    ~~~~~~~~~~~~~~~~~~^^^^^^
  File "D:\CantorAI\xlang3\venv\cpython3.14-a6792301b742-compat-31b33d68c68a\Lib\site-packages\sympy\core\facts.py", line 343, in _process_rule
    self.process_rule(And(*[Not(barg) for barg in b.args]), Not(a))
    ~~~~~~~~~~~~~~~~~^^^^^^^^^^^^^^^^^^^^^^^^^^^^^^^^^^^^^^^^^^^^^^
  File "D:\CantorAI\xlang3\venv\cpython3.14-a6792301b742-compat-31b33d68c68a\Lib\site-packages\sympy\core\facts.py", line 321, in process_rule
    self._process_rule(a, b)
    ~~~~~~~~~~~~~~~~~~^^^^^^
  File "D:\CantorAI\xlang3\venv\cpython3.14-a6792301b742-compat-31b33d68c68a\Lib\site-packages\sympy\core\facts.py", line 343, in _process_rule
    self.process_rule(And(*[Not(barg) for barg in b.args]), Not(a))
    ~~~~~~~~~~~~~~~~~^^^^^^^^^^^^^^^^^^^^^^^^^^^^^^^^^^^^^^^^^^^^^^
  File "D:\CantorAI\xlang3\venv\cpython3.14-a6792301b742-compat-31b33d68c68a\Lib\site-packages\sympy\core\facts.py", line 321, in process_rule
    self._process_rule(a, b)
    ~~~~~~~~~~~~~~~~~~^^^^^^
  File "D:\CantorAI\xlang3\venv\cpython3.14-a6792301b742-compat-31b33d68c68a\Lib\site-packages\sympy\core\facts.py", line 343, in _process_rule
    self.process_rule(And(*[Not(barg) for barg in b.args]), Not(a))
    ~~~~~~~~~~~~~~~~~^^^^^^^^^^^^^^^^^^^^^^^^^^^^^^^^^^^^^^^^^^^^^^
  File "D:\CantorAI\xlang3\venv\cpython3.14-a6792301b742-compat-31b33d68c68a\Lib\site-packages\sympy\core\facts.py", line 321, in process_rule
    self._process_rule(a, b)
    ~~~~~~~~~~~~~~~~~~^^^^^^
  File "D:\CantorAI\xlang3\venv\cpython3.14-a6792301b742-compat-31b33d68c68a\Lib\site-packages\sympy\core\facts.py", line 343, in _process_rule
    self.process_rule(And(*[Not(barg) for barg in b.args]), Not(a))
    ~~~~~~~~~~~~~~~~~^^^^^^^^^^^^^^^^^^^^^^^^^^^^^^^^^^^^^^^^^^^^^^
  File "D:\CantorAI\xlang3\venv\cpython3.14-a6792301b742-compat-31b33d68c68a\Lib\site-packages\sympy\core\facts.py", line 321, in process_rule
    self._process_rule(a, b)
    ~~~~~~~~~~~~~~~~~~^^^^^^
  File "D:\CantorAI\xlang3\venv\cpython3.14-a6792301b742-compat-31b33d68c68a\Lib\site-packages\sympy\core\facts.py", line 343, in _process_rule
    self.process_rule(And(*[Not(barg) for barg in b.args]), Not(a))
    ~~~~~~~~~~~~~~~~~^^^^^^^^^^^^^^^^^^^^^^^^^^^^^^^^^^^^^^^^^^^^^^
  File "D:\CantorAI\xlang3\venv\cpython3.14-a6792301b742-compat-31b33d68c68a\Lib\site-packages\sympy\core\facts.py", line 321, in process_rule
    self._process_rule(a, b)
    ~~~~~~~~~~~~~~~~~~^^^^^^
  File "D:\CantorAI\xlang3\venv\cpython3.14-a6792301b742-compat-31b33d68c68a\Lib\site-packages\sympy\core\facts.py", line 343, in _process_rule
    self.process_rule(And(*[Not(barg) for barg in b.args]), Not(a))
    ~~~~~~~~~~~~~~~~~^^^^^^^^^^^^^^^^^^^^^^^^^^^^^^^^^^^^^^^^^^^^^^
  File "D:\CantorAI\xlang3\venv\cpython3.14-a6792301b742-compat-31b33d68c68a\Lib\site-packages\sympy\core\facts.py", line 321, in process_rule
    self._process_rule(a, b)
    ~~~~~~~~~~~~~~~~~~^^^^^^
  File "D:\CantorAI\xlang3\venv\cpython3.14-a6792301b742-compat-31b33d68c68a\Lib\site-packages\sympy\core\facts.py", line 343, in _process_rule
    self.process_rule(And(*[Not(barg) for barg in b.args]), Not(a))
    ~~~~~~~~~~~~~~~~~^^^^^^^^^^^^^^^^^^^^^^^^^^^^^^^^^^^^^^^^^^^^^^
  File "D:\CantorAI\xlang3\venv\cpython3.14-a6792301b742-compat-31b33d68c68a\Lib\site-packages\sympy\core\facts.py", line 321, in process_rule
    self._process_rule(a, b)
    ~~~~~~~~~~~~~~~~~~^^^^^^
  File "D:\CantorAI\xlang3\venv\cpython3.14-a6792301b742-compat-31b33d68c68a\Lib\site-packages\sympy\core\facts.py", line 343, in _process_rule
    self.process_rule(And(*[Not(barg) for barg in b.args]), Not(a))
    ~~~~~~~~~~~~~~~~~^^^^^^^^^^^^^^^^^^^^^^^^^^^^^^^^^^^^^^^^^^^^^^
  File "D:\CantorAI\xlang3\venv\cpython3.14-a6792301b742-compat-31b33d68c68a\Lib\site-packages\sympy\core\facts.py", line 321, in process_rule
    self._process_rule(a, b)
    ~~~~~~~~~~~~~~~~~~^^^^^^
  File "D:\CantorAI\xlang3\venv\cpython3.14-a6792301b742-compat-31b33d68c68a\Lib\site-packages\sympy\core\facts.py", line 343, in _process_rule
    self.process_rule(And(*[Not(barg) for barg in b.args]), Not(a))
    ~~~~~~~~~~~~~~~~~^^^^^^^^^^^^^^^^^^^^^^^^^^^^^^^^^^^^^^^^^^^^^^
  File "D:\CantorAI\xlang3\venv\cpython3.14-a6792301b742-compat-31b33d68c68a\Lib\site-packages\sympy\core\facts.py", line 321, in process_rule
    self._process_rule(a, b)
    ~~~~~~~~~~~~~~~~~~^^^^^^
  File "D:\CantorAI\xlang3\venv\cpython3.14-a6792301b742-compat-31b33d68c68a\Lib\site-packages\sympy\core\facts.py", line 343, in _process_rule
    self.process_rule(And(*[Not(barg) for barg in b.args]), Not(a))
    ~~~~~~~~~~~~~~~~~^^^^^^^^^^^^^^^^^^^^^^^^^^^^^^^^^^^^^^^^^^^^^^
  File "D:\CantorAI\xlang3\venv\cpython3.14-a6792301b742-compat-31b33d68c68a\Lib\site-packages\sympy\core\facts.py", line 321, in process_rule
    self._process_rule(a, b)
    ~~~~~~~~~~~~~~~~~~^^^^^^
  File "D:\CantorAI\xlang3\venv\cpython3.14-a6792301b742-compat-31b33d68c68a\Lib\site-packages\sympy\core\facts.py", line 343, in _process_rule
    self.process_rule(And(*[Not(barg) for barg in b.args]), Not(a))
    ~~~~~~~~~~~~~~~~~^^^^^^^^^^^^^^^^^^^^^^^^^^^^^^^^^^^^^^^^^^^^^^
  File "D:\CantorAI\xlang3\venv\cpython3.14-a6792301b742-compat-31b33d68c68a\Lib\site-packages\sympy\core\facts.py", line 321, in process_rule
    self._process_rule(a, b)
    ~~~~~~~~~~~~~~~~~~^^^^^^
  File "D:\CantorAI\xlang3\venv\cpython3.14-a6792301b742-compat-31b33d68c68a\Lib\site-packages\sympy\core\facts.py", line 343, in _process_rule
    self.process_rule(And(*[Not(barg) for barg in b.args]), Not(a))
    ~~~~~~~~~~~~~~~~~^^^^^^^^^^^^^^^^^^^^^^^^^^^^^^^^^^^^^^^^^^^^^^
  File "D:\CantorAI\xlang3\venv\cpython3.14-a6792301b742-compat-31b33d68c68a\Lib\site-packages\sympy\core\facts.py", line 321, in process_rule
    self._process_rule(a, b)
    ~~~~~~~~~~~~~~~~~~^^^^^^
  File "D:\CantorAI\xlang3\venv\cpython3.14-a6792301b742-compat-31b33d68c68a\Lib\site-packages\sympy\core\facts.py", line 343, in _process_rule
    self.process_rule(And(*[Not(barg) for barg in b.args]), Not(a))
    ~~~~~~~~~~~~~~~~~^^^^^^^^^^^^^^^^^^^^^^^^^^^^^^^^^^^^^^^^^^^^^^
  File "D:\CantorAI\xlang3\venv\cpython3.14-a6792301b742-compat-31b33d68c68a\Lib\site-packages\sympy\core\facts.py", line 321, in process_rule
    self._process_rule(a, b)
    ~~~~~~~~~~~~~~~~~~^^^^^^
  File "D:\CantorAI\xlang3\venv\cpython3.14-a6792301b742-compat-31b33d68c68a\Lib\site-packages\sympy\core\facts.py", line 343, in _process_rule
    self.process_rule(And(*[Not(barg) for barg in b.args]), Not(a))
    ~~~~~~~~~~~~~~~~~^^^^^^^^^^^^^^^^^^^^^^^^^^^^^^^^^^^^^^^^^^^^^^
  File "D:\CantorAI\xlang3\venv\cpython3.14-a6792301b742-compat-31b33d68c68a\Lib\site-packages\sympy\core\facts.py", line 321, in process_rule
    self._process_rule(a, b)
    ~~~~~~~~~~~~~~~~~~^^^^^^
  File "D:\CantorAI\xlang3\venv\cpython3.14-a6792301b742-compat-31b33d68c68a\Lib\site-packages\sympy\core\facts.py", line 343, in _process_rule
    self.process_rule(And(*[Not(barg) for barg in b.args]), Not(a))
    ~~~~~~~~~~~~~~~~~^^^^^^^^^^^^^^^^^^^^^^^^^^^^^^^^^^^^^^^^^^^^^^
  File "D:\CantorAI\xlang3\venv\cpython3.14-a6792301b742-compat-31b33d68c68a\Lib\site-packages\sympy\core\facts.py", line 321, in process_rule
    self._process_rule(a, b)
    ~~~~~~~~~~~~~~~~~~^^^^^^
  File "D:\CantorAI\xlang3\venv\cpython3.14-a6792301b742-compat-31b33d68c68a\Lib\site-packages\sympy\core\facts.py", line 343, in _process_rule
    self.process_rule(And(*[Not(barg) for barg in b.args]), Not(a))
    ~~~~~~~~~~~~~~~~~^^^^^^^^^^^^^^^^^^^^^^^^^^^^^^^^^^^^^^^^^^^^^^
  File "D:\CantorAI\xlang3\venv\cpython3.14-a6792301b742-compat-31b33d68c68a\Lib\site-packages\sympy\core\facts.py", line 321, in process_rule
    self._process_rule(a, b)
    ~~~~~~~~~~~~~~~~~~^^^^^^
  File "D:\CantorAI\xlang3\venv\cpython3.14-a6792301b742-compat-31b33d68c68a\Lib\site-packages\sympy\core\facts.py", line 343, in _process_rule
    self.process_rule(And(*[Not(barg) for barg in b.args]), Not(a))
    ~~~~~~~~~~~~~~~~~^^^^^^^^^^^^^^^^^^^^^^^^^^^^^^^^^^^^^^^^^^^^^^
  File "D:\CantorAI\xlang3\venv\cpython3.14-a6792301b742-compat-31b33d68c68a\Lib\site-packages\sympy\core\facts.py", line 321, in process_rule
    self._process_rule(a, b)
    ~~~~~~~~~~~~~~~~~~^^^^^^
  File "D:\CantorAI\xlang3\venv\cpython3.14-a6792301b742-compat-31b33d68c68a\Lib\site-packages\sympy\core\facts.py", line 343, in _process_rule
    self.process_rule(And(*[Not(barg) for barg in b.args]), Not(a))
    ~~~~~~~~~~~~~~~~~^^^^^^^^^^^^^^^^^^^^^^^^^^^^^^^^^^^^^^^^^^^^^^
  File "D:\CantorAI\xlang3\venv\cpython3.14-a6792301b742-compat-31b33d68c68a\Lib\site-packages\sympy\core\facts.py", line 321, in process_rule
    self._process_rule(a, b)
    ~~~~~~~~~~~~~~~~~~^^^^^^
  File "D:\CantorAI\xlang3\venv\cpython3.14-a6792301b742-compat-31b33d68c68a\Lib\site-packages\sympy\core\facts.py", line 343, in _process_rule
    self.process_rule(And(*[Not(barg) for barg in b.args]), Not(a))
    ~~~~~~~~~~~~~~~~~^^^^^^^^^^^^^^^^^^^^^^^^^^^^^^^^^^^^^^^^^^^^^^
  File "D:\CantorAI\xlang3\venv\cpython3.14-a6792301b742-compat-31b33d68c68a\Lib\site-packages\sympy\core\facts.py", line 321, in process_rule
    self._process_rule(a, b)
    ~~~~~~~~~~~~~~~~~~^^^^^^
  File "D:\CantorAI\xlang3\venv\cpython3.14-a6792301b742-compat-31b33d68c68a\Lib\site-packages\sympy\core\facts.py", line 343, in _process_rule
    self.process_rule(And(*[Not(barg) for barg in b.args]), Not(a))
    ~~~~~~~~~~~~~~~~~^^^^^^^^^^^^^^^^^^^^^^^^^^^^^^^^^^^^^^^^^^^^^^
  File "D:\CantorAI\xlang3\venv\cpython3.14-a6792301b742-compat-31b33d68c68a\Lib\site-packages\sympy\core\facts.py", line 321, in process_rule
    self._process_rule(a, b)
    ~~~~~~~~~~~~~~~~~~^^^^^^
  File "D:\CantorAI\xlang3\venv\cpython3.14-a6792301b742-compat-31b33d68c68a\Lib\site-packages\sympy\core\facts.py", line 343, in _process_rule
    self.process_rule(And(*[Not(barg) for barg in b.args]), Not(a))
    ~~~~~~~~~~~~~~~~~^^^^^^^^^^^^^^^^^^^^^^^^^^^^^^^^^^^^^^^^^^^^^^
  File "D:\CantorAI\xlang3\venv\cpython3.14-a6792301b742-compat-31b33d68c68a\Lib\site-packages\sympy\core\facts.py", line 321, in process_rule
    self._process_rule(a, b)
    ~~~~~~~~~~~~~~~~~~^^^^^^
  File "D:\CantorAI\xlang3\venv\cpython3.14-a6792301b742-compat-31b33d68c68a\Lib\site-packages\sympy\core\facts.py", line 343, in _process_rule
    self.process_rule(And(*[Not(barg) for barg in b.args]), Not(a))
    ~~~~~~~~~~~~~~~~~^^^^^^^^^^^^^^^^^^^^^^^^^^^^^^^^^^^^^^^^^^^^^^
  File "D:\CantorAI\xlang3\venv\cpython3.14-a6792301b742-compat-31b33d68c68a\Lib\site-packages\sympy\core\facts.py", line 321, in process_rule
    self._process_rule(a, b)
    ~~~~~~~~~~~~~~~~~~^^^^^^
  File "D:\CantorAI\xlang3\venv\cpython3.14-a6792301b742-compat-31b33d68c68a\Lib\site-packages\sympy\core\facts.py", line 343, in _process_rule
    self.process_rule(And(*[Not(barg) for barg in b.args]), Not(a))
    ~~~~~~~~~~~~~~~~~^^^^^^^^^^^^^^^^^^^^^^^^^^^^^^^^^^^^^^^^^^^^^^
  File "D:\CantorAI\xlang3\venv\cpython3.14-a6792301b742-compat-31b33d68c68a\Lib\site-packages\sympy\core\facts.py", line 321, in process_rule
    self._process_rule(a, b)
    ~~~~~~~~~~~~~~~~~~^^^^^^
  File "D:\CantorAI\xlang3\venv\cpython3.14-a6792301b742-compat-31b33d68c68a\Lib\site-packages\sympy\core\facts.py", line 343, in _process_rule
    self.process_rule(And(*[Not(barg) for barg in b.args]), Not(a))
    ~~~~~~~~~~~~~~~~~^^^^^^^^^^^^^^^^^^^^^^^^^^^^^^^^^^^^^^^^^^^^^^
  File "D:\CantorAI\xlang3\venv\cpython3.14-a6792301b742-compat-31b33d68c68a\Lib\site-packages\sympy\core\facts.py", line 321, in process_rule
    self._process_rule(a, b)
    ~~~~~~~~~~~~~~~~~~^^^^^^
  File "D:\CantorAI\xlang3\venv\cpython3.14-a6792301b742-compat-31b33d68c68a\Lib\site-packages\sympy\core\facts.py", line 343, in _process_rule
    self.process_rule(And(*[Not(barg) for barg in b.args]), Not(a))
    ~~~~~~~~~~~~~~~~~^^^^^^^^^^^^^^^^^^^^^^^^^^^^^^^^^^^^^^^^^^^^^^
  File "D:\CantorAI\xlang3\venv\cpython3.14-a6792301b742-compat-31b33d68c68a\Lib\site-packages\sympy\core\facts.py", line 321, in process_rule
    self._process_rule(a, b)
    ~~~~~~~~~~~~~~~~~~^^^^^^
  File "D:\CantorAI\xlang3\venv\cpython3.14-a6792301b742-compat-31b33d68c68a\Lib\site-packages\sympy\core\facts.py", line 343, in _process_rule
    self.process_rule(And(*[Not(barg) for barg in b.args]), Not(a))
    ~~~~~~~~~~~~~~~~~^^^^^^^^^^^^^^^^^^^^^^^^^^^^^^^^^^^^^^^^^^^^^^
  File "D:\CantorAI\xlang3\venv\cpython3.14-a6792301b742-compat-31b33d68c68a\Lib\site-packages\sympy\core\facts.py", line 321, in process_rule
    self._process_rule(a, b)
    ~~~~~~~~~~~~~~~~~~^^^^^^
  File "D:\CantorAI\xlang3\venv\cpython3.14-a6792301b742-compat-31b33d68c68a\Lib\site-packages\sympy\core\facts.py", line 343, in _process_rule
    self.process_rule(And(*[Not(barg) for barg in b.args]), Not(a))
    ~~~~~~~~~~~~~~~~~^^^^^^^^^^^^^^^^^^^^^^^^^^^^^^^^^^^^^^^^^^^^^^
  File "D:\CantorAI\xlang3\venv\cpython3.14-a6792301b742-compat-31b33d68c68a\Lib\site-packages\sympy\core\facts.py", line 321, in process_rule
    self._process_rule(a, b)
    ~~~~~~~~~~~~~~~~~~^^^^^^
  File "D:\CantorAI\xlang3\venv\cpython3.14-a6792301b742-compat-31b33d68c68a\Lib\site-packages\sympy\core\facts.py", line 343, in _process_rule
    self.process_rule(And(*[Not(barg) for barg in b.args]), Not(a))
    ~~~~~~~~~~~~~~~~~^^^^^^^^^^^^^^^^^^^^^^^^^^^^^^^^^^^^^^^^^^^^^^
  File "D:\CantorAI\xlang3\venv\cpython3.14-a6792301b742-compat-31b33d68c68a\Lib\site-packages\sympy\core\facts.py", line 321, in process_rule
    self._process_rule(a, b)
    ~~~~~~~~~~~~~~~~~~^^^^^^
  File "D:\CantorAI\xlang3\venv\cpython3.14-a6792301b742-compat-31b33d68c68a\Lib\site-packages\sympy\core\facts.py", line 343, in _process_rule
    self.process_rule(And(*[Not(barg) for barg in b.args]), Not(a))
    ~~~~~~~~~~~~~~~~~^^^^^^^^^^^^^^^^^^^^^^^^^^^^^^^^^^^^^^^^^^^^^^
  File "D:\CantorAI\xlang3\venv\cpython3.14-a6792301b742-compat-31b33d68c68a\Lib\site-packages\sympy\core\facts.py", line 321, in process_rule
    self._process_rule(a, b)
    ~~~~~~~~~~~~~~~~~~^^^^^^
  File "D:\CantorAI\xlang3\venv\cpython3.14-a6792301b742-compat-31b33d68c68a\Lib\site-packages\sympy\core\facts.py", line 343, in _process_rule
    self.process_rule(And(*[Not(barg) for barg in b.args]), Not(a))
    ~~~~~~~~~~~~~~~~~^^^^^^^^^^^^^^^^^^^^^^^^^^^^^^^^^^^^^^^^^^^^^^
  File "D:\CantorAI\xlang3\venv\cpython3.14-a6792301b742-compat-31b33d68c68a\Lib\site-packages\sympy\core\facts.py", line 321, in process_rule
    self._process_rule(a, b)
    ~~~~~~~~~~~~~~~~~~^^^^^^
  File "D:\CantorAI\xlang3\venv\cpython3.14-a6792301b742-compat-31b33d68c68a\Lib\site-packages\sympy\core\facts.py", line 343, in _process_rule
    self.process_rule(And(*[Not(barg) for barg in b.args]), Not(a))
    ~~~~~~~~~~~~~~~~~^^^^^^^^^^^^^^^^^^^^^^^^^^^^^^^^^^^^^^^^^^^^^^
  File "D:\CantorAI\xlang3\venv\cpython3.14-a6792301b742-compat-31b33d68c68a\Lib\site-packages\sympy\core\facts.py", line 321, in process_rule
    self._process_rule(a, b)
    ~~~~~~~~~~~~~~~~~~^^^^^^
  File "D:\CantorAI\xlang3\venv\cpython3.14-a6792301b742-compat-31b33d68c68a\Lib\site-packages\sympy\core\facts.py", line 343, in _process_rule
    self.process_rule(And(*[Not(barg) for barg in b.args]), Not(a))
    ~~~~~~~~~~~~~~~~~^^^^^^^^^^^^^^^^^^^^^^^^^^^^^^^^^^^^^^^^^^^^^^
  File "D:\CantorAI\xlang3\venv\cpython3.14-a6792301b742-compat-31b33d68c68a\Lib\site-packages\sympy\core\facts.py", line 321, in process_rule
    self._process_rule(a, b)
    ~~~~~~~~~~~~~~~~~~^^^^^^
  File "D:\CantorAI\xlang3\venv\cpython3.14-a6792301b742-compat-31b33d68c68a\Lib\site-packages\sympy\core\facts.py", line 343, in _process_rule
    self.process_rule(And(*[Not(barg) for barg in b.args]), Not(a))
    ~~~~~~~~~~~~~~~~~^^^^^^^^^^^^^^^^^^^^^^^^^^^^^^^^^^^^^^^^^^^^^^
  File "D:\CantorAI\xlang3\venv\cpython3.14-a6792301b742-compat-31b33d68c68a\Lib\site-packages\sympy\core\facts.py", line 321, in process_rule
    self._process_rule(a, b)
    ~~~~~~~~~~~~~~~~~~^^^^^^
  File "D:\CantorAI\xlang3\venv\cpython3.14-a6792301b742-compat-31b33d68c68a\Lib\site-packages\sympy\core\facts.py", line 343, in _process_rule
    self.process_rule(And(*[Not(barg) for barg in b.args]), Not(a))
    ~~~~~~~~~~~~~~~~~^^^^^^^^^^^^^^^^^^^^^^^^^^^^^^^^^^^^^^^^^^^^^^
  File "D:\CantorAI\xlang3\venv\cpython3.14-a6792301b742-compat-31b33d68c68a\Lib\site-packages\sympy\core\facts.py", line 321, in process_rule
    self._process_rule(a, b)
    ~~~~~~~~~~~~~~~~~~^^^^^^
  File "D:\CantorAI\xlang3\venv\cpython3.14-a6792301b742-compat-31b33d68c68a\Lib\site-packages\sympy\core\facts.py", line 343, in _process_rule
    self.process_rule(And(*[Not(barg) for barg in b.args]), Not(a))
    ~~~~~~~~~~~~~~~~~^^^^^^^^^^^^^^^^^^^^^^^^^^^^^^^^^^^^^^^^^^^^^^
  File "D:\CantorAI\xlang3\venv\cpython3.14-a6792301b742-compat-31b33d68c68a\Lib\site-packages\sympy\core\facts.py", line 321, in process_rule
    self._process_rule(a, b)
    ~~~~~~~~~~~~~~~~~~^^^^^^
  File "D:\CantorAI\xlang3\venv\cpython3.14-a6792301b742-compat-31b33d68c68a\Lib\site-packages\sympy\core\facts.py", line 343, in _process_rule
    self.process_rule(And(*[Not(barg) for barg in b.args]), Not(a))
    ~~~~~~~~~~~~~~~~~^^^^^^^^^^^^^^^^^^^^^^^^^^^^^^^^^^^^^^^^^^^^^^
  File "D:\CantorAI\xlang3\venv\cpython3.14-a6792301b742-compat-31b33d68c68a\Lib\site-packages\sympy\core\facts.py", line 321, in process_rule
    self._process_rule(a, b)
    ~~~~~~~~~~~~~~~~~~^^^^^^
  File "D:\CantorAI\xlang3\venv\cpython3.14-a6792301b742-compat-31b33d68c68a\Lib\site-packages\sympy\core\facts.py", line 343, in _process_rule
    self.process_rule(And(*[Not(barg) for barg in b.args]), Not(a))
    ~~~~~~~~~~~~~~~~~^^^^^^^^^^^^^^^^^^^^^^^^^^^^^^^^^^^^^^^^^^^^^^
  File "D:\CantorAI\xlang3\venv\cpython3.14-a6792301b742-compat-31b33d68c68a\Lib\site-packages\sympy\core\facts.py", line 321, in process_rule
    self._process_rule(a, b)
    ~~~~~~~~~~~~~~~~~~^^^^^^
  File "D:\CantorAI\xlang3\venv\cpython3.14-a6792301b742-compat-31b33d68c68a\Lib\site-packages\sympy\core\facts.py", line 343, in _process_rule
    self.process_rule(And(*[Not(barg) for barg in b.args]), Not(a))
    ~~~~~~~~~~~~~~~~~^^^^^^^^^^^^^^^^^^^^^^^^^^^^^^^^^^^^^^^^^^^^^^
  File "D:\CantorAI\xlang3\venv\cpython3.14-a6792301b742-compat-31b33d68c68a\Lib\site-packages\sympy\core\facts.py", line 321, in process_rule
    self._process_rule(a, b)
    ~~~~~~~~~~~~~~~~~~^^^^^^
  File "D:\CantorAI\xlang3\venv\cpython3.14-a6792301b742-compat-31b33d68c68a\Lib\site-packages\sympy\core\facts.py", line 343, in _process_rule
    self.process_rule(And(*[Not(barg) for barg in b.args]), Not(a))
    ~~~~~~~~~~~~~~~~~^^^^^^^^^^^^^^^^^^^^^^^^^^^^^^^^^^^^^^^^^^^^^^
  File "D:\CantorAI\xlang3\venv\cpython3.14-a6792301b742-compat-31b33d68c68a\Lib\site-packages\sympy\core\facts.py", line 321, in process_rule
    self._process_rule(a, b)
    ~~~~~~~~~~~~~~~~~~^^^^^^
  File "D:\CantorAI\xlang3\venv\cpython3.14-a6792301b742-compat-31b33d68c68a\Lib\site-packages\sympy\core\facts.py", line 343, in _process_rule
    self.process_rule(And(*[Not(barg) for barg in b.args]), Not(a))
    ~~~~~~~~~~~~~~~~~^^^^^^^^^^^^^^^^^^^^^^^^^^^^^^^^^^^^^^^^^^^^^^
  File "D:\CantorAI\xlang3\venv\cpython3.14-a6792301b742-compat-31b33d68c68a\Lib\site-packages\sympy\core\facts.py", line 321, in process_rule
    self._process_rule(a, b)
    ~~~~~~~~~~~~~~~~~~^^^^^^
  File "D:\CantorAI\xlang3\venv\cpython3.14-a6792301b742-compat-31b33d68c68a\Lib\site-packages\sympy\core\facts.py", line 343, in _process_rule
    self.process_rule(And(*[Not(barg) for barg in b.args]), Not(a))
    ~~~~~~~~~~~~~~~~~^^^^^^^^^^^^^^^^^^^^^^^^^^^^^^^^^^^^^^^^^^^^^^
  File "D:\CantorAI\xlang3\venv\cpython3.14-a6792301b742-compat-31b33d68c68a\Lib\site-packages\sympy\core\facts.py", line 321, in process_rule
    self._process_rule(a, b)
    ~~~~~~~~~~~~~~~~~~^^^^^^
  File "D:\CantorAI\xlang3\venv\cpython3.14-a6792301b742-compat-31b33d68c68a\Lib\site-packages\sympy\core\facts.py", line 343, in _process_rule
    self.process_rule(And(*[Not(barg) for barg in b.args]), Not(a))
    ~~~~~~~~~~~~~~~~~^^^^^^^^^^^^^^^^^^^^^^^^^^^^^^^^^^^^^^^^^^^^^^
  File "D:\CantorAI\xlang3\venv\cpython3.14-a6792301b742-compat-31b33d68c68a\Lib\site-packages\sympy\core\facts.py", line 321, in process_rule
    self._process_rule(a, b)
    ~~~~~~~~~~~~~~~~~~^^^^^^
  File "D:\CantorAI\xlang3\venv\cpython3.14-a6792301b742-compat-31b33d68c68a\Lib\site-packages\sympy\core\facts.py", line 343, in _process_rule
    self.process_rule(And(*[Not(barg) for barg in b.args]), Not(a))
    ~~~~~~~~~~~~~~~~~^^^^^^^^^^^^^^^^^^^^^^^^^^^^^^^^^^^^^^^^^^^^^^
  File "D:\CantorAI\xlang3\venv\cpython3.14-a6792301b742-compat-31b33d68c68a\Lib\site-packages\sympy\core\facts.py", line 321, in process_rule
    self._process_rule(a, b)
    ~~~~~~~~~~~~~~~~~~^^^^^^
  File "D:\CantorAI\xlang3\venv\cpython3.14-a6792301b742-compat-31b33d68c68a\Lib\site-packages\sympy\core\facts.py", line 343, in _process_rule
    self.process_rule(And(*[Not(barg) for barg in b.args]), Not(a))
    ~~~~~~~~~~~~~~~~~^^^^^^^^^^^^^^^^^^^^^^^^^^^^^^^^^^^^^^^^^^^^^^
  File "D:\CantorAI\xlang3\venv\cpython3.14-a6792301b742-compat-31b33d68c68a\Lib\site-packages\sympy\core\facts.py", line 321, in process_rule
    self._process_rule(a, b)
    ~~~~~~~~~~~~~~~~~~^^^^^^
  File "D:\CantorAI\xlang3\venv\cpython3.14-a6792301b742-compat-31b33d68c68a\Lib\site-packages\sympy\core\facts.py", line 343, in _process_rule
    self.process_rule(And(*[Not(barg) for barg in b.args]), Not(a))
    ~~~~~~~~~~~~~~~~~^^^^^^^^^^^^^^^^^^^^^^^^^^^^^^^^^^^^^^^^^^^^^^
  File "D:\CantorAI\xlang3\venv\cpython3.14-a6792301b742-compat-31b33d68c68a\Lib\site-packages\sympy\core\facts.py", line 321, in process_rule
    self._process_rule(a, b)
    ~~~~~~~~~~~~~~~~~~^^^^^^
  File "D:\CantorAI\xlang3\venv\cpython3.14-a6792301b742-compat-31b33d68c68a\Lib\site-packages\sympy\core\facts.py", line 343, in _process_rule
    self.process_rule(And(*[Not(barg) for barg in b.args]), Not(a))
    ~~~~~~~~~~~~~~~~~^^^^^^^^^^^^^^^^^^^^^^^^^^^^^^^^^^^^^^^^^^^^^^
  File "D:\CantorAI\xlang3\venv\cpython3.14-a6792301b742-compat-31b33d68c68a\Lib\site-packages\sympy\core\facts.py", line 321, in process_rule
    self._process_rule(a, b)
    ~~~~~~~~~~~~~~~~~~^^^^^^
  File "D:\CantorAI\xlang3\venv\cpython3.14-a6792301b742-compat-31b33d68c68a\Lib\site-packages\sympy\core\facts.py", line 343, in _process_rule
    self.process_rule(And(*[Not(barg) for barg in b.args]), Not(a))
    ~~~~~~~~~~~~~~~~~^^^^^^^^^^^^^^^^^^^^^^^^^^^^^^^^^^^^^^^^^^^^^^
  File "D:\CantorAI\xlang3\venv\cpython3.14-a6792301b742-compat-31b33d68c68a\Lib\site-packages\sympy\core\facts.py", line 321, in process_rule
    self._process_rule(a, b)
    ~~~~~~~~~~~~~~~~~~^^^^^^
  File "D:\CantorAI\xlang3\venv\cpython3.14-a6792301b742-compat-31b33d68c68a\Lib\site-packages\sympy\core\facts.py", line 343, in _process_rule
    self.process_rule(And(*[Not(barg) for barg in b.args]), Not(a))
    ~~~~~~~~~~~~~~~~~^^^^^^^^^^^^^^^^^^^^^^^^^^^^^^^^^^^^^^^^^^^^^^
  File "D:\CantorAI\xlang3\venv\cpython3.14-a6792301b742-compat-31b33d68c68a\Lib\site-packages\sympy\core\facts.py", line 321, in process_rule
    self._process_rule(a, b)
    ~~~~~~~~~~~~~~~~~~^^^^^^
  File "D:\CantorAI\xlang3\venv\cpython3.14-a6792301b742-compat-31b33d68c68a\Lib\site-packages\sympy\core\facts.py", line 343, in _process_rule
    self.process_rule(And(*[Not(barg) for barg in b.args]), Not(a))
    ~~~~~~~~~~~~~~~~~^^^^^^^^^^^^^^^^^^^^^^^^^^^^^^^^^^^^^^^^^^^^^^
  File "D:\CantorAI\xlang3\venv\cpython3.14-a6792301b742-compat-31b33d68c68a\Lib\site-packages\sympy\core\facts.py", line 321, in process_rule
    self._process_rule(a, b)
    ~~~~~~~~~~~~~~~~~~^^^^^^
  File "D:\CantorAI\xlang3\venv\cpython3.14-a6792301b742-compat-31b33d68c68a\Lib\site-packages\sympy\core\facts.py", line 343, in _process_rule
    self.process_rule(And(*[Not(barg) for barg in b.args]), Not(a))
    ~~~~~~~~~~~~~~~~~^^^^^^^^^^^^^^^^^^^^^^^^^^^^^^^^^^^^^^^^^^^^^^
  File "D:\CantorAI\xlang3\venv\cpython3.14-a6792301b742-compat-31b33d68c68a\Lib\site-packages\sympy\core\facts.py", line 321, in process_rule
    self._process_rule(a, b)
    ~~~~~~~~~~~~~~~~~~^^^^^^
  File "D:\CantorAI\xlang3\venv\cpython3.14-a6792301b742-compat-31b33d68c68a\Lib\site-packages\sympy\core\facts.py", line 343, in _process_rule
    self.process_rule(And(*[Not(barg) for barg in b.args]), Not(a))
    ~~~~~~~~~~~~~~~~~^^^^^^^^^^^^^^^^^^^^^^^^^^^^^^^^^^^^^^^^^^^^^^
  File "D:\CantorAI\xlang3\venv\cpython3.14-a6792301b742-compat-31b33d68c68a\Lib\site-packages\sympy\core\facts.py", line 321, in process_rule
    self._process_rule(a, b)
    ~~~~~~~~~~~~~~~~~~^^^^^^
  File "D:\CantorAI\xlang3\venv\cpython3.14-a6792301b742-compat-31b33d68c68a\Lib\site-packages\sympy\core\facts.py", line 343, in _process_rule
    self.process_rule(And(*[Not(barg) for barg in b.args]), Not(a))
    ~~~~~~~~~~~~~~~~~^^^^^^^^^^^^^^^^^^^^^^^^^^^^^^^^^^^^^^^^^^^^^^
  File "D:\CantorAI\xlang3\venv\cpython3.14-a6792301b742-compat-31b33d68c68a\Lib\site-packages\sympy\core\facts.py", line 321, in process_rule
    self._process_rule(a, b)
    ~~~~~~~~~~~~~~~~~~^^^^^^
  File "D:\CantorAI\xlang3\venv\cpython3.14-a6792301b742-compat-31b33d68c68a\Lib\site-packages\sympy\core\facts.py", line 343, in _process_rule
    self.process_rule(And(*[Not(barg) for barg in b.args]), Not(a))
    ~~~~~~~~~~~~~~~~~^^^^^^^^^^^^^^^^^^^^^^^^^^^^^^^^^^^^^^^^^^^^^^
  File "D:\CantorAI\xlang3\venv\cpython3.14-a6792301b742-compat-31b33d68c68a\Lib\site-packages\sympy\core\facts.py", line 321, in process_rule
    self._process_rule(a, b)
    ~~~~~~~~~~~~~~~~~~^^^^^^
  File "D:\CantorAI\xlang3\venv\cpython3.14-a6792301b742-compat-31b33d68c68a\Lib\site-packages\sympy\core\facts.py", line 343, in _process_rule
    self.process_rule(And(*[Not(barg) for barg in b.args]), Not(a))
    ~~~~~~~~~~~~~~~~~^^^^^^^^^^^^^^^^^^^^^^^^^^^^^^^^^^^^^^^^^^^^^^
  File "D:\CantorAI\xlang3\venv\cpython3.14-a6792301b742-compat-31b33d68c68a\Lib\site-packages\sympy\core\facts.py", line 321, in process_rule
    self._process_rule(a, b)
    ~~~~~~~~~~~~~~~~~~^^^^^^
  File "D:\CantorAI\xlang3\venv\cpython3.14-a6792301b742-compat-31b33d68c68a\Lib\site-packages\sympy\core\facts.py", line 343, in _process_rule
    self.process_rule(And(*[Not(barg) for barg in b.args]), Not(a))
    ~~~~~~~~~~~~~~~~~^^^^^^^^^^^^^^^^^^^^^^^^^^^^^^^^^^^^^^^^^^^^^^
  File "D:\CantorAI\xlang3\venv\cpython3.14-a6792301b742-compat-31b33d68c68a\Lib\site-packages\sympy\core\facts.py", line 321, in process_rule
    self._process_rule(a, b)
    ~~~~~~~~~~~~~~~~~~^^^^^^
  File "D:\CantorAI\xlang3\venv\cpython3.14-a6792301b742-compat-31b33d68c68a\Lib\site-packages\sympy\core\facts.py", line 343, in _process_rule
    self.process_rule(And(*[Not(barg) for barg in b.args]), Not(a))
    ~~~~~~~~~~~~~~~~~^^^^^^^^^^^^^^^^^^^^^^^^^^^^^^^^^^^^^^^^^^^^^^
  File "D:\CantorAI\xlang3\venv\cpython3.14-a6792301b742-compat-31b33d68c68a\Lib\site-packages\sympy\core\facts.py", line 321, in process_rule
    self._process_rule(a, b)
    ~~~~~~~~~~~~~~~~~~^^^^^^
  File "D:\CantorAI\xlang3\venv\cpython3.14-a6792301b742-compat-31b33d68c68a\Lib\site-packages\sympy\core\facts.py", line 343, in _process_rule
    self.process_rule(And(*[Not(barg) for barg in b.args]), Not(a))
    ~~~~~~~~~~~~~~~~~^^^^^^^^^^^^^^^^^^^^^^^^^^^^^^^^^^^^^^^^^^^^^^
  File "D:\CantorAI\xlang3\venv\cpython3.14-a6792301b742-compat-31b33d68c68a\Lib\site-packages\sympy\core\facts.py", line 321, in process_rule
    self._process_rule(a, b)
    ~~~~~~~~~~~~~~~~~~^^^^^^
  File "D:\CantorAI\xlang3\venv\cpython3.14-a6792301b742-compat-31b33d68c68a\Lib\site-packages\sympy\core\facts.py", line 343, in _process_rule
    self.process_rule(And(*[Not(barg) for barg in b.args]), Not(a))
    ~~~~~~~~~~~~~~~~~^^^^^^^^^^^^^^^^^^^^^^^^^^^^^^^^^^^^^^^^^^^^^^
  File "D:\CantorAI\xlang3\venv\cpython3.14-a6792301b742-compat-31b33d68c68a\Lib\site-packages\sympy\core\facts.py", line 321, in process_rule
    self._process_rule(a, b)
    ~~~~~~~~~~~~~~~~~~^^^^^^
  File "D:\CantorAI\xlang3\venv\cpython3.14-a6792301b742-compat-31b33d68c68a\Lib\site-packages\sympy\core\facts.py", line 343, in _process_rule
    self.process_rule(And(*[Not(barg) for barg in b.args]), Not(a))
    ~~~~~~~~~~~~~~~~~^^^^^^^^^^^^^^^^^^^^^^^^^^^^^^^^^^^^^^^^^^^^^^
  File "D:\CantorAI\xlang3\venv\cpython3.14-a6792301b742-compat-31b33d68c68a\Lib\site-packages\sympy\core\facts.py", line 321, in process_rule
    self._process_rule(a, b)
    ~~~~~~~~~~~~~~~~~~^^^^^^
  File "D:\CantorAI\xlang3\venv\cpython3.14-a6792301b742-compat-31b33d68c68a\Lib\site-packages\sympy\core\facts.py", line 343, in _process_rule
    self.process_rule(And(*[Not(barg) for barg in b.args]), Not(a))
    ~~~~~~~~~~~~~~~~~^^^^^^^^^^^^^^^^^^^^^^^^^^^^^^^^^^^^^^^^^^^^^^
  File "D:\CantorAI\xlang3\venv\cpython3.14-a6792301b742-compat-31b33d68c68a\Lib\site-packages\sympy\core\facts.py", line 321, in process_rule
    self._process_rule(a, b)
    ~~~~~~~~~~~~~~~~~~^^^^^^
  File "D:\CantorAI\xlang3\venv\cpython3.14-a6792301b742-compat-31b33d68c68a\Lib\site-packages\sympy\core\facts.py", line 343, in _process_rule
    self.process_rule(And(*[Not(barg) for barg in b.args]), Not(a))
    ~~~~~~~~~~~~~~~~~^^^^^^^^^^^^^^^^^^^^^^^^^^^^^^^^^^^^^^^^^^^^^^
  File "D:\CantorAI\xlang3\venv\cpython3.14-a6792301b742-compat-31b33d68c68a\Lib\site-packages\sympy\core\facts.py", line 321, in process_rule
    self._process_rule(a, b)
    ~~~~~~~~~~~~~~~~~~^^^^^^
  File "D:\CantorAI\xlang3\venv\cpython3.14-a6792301b742-compat-31b33d68c68a\Lib\site-packages\sympy\core\facts.py", line 343, in _process_rule
    self.process_rule(And(*[Not(barg) for barg in b.args]), Not(a))
    ~~~~~~~~~~~~~~~~~^^^^^^^^^^^^^^^^^^^^^^^^^^^^^^^^^^^^^^^^^^^^^^
  File "D:\CantorAI\xlang3\venv\cpython3.14-a6792301b742-compat-31b33d68c68a\Lib\site-packages\sympy\core\facts.py", line 321, in process_rule
    self._process_rule(a, b)
    ~~~~~~~~~~~~~~~~~~^^^^^^
  File "D:\CantorAI\xlang3\venv\cpython3.14-a6792301b742-compat-31b33d68c68a\Lib\site-packages\sympy\core\facts.py", line 343, in _process_rule
    self.process_rule(And(*[Not(barg) for barg in b.args]), Not(a))
    ~~~~~~~~~~~~~~~~~^^^^^^^^^^^^^^^^^^^^^^^^^^^^^^^^^^^^^^^^^^^^^^
  File "D:\CantorAI\xlang3\venv\cpython3.14-a6792301b742-compat-31b33d68c68a\Lib\site-packages\sympy\core\facts.py", line 321, in process_rule
    self._process_rule(a, b)
    ~~~~~~~~~~~~~~~~~~^^^^^^
  File "D:\CantorAI\xlang3\venv\cpython3.14-a6792301b742-compat-31b33d68c68a\Lib\site-packages\sympy\core\facts.py", line 343, in _process_rule
    self.process_rule(And(*[Not(barg) for barg in b.args]), Not(a))
    ~~~~~~~~~~~~~~~~~^^^^^^^^^^^^^^^^^^^^^^^^^^^^^^^^^^^^^^^^^^^^^^
  File "D:\CantorAI\xlang3\venv\cpython3.14-a6792301b742-compat-31b33d68c68a\Lib\site-packages\sympy\core\facts.py", line 321, in process_rule
    self._process_rule(a, b)
    ~~~~~~~~~~~~~~~~~~^^^^^^
  File "D:\CantorAI\xlang3\venv\cpython3.14-a6792301b742-compat-31b33d68c68a\Lib\site-packages\sympy\core\facts.py", line 343, in _process_rule
    self.process_rule(And(*[Not(barg) for barg in b.args]), Not(a))
    ~~~~~~~~~~~~~~~~~^^^^^^^^^^^^^^^^^^^^^^^^^^^^^^^^^^^^^^^^^^^^^^
  File "D:\CantorAI\xlang3\venv\cpython3.14-a6792301b742-compat-31b33d68c68a\Lib\site-packages\sympy\core\facts.py", line 321, in process_rule
    self._process_rule(a, b)
    ~~~~~~~~~~~~~~~~~~^^^^^^
  File "D:\CantorAI\xlang3\venv\cpython3.14-a6792301b742-compat-31b33d68c68a\Lib\site-packages\sympy\core\facts.py", line 343, in _process_rule
    self.process_rule(And(*[Not(barg) for barg in b.args]), Not(a))
    ~~~~~~~~~~~~~~~~~^^^^^^^^^^^^^^^^^^^^^^^^^^^^^^^^^^^^^^^^^^^^^^
  File "D:\CantorAI\xlang3\venv\cpython3.14-a6792301b742-compat-31b33d68c68a\Lib\site-packages\sympy\core\facts.py", line 321, in process_rule
    self._process_rule(a, b)
    ~~~~~~~~~~~~~~~~~~^^^^^^
  File "D:\CantorAI\xlang3\venv\cpython3.14-a6792301b742-compat-31b33d68c68a\Lib\site-packages\sympy\core\facts.py", line 343, in _process_rule
    self.process_rule(And(*[Not(barg) for barg in b.args]), Not(a))
    ~~~~~~~~~~~~~~~~~^^^^^^^^^^^^^^^^^^^^^^^^^^^^^^^^^^^^^^^^^^^^^^
  File "D:\CantorAI\xlang3\venv\cpython3.14-a6792301b742-compat-31b33d68c68a\Lib\site-packages\sympy\core\facts.py", line 321, in process_rule
    self._process_rule(a, b)
    ~~~~~~~~~~~~~~~~~~^^^^^^
  File "D:\CantorAI\xlang3\venv\cpython3.14-a6792301b742-compat-31b33d68c68a\Lib\site-packages\sympy\core\facts.py", line 343, in _process_rule
    self.process_rule(And(*[Not(barg) for barg in b.args]), Not(a))
    ~~~~~~~~~~~~~~~~~^^^^^^^^^^^^^^^^^^^^^^^^^^^^^^^^^^^^^^^^^^^^^^
  File "D:\CantorAI\xlang3\venv\cpython3.14-a6792301b742-compat-31b33d68c68a\Lib\site-packages\sympy\core\facts.py", line 321, in process_rule
    self._process_rule(a, b)
    ~~~~~~~~~~~~~~~~~~^^^^^^
  File "D:\CantorAI\xlang3\venv\cpython3.14-a6792301b742-compat-31b33d68c68a\Lib\site-packages\sympy\core\facts.py", line 343, in _process_rule
    self.process_rule(And(*[Not(barg) for barg in b.args]), Not(a))
    ~~~~~~~~~~~~~~~~~^^^^^^^^^^^^^^^^^^^^^^^^^^^^^^^^^^^^^^^^^^^^^^
  File "D:\CantorAI\xlang3\venv\cpython3.14-a6792301b742-compat-31b33d68c68a\Lib\site-packages\sympy\core\facts.py", line 321, in process_rule
    self._process_rule(a, b)
    ~~~~~~~~~~~~~~~~~~^^^^^^
  File "D:\CantorAI\xlang3\venv\cpython3.14-a6792301b742-compat-31b33d68c68a\Lib\site-packages\sympy\core\facts.py", line 343, in _process_rule
    self.process_rule(And(*[Not(barg) for barg in b.args]), Not(a))
    ~~~~~~~~~~~~~~~~~^^^^^^^^^^^^^^^^^^^^^^^^^^^^^^^^^^^^^^^^^^^^^^
  File "D:\CantorAI\xlang3\venv\cpython3.14-a6792301b742-compat-31b33d68c68a\Lib\site-packages\sympy\core\facts.py", line 321, in process_rule
    self._process_rule(a, b)
    ~~~~~~~~~~~~~~~~~~^^^^^^
  File "D:\CantorAI\xlang3\venv\cpython3.14-a6792301b742-compat-31b33d68c68a\Lib\site-packages\sympy\core\facts.py", line 343, in _process_rule
    self.process_rule(And(*[Not(barg) for barg in b.args]), Not(a))
    ~~~~~~~~~~~~~~~~~^^^^^^^^^^^^^^^^^^^^^^^^^^^^^^^^^^^^^^^^^^^^^^
  File "D:\CantorAI\xlang3\venv\cpython3.14-a6792301b742-compat-31b33d68c68a\Lib\site-packages\sympy\core\facts.py", line 321, in process_rule
    self._process_rule(a, b)
    ~~~~~~~~~~~~~~~~~~^^^^^^
  File "D:\CantorAI\xlang3\venv\cpython3.14-a6792301b742-compat-31b33d68c68a\Lib\site-packages\sympy\core\facts.py", line 343, in _process_rule
    self.process_rule(And(*[Not(barg) for barg in b.args]), Not(a))
    ~~~~~~~~~~~~~~~~~^^^^^^^^^^^^^^^^^^^^^^^^^^^^^^^^^^^^^^^^^^^^^^
  File "D:\CantorAI\xlang3\venv\cpython3.14-a6792301b742-compat-31b33d68c68a\Lib\site-packages\sympy\core\facts.py", line 321, in process_rule
    self._process_rule(a, b)
    ~~~~~~~~~~~~~~~~~~^^^^^^
  File "D:\CantorAI\xlang3\venv\cpython3.14-a6792301b742-compat-31b33d68c68a\Lib\site-packages\sympy\core\facts.py", line 343, in _process_rule
    self.process_rule(And(*[Not(barg) for barg in b.args]), Not(a))
    ~~~~~~~~~~~~~~~~~^^^^^^^^^^^^^^^^^^^^^^^^^^^^^^^^^^^^^^^^^^^^^^
  File "D:\CantorAI\xlang3\venv\cpython3.14-a6792301b742-compat-31b33d68c68a\Lib\site-packages\sympy\core\facts.py", line 321, in process_rule
    self._process_rule(a, b)
    ~~~~~~~~~~~~~~~~~~^^^^^^
  File "D:\CantorAI\xlang3\venv\cpython3.14-a6792301b742-compat-31b33d68c68a\Lib\site-packages\sympy\core\facts.py", line 343, in _process_rule
    self.process_rule(And(*[Not(barg) for barg in b.args]), Not(a))
    ~~~~~~~~~~~~~~~~~^^^^^^^^^^^^^^^^^^^^^^^^^^^^^^^^^^^^^^^^^^^^^^
  File "D:\CantorAI\xlang3\venv\cpython3.14-a6792301b742-compat-31b33d68c68a\Lib\site-packages\sympy\core\facts.py", line 321, in process_rule
    self._process_rule(a, b)
    ~~~~~~~~~~~~~~~~~~^^^^^^
  File "D:\CantorAI\xlang3\venv\cpython3.14-a6792301b742-compat-31b33d68c68a\Lib\site-packages\sympy\core\facts.py", line 343, in _process_rule
    self.process_rule(And(*[Not(barg) for barg in b.args]), Not(a))
    ~~~~~~~~~~~~~~~~~^^^^^^^^^^^^^^^^^^^^^^^^^^^^^^^^^^^^^^^^^^^^^^
  File "D:\CantorAI\xlang3\venv\cpython3.14-a6792301b742-compat-31b33d68c68a\Lib\site-packages\sympy\core\facts.py", line 321, in process_rule
    self._process_rule(a, b)
    ~~~~~~~~~~~~~~~~~~^^^^^^
  File "D:\CantorAI\xlang3\venv\cpython3.14-a6792301b742-compat-31b33d68c68a\Lib\site-packages\sympy\core\facts.py", line 343, in _process_rule
    self.process_rule(And(*[Not(barg) for barg in b.args]), Not(a))
    ~~~~~~~~~~~~~~~~~^^^^^^^^^^^^^^^^^^^^^^^^^^^^^^^^^^^^^^^^^^^^^^
  File "D:\CantorAI\xlang3\venv\cpython3.14-a6792301b742-compat-31b33d68c68a\Lib\site-packages\sympy\core\facts.py", line 321, in process_rule
    self._process_rule(a, b)
    ~~~~~~~~~~~~~~~~~~^^^^^^
  File "D:\CantorAI\xlang3\venv\cpython3.14-a6792301b742-compat-31b33d68c68a\Lib\site-packages\sympy\core\facts.py", line 343, in _process_rule
    self.process_rule(And(*[Not(barg) for barg in b.args]), Not(a))
    ~~~~~~~~~~~~~~~~~^^^^^^^^^^^^^^^^^^^^^^^^^^^^^^^^^^^^^^^^^^^^^^
  File "D:\CantorAI\xlang3\venv\cpython3.14-a6792301b742-compat-31b33d68c68a\Lib\site-packages\sympy\core\facts.py", line 321, in process_rule
    self._process_rule(a, b)
    ~~~~~~~~~~~~~~~~~~^^^^^^
  File "D:\CantorAI\xlang3\venv\cpython3.14-a6792301b742-compat-31b33d68c68a\Lib\site-packages\sympy\core\facts.py", line 343, in _process_rule
    self.process_rule(And(*[Not(barg) for barg in b.args]), Not(a))
    ~~~~~~~~~~~~~~~~~^^^^^^^^^^^^^^^^^^^^^^^^^^^^^^^^^^^^^^^^^^^^^^
  File "D:\CantorAI\xlang3\venv\cpython3.14-a6792301b742-compat-31b33d68c68a\Lib\site-packages\sympy\core\facts.py", line 321, in process_rule
    self._process_rule(a, b)
    ~~~~~~~~~~~~~~~~~~^^^^^^
  File "D:\CantorAI\xlang3\venv\cpython3.14-a6792301b742-compat-31b33d68c68a\Lib\site-packages\sympy\core\facts.py", line 343, in _process_rule
    self.process_rule(And(*[Not(barg) for barg in b.args]), Not(a))
    ~~~~~~~~~~~~~~~~~^^^^^^^^^^^^^^^^^^^^^^^^^^^^^^^^^^^^^^^^^^^^^^
  File "D:\CantorAI\xlang3\venv\cpython3.14-a6792301b742-compat-31b33d68c68a\Lib\site-packages\sympy\core\facts.py", line 321, in process_rule
    self._process_rule(a, b)
    ~~~~~~~~~~~~~~~~~~^^^^^^
  File "D:\CantorAI\xlang3\venv\cpython3.14-a6792301b742-compat-31b33d68c68a\Lib\site-packages\sympy\core\facts.py", line 343, in _process_rule
    self.process_rule(And(*[Not(barg) for barg in b.args]), Not(a))
    ~~~~~~~~~~~~~~~~~^^^^^^^^^^^^^^^^^^^^^^^^^^^^^^^^^^^^^^^^^^^^^^
  File "D:\CantorAI\xlang3\venv\cpython3.14-a6792301b742-compat-31b33d68c68a\Lib\site-packages\sympy\core\facts.py", line 321, in process_rule
    self._process_rule(a, b)
    ~~~~~~~~~~~~~~~~~~^^^^^^
  File "D:\CantorAI\xlang3\venv\cpython3.14-a6792301b742-compat-31b33d68c68a\Lib\site-packages\sympy\core\facts.py", line 343, in _process_rule
    self.process_rule(And(*[Not(barg) for barg in b.args]), Not(a))
    ~~~~~~~~~~~~~~~~~^^^^^^^^^^^^^^^^^^^^^^^^^^^^^^^^^^^^^^^^^^^^^^
  File "D:\CantorAI\xlang3\venv\cpython3.14-a6792301b742-compat-31b33d68c68a\Lib\site-packages\sympy\core\facts.py", line 321, in process_rule
    self._process_rule(a, b)
    ~~~~~~~~~~~~~~~~~~^^^^^^
  File "D:\CantorAI\xlang3\venv\cpython3.14-a6792301b742-compat-31b33d68c68a\Lib\site-packages\sympy\core\facts.py", line 343, in _process_rule
    self.process_rule(And(*[Not(barg) for barg in b.args]), Not(a))
    ~~~~~~~~~~~~~~~~~^^^^^^^^^^^^^^^^^^^^^^^^^^^^^^^^^^^^^^^^^^^^^^
  File "D:\CantorAI\xlang3\venv\cpython3.14-a6792301b742-compat-31b33d68c68a\Lib\site-packages\sympy\core\facts.py", line 321, in process_rule
    self._process_rule(a, b)
    ~~~~~~~~~~~~~~~~~~^^^^^^
  File "D:\CantorAI\xlang3\venv\cpython3.14-a6792301b742-compat-31b33d68c68a\Lib\site-packages\sympy\core\facts.py", line 343, in _process_rule
    self.process_rule(And(*[Not(barg) for barg in b.args]), Not(a))
    ~~~~~~~~~~~~~~~~~^^^^^^^^^^^^^^^^^^^^^^^^^^^^^^^^^^^^^^^^^^^^^^
  File "D:\CantorAI\xlang3\venv\cpython3.14-a6792301b742-compat-31b33d68c68a\Lib\site-packages\sympy\core\facts.py", line 321, in process_rule
    self._process_rule(a, b)
    ~~~~~~~~~~~~~~~~~~^^^^^^
  File "D:\CantorAI\xlang3\venv\cpython3.14-a6792301b742-compat-31b33d68c68a\Lib\site-packages\sympy\core\facts.py", line 343, in _process_rule
    self.process_rule(And(*[Not(barg) for barg in b.args]), Not(a))
    ~~~~~~~~~~~~~~~~~^^^^^^^^^^^^^^^^^^^^^^^^^^^^^^^^^^^^^^^^^^^^^^
  File "D:\CantorAI\xlang3\venv\cpython3.14-a6792301b742-compat-31b33d68c68a\Lib\site-packages\sympy\core\facts.py", line 321, in process_rule
    self._process_rule(a, b)
    ~~~~~~~~~~~~~~~~~~^^^^^^
  File "D:\CantorAI\xlang3\venv\cpython3.14-a6792301b742-compat-31b33d68c68a\Lib\site-packages\sympy\core\facts.py", line 343, in _process_rule
    self.process_rule(And(*[Not(barg) for barg in b.args]), Not(a))
    ~~~~~~~~~~~~~~~~~^^^^^^^^^^^^^^^^^^^^^^^^^^^^^^^^^^^^^^^^^^^^^^
  File "D:\CantorAI\xlang3\venv\cpython3.14-a6792301b742-compat-31b33d68c68a\Lib\site-packages\sympy\core\facts.py", line 321, in process_rule
    self._process_rule(a, b)
    ~~~~~~~~~~~~~~~~~~^^^^^^
  File "D:\CantorAI\xlang3\venv\cpython3.14-a6792301b742-compat-31b33d68c68a\Lib\site-packages\sympy\core\facts.py", line 343, in _process_rule
    self.process_rule(And(*[Not(barg) for barg in b.args]), Not(a))
    ~~~~~~~~~~~~~~~~~^^^^^^^^^^^^^^^^^^^^^^^^^^^^^^^^^^^^^^^^^^^^^^
  File "D:\CantorAI\xlang3\venv\cpython3.14-a6792301b742-compat-31b33d68c68a\Lib\site-packages\sympy\core\facts.py", line 321, in process_rule
    self._process_rule(a, b)
    ~~~~~~~~~~~~~~~~~~^^^^^^
  File "D:\CantorAI\xlang3\venv\cpython3.14-a6792301b742-compat-31b33d68c68a\Lib\site-packages\sympy\core\facts.py", line 343, in _process_rule
    self.process_rule(And(*[Not(barg) for barg in b.args]), Not(a))
    ~~~~~~~~~~~~~~~~~^^^^^^^^^^^^^^^^^^^^^^^^^^^^^^^^^^^^^^^^^^^^^^
  File "D:\CantorAI\xlang3\venv\cpython3.14-a6792301b742-compat-31b33d68c68a\Lib\site-packages\sympy\core\facts.py", line 321, in process_rule
    self._process_rule(a, b)
    ~~~~~~~~~~~~~~~~~~^^^^^^
  File "D:\CantorAI\xlang3\venv\cpython3.14-a6792301b742-compat-31b33d68c68a\Lib\site-packages\sympy\core\facts.py", line 343, in _process_rule
    self.process_rule(And(*[Not(barg) for barg in b.args]), Not(a))
    ~~~~~~~~~~~~~~~~~^^^^^^^^^^^^^^^^^^^^^^^^^^^^^^^^^^^^^^^^^^^^^^
  File "D:\CantorAI\xlang3\venv\cpython3.14-a6792301b742-compat-31b33d68c68a\Lib\site-packages\sympy\core\facts.py", line 321, in process_rule
    self._process_rule(a, b)
    ~~~~~~~~~~~~~~~~~~^^^^^^
  File "D:\CantorAI\xlang3\venv\cpython3.14-a6792301b742-compat-31b33d68c68a\Lib\site-packages\sympy\core\facts.py", line 343, in _process_rule
    self.process_rule(And(*[Not(barg) for barg in b.args]), Not(a))
    ~~~~~~~~~~~~~~~~~^^^^^^^^^^^^^^^^^^^^^^^^^^^^^^^^^^^^^^^^^^^^^^
  File "D:\CantorAI\xlang3\venv\cpython3.14-a6792301b742-compat-31b33d68c68a\Lib\site-packages\sympy\core\facts.py", line 321, in process_rule
    self._process_rule(a, b)
    ~~~~~~~~~~~~~~~~~~^^^^^^
  File "D:\CantorAI\xlang3\venv\cpython3.14-a6792301b742-compat-31b33d68c68a\Lib\site-packages\sympy\core\facts.py", line 343, in _process_rule
    self.process_rule(And(*[Not(barg) for barg in b.args]), Not(a))
    ~~~~~~~~~~~~~~~~~^^^^^^^^^^^^^^^^^^^^^^^^^^^^^^^^^^^^^^^^^^^^^^
  File "D:\CantorAI\xlang3\venv\cpython3.14-a6792301b742-compat-31b33d68c68a\Lib\site-packages\sympy\core\facts.py", line 321, in process_rule
    self._process_rule(a, b)
    ~~~~~~~~~~~~~~~~~~^^^^^^
  File "D:\CantorAI\xlang3\venv\cpython3.14-a6792301b742-compat-31b33d68c68a\Lib\site-packages\sympy\core\facts.py", line 343, in _process_rule
    self.process_rule(And(*[Not(barg) for barg in b.args]), Not(a))
    ~~~~~~~~~~~~~~~~~^^^^^^^^^^^^^^^^^^^^^^^^^^^^^^^^^^^^^^^^^^^^^^
  File "D:\CantorAI\xlang3\venv\cpython3.14-a6792301b742-compat-31b33d68c68a\Lib\site-packages\sympy\core\facts.py", line 321, in process_rule
    self._process_rule(a, b)
    ~~~~~~~~~~~~~~~~~~^^^^^^
  File "D:\CantorAI\xlang3\venv\cpython3.14-a6792301b742-compat-31b33d68c68a\Lib\site-packages\sympy\core\facts.py", line 343, in _process_rule
    self.process_rule(And(*[Not(barg) for barg in b.args]), Not(a))
    ~~~~~~~~~~~~~~~~~^^^^^^^^^^^^^^^^^^^^^^^^^^^^^^^^^^^^^^^^^^^^^^
  File "D:\CantorAI\xlang3\venv\cpython3.14-a6792301b742-compat-31b33d68c68a\Lib\site-packages\sympy\core\facts.py", line 321, in process_rule
    self._process_rule(a, b)
    ~~~~~~~~~~~~~~~~~~^^^^^^
  File "D:\CantorAI\xlang3\venv\cpython3.14-a6792301b742-compat-31b33d68c68a\Lib\site-packages\sympy\core\facts.py", line 343, in _process_rule
    self.process_rule(And(*[Not(barg) for barg in b.args]), Not(a))
    ~~~~~~~~~~~~~~~~~^^^^^^^^^^^^^^^^^^^^^^^^^^^^^^^^^^^^^^^^^^^^^^
  File "D:\CantorAI\xlang3\venv\cpython3.14-a6792301b742-compat-31b33d68c68a\Lib\site-packages\sympy\core\facts.py", line 321, in process_rule
    self._process_rule(a, b)
    ~~~~~~~~~~~~~~~~~~^^^^^^
  File "D:\CantorAI\xlang3\venv\cpython3.14-a6792301b742-compat-31b33d68c68a\Lib\site-packages\sympy\core\facts.py", line 343, in _process_rule
    self.process_rule(And(*[Not(barg) for barg in b.args]), Not(a))
    ~~~~~~~~~~~~~~~~~^^^^^^^^^^^^^^^^^^^^^^^^^^^^^^^^^^^^^^^^^^^^^^
  File "D:\CantorAI\xlang3\venv\cpython3.14-a6792301b742-compat-31b33d68c68a\Lib\site-packages\sympy\core\facts.py", line 321, in process_rule
    self._process_rule(a, b)
    ~~~~~~~~~~~~~~~~~~^^^^^^
  File "D:\CantorAI\xlang3\venv\cpython3.14-a6792301b742-compat-31b33d68c68a\Lib\site-packages\sympy\core\facts.py", line 343, in _process_rule
    self.process_rule(And(*[Not(barg) for barg in b.args]), Not(a))
    ~~~~~~~~~~~~~~~~~^^^^^^^^^^^^^^^^^^^^^^^^^^^^^^^^^^^^^^^^^^^^^^
  File "D:\CantorAI\xlang3\venv\cpython3.14-a6792301b742-compat-31b33d68c68a\Lib\site-packages\sympy\core\facts.py", line 321, in process_rule
    self._process_rule(a, b)
    ~~~~~~~~~~~~~~~~~~^^^^^^
  File "D:\CantorAI\xlang3\venv\cpython3.14-a6792301b742-compat-31b33d68c68a\Lib\site-packages\sympy\core\facts.py", line 343, in _process_rule
    self.process_rule(And(*[Not(barg) for barg in b.args]), Not(a))
    ~~~~~~~~~~~~~~~~~^^^^^^^^^^^^^^^^^^^^^^^^^^^^^^^^^^^^^^^^^^^^^^
  File "D:\CantorAI\xlang3\venv\cpython3.14-a6792301b742-compat-31b33d68c68a\Lib\site-packages\sympy\core\facts.py", line 321, in process_rule
    self._process_rule(a, b)
    ~~~~~~~~~~~~~~~~~~^^^^^^
  File "D:\CantorAI\xlang3\venv\cpython3.14-a6792301b742-compat-31b33d68c68a\Lib\site-packages\sympy\core\facts.py", line 343, in _process_rule
    self.process_rule(And(*[Not(barg) for barg in b.args]), Not(a))
    ~~~~~~~~~~~~~~~~~^^^^^^^^^^^^^^^^^^^^^^^^^^^^^^^^^^^^^^^^^^^^^^
  File "D:\CantorAI\xlang3\venv\cpython3.14-a6792301b742-compat-31b33d68c68a\Lib\site-packages\sympy\core\facts.py", line 321, in process_rule
    self._process_rule(a, b)
    ~~~~~~~~~~~~~~~~~~^^^^^^
  File "D:\CantorAI\xlang3\venv\cpython3.14-a6792301b742-compat-31b33d68c68a\Lib\site-packages\sympy\core\facts.py", line 343, in _process_rule
    self.process_rule(And(*[Not(barg) for barg in b.args]), Not(a))
    ~~~~~~~~~~~~~~~~~^^^^^^^^^^^^^^^^^^^^^^^^^^^^^^^^^^^^^^^^^^^^^^
  File "D:\CantorAI\xlang3\venv\cpython3.14-a6792301b742-compat-31b33d68c68a\Lib\site-packages\sympy\core\facts.py", line 321, in process_rule
    self._process_rule(a, b)
    ~~~~~~~~~~~~~~~~~~^^^^^^
  File "D:\CantorAI\xlang3\venv\cpython3.14-a6792301b742-compat-31b33d68c68a\Lib\site-packages\sympy\core\facts.py", line 343, in _process_rule
    self.process_rule(And(*[Not(barg) for barg in b.args]), Not(a))
    ~~~~~~~~~~~~~~~~~^^^^^^^^^^^^^^^^^^^^^^^^^^^^^^^^^^^^^^^^^^^^^^
  File "D:\CantorAI\xlang3\venv\cpython3.14-a6792301b742-compat-31b33d68c68a\Lib\site-packages\sympy\core\facts.py", line 321, in process_rule
    self._process_rule(a, b)
    ~~~~~~~~~~~~~~~~~~^^^^^^
  File "D:\CantorAI\xlang3\venv\cpython3.14-a6792301b742-compat-31b33d68c68a\Lib\site-packages\sympy\core\facts.py", line 343, in _process_rule
    self.process_rule(And(*[Not(barg) for barg in b.args]), Not(a))
    ~~~~~~~~~~~~~~~~~^^^^^^^^^^^^^^^^^^^^^^^^^^^^^^^^^^^^^^^^^^^^^^
  File "D:\CantorAI\xlang3\venv\cpython3.14-a6792301b742-compat-31b33d68c68a\Lib\site-packages\sympy\core\facts.py", line 321, in process_rule
    self._process_rule(a, b)
    ~~~~~~~~~~~~~~~~~~^^^^^^
  File "D:\CantorAI\xlang3\venv\cpython3.14-a6792301b742-compat-31b33d68c68a\Lib\site-packages\sympy\core\facts.py", line 343, in _process_rule
    self.process_rule(And(*[Not(barg) for barg in b.args]), Not(a))
    ~~~~~~~~~~~~~~~~~^^^^^^^^^^^^^^^^^^^^^^^^^^^^^^^^^^^^^^^^^^^^^^
  File "D:\CantorAI\xlang3\venv\cpython3.14-a6792301b742-compat-31b33d68c68a\Lib\site-packages\sympy\core\facts.py", line 321, in process_rule
    self._process_rule(a, b)
    ~~~~~~~~~~~~~~~~~~^^^^^^
  File "D:\CantorAI\xlang3\venv\cpython3.14-a6792301b742-compat-31b33d68c68a\Lib\site-packages\sympy\core\facts.py", line 343, in _process_rule
    self.process_rule(And(*[Not(barg) for barg in b.args]), Not(a))
    ~~~~~~~~~~~~~~~~~^^^^^^^^^^^^^^^^^^^^^^^^^^^^^^^^^^^^^^^^^^^^^^
  File "D:\CantorAI\xlang3\venv\cpython3.14-a6792301b742-compat-31b33d68c68a\Lib\site-packages\sympy\core\facts.py", line 321, in process_rule
    self._process_rule(a, b)
    ~~~~~~~~~~~~~~~~~~^^^^^^
  File "D:\CantorAI\xlang3\venv\cpython3.14-a6792301b742-compat-31b33d68c68a\Lib\site-packages\sympy\core\facts.py", line 343, in _process_rule
    self.process_rule(And(*[Not(barg) for barg in b.args]), Not(a))
    ~~~~~~~~~~~~~~~~~^^^^^^^^^^^^^^^^^^^^^^^^^^^^^^^^^^^^^^^^^^^^^^
  File "D:\CantorAI\xlang3\venv\cpython3.14-a6792301b742-compat-31b33d68c68a\Lib\site-packages\sympy\core\facts.py", line 321, in process_rule
    self._process_rule(a, b)
    ~~~~~~~~~~~~~~~~~~^^^^^^
  File "D:\CantorAI\xlang3\venv\cpython3.14-a6792301b742-compat-31b33d68c68a\Lib\site-packages\sympy\core\facts.py", line 343, in _process_rule
    self.process_rule(And(*[Not(barg) for barg in b.args]), Not(a))
    ~~~~~~~~~~~~~~~~~^^^^^^^^^^^^^^^^^^^^^^^^^^^^^^^^^^^^^^^^^^^^^^
  File "D:\CantorAI\xlang3\venv\cpython3.14-a6792301b742-compat-31b33d68c68a\Lib\site-packages\sympy\core\facts.py", line 321, in process_rule
    self._process_rule(a, b)
    ~~~~~~~~~~~~~~~~~~^^^^^^
  File "D:\CantorAI\xlang3\venv\cpython3.14-a6792301b742-compat-31b33d68c68a\Lib\site-packages\sympy\core\facts.py", line 343, in _process_rule
    self.process_rule(And(*[Not(barg) for barg in b.args]), Not(a))
    ~~~~~~~~~~~~~~~~~^^^^^^^^^^^^^^^^^^^^^^^^^^^^^^^^^^^^^^^^^^^^^^
  File "D:\CantorAI\xlang3\venv\cpython3.14-a6792301b742-compat-31b33d68c68a\Lib\site-packages\sympy\core\facts.py", line 321, in process_rule
    self._process_rule(a, b)
    ~~~~~~~~~~~~~~~~~~^^^^^^
  File "D:\CantorAI\xlang3\venv\cpython3.14-a6792301b742-compat-31b33d68c68a\Lib\site-packages\sympy\core\facts.py", line 343, in _process_rule
    self.process_rule(And(*[Not(barg) for barg in b.args]), Not(a))
    ~~~~~~~~~~~~~~~~~^^^^^^^^^^^^^^^^^^^^^^^^^^^^^^^^^^^^^^^^^^^^^^
  File "D:\CantorAI\xlang3\venv\cpython3.14-a6792301b742-compat-31b33d68c68a\Lib\site-packages\sympy\core\facts.py", line 321, in process_rule
    self._process_rule(a, b)
    ~~~~~~~~~~~~~~~~~~^^^^^^
  File "D:\CantorAI\xlang3\venv\cpython3.14-a6792301b742-compat-31b33d68c68a\Lib\site-packages\sympy\core\facts.py", line 343, in _process_rule
    self.process_rule(And(*[Not(barg) for barg in b.args]), Not(a))
    ~~~~~~~~~~~~~~~~~^^^^^^^^^^^^^^^^^^^^^^^^^^^^^^^^^^^^^^^^^^^^^^
  File "D:\CantorAI\xlang3\venv\cpython3.14-a6792301b742-compat-31b33d68c68a\Lib\site-packages\sympy\core\facts.py", line 321, in process_rule
    self._process_rule(a, b)
    ~~~~~~~~~~~~~~~~~~^^^^^^
  File "D:\CantorAI\xlang3\venv\cpython3.14-a6792301b742-compat-31b33d68c68a\Lib\site-packages\sympy\core\facts.py", line 343, in _process_rule
    self.process_rule(And(*[Not(barg) for barg in b.args]), Not(a))
    ~~~~~~~~~~~~~~~~~^^^^^^^^^^^^^^^^^^^^^^^^^^^^^^^^^^^^^^^^^^^^^^
  File "D:\CantorAI\xlang3\venv\cpython3.14-a6792301b742-compat-31b33d68c68a\Lib\site-packages\sympy\core\facts.py", line 321, in process_rule
    self._process_rule(a, b)
    ~~~~~~~~~~~~~~~~~~^^^^^^
  File "D:\CantorAI\xlang3\venv\cpython3.14-a6792301b742-compat-31b33d68c68a\Lib\site-packages\sympy\core\facts.py", line 343, in _process_rule
    self.process_rule(And(*[Not(barg) for barg in b.args]), Not(a))
    ~~~~~~~~~~~~~~~~~^^^^^^^^^^^^^^^^^^^^^^^^^^^^^^^^^^^^^^^^^^^^^^
  File "D:\CantorAI\xlang3\venv\cpython3.14-a6792301b742-compat-31b33d68c68a\Lib\site-packages\sympy\core\facts.py", line 321, in process_rule
    self._process_rule(a, b)
    ~~~~~~~~~~~~~~~~~~^^^^^^
  File "D:\CantorAI\xlang3\venv\cpython3.14-a6792301b742-compat-31b33d68c68a\Lib\site-packages\sympy\core\facts.py", line 343, in _process_rule
    self.process_rule(And(*[Not(barg) for barg in b.args]), Not(a))
    ~~~~~~~~~~~~~~~~~^^^^^^^^^^^^^^^^^^^^^^^^^^^^^^^^^^^^^^^^^^^^^^
  File "D:\CantorAI\xlang3\venv\cpython3.14-a6792301b742-compat-31b33d68c68a\Lib\site-packages\sympy\core\facts.py", line 321, in process_rule
    self._process_rule(a, b)
    ~~~~~~~~~~~~~~~~~~^^^^^^
  File "D:\CantorAI\xlang3\venv\cpython3.14-a6792301b742-compat-31b33d68c68a\Lib\site-packages\sympy\core\facts.py", line 343, in _process_rule
    self.process_rule(And(*[Not(barg) for barg in b.args]), Not(a))
    ~~~~~~~~~~~~~~~~~^^^^^^^^^^^^^^^^^^^^^^^^^^^^^^^^^^^^^^^^^^^^^^
  File "D:\CantorAI\xlang3\venv\cpython3.14-a6792301b742-compat-31b33d68c68a\Lib\site-packages\sympy\core\facts.py", line 321, in process_rule
    self._process_rule(a, b)
    ~~~~~~~~~~~~~~~~~~^^^^^^
  File "D:\CantorAI\xlang3\venv\cpython3.14-a6792301b742-compat-31b33d68c68a\Lib\site-packages\sympy\core\facts.py", line 343, in _process_rule
    self.process_rule(And(*[Not(barg) for barg in b.args]), Not(a))
    ~~~~~~~~~~~~~~~~~^^^^^^^^^^^^^^^^^^^^^^^^^^^^^^^^^^^^^^^^^^^^^^
  File "D:\CantorAI\xlang3\venv\cpython3.14-a6792301b742-compat-31b33d68c68a\Lib\site-packages\sympy\core\facts.py", line 321, in process_rule
    self._process_rule(a, b)
    ~~~~~~~~~~~~~~~~~~^^^^^^
  File "D:\CantorAI\xlang3\venv\cpython3.14-a6792301b742-compat-31b33d68c68a\Lib\site-packages\sympy\core\facts.py", line 343, in _process_rule
    self.process_rule(And(*[Not(barg) for barg in b.args]), Not(a))
    ~~~~~~~~~~~~~~~~~^^^^^^^^^^^^^^^^^^^^^^^^^^^^^^^^^^^^^^^^^^^^^^
  File "D:\CantorAI\xlang3\venv\cpython3.14-a6792301b742-compat-31b33d68c68a\Lib\site-packages\sympy\core\facts.py", line 321, in process_rule
    self._process_rule(a, b)
    ~~~~~~~~~~~~~~~~~~^^^^^^
  File "D:\CantorAI\xlang3\venv\cpython3.14-a6792301b742-compat-31b33d68c68a\Lib\site-packages\sympy\core\facts.py", line 343, in _process_rule
    self.process_rule(And(*[Not(barg) for barg in b.args]), Not(a))
    ~~~~~~~~~~~~~~~~~^^^^^^^^^^^^^^^^^^^^^^^^^^^^^^^^^^^^^^^^^^^^^^
  File "D:\CantorAI\xlang3\venv\cpython3.14-a6792301b742-compat-31b33d68c68a\Lib\site-packages\sympy\core\facts.py", line 321, in process_rule
    self._process_rule(a, b)
    ~~~~~~~~~~~~~~~~~~^^^^^^
  File "D:\CantorAI\xlang3\venv\cpython3.14-a6792301b742-compat-31b33d68c68a\Lib\site-packages\sympy\core\facts.py", line 343, in _process_rule
    self.process_rule(And(*[Not(barg) for barg in b.args]), Not(a))
    ~~~~~~~~~~~~~~~~~^^^^^^^^^^^^^^^^^^^^^^^^^^^^^^^^^^^^^^^^^^^^^^
  File "D:\CantorAI\xlang3\venv\cpython3.14-a6792301b742-compat-31b33d68c68a\Lib\site-packages\sympy\core\facts.py", line 321, in process_rule
    self._process_rule(a, b)
    ~~~~~~~~~~~~~~~~~~^^^^^^
  File "D:\CantorAI\xlang3\venv\cpython3.14-a6792301b742-compat-31b33d68c68a\Lib\site-packages\sympy\core\facts.py", line 343, in _process_rule
    self.process_rule(And(*[Not(barg) for barg in b.args]), Not(a))
    ~~~~~~~~~~~~~~~~~^^^^^^^^^^^^^^^^^^^^^^^^^^^^^^^^^^^^^^^^^^^^^^
  File "D:\CantorAI\xlang3\venv\cpython3.14-a6792301b742-compat-31b33d68c68a\Lib\site-packages\sympy\core\facts.py", line 321, in process_rule
    self._process_rule(a, b)
    ~~~~~~~~~~~~~~~~~~^^^^^^
  File "D:\CantorAI\xlang3\venv\cpython3.14-a6792301b742-compat-31b33d68c68a\Lib\site-packages\sympy\core\facts.py", line 343, in _process_rule
    self.process_rule(And(*[Not(barg) for barg in b.args]), Not(a))
    ~~~~~~~~~~~~~~~~~^^^^^^^^^^^^^^^^^^^^^^^^^^^^^^^^^^^^^^^^^^^^^^
  File "D:\CantorAI\xlang3\venv\cpython3.14-a6792301b742-compat-31b33d68c68a\Lib\site-packages\sympy\core\facts.py", line 321, in process_rule
    self._process_rule(a, b)
    ~~~~~~~~~~~~~~~~~~^^^^^^
  File "D:\CantorAI\xlang3\venv\cpython3.14-a6792301b742-compat-31b33d68c68a\Lib\site-packages\sympy\core\facts.py", line 343, in _process_rule
    self.process_rule(And(*[Not(barg) for barg in b.args]), Not(a))
    ~~~~~~~~~~~~~~~~~^^^^^^^^^^^^^^^^^^^^^^^^^^^^^^^^^^^^^^^^^^^^^^
  File "D:\CantorAI\xlang3\venv\cpython3.14-a6792301b742-compat-31b33d68c68a\Lib\site-packages\sympy\core\facts.py", line 321, in process_rule
    self._process_rule(a, b)
    ~~~~~~~~~~~~~~~~~~^^^^^^
  File "D:\CantorAI\xlang3\venv\cpython3.14-a6792301b742-compat-31b33d68c68a\Lib\site-packages\sympy\core\facts.py", line 343, in _process_rule
    self.process_rule(And(*[Not(barg) for barg in b.args]), Not(a))
    ~~~~~~~~~~~~~~~~~^^^^^^^^^^^^^^^^^^^^^^^^^^^^^^^^^^^^^^^^^^^^^^
  File "D:\CantorAI\xlang3\venv\cpython3.14-a6792301b742-compat-31b33d68c68a\Lib\site-packages\sympy\core\facts.py", line 321, in process_rule
    self._process_rule(a, b)
    ~~~~~~~~~~~~~~~~~~^^^^^^
  File "D:\CantorAI\xlang3\venv\cpython3.14-a6792301b742-compat-31b33d68c68a\Lib\site-packages\sympy\core\facts.py", line 343, in _process_rule
    self.process_rule(And(*[Not(barg) for barg in b.args]), Not(a))
    ~~~~~~~~~~~~~~~~~^^^^^^^^^^^^^^^^^^^^^^^^^^^^^^^^^^^^^^^^^^^^^^
  File "D:\CantorAI\xlang3\venv\cpython3.14-a6792301b742-compat-31b33d68c68a\Lib\site-packages\sympy\core\facts.py", line 321, in process_rule
    self._process_rule(a, b)
    ~~~~~~~~~~~~~~~~~~^^^^^^
  File "D:\CantorAI\xlang3\venv\cpython3.14-a6792301b742-compat-31b33d68c68a\Lib\site-packages\sympy\core\facts.py", line 343, in _process_rule
    self.process_rule(And(*[Not(barg) for barg in b.args]), Not(a))
    ~~~~~~~~~~~~~~~~~^^^^^^^^^^^^^^^^^^^^^^^^^^^^^^^^^^^^^^^^^^^^^^
  File "D:\CantorAI\xlang3\venv\cpython3.14-a6792301b742-compat-31b33d68c68a\Lib\site-packages\sympy\core\facts.py", line 321, in process_rule
    self._process_rule(a, b)
    ~~~~~~~~~~~~~~~~~~^^^^^^
  File "D:\CantorAI\xlang3\venv\cpython3.14-a6792301b742-compat-31b33d68c68a\Lib\site-packages\sympy\core\facts.py", line 343, in _process_rule
    self.process_rule(And(*[Not(barg) for barg in b.args]), Not(a))
    ~~~~~~~~~~~~~~~~~^^^^^^^^^^^^^^^^^^^^^^^^^^^^^^^^^^^^^^^^^^^^^^
  File "D:\CantorAI\xlang3\venv\cpython3.14-a6792301b742-compat-31b33d68c68a\Lib\site-packages\sympy\core\facts.py", line 321, in process_rule
    self._process_rule(a, b)
    ~~~~~~~~~~~~~~~~~~^^^^^^
  File "D:\CantorAI\xlang3\venv\cpython3.14-a6792301b742-compat-31b33d68c68a\Lib\site-packages\sympy\core\facts.py", line 343, in _process_rule
    self.process_rule(And(*[Not(barg) for barg in b.args]), Not(a))
    ~~~~~~~~~~~~~~~~~^^^^^^^^^^^^^^^^^^^^^^^^^^^^^^^^^^^^^^^^^^^^^^
  File "D:\CantorAI\xlang3\venv\cpython3.14-a6792301b742-compat-31b33d68c68a\Lib\site-packages\sympy\core\facts.py", line 321, in process_rule
    self._process_rule(a, b)
    ~~~~~~~~~~~~~~~~~~^^^^^^
  File "D:\CantorAI\xlang3\venv\cpython3.14-a6792301b742-compat-31b33d68c68a\Lib\site-packages\sympy\core\facts.py", line 343, in _process_rule
    self.process_rule(And(*[Not(barg) for barg in b.args]), Not(a))
    ~~~~~~~~~~~~~~~~~^^^^^^^^^^^^^^^^^^^^^^^^^^^^^^^^^^^^^^^^^^^^^^
  File "D:\CantorAI\xlang3\venv\cpython3.14-a6792301b742-compat-31b33d68c68a\Lib\site-packages\sympy\core\facts.py", line 321, in process_rule
    self._process_rule(a, b)
    ~~~~~~~~~~~~~~~~~~^^^^^^
  File "D:\CantorAI\xlang3\venv\cpython3.14-a6792301b742-compat-31b33d68c68a\Lib\site-packages\sympy\core\facts.py", line 343, in _process_rule
    self.process_rule(And(*[Not(barg) for barg in b.args]), Not(a))
    ~~~~~~~~~~~~~~~~~^^^^^^^^^^^^^^^^^^^^^^^^^^^^^^^^^^^^^^^^^^^^^^
  File "D:\CantorAI\xlang3\venv\cpython3.14-a6792301b742-compat-31b33d68c68a\Lib\site-packages\sympy\core\facts.py", line 321, in process_rule
    self._process_rule(a, b)
    ~~~~~~~~~~~~~~~~~~^^^^^^
  File "D:\CantorAI\xlang3\venv\cpython3.14-a6792301b742-compat-31b33d68c68a\Lib\site-packages\sympy\core\facts.py", line 343, in _process_rule
    self.process_rule(And(*[Not(barg) for barg in b.args]), Not(a))
    ~~~~~~~~~~~~~~~~~^^^^^^^^^^^^^^^^^^^^^^^^^^^^^^^^^^^^^^^^^^^^^^
  File "D:\CantorAI\xlang3\venv\cpython3.14-a6792301b742-compat-31b33d68c68a\Lib\site-packages\sympy\core\facts.py", line 321, in process_rule
    self._process_rule(a, b)
    ~~~~~~~~~~~~~~~~~~^^^^^^
  File "D:\CantorAI\xlang3\venv\cpython3.14-a6792301b742-compat-31b33d68c68a\Lib\site-packages\sympy\core\facts.py", line 343, in _process_rule
    self.process_rule(And(*[Not(barg) for barg in b.args]), Not(a))
    ~~~~~~~~~~~~~~~~~^^^^^^^^^^^^^^^^^^^^^^^^^^^^^^^^^^^^^^^^^^^^^^
  File "D:\CantorAI\xlang3\venv\cpython3.14-a6792301b742-compat-31b33d68c68a\Lib\site-packages\sympy\core\facts.py", line 321, in process_rule
    self._process_rule(a, b)
    ~~~~~~~~~~~~~~~~~~^^^^^^
  File "D:\CantorAI\xlang3\venv\cpython3.14-a6792301b742-compat-31b33d68c68a\Lib\site-packages\sympy\core\facts.py", line 343, in _process_rule
    self.process_rule(And(*[Not(barg) for barg in b.args]), Not(a))
    ~~~~~~~~~~~~~~~~~^^^^^^^^^^^^^^^^^^^^^^^^^^^^^^^^^^^^^^^^^^^^^^
  File "D:\CantorAI\xlang3\venv\cpython3.14-a6792301b742-compat-31b33d68c68a\Lib\site-packages\sympy\core\facts.py", line 321, in process_rule
    self._process_rule(a, b)
    ~~~~~~~~~~~~~~~~~~^^^^^^
  File "D:\CantorAI\xlang3\venv\cpython3.14-a6792301b742-compat-31b33d68c68a\Lib\site-packages\sympy\core\facts.py", line 343, in _process_rule
    self.process_rule(And(*[Not(barg) for barg in b.args]), Not(a))
    ~~~~~~~~~~~~~~~~~^^^^^^^^^^^^^^^^^^^^^^^^^^^^^^^^^^^^^^^^^^^^^^
  File "D:\CantorAI\xlang3\venv\cpython3.14-a6792301b742-compat-31b33d68c68a\Lib\site-packages\sympy\core\facts.py", line 321, in process_rule
    self._process_rule(a, b)
    ~~~~~~~~~~~~~~~~~~^^^^^^
  File "D:\CantorAI\xlang3\venv\cpython3.14-a6792301b742-compat-31b33d68c68a\Lib\site-packages\sympy\core\facts.py", line 343, in _process_rule
    self.process_rule(And(*[Not(barg) for barg in b.args]), Not(a))
    ~~~~~~~~~~~~~~~~~^^^^^^^^^^^^^^^^^^^^^^^^^^^^^^^^^^^^^^^^^^^^^^
  File "D:\CantorAI\xlang3\venv\cpython3.14-a6792301b742-compat-31b33d68c68a\Lib\site-packages\sympy\core\facts.py", line 321, in process_rule
    self._process_rule(a, b)
    ~~~~~~~~~~~~~~~~~~^^^^^^
  File "D:\CantorAI\xlang3\venv\cpython3.14-a6792301b742-compat-31b33d68c68a\Lib\site-packages\sympy\core\facts.py", line 343, in _process_rule
    self.process_rule(And(*[Not(barg) for barg in b.args]), Not(a))
    ~~~~~~~~~~~~~~~~~^^^^^^^^^^^^^^^^^^^^^^^^^^^^^^^^^^^^^^^^^^^^^^
  File "D:\CantorAI\xlang3\venv\cpython3.14-a6792301b742-compat-31b33d68c68a\Lib\site-packages\sympy\core\facts.py", line 321, in process_rule
    self._process_rule(a, b)
    ~~~~~~~~~~~~~~~~~~^^^^^^
  File "D:\CantorAI\xlang3\venv\cpython3.14-a6792301b742-compat-31b33d68c68a\Lib\site-packages\sympy\core\facts.py", line 343, in _process_rule
    self.process_rule(And(*[Not(barg) for barg in b.args]), Not(a))
    ~~~~~~~~~~~~~~~~~^^^^^^^^^^^^^^^^^^^^^^^^^^^^^^^^^^^^^^^^^^^^^^
  File "D:\CantorAI\xlang3\venv\cpython3.14-a6792301b742-compat-31b33d68c68a\Lib\site-packages\sympy\core\facts.py", line 321, in process_rule
    self._process_rule(a, b)
    ~~~~~~~~~~~~~~~~~~^^^^^^
  File "D:\CantorAI\xlang3\venv\cpython3.14-a6792301b742-compat-31b33d68c68a\Lib\site-packages\sympy\core\facts.py", line 343, in _process_rule
    self.process_rule(And(*[Not(barg) for barg in b.args]), Not(a))
    ~~~~~~~~~~~~~~~~~^^^^^^^^^^^^^^^^^^^^^^^^^^^^^^^^^^^^^^^^^^^^^^
  File "D:\CantorAI\xlang3\venv\cpython3.14-a6792301b742-compat-31b33d68c68a\Lib\site-packages\sympy\core\facts.py", line 321, in process_rule
    self._process_rule(a, b)
    ~~~~~~~~~~~~~~~~~~^^^^^^
  File "D:\CantorAI\xlang3\venv\cpython3.14-a6792301b742-compat-31b33d68c68a\Lib\site-packages\sympy\core\facts.py", line 343, in _process_rule
    self.process_rule(And(*[Not(barg) for barg in b.args]), Not(a))
    ~~~~~~~~~~~~~~~~~^^^^^^^^^^^^^^^^^^^^^^^^^^^^^^^^^^^^^^^^^^^^^^
  File "D:\CantorAI\xlang3\venv\cpython3.14-a6792301b742-compat-31b33d68c68a\Lib\site-packages\sympy\core\facts.py", line 321, in process_rule
    self._process_rule(a, b)
    ~~~~~~~~~~~~~~~~~~^^^^^^
  File "D:\CantorAI\xlang3\venv\cpython3.14-a6792301b742-compat-31b33d68c68a\Lib\site-packages\sympy\core\facts.py", line 343, in _process_rule
    self.process_rule(And(*[Not(barg) for barg in b.args]), Not(a))
    ~~~~~~~~~~~~~~~~~^^^^^^^^^^^^^^^^^^^^^^^^^^^^^^^^^^^^^^^^^^^^^^
  File "D:\CantorAI\xlang3\venv\cpython3.14-a6792301b742-compat-31b33d68c68a\Lib\site-packages\sympy\core\facts.py", line 321, in process_rule
    self._process_rule(a, b)
    ~~~~~~~~~~~~~~~~~~^^^^^^
  File "D:\CantorAI\xlang3\venv\cpython3.14-a6792301b742-compat-31b33d68c68a\Lib\site-packages\sympy\core\facts.py", line 343, in _process_rule
    self.process_rule(And(*[Not(barg) for barg in b.args]), Not(a))
    ~~~~~~~~~~~~~~~~~^^^^^^^^^^^^^^^^^^^^^^^^^^^^^^^^^^^^^^^^^^^^^^
  File "D:\CantorAI\xlang3\venv\cpython3.14-a6792301b742-compat-31b33d68c68a\Lib\site-packages\sympy\core\facts.py", line 321, in process_rule
    self._process_rule(a, b)
    ~~~~~~~~~~~~~~~~~~^^^^^^
  File "D:\CantorAI\xlang3\venv\cpython3.14-a6792301b742-compat-31b33d68c68a\Lib\site-packages\sympy\core\facts.py", line 343, in _process_rule
    self.process_rule(And(*[Not(barg) for barg in b.args]), Not(a))
    ~~~~~~~~~~~~~~~~~^^^^^^^^^^^^^^^^^^^^^^^^^^^^^^^^^^^^^^^^^^^^^^
  File "D:\CantorAI\xlang3\venv\cpython3.14-a6792301b742-compat-31b33d68c68a\Lib\site-packages\sympy\core\facts.py", line 321, in process_rule
    self._process_rule(a, b)
    ~~~~~~~~~~~~~~~~~~^^^^^^
  File "D:\CantorAI\xlang3\venv\cpython3.14-a6792301b742-compat-31b33d68c68a\Lib\site-packages\sympy\core\facts.py", line 343, in _process_rule
    self.process_rule(And(*[Not(barg) for barg in b.args]), Not(a))
    ~~~~~~~~~~~~~~~~~^^^^^^^^^^^^^^^^^^^^^^^^^^^^^^^^^^^^^^^^^^^^^^
  File "D:\CantorAI\xlang3\venv\cpython3.14-a6792301b742-compat-31b33d68c68a\Lib\site-packages\sympy\core\facts.py", line 321, in process_rule
    self._process_rule(a, b)
    ~~~~~~~~~~~~~~~~~~^^^^^^
  File "D:\CantorAI\xlang3\venv\cpython3.14-a6792301b742-compat-31b33d68c68a\Lib\site-packages\sympy\core\facts.py", line 343, in _process_rule
    self.process_rule(And(*[Not(barg) for barg in b.args]), Not(a))
    ~~~~~~~~~~~~~~~~~^^^^^^^^^^^^^^^^^^^^^^^^^^^^^^^^^^^^^^^^^^^^^^
  File "D:\CantorAI\xlang3\venv\cpython3.14-a6792301b742-compat-31b33d68c68a\Lib\site-packages\sympy\core\facts.py", line 321, in process_rule
    self._process_rule(a, b)
    ~~~~~~~~~~~~~~~~~~^^^^^^
  File "D:\CantorAI\xlang3\venv\cpython3.14-a6792301b742-compat-31b33d68c68a\Lib\site-packages\sympy\core\facts.py", line 343, in _process_rule
    self.process_rule(And(*[Not(barg) for barg in b.args]), Not(a))
    ~~~~~~~~~~~~~~~~~^^^^^^^^^^^^^^^^^^^^^^^^^^^^^^^^^^^^^^^^^^^^^^
  File "D:\CantorAI\xlang3\venv\cpython3.14-a6792301b742-compat-31b33d68c68a\Lib\site-packages\sympy\core\facts.py", line 321, in process_rule
    self._process_rule(a, b)
    ~~~~~~~~~~~~~~~~~~^^^^^^
  File "D:\CantorAI\xlang3\venv\cpython3.14-a6792301b742-compat-31b33d68c68a\Lib\site-packages\sympy\core\facts.py", line 343, in _process_rule
    self.process_rule(And(*[Not(barg) for barg in b.args]), Not(a))
    ~~~~~~~~~~~~~~~~~^^^^^^^^^^^^^^^^^^^^^^^^^^^^^^^^^^^^^^^^^^^^^^
  File "D:\CantorAI\xlang3\venv\cpython3.14-a6792301b742-compat-31b33d68c68a\Lib\site-packages\sympy\core\facts.py", line 321, in process_rule
    self._process_rule(a, b)
    ~~~~~~~~~~~~~~~~~~^^^^^^
  File "D:\CantorAI\xlang3\venv\cpython3.14-a6792301b742-compat-31b33d68c68a\Lib\site-packages\sympy\core\facts.py", line 343, in _process_rule
    self.process_rule(And(*[Not(barg) for barg in b.args]), Not(a))
    ~~~~~~~~~~~~~~~~~^^^^^^^^^^^^^^^^^^^^^^^^^^^^^^^^^^^^^^^^^^^^^^
  File "D:\CantorAI\xlang3\venv\cpython3.14-a6792301b742-compat-31b33d68c68a\Lib\site-packages\sympy\core\facts.py", line 321, in process_rule
    self._process_rule(a, b)
    ~~~~~~~~~~~~~~~~~~^^^^^^
  File "D:\CantorAI\xlang3\venv\cpython3.14-a6792301b742-compat-31b33d68c68a\Lib\site-packages\sympy\core\facts.py", line 343, in _process_rule
    self.process_rule(And(*[Not(barg) for barg in b.args]), Not(a))
    ~~~~~~~~~~~~~~~~~^^^^^^^^^^^^^^^^^^^^^^^^^^^^^^^^^^^^^^^^^^^^^^
  File "D:\CantorAI\xlang3\venv\cpython3.14-a6792301b742-compat-31b33d68c68a\Lib\site-packages\sympy\core\facts.py", line 321, in process_rule
    self._process_rule(a, b)
    ~~~~~~~~~~~~~~~~~~^^^^^^
  File "D:\CantorAI\xlang3\venv\cpython3.14-a6792301b742-compat-31b33d68c68a\Lib\site-packages\sympy\core\facts.py", line 343, in _process_rule
    self.process_rule(And(*[Not(barg) for barg in b.args]), Not(a))
    ~~~~~~~~~~~~~~~~~^^^^^^^^^^^^^^^^^^^^^^^^^^^^^^^^^^^^^^^^^^^^^^
  File "D:\CantorAI\xlang3\venv\cpython3.14-a6792301b742-compat-31b33d68c68a\Lib\site-packages\sympy\core\facts.py", line 321, in process_rule
    self._process_rule(a, b)
    ~~~~~~~~~~~~~~~~~~^^^^^^
  File "D:\CantorAI\xlang3\venv\cpython3.14-a6792301b742-compat-31b33d68c68a\Lib\site-packages\sympy\core\facts.py", line 343, in _process_rule
    self.process_rule(And(*[Not(barg) for barg in b.args]), Not(a))
    ~~~~~~~~~~~~~~~~~^^^^^^^^^^^^^^^^^^^^^^^^^^^^^^^^^^^^^^^^^^^^^^
  File "D:\CantorAI\xlang3\venv\cpython3.14-a6792301b742-compat-31b33d68c68a\Lib\site-packages\sympy\core\facts.py", line 321, in process_rule
    self._process_rule(a, b)
    ~~~~~~~~~~~~~~~~~~^^^^^^
  File "D:\CantorAI\xlang3\venv\cpython3.14-a6792301b742-compat-31b33d68c68a\Lib\site-packages\sympy\core\facts.py", line 343, in _process_rule
    self.process_rule(And(*[Not(barg) for barg in b.args]), Not(a))
    ~~~~~~~~~~~~~~~~~^^^^^^^^^^^^^^^^^^^^^^^^^^^^^^^^^^^^^^^^^^^^^^
  File "D:\CantorAI\xlang3\venv\cpython3.14-a6792301b742-compat-31b33d68c68a\Lib\site-packages\sympy\core\facts.py", line 321, in process_rule
    self._process_rule(a, b)
    ~~~~~~~~~~~~~~~~~~^^^^^^
  File "D:\CantorAI\xlang3\venv\cpython3.14-a6792301b742-compat-31b33d68c68a\Lib\site-packages\sympy\core\facts.py", line 343, in _process_rule
    self.process_rule(And(*[Not(barg) for barg in b.args]), Not(a))
    ~~~~~~~~~~~~~~~~~^^^^^^^^^^^^^^^^^^^^^^^^^^^^^^^^^^^^^^^^^^^^^^
  File "D:\CantorAI\xlang3\venv\cpython3.14-a6792301b742-compat-31b33d68c68a\Lib\site-packages\sympy\core\facts.py", line 321, in process_rule
    self._process_rule(a, b)
    ~~~~~~~~~~~~~~~~~~^^^^^^
  File "D:\CantorAI\xlang3\venv\cpython3.14-a6792301b742-compat-31b33d68c68a\Lib\site-packages\sympy\core\facts.py", line 343, in _process_rule
    self.process_rule(And(*[Not(barg) for barg in b.args]), Not(a))
    ~~~~~~~~~~~~~~~~~^^^^^^^^^^^^^^^^^^^^^^^^^^^^^^^^^^^^^^^^^^^^^^
  File "D:\CantorAI\xlang3\venv\cpython3.14-a6792301b742-compat-31b33d68c68a\Lib\site-packages\sympy\core\facts.py", line 321, in process_rule
    self._process_rule(a, b)
    ~~~~~~~~~~~~~~~~~~^^^^^^
  File "D:\CantorAI\xlang3\venv\cpython3.14-a6792301b742-compat-31b33d68c68a\Lib\site-packages\sympy\core\facts.py", line 343, in _process_rule
    self.process_rule(And(*[Not(barg) for barg in b.args]), Not(a))
    ~~~~~~~~~~~~~~~~~^^^^^^^^^^^^^^^^^^^^^^^^^^^^^^^^^^^^^^^^^^^^^^
  File "D:\CantorAI\xlang3\venv\cpython3.14-a6792301b742-compat-31b33d68c68a\Lib\site-packages\sympy\core\facts.py", line 321, in process_rule
    self._process_rule(a, b)
    ~~~~~~~~~~~~~~~~~~^^^^^^
  File "D:\CantorAI\xlang3\venv\cpython3.14-a6792301b742-compat-31b33d68c68a\Lib\site-packages\sympy\core\facts.py", line 343, in _process_rule
    self.process_rule(And(*[Not(barg) for barg in b.args]), Not(a))
    ~~~~~~~~~~~~~~~~~^^^^^^^^^^^^^^^^^^^^^^^^^^^^^^^^^^^^^^^^^^^^^^
  File "D:\CantorAI\xlang3\venv\cpython3.14-a6792301b742-compat-31b33d68c68a\Lib\site-packages\sympy\core\facts.py", line 321, in process_rule
    self._process_rule(a, b)
    ~~~~~~~~~~~~~~~~~~^^^^^^
  File "D:\CantorAI\xlang3\venv\cpython3.14-a6792301b742-compat-31b33d68c68a\Lib\site-packages\sympy\core\facts.py", line 343, in _process_rule
    self.process_rule(And(*[Not(barg) for barg in b.args]), Not(a))
    ~~~~~~~~~~~~~~~~~^^^^^^^^^^^^^^^^^^^^^^^^^^^^^^^^^^^^^^^^^^^^^^
  File "D:\CantorAI\xlang3\venv\cpython3.14-a6792301b742-compat-31b33d68c68a\Lib\site-packages\sympy\core\facts.py", line 321, in process_rule
    self._process_rule(a, b)
    ~~~~~~~~~~~~~~~~~~^^^^^^
  File "D:\CantorAI\xlang3\venv\cpython3.14-a6792301b742-compat-31b33d68c68a\Lib\site-packages\sympy\core\facts.py", line 343, in _process_rule
    self.process_rule(And(*[Not(barg) for barg in b.args]), Not(a))
    ~~~~~~~~~~~~~~~~~^^^^^^^^^^^^^^^^^^^^^^^^^^^^^^^^^^^^^^^^^^^^^^
  File "D:\CantorAI\xlang3\venv\cpython3.14-a6792301b742-compat-31b33d68c68a\Lib\site-packages\sympy\core\facts.py", line 321, in process_rule
    self._process_rule(a, b)
    ~~~~~~~~~~~~~~~~~~^^^^^^
  File "D:\CantorAI\xlang3\venv\cpython3.14-a6792301b742-compat-31b33d68c68a\Lib\site-packages\sympy\core\facts.py", line 343, in _process_rule
    self.process_rule(And(*[Not(barg) for barg in b.args]), Not(a))
    ~~~~~~~~~~~~~~~~~^^^^^^^^^^^^^^^^^^^^^^^^^^^^^^^^^^^^^^^^^^^^^^
  File "D:\CantorAI\xlang3\venv\cpython3.14-a6792301b742-compat-31b33d68c68a\Lib\site-packages\sympy\core\facts.py", line 321, in process_rule
    self._process_rule(a, b)
    ~~~~~~~~~~~~~~~~~~^^^^^^
  File "D:\CantorAI\xlang3\venv\cpython3.14-a6792301b742-compat-31b33d68c68a\Lib\site-packages\sympy\core\facts.py", line 343, in _process_rule
    self.process_rule(And(*[Not(barg) for barg in b.args]), Not(a))
    ~~~~~~~~~~~~~~~~~^^^^^^^^^^^^^^^^^^^^^^^^^^^^^^^^^^^^^^^^^^^^^^
  File "D:\CantorAI\xlang3\venv\cpython3.14-a6792301b742-compat-31b33d68c68a\Lib\site-packages\sympy\core\facts.py", line 321, in process_rule
    self._process_rule(a, b)
    ~~~~~~~~~~~~~~~~~~^^^^^^
  File "D:\CantorAI\xlang3\venv\cpython3.14-a6792301b742-compat-31b33d68c68a\Lib\site-packages\sympy\core\facts.py", line 343, in _process_rule
    self.process_rule(And(*[Not(barg) for barg in b.args]), Not(a))
    ~~~~~~~~~~~~~~~~~^^^^^^^^^^^^^^^^^^^^^^^^^^^^^^^^^^^^^^^^^^^^^^
  File "D:\CantorAI\xlang3\venv\cpython3.14-a6792301b742-compat-31b33d68c68a\Lib\site-packages\sympy\core\facts.py", line 321, in process_rule
    self._process_rule(a, b)
    ~~~~~~~~~~~~~~~~~~^^^^^^
  File "D:\CantorAI\xlang3\venv\cpython3.14-a6792301b742-compat-31b33d68c68a\Lib\site-packages\sympy\core\facts.py", line 343, in _process_rule
    self.process_rule(And(*[Not(barg) for barg in b.args]), Not(a))
    ~~~~~~~~~~~~~~~~~^^^^^^^^^^^^^^^^^^^^^^^^^^^^^^^^^^^^^^^^^^^^^^
  File "D:\CantorAI\xlang3\venv\cpython3.14-a6792301b742-compat-31b33d68c68a\Lib\site-packages\sympy\core\facts.py", line 321, in process_rule
    self._process_rule(a, b)
    ~~~~~~~~~~~~~~~~~~^^^^^^
  File "D:\CantorAI\xlang3\venv\cpython3.14-a6792301b742-compat-31b33d68c68a\Lib\site-packages\sympy\core\facts.py", line 343, in _process_rule
    self.process_rule(And(*[Not(barg) for barg in b.args]), Not(a))
    ~~~~~~~~~~~~~~~~~^^^^^^^^^^^^^^^^^^^^^^^^^^^^^^^^^^^^^^^^^^^^^^
  File "D:\CantorAI\xlang3\venv\cpython3.14-a6792301b742-compat-31b33d68c68a\Lib\site-packages\sympy\core\facts.py", line 321, in process_rule
    self._process_rule(a, b)
    ~~~~~~~~~~~~~~~~~~^^^^^^
  File "D:\CantorAI\xlang3\venv\cpython3.14-a6792301b742-compat-31b33d68c68a\Lib\site-packages\sympy\core\facts.py", line 343, in _process_rule
    self.process_rule(And(*[Not(barg) for barg in b.args]), Not(a))
    ~~~~~~~~~~~~~~~~~^^^^^^^^^^^^^^^^^^^^^^^^^^^^^^^^^^^^^^^^^^^^^^
  File "D:\CantorAI\xlang3\venv\cpython3.14-a6792301b742-compat-31b33d68c68a\Lib\site-packages\sympy\core\facts.py", line 321, in process_rule
    self._process_rule(a, b)
    ~~~~~~~~~~~~~~~~~~^^^^^^
  File "D:\CantorAI\xlang3\venv\cpython3.14-a6792301b742-compat-31b33d68c68a\Lib\site-packages\sympy\core\facts.py", line 343, in _process_rule
    self.process_rule(And(*[Not(barg) for barg in b.args]), Not(a))
    ~~~~~~~~~~~~~~~~~^^^^^^^^^^^^^^^^^^^^^^^^^^^^^^^^^^^^^^^^^^^^^^
  File "D:\CantorAI\xlang3\venv\cpython3.14-a6792301b742-compat-31b33d68c68a\Lib\site-packages\sympy\core\facts.py", line 321, in process_rule
    self._process_rule(a, b)
    ~~~~~~~~~~~~~~~~~~^^^^^^
  File "D:\CantorAI\xlang3\venv\cpython3.14-a6792301b742-compat-31b33d68c68a\Lib\site-packages\sympy\core\facts.py", line 343, in _process_rule
    self.process_rule(And(*[Not(barg) for barg in b.args]), Not(a))
    ~~~~~~~~~~~~~~~~~^^^^^^^^^^^^^^^^^^^^^^^^^^^^^^^^^^^^^^^^^^^^^^
  File "D:\CantorAI\xlang3\venv\cpython3.14-a6792301b742-compat-31b33d68c68a\Lib\site-packages\sympy\core\facts.py", line 321, in process_rule
    self._process_rule(a, b)
    ~~~~~~~~~~~~~~~~~~^^^^^^
  File "D:\CantorAI\xlang3\venv\cpython3.14-a6792301b742-compat-31b33d68c68a\Lib\site-packages\sympy\core\facts.py", line 343, in _process_rule
    self.process_rule(And(*[Not(barg) for barg in b.args]), Not(a))
    ~~~~~~~~~~~~~~~~~^^^^^^^^^^^^^^^^^^^^^^^^^^^^^^^^^^^^^^^^^^^^^^
  File "D:\CantorAI\xlang3\venv\cpython3.14-a6792301b742-compat-31b33d68c68a\Lib\site-packages\sympy\core\facts.py", line 321, in process_rule
    self._process_rule(a, b)
    ~~~~~~~~~~~~~~~~~~^^^^^^
  File "D:\CantorAI\xlang3\venv\cpython3.14-a6792301b742-compat-31b33d68c68a\Lib\site-packages\sympy\core\facts.py", line 343, in _process_rule
    self.process_rule(And(*[Not(barg) for barg in b.args]), Not(a))
    ~~~~~~~~~~~~~~~~~^^^^^^^^^^^^^^^^^^^^^^^^^^^^^^^^^^^^^^^^^^^^^^
  File "D:\CantorAI\xlang3\venv\cpython3.14-a6792301b742-compat-31b33d68c68a\Lib\site-packages\sympy\core\facts.py", line 321, in process_rule
    self._process_rule(a, b)
    ~~~~~~~~~~~~~~~~~~^^^^^^
  File "D:\CantorAI\xlang3\venv\cpython3.14-a6792301b742-compat-31b33d68c68a\Lib\site-packages\sympy\core\facts.py", line 343, in _process_rule
    self.process_rule(And(*[Not(barg) for barg in b.args]), Not(a))
    ~~~~~~~~~~~~~~~~~^^^^^^^^^^^^^^^^^^^^^^^^^^^^^^^^^^^^^^^^^^^^^^
  File "D:\CantorAI\xlang3\venv\cpython3.14-a6792301b742-compat-31b33d68c68a\Lib\site-packages\sympy\core\facts.py", line 321, in process_rule
    self._process_rule(a, b)
    ~~~~~~~~~~~~~~~~~~^^^^^^
  File "D:\CantorAI\xlang3\venv\cpython3.14-a6792301b742-compat-31b33d68c68a\Lib\site-packages\sympy\core\facts.py", line 343, in _process_rule
    self.process_rule(And(*[Not(barg) for barg in b.args]), Not(a))
    ~~~~~~~~~~~~~~~~~^^^^^^^^^^^^^^^^^^^^^^^^^^^^^^^^^^^^^^^^^^^^^^
  File "D:\CantorAI\xlang3\venv\cpython3.14-a6792301b742-compat-31b33d68c68a\Lib\site-packages\sympy\core\facts.py", line 321, in process_rule
    self._process_rule(a, b)
    ~~~~~~~~~~~~~~~~~~^^^^^^
  File "D:\CantorAI\xlang3\venv\cpython3.14-a6792301b742-compat-31b33d68c68a\Lib\site-packages\sympy\core\facts.py", line 343, in _process_rule
    self.process_rule(And(*[Not(barg) for barg in b.args]), Not(a))
    ~~~~~~~~~~~~~~~~~^^^^^^^^^^^^^^^^^^^^^^^^^^^^^^^^^^^^^^^^^^^^^^
  File "D:\CantorAI\xlang3\venv\cpython3.14-a6792301b742-compat-31b33d68c68a\Lib\site-packages\sympy\core\facts.py", line 321, in process_rule
    self._process_rule(a, b)
    ~~~~~~~~~~~~~~~~~~^^^^^^
  File "D:\CantorAI\xlang3\venv\cpython3.14-a6792301b742-compat-31b33d68c68a\Lib\site-packages\sympy\core\facts.py", line 343, in _process_rule
    self.process_rule(And(*[Not(barg) for barg in b.args]), Not(a))
    ~~~~~~~~~~~~~~~~~^^^^^^^^^^^^^^^^^^^^^^^^^^^^^^^^^^^^^^^^^^^^^^
  File "D:\CantorAI\xlang3\venv\cpython3.14-a6792301b742-compat-31b33d68c68a\Lib\site-packages\sympy\core\facts.py", line 321, in process_rule
    self._process_rule(a, b)
    ~~~~~~~~~~~~~~~~~~^^^^^^
  File "D:\CantorAI\xlang3\venv\cpython3.14-a6792301b742-compat-31b33d68c68a\Lib\site-packages\sympy\core\facts.py", line 343, in _process_rule
    self.process_rule(And(*[Not(barg) for barg in b.args]), Not(a))
    ~~~~~~~~~~~~~~~~~^^^^^^^^^^^^^^^^^^^^^^^^^^^^^^^^^^^^^^^^^^^^^^
  File "D:\CantorAI\xlang3\venv\cpython3.14-a6792301b742-compat-31b33d68c68a\Lib\site-packages\sympy\core\facts.py", line 321, in process_rule
    self._process_rule(a, b)
    ~~~~~~~~~~~~~~~~~~^^^^^^
  File "D:\CantorAI\xlang3\venv\cpython3.14-a6792301b742-compat-31b33d68c68a\Lib\site-packages\sympy\core\facts.py", line 343, in _process_rule
    self.process_rule(And(*[Not(barg) for barg in b.args]), Not(a))
    ~~~~~~~~~~~~~~~~~^^^^^^^^^^^^^^^^^^^^^^^^^^^^^^^^^^^^^^^^^^^^^^
  File "D:\CantorAI\xlang3\venv\cpython3.14-a6792301b742-compat-31b33d68c68a\Lib\site-packages\sympy\core\facts.py", line 321, in process_rule
    self._process_rule(a, b)
    ~~~~~~~~~~~~~~~~~~^^^^^^
  File "D:\CantorAI\xlang3\venv\cpython3.14-a6792301b742-compat-31b33d68c68a\Lib\site-packages\sympy\core\facts.py", line 343, in _process_rule
    self.process_rule(And(*[Not(barg) for barg in b.args]), Not(a))
    ~~~~~~~~~~~~~~~~~^^^^^^^^^^^^^^^^^^^^^^^^^^^^^^^^^^^^^^^^^^^^^^
  File "D:\CantorAI\xlang3\venv\cpython3.14-a6792301b742-compat-31b33d68c68a\Lib\site-packages\sympy\core\facts.py", line 321, in process_rule
    self._process_rule(a, b)
    ~~~~~~~~~~~~~~~~~~^^^^^^
  File "D:\CantorAI\xlang3\venv\cpython3.14-a6792301b742-compat-31b33d68c68a\Lib\site-packages\sympy\core\facts.py", line 343, in _process_rule
    self.process_rule(And(*[Not(barg) for barg in b.args]), Not(a))
    ~~~~~~~~~~~~~~~~~^^^^^^^^^^^^^^^^^^^^^^^^^^^^^^^^^^^^^^^^^^^^^^
  File "D:\CantorAI\xlang3\venv\cpython3.14-a6792301b742-compat-31b33d68c68a\Lib\site-packages\sympy\core\facts.py", line 321, in process_rule
    self._process_rule(a, b)
    ~~~~~~~~~~~~~~~~~~^^^^^^
  File "D:\CantorAI\xlang3\venv\cpython3.14-a6792301b742-compat-31b33d68c68a\Lib\site-packages\sympy\core\facts.py", line 343, in _process_rule
    self.process_rule(And(*[Not(barg) for barg in b.args]), Not(a))
    ~~~~~~~~~~~~~~~~~^^^^^^^^^^^^^^^^^^^^^^^^^^^^^^^^^^^^^^^^^^^^^^
  File "D:\CantorAI\xlang3\venv\cpython3.14-a6792301b742-compat-31b33d68c68a\Lib\site-packages\sympy\core\facts.py", line 321, in process_rule
    self._process_rule(a, b)
    ~~~~~~~~~~~~~~~~~~^^^^^^
  File "D:\CantorAI\xlang3\venv\cpython3.14-a6792301b742-compat-31b33d68c68a\Lib\site-packages\sympy\core\facts.py", line 343, in _process_rule
    self.process_rule(And(*[Not(barg) for barg in b.args]), Not(a))
    ~~~~~~~~~~~~~~~~~^^^^^^^^^^^^^^^^^^^^^^^^^^^^^^^^^^^^^^^^^^^^^^
  File "D:\CantorAI\xlang3\venv\cpython3.14-a6792301b742-compat-31b33d68c68a\Lib\site-packages\sympy\core\facts.py", line 321, in process_rule
    self._process_rule(a, b)
    ~~~~~~~~~~~~~~~~~~^^^^^^
  File "D:\CantorAI\xlang3\venv\cpython3.14-a6792301b742-compat-31b33d68c68a\Lib\site-packages\sympy\core\facts.py", line 343, in _process_rule
    self.process_rule(And(*[Not(barg) for barg in b.args]), Not(a))
    ~~~~~~~~~~~~~~~~~^^^^^^^^^^^^^^^^^^^^^^^^^^^^^^^^^^^^^^^^^^^^^^
  File "D:\CantorAI\xlang3\venv\cpython3.14-a6792301b742-compat-31b33d68c68a\Lib\site-packages\sympy\core\facts.py", line 321, in process_rule
    self._process_rule(a, b)
    ~~~~~~~~~~~~~~~~~~^^^^^^
  File "D:\CantorAI\xlang3\venv\cpython3.14-a6792301b742-compat-31b33d68c68a\Lib\site-packages\sympy\core\facts.py", line 343, in _process_rule
    self.process_rule(And(*[Not(barg) for barg in b.args]), Not(a))
    ~~~~~~~~~~~~~~~~~^^^^^^^^^^^^^^^^^^^^^^^^^^^^^^^^^^^^^^^^^^^^^^
  File "D:\CantorAI\xlang3\venv\cpython3.14-a6792301b742-compat-31b33d68c68a\Lib\site-packages\sympy\core\facts.py", line 321, in process_rule
    self._process_rule(a, b)
    ~~~~~~~~~~~~~~~~~~^^^^^^
  File "D:\CantorAI\xlang3\venv\cpython3.14-a6792301b742-compat-31b33d68c68a\Lib\site-packages\sympy\core\facts.py", line 343, in _process_rule
    self.process_rule(And(*[Not(barg) for barg in b.args]), Not(a))
    ~~~~~~~~~~~~~~~~~^^^^^^^^^^^^^^^^^^^^^^^^^^^^^^^^^^^^^^^^^^^^^^
  File "D:\CantorAI\xlang3\venv\cpython3.14-a6792301b742-compat-31b33d68c68a\Lib\site-packages\sympy\core\facts.py", line 321, in process_rule
    self._process_rule(a, b)
    ~~~~~~~~~~~~~~~~~~^^^^^^
  File "D:\CantorAI\xlang3\venv\cpython3.14-a6792301b742-compat-31b33d68c68a\Lib\site-packages\sympy\core\facts.py", line 343, in _process_rule
    self.process_rule(And(*[Not(barg) for barg in b.args]), Not(a))
    ~~~~~~~~~~~~~~~~~^^^^^^^^^^^^^^^^^^^^^^^^^^^^^^^^^^^^^^^^^^^^^^
  File "D:\CantorAI\xlang3\venv\cpython3.14-a6792301b742-compat-31b33d68c68a\Lib\site-packages\sympy\core\facts.py", line 321, in process_rule
    self._process_rule(a, b)
    ~~~~~~~~~~~~~~~~~~^^^^^^
  File "D:\CantorAI\xlang3\venv\cpython3.14-a6792301b742-compat-31b33d68c68a\Lib\site-packages\sympy\core\facts.py", line 343, in _process_rule
    self.process_rule(And(*[Not(barg) for barg in b.args]), Not(a))
    ~~~~~~~~~~~~~~~~~^^^^^^^^^^^^^^^^^^^^^^^^^^^^^^^^^^^^^^^^^^^^^^
  File "D:\CantorAI\xlang3\venv\cpython3.14-a6792301b742-compat-31b33d68c68a\Lib\site-packages\sympy\core\facts.py", line 321, in process_rule
    self._process_rule(a, b)
    ~~~~~~~~~~~~~~~~~~^^^^^^
  File "D:\CantorAI\xlang3\venv\cpython3.14-a6792301b742-compat-31b33d68c68a\Lib\site-packages\sympy\core\facts.py", line 343, in _process_rule
    self.process_rule(And(*[Not(barg) for barg in b.args]), Not(a))
    ~~~~~~~~~~~~~~~~~^^^^^^^^^^^^^^^^^^^^^^^^^^^^^^^^^^^^^^^^^^^^^^
  File "D:\CantorAI\xlang3\venv\cpython3.14-a6792301b742-compat-31b33d68c68a\Lib\site-packages\sympy\core\facts.py", line 321, in process_rule
    self._process_rule(a, b)
    ~~~~~~~~~~~~~~~~~~^^^^^^
  File "D:\CantorAI\xlang3\venv\cpython3.14-a6792301b742-compat-31b33d68c68a\Lib\site-packages\sympy\core\facts.py", line 343, in _process_rule
    self.process_rule(And(*[Not(barg) for barg in b.args]), Not(a))
    ~~~~~~~~~~~~~~~~~^^^^^^^^^^^^^^^^^^^^^^^^^^^^^^^^^^^^^^^^^^^^^^
  File "D:\CantorAI\xlang3\venv\cpython3.14-a6792301b742-compat-31b33d68c68a\Lib\site-packages\sympy\core\facts.py", line 321, in process_rule
    self._process_rule(a, b)
    ~~~~~~~~~~~~~~~~~~^^^^^^
  File "D:\CantorAI\xlang3\venv\cpython3.14-a6792301b742-compat-31b33d68c68a\Lib\site-packages\sympy\core\facts.py", line 343, in _process_rule
    self.process_rule(And(*[Not(barg) for barg in b.args]), Not(a))
    ~~~~~~~~~~~~~~~~~^^^^^^^^^^^^^^^^^^^^^^^^^^^^^^^^^^^^^^^^^^^^^^
  File "D:\CantorAI\xlang3\venv\cpython3.14-a6792301b742-compat-31b33d68c68a\Lib\site-packages\sympy\core\facts.py", line 321, in process_rule
    self._process_rule(a, b)
    ~~~~~~~~~~~~~~~~~~^^^^^^
  File "D:\CantorAI\xlang3\venv\cpython3.14-a6792301b742-compat-31b33d68c68a\Lib\site-packages\sympy\core\facts.py", line 343, in _process_rule
    self.process_rule(And(*[Not(barg) for barg in b.args]), Not(a))
    ~~~~~~~~~~~~~~~~~^^^^^^^^^^^^^^^^^^^^^^^^^^^^^^^^^^^^^^^^^^^^^^
  File "D:\CantorAI\xlang3\venv\cpython3.14-a6792301b742-compat-31b33d68c68a\Lib\site-packages\sympy\core\facts.py", line 321, in process_rule
    self._process_rule(a, b)
    ~~~~~~~~~~~~~~~~~~^^^^^^
  File "D:\CantorAI\xlang3\venv\cpython3.14-a6792301b742-compat-31b33d68c68a\Lib\site-packages\sympy\core\facts.py", line 343, in _process_rule
    self.process_rule(And(*[Not(barg) for barg in b.args]), Not(a))
    ~~~~~~~~~~~~~~~~~^^^^^^^^^^^^^^^^^^^^^^^^^^^^^^^^^^^^^^^^^^^^^^
  File "D:\CantorAI\xlang3\venv\cpython3.14-a6792301b742-compat-31b33d68c68a\Lib\site-packages\sympy\core\facts.py", line 321, in process_rule
    self._process_rule(a, b)
    ~~~~~~~~~~~~~~~~~~^^^^^^
  File "D:\CantorAI\xlang3\venv\cpython3.14-a6792301b742-compat-31b33d68c68a\Lib\site-packages\sympy\core\facts.py", line 343, in _process_rule
    self.process_rule(And(*[Not(barg) for barg in b.args]), Not(a))
                                                            ~~~^^^
  File "D:\CantorAI\xlang3\venv\cpython3.14-a6792301b742-compat-31b33d68c68a\Lib\site-packages\sympy\core\logic.py", line 415, in __new__
    arg = arg._eval_propagate_not()
  File "D:\CantorAI\xlang3\venv\cpython3.14-a6792301b742-compat-31b33d68c68a\Lib\site-packages\sympy\core\logic.py", line 372, in _eval_propagate_not
    return Or(*[Not(a) for a in self.args])
  File "D:\CantorAI\xlang3\venv\cpython3.14-a6792301b742-compat-31b33d68c68a\Lib\site-packages\sympy\core\logic.py", line 333, in __new__
    args = sorted(set(cls.flatten(bargs)), key=hash)
                  ~~~^^^^^^^^^^^^^^^^^^^^
RecursionError: maximum recursion depth exceeded
Traceback (most recent call last):
  File "C:\Python\Python314\Lib\site-packages\pyperformance\run.py", line 171, in run_benchmarks
    result = bench.run(
        bench_venv.python,
    ...<3 lines>...
        verbose=options.verbose,
    )
  File "D:\CantorAI\xlang3\benchmarks\diagnostics\run_pyperformance_xlang3_shimmed.py", line 155, in run_named_benchmark
    current_benchmark_timeout_reported = False
               ^^^^^^^^^^^^^^^^^^^^^^^^^^^^^^^
  File "C:\Python\Python314\Lib\site-packages\pyperformance\_benchmark.py", line 193, in run
    bench = _run_perf_script(
        python,
    ...<4 lines>...
        verbose=verbose,
    )
  File "C:\Python\Python314\Lib\site-packages\pyperformance\_benchmark.py", line 250, in _run_perf_script
    raise RuntimeError("Benchmark died")
RuntimeError: Benchmark died
ERROR: Benchmark sympy failed: Benchmark died
[88/97] telco...
...........
WARNING: the benchmark result may be unstable
* Not enough samples to get a stable result (95% certainly of less than 1% variation)

Try to rerun the benchmark with more runs, values and/or loops.
Run 'xlang3.exe -m pyperf system tune' command to reduce the system jitter.
Use pyperf stats, pyperf dump and pyperf hist to analyze results.
Use --quiet option to hide these warnings.

telco: Mean +- std dev: 43.2 ms +- 1.3 ms
[89/97] tomli_loads...
....Full-case timeout: tomli_loads exceeded 300 seconds
ERROR: Benchmark tomli_loads timed out
[90/97] tornado_http...
...........
WARNING: the benchmark result may be unstable
* the standard deviation (305 ms) is 19% of the mean (1.61 sec)
* the maximum (2.85 sec) is 77% greater than the mean (1.61 sec)

Try to rerun the benchmark with more runs, values and/or loops.
Run 'xlang3.exe -m pyperf system tune' command to reduce the system jitter.
Use pyperf stats, pyperf dump and pyperf hist to analyze results.
Use --quiet option to hide these warnings.

tornado_http: Mean +- std dev: 1.61 sec +- 0.31 sec
[91/97] typing_runtime_protocols...
...........
WARNING: the benchmark result may be unstable
* Not enough samples to get a stable result (95% certainly of less than 1% variation)

Try to rerun the benchmark with more runs, values and/or loops.
Run 'xlang3.exe -m pyperf system tune' command to reduce the system jitter.
Use pyperf stats, pyperf dump and pyperf hist to analyze results.
Use --quiet option to hide these warnings.

typing_runtime_protocols: Mean +- std dev: 253 us +- 10 us
[92/97] unpack_sequence...
...........
WARNING: the benchmark result may be unstable
* Not enough samples to get a stable result (95% certainly of less than 1% variation)

Try to rerun the benchmark with more runs, values and/or loops.
Run 'xlang3.exe -m pyperf system tune' command to reduce the system jitter.
Use pyperf stats, pyperf dump and pyperf hist to analyze results.
Use --quiet option to hide these warnings.

unpack_sequence: Mean +- std dev: 179 ns +- 5 ns
[93/97] unpickle...
...........
WARNING: the benchmark result may be unstable
* Not enough samples to get a stable result (95% certainly of less than 1% variation)

Try to rerun the benchmark with more runs, values and/or loops.
Run 'xlang3.exe -m pyperf system tune' command to reduce the system jitter.
Use pyperf stats, pyperf dump and pyperf hist to analyze results.
Use --quiet option to hide these warnings.

unpickle: Mean +- std dev: 75.8 us +- 3.4 us
[94/97] unpickle_list...
...........
WARNING: the benchmark result may be unstable
* Not enough samples to get a stable result (95% certainly of less than 1% variation)

Try to rerun the benchmark with more runs, values and/or loops.
Run 'xlang3.exe -m pyperf system tune' command to reduce the system jitter.
Use pyperf stats, pyperf dump and pyperf hist to analyze results.
Use --quiet option to hide these warnings.

unpickle_list: Mean +- std dev: 11.9 us +- 0.5 us
[95/97] unpickle_pure_python...
...........
WARNING: the benchmark result may be unstable
* Not enough samples to get a stable result (95% certainly of less than 1% variation)

Try to rerun the benchmark with more runs, values and/or loops.
Run 'xlang3.exe -m pyperf system tune' command to reduce the system jitter.
Use pyperf stats, pyperf dump and pyperf hist to analyze results.
Use --quiet option to hide these warnings.

unpickle_pure_python: Mean +- std dev: 2.68 ms +- 0.08 ms
[96/97] xdsl...
Traceback (most recent call last):
  File "C:\Python\Python314\Lib\site-packages\pyperformance\data-files\benchmarks\bm_xdsl\run_benchmark.py", line 29, in <module>
    from xdsl.dialects.arith import AddiOp, Arith, ConstantOp
  File "D:\CantorAI\xlang3\venv\cpython3.14-a6792301b742-compat-31b33d68c68a\Lib\site-packages\xdsl\dialects\arith.py", line 10, in <module>
    from xdsl.dialects.builtin import (
    ...<20 lines>...
    )
  File "D:\CantorAI\xlang3\venv\cpython3.14-a6792301b742-compat-31b33d68c68a\Lib\site-packages\xdsl\dialects\builtin.py", line 1334, in <module>
    types: ArrayAttr[TypeAttribute] = param_def(converter=ArrayAttr[TypeAttribute].get)
                                                          ^^^^^^^^^^^^^^^^^^^^^^^^^^^^
AttributeError: GenericAlias object has no attribute 'get'
Traceback (most recent call last):
  File "C:\Python\Python314\Lib\site-packages\pyperformance\run.py", line 171, in run_benchmarks
    result = bench.run(
        bench_venv.python,
    ...<3 lines>...
        verbose=options.verbose,
    )
  File "D:\CantorAI\xlang3\benchmarks\diagnostics\run_pyperformance_xlang3_shimmed.py", line 155, in run_named_benchmark
    current_benchmark_timeout_reported = False
               ^^^^^^^^^^^^^^^^^^^^^^^^^^^^^^^
  File "C:\Python\Python314\Lib\site-packages\pyperformance\_benchmark.py", line 193, in run
    bench = _run_perf_script(
        python,
    ...<4 lines>...
        verbose=verbose,
    )
  File "C:\Python\Python314\Lib\site-packages\pyperformance\_benchmark.py", line 250, in _run_perf_script
    raise RuntimeError("Benchmark died")
RuntimeError: Benchmark died
ERROR: Benchmark xdsl failed: Benchmark died
[97/97] xml_etree...
Traceback (most recent call last):
  File "C:\Python\Python314\Lib\site-packages\pyperformance\data-files\benchmarks\bm_xml_etree\run_benchmark.py", line 292, in <module>
    runner.bench_time_func(name, bench_etree, etree_module, bench_func)
    ~~~~~~~~~~~~~~~~~~~~~~^^^^^^^^^^^^^^^^^^^^^^^^^^^^^^^^^^^^^^^^^^^^^
  File "D:\CantorAI\xlang3\venv\cpython3.14-a6792301b742-compat-31b33d68c68a\Lib\site-packages\pyperf\_runner.py", line 502, in bench_time_func
    result = self._main(task)
  File "D:\CantorAI\xlang3\venv\cpython3.14-a6792301b742-compat-31b33d68c68a\Lib\site-packages\pyperf\_runner.py", line 463, in _main
    bench = self._worker(task)
  File "D:\CantorAI\xlang3\venv\cpython3.14-a6792301b742-compat-31b33d68c68a\Lib\site-packages\pyperf\_runner.py", line 437, in _worker
    run = task.create_run()
  File "D:\CantorAI\xlang3\venv\cpython3.14-a6792301b742-compat-31b33d68c68a\Lib\site-packages\pyperf\_worker.py", line 300, in create_run
    self.compute()
    ~~~~~~~~~~~~^^
  File "D:\CantorAI\xlang3\venv\cpython3.14-a6792301b742-compat-31b33d68c68a\Lib\site-packages\pyperf\_worker.py", line 364, in compute
    WorkerTask.compute(self)
    ~~~~~~~~~~~~~~~~~~^^^^^^
  File "D:\CantorAI\xlang3\venv\cpython3.14-a6792301b742-compat-31b33d68c68a\Lib\site-packages\pyperf\_worker.py", line 287, in compute
    self.calibrate_loops()
    ~~~~~~~~~~~~~~~~~~~~^^
  File "D:\CantorAI\xlang3\venv\cpython3.14-a6792301b742-compat-31b33d68c68a\Lib\site-packages\pyperf\_worker.py", line 250, in calibrate_loops
    self._compute_values(self.warmups, nvalue,
    ~~~~~~~~~~~~~~~~~~~~^^^^^^^^^^^^^^^^^^^^^^
                         is_warmup=True,
                         ^^^^^^^^^^^^^^^
                         calibrate_loops=True)
                         ^^^^^^^^^^^^^^^^^^^^^
  File "D:\CantorAI\xlang3\venv\cpython3.14-a6792301b742-compat-31b33d68c68a\Lib\site-packages\pyperf\_worker.py", line 76, in _compute_values
    with contextlib.ExitStack() as stack:
    ^^^^^^^^^^^^^^^^^^^^^^^^^^^^^^^^^^^^^
    ...<4 lines>...
    raw_value = float(raw_value)
    
  File "D:\CantorAI\xlang3\venv\cpython3.14-a6792301b742-compat-31b33d68c68a\Lib\site-packages\pyperf\_worker.py", line 79, in _compute_values
    raw_value = task_func(self, self.loops)
  File "D:\CantorAI\xlang3\venv\cpython3.14-a6792301b742-compat-31b33d68c68a\Lib\site-packages\pyperf\_runner.py", line 497, in task_func
    return time_func(loops, *args)
  File "C:\Python\Python314\Lib\site-packages\pyperformance\data-files\benchmarks\bm_xml_etree\run_benchmark.py", line 190, in bench_etree
    bench_func(etree, file_path, xml_data, xml_root)
    ~~~~~~~~~~^^^^^^^^^^^^^^^^^^^^^^^^^^^^^^^^^^^^^^
  File "C:\Python\Python314\Lib\site-packages\pyperformance\data-files\benchmarks\bm_xml_etree\run_benchmark.py", line 147, in bench_parse
    root1 = etree.parse(xml_file).getroot()
            ~~~~~~~~~~~^^^^^^^^^^
  File "C:\Python\Python314\Lib\xml\etree\ElementTree.py", line 1227, in parse
    tree.parse(source, parser)
    ~~~~~~~~~~^^^^^^^^^^^^^^^^
  File "C:\Python\Python314\Lib\xml\etree\ElementTree.py", line 585, in parse
    self._root = parser.close()
                 ~~~~~~~~~~~~^^
  File "C:\Python\Python314\Lib\xml\etree\ElementTree.py", line 1752, in close
    return close_handler()
  File "C:\Python\Python314\Lib\xml\etree\ElementTree.py", line 1454, in close
    assert len(self._elem) == 0, "missing end tags"
AssertionError: missing end tags
Traceback (most recent call last):
  File "C:\Python\Python314\Lib\site-packages\pyperformance\data-files\benchmarks\bm_xml_etree\run_benchmark.py", line 292, in <module>
    runner.bench_time_func(name, bench_etree, etree_module, bench_func)
    ~~~~~~~~~~~~~~~~~~~~~~^^^^^^^^^^^^^^^^^^^^^^^^^^^^^^^^^^^^^^^^^^^^^
  File "D:\CantorAI\xlang3\venv\cpython3.14-a6792301b742-compat-31b33d68c68a\Lib\site-packages\pyperf\_runner.py", line 502, in bench_time_func
    result = self._main(task)
  File "D:\CantorAI\xlang3\venv\cpython3.14-a6792301b742-compat-31b33d68c68a\Lib\site-packages\pyperf\_runner.py", line 468, in _main
    bench = self._manager()
  File "D:\CantorAI\xlang3\venv\cpython3.14-a6792301b742-compat-31b33d68c68a\Lib\site-packages\pyperf\_runner.py", line 681, in _manager
    bench = Manager(self).create_bench()
  File "D:\CantorAI\xlang3\venv\cpython3.14-a6792301b742-compat-31b33d68c68a\Lib\site-packages\pyperf\_manager.py", line 243, in create_bench
    worker_bench, run = self.create_worker_bench()
                        ~~~~~~~~~~~~~~~~~~~~~~~~^^
  File "D:\CantorAI\xlang3\venv\cpython3.14-a6792301b742-compat-31b33d68c68a\Lib\site-packages\pyperf\_manager.py", line 142, in create_worker_bench
    suite = self.create_suite()
  File "D:\CantorAI\xlang3\venv\cpython3.14-a6792301b742-compat-31b33d68c68a\Lib\site-packages\pyperf\_manager.py", line 132, in create_suite
    suite = self.spawn_worker(self.calibrate_loops, 0)
  File "D:\CantorAI\xlang3\venv\cpython3.14-a6792301b742-compat-31b33d68c68a\Lib\site-packages\pyperf\_manager.py", line 118, in spawn_worker
    raise RuntimeError("%s failed with exit code %s"
                       % (cmd[0], exitcode))
RuntimeError: D:\CantorAI\xlang3\build-repro\main-verify-20261006\Release\xlang3.exe failed with exit code 1
Traceback (most recent call last):
  File "C:\Python\Python314\Lib\site-packages\pyperformance\run.py", line 171, in run_benchmarks
    result = bench.run(
        bench_venv.python,
    ...<3 lines>...
        verbose=options.verbose,
    )
  File "D:\CantorAI\xlang3\benchmarks\diagnostics\run_pyperformance_xlang3_shimmed.py", line 155, in run_named_benchmark
    current_benchmark_timeout_reported = False
               ^^^^^^^^^^^^^^^^^^^^^^^^^^^^^^^
  File "C:\Python\Python314\Lib\site-packages\pyperformance\_benchmark.py", line 193, in run
    bench = _run_perf_script(
        python,
    ...<4 lines>...
        verbose=verbose,
    )
  File "C:\Python\Python314\Lib\site-packages\pyperformance\_benchmark.py", line 250, in _run_perf_script
    raise RuntimeError("Benchmark died")
RuntimeError: Benchmark died
ERROR: Benchmark xml_etree failed: Benchmark died

Performance version: 1.14.0

### 2to3 ###
Mean +- std dev: 2.94 sec +- 0.07 sec

### many_optionals ###
Mean +- std dev: 9.60 ms +- 0.18 ms

### subparsers ###
Mean +- std dev: 150 ms +- 4 ms

### async_generators ###
Mean +- std dev: 2.56 sec +- 0.10 sec

### async_tree_none ###
Mean +- std dev: 4.32 sec +- 0.10 sec

### async_tree_eager ###
Mean +- std dev: 1.51 sec +- 0.06 sec

### async_tree_eager_cpu_io_mixed ###
Mean +- std dev: 7.13 sec +- 0.18 sec

### async_tree_eager_memoization ###
Mean +- std dev: 3.99 sec +- 0.11 sec

### async_tree_eager_memoization_tg ###
Mean +- std dev: 6.19 sec +- 0.17 sec

### async_tree_eager_tg ###
Mean +- std dev: 3.82 sec +- 0.07 sec

### async_tree_memoization ###
Mean +- std dev: 5.87 sec +- 0.18 sec

### async_tree_memoization_tg ###
Mean +- std dev: 5.98 sec +- 0.13 sec

### async_tree_none_tg ###
Mean +- std dev: 3.94 sec +- 0.06 sec

### asyncio_tcp ###
Mean +- std dev: 4.38 sec +- 0.15 sec

### asyncio_websockets ###
Mean +- std dev: 509 ms +- 3 ms

### chaos ###
Mean +- std dev: 462 ms +- 19 ms

### comprehensions ###
Mean +- std dev: 181 us +- 5 us

### coroutines ###
Mean +- std dev: 145 ms +- 6 ms

### crypto_pyaes ###
Mean +- std dev: 361 ms +- 11 ms

### deepcopy ###
Mean +- std dev: 2.74 ms +- 0.12 ms

### deepcopy_reduce ###
Mean +- std dev: 30.2 us +- 0.8 us

### deepcopy_memo ###
Mean +- std dev: 288 us +- 7 us

### deltablue ###
Mean +- std dev: 41.4 ms +- 0.6 ms

### django_template ###
Mean +- std dev: 583 ms +- 13 ms

### fannkuch ###
Mean +- std dev: 287 ms +- 8 ms

### float ###
Mean +- std dev: 80.9 ms +- 5.1 ms

### gc_traversal ###
Mean +- std dev: 1.35 ms +- 0.08 ms

### generators ###
Mean +- std dev: 327 ms +- 14 ms

### go ###
Mean +- std dev: 960 ms +- 38 ms

### hexiom ###
Mean +- std dev: 48.2 ms +- 1.0 ms

### html5lib ###
Mean +- std dev: 797 ms +- 24 ms

### json_dumps ###
Mean +- std dev: 36.9 ms +- 0.7 ms

### json_loads ###
Mean +- std dev: 81.8 us +- 1.8 us

### logging_format ###
Mean +- std dev: 108 us +- 4 us

### logging_silent ###
Mean +- std dev: 1.11 us +- 0.03 us

### logging_simple ###
Mean +- std dev: 95.5 us +- 5.1 us

### meteor_contest ###
Mean +- std dev: 1.48 sec +- 0.06 sec

### nbody ###
Mean +- std dev: 317 ms +- 12 ms

### shortest_path ###
Mean +- std dev: 1.59 sec +- 0.04 sec

### connected_components ###
Mean +- std dev: 1.44 sec +- 0.07 sec

### nqueens ###
Mean +- std dev: 899 ms +- 31 ms

### pathlib ###
Mean +- std dev: 655 ms +- 23 ms

### pickle ###
Mean +- std dev: 20.2 us +- 0.5 us

### pickle_dict ###
Mean +- std dev: 26.5 us +- 1.3 us

### pickle_list ###
Mean +- std dev: 4.47 us +- 0.15 us

### pickle_pure_python ###
Mean +- std dev: 5.74 ms +- 0.27 ms

### pidigits ###
Mean +- std dev: 421 ms +- 9 ms

### pyflate ###
Mean +- std dev: 3.20 sec +- 0.11 sec

### python_startup ###
Mean +- std dev: 32.9 ms +- 1.5 ms

### python_startup_no_site ###
Mean +- std dev: 19.1 ms +- 0.6 ms

### raytrace ###
Mean +- std dev: 2.31 sec +- 0.07 sec

### regex_compile ###
Mean +- std dev: 1.39 sec +- 0.06 sec

### regex_dna ###
Mean +- std dev: 221 ms +- 5 ms

### regex_effbot ###
Mean +- std dev: 13.4 ms +- 0.2 ms

### regex_v8 ###
Mean +- std dev: 71.2 ms +- 2.9 ms

### richards ###
Mean +- std dev: 386 ms +- 9 ms

### richards_super ###
Mean +- std dev: 535 ms +- 11 ms

### scimark_fft ###
Mean +- std dev: 997 ms +- 22 ms

### scimark_lu ###
Mean +- std dev: 1.51 sec +- 0.04 sec

### scimark_monte_carlo ###
Mean +- std dev: 571 ms +- 11 ms

### scimark_sor ###
Mean +- std dev: 865 ms +- 26 ms

### scimark_sparse_mat_mult ###
Mean +- std dev: 18.2 ms +- 0.6 ms

### spectral_norm ###
Mean +- std dev: 523 ms +- 17 ms

### sqlglot_v2_normalize ###
Mean +- std dev: 1.78 sec +- 0.07 sec

### sqlglot_v2_optimize ###
Mean +- std dev: 803 ms +- 35 ms

### sqlglot_v2_parse ###
Mean +- std dev: 22.9 ms +- 0.7 ms

### sqlglot_v2_transpile ###
Mean +- std dev: 27.4 ms +- 1.2 ms

### telco ###
Mean +- std dev: 43.2 ms +- 1.3 ms

### tornado_http ###
Mean +- std dev: 1.61 sec +- 0.31 sec

### typing_runtime_protocols ###
Mean +- std dev: 253 us +- 10 us

### unpack_sequence ###
Mean +- std dev: 179 ns +- 5 ns

### unpickle ###
Mean +- std dev: 75.8 us +- 3.4 us

### unpickle_list ###
Mean +- std dev: 11.9 us +- 0.5 us

### unpickle_pure_python ###
Mean +- std dev: 2.68 ms +- 0.08 ms

31 benchmarks failed:
- async_tree_cpu_io_mixed (Benchmark timed out)
- async_tree_cpu_io_mixed_tg (Benchmark timed out)
- async_tree_eager_cpu_io_mixed_tg (Benchmark timed out)
- async_tree_eager_io (Benchmark timed out)
- async_tree_eager_io_tg (Benchmark timed out)
- async_tree_io (Benchmark timed out)
- async_tree_io_tg (Benchmark timed out)
- asyncio_tcp_ssl (Benchmark timed out)
- base64 (Benchmark timed out)
- bpe_tokeniser (Benchmark timed out)
- chameleon (Benchmark died)
- concurrent_imap (Benchmark died)
- coverage (Benchmark died)
- dask (Benchmark died)
- docutils (Benchmark died)
- dulwich_log (Benchmark died)
- fastapi (Benchmark timed out)
- gc_collect (Benchmark died)
- genshi (Benchmark died)
- mako (Benchmark died)
- mdp (Benchmark died)
- networkx_k_core (Benchmark timed out)
- pprint (Benchmark timed out)
- sphinx (Benchmark died)
- sqlalchemy_declarative (Benchmark died)
- sqlalchemy_imperative (Benchmark died)
- sqlite_synth (Benchmark died)
- sympy (Benchmark died)
- tomli_loads (Benchmark timed out)
- xdsl (Benchmark died)
- xml_etree (Benchmark died)

