Benchmark dependency sites: D:\CantorAI\xlang3\venv\cpython3.14-a6792301b742-compat-31b33d68c68a\Lib\site-packages
Full-case timeout overrides: networkx*=600s
Python benchmark suite 1.14.0


==================================================
( 1/1) creating venv for benchmark (sympy)

(trying common venv first)

[1/1] sympy...
Traceback (most recent call last):
  File "C:\Python\Python314\Lib\site-packages\pyperformance\data-files\benchmarks\bm_sympy\run_benchmark.py", line 3, in <module>
    from sympy import expand, symbols, integrate, tan, summation
  File "D:\CantorAI\xlang3\venv\cpython3.14-a6792301b742-compat-31b33d68c68a\Lib\site-packages\sympy\__init__.py", line 51, in <module>
    from .core import (sympify, SympifyError, cacheit, Basic, Atom,
    ...<11 lines>...
            Catalan, EulerGamma, GoldenRatio, TribonacciConstant)
  File "D:\CantorAI\xlang3\venv\cpython3.14-a6792301b742-compat-31b33d68c68a\Lib\site-packages\sympy\core\__init__.py", line 4, in <module>
    from .sympify import sympify, SympifyError
  File "D:\CantorAI\xlang3\venv\cpython3.14-a6792301b742-compat-31b33d68c68a\Lib\site-packages\sympy\core\sympify.py", line 620, in <module>
    from .basic import Basic
  File "D:\CantorAI\xlang3\venv\cpython3.14-a6792301b742-compat-31b33d68c68a\Lib\site-packages\sympy\core\basic.py", line 6, in <module>
    from .assumptions import BasicMeta, ManagedProperties
  File "D:\CantorAI\xlang3\venv\cpython3.14-a6792301b742-compat-31b33d68c68a\Lib\site-packages\sympy\core\assumptions.py", line 203, in <module>
    _assume_rules = FactRules([
    
    ...<54 lines>...
        'extended_nonzero == extended_real & !zero',
    ])
  File "D:\CantorAI\xlang3\venv\cpython3.14-a6792301b742-compat-31b33d68c68a\Lib\site-packages\sympy\core\facts.py", line 424, in __init__
    P.process_rule(a, b)
    ~~~~~~~~~~~~~~^^^^^^
  File "D:\CantorAI\xlang3\venv\cpython3.14-a6792301b742-compat-31b33d68c68a\Lib\site-packages\sympy\core\facts.py", line 321, in process_rule
    self._process_rule(a, b)
    ~~~~~~~~~~~~~~~~~~^^^^^^
  File "D:\CantorAI\xlang3\venv\cpython3.14-a6792301b742-compat-31b33d68c68a\Lib\site-packages\sympy\core\facts.py", line 348, in _process_rule
    self.process_rule(And(a, Not(barg)), Or(*brest))
    ~~~~~~~~~~~~~~~~~^^^^^^^^^^^^^^^^^^^^^^^^^^^^^^^
  File "D:\CantorAI\xlang3\venv\cpython3.14-a6792301b742-compat-31b33d68c68a\Lib\site-packages\sympy\core\facts.py", line 321, in process_rule
    self._process_rule(a, b)
    ~~~~~~~~~~~~~~~~~~^^^^^^
  File "D:\CantorAI\xlang3\venv\cpython3.14-a6792301b742-compat-31b33d68c68a\Lib\site-packages\sympy\core\facts.py", line 343, in _process_rule
    self.process_rule(And(*[Not(barg) for barg in b.args]), Not(a))
    ~~~~~~~~~~~~~~~~~^^^^^^^^^^^^^^^^^^^^^^^^^^^^^^^^^^^^^^^^^^^^^^
  File "D:\CantorAI\xlang3\venv\cpython3.14-a6792301b742-compat-31b33d68c68a\Lib\site-packages\sympy\core\facts.py", line 321, in process_rule
    self._process_rule(a, b)
    ~~~~~~~~~~~~~~~~~~^^^^^^
  File "D:\CantorAI\xlang3\venv\cpython3.14-a6792301b742-compat-31b33d68c68a\Lib\site-packages\sympy\core\facts.py", line 343, in _process_rule
    self.process_rule(And(*[Not(barg) for barg in b.args]), Not(a))
    ~~~~~~~~~~~~~~~~~^^^^^^^^^^^^^^^^^^^^^^^^^^^^^^^^^^^^^^^^^^^^^^
  File "D:\CantorAI\xlang3\venv\cpython3.14-a6792301b742-compat-31b33d68c68a\Lib\site-packages\sympy\core\facts.py", line 321, in process_rule
    self._process_rule(a, b)
    ~~~~~~~~~~~~~~~~~~^^^^^^
  File "D:\CantorAI\xlang3\venv\cpython3.14-a6792301b742-compat-31b33d68c68a\Lib\site-packages\sympy\core\facts.py", line 343, in _process_rule
    self.process_rule(And(*[Not(barg) for barg in b.args]), Not(a))
    ~~~~~~~~~~~~~~~~~^^^^^^^^^^^^^^^^^^^^^^^^^^^^^^^^^^^^^^^^^^^^^^
  File "D:\CantorAI\xlang3\venv\cpython3.14-a6792301b742-compat-31b33d68c68a\Lib\site-packages\sympy\core\facts.py", line 321, in process_rule
    self._process_rule(a, b)
    ~~~~~~~~~~~~~~~~~~^^^^^^
  File "D:\CantorAI\xlang3\venv\cpython3.14-a6792301b742-compat-31b33d68c68a\Lib\site-packages\sympy\core\facts.py", line 343, in _process_rule
    self.process_rule(And(*[Not(barg) for barg in b.args]), Not(a))
    ~~~~~~~~~~~~~~~~~^^^^^^^^^^^^^^^^^^^^^^^^^^^^^^^^^^^^^^^^^^^^^^
  File "D:\CantorAI\xlang3\venv\cpython3.14-a6792301b742-compat-31b33d68c68a\Lib\site-packages\sympy\core\facts.py", line 321, in process_rule
    self._process_rule(a, b)
    ~~~~~~~~~~~~~~~~~~^^^^^^
  File "D:\CantorAI\xlang3\venv\cpython3.14-a6792301b742-compat-31b33d68c68a\Lib\site-packages\sympy\core\facts.py", line 343, in _process_rule
    self.process_rule(And(*[Not(barg) for barg in b.args]), Not(a))
    ~~~~~~~~~~~~~~~~~^^^^^^^^^^^^^^^^^^^^^^^^^^^^^^^^^^^^^^^^^^^^^^
  File "D:\CantorAI\xlang3\venv\cpython3.14-a6792301b742-compat-31b33d68c68a\Lib\site-packages\sympy\core\facts.py", line 321, in process_rule
    self._process_rule(a, b)
    ~~~~~~~~~~~~~~~~~~^^^^^^
  File "D:\CantorAI\xlang3\venv\cpython3.14-a6792301b742-compat-31b33d68c68a\Lib\site-packages\sympy\core\facts.py", line 343, in _process_rule
    self.process_rule(And(*[Not(barg) for barg in b.args]), Not(a))
    ~~~~~~~~~~~~~~~~~^^^^^^^^^^^^^^^^^^^^^^^^^^^^^^^^^^^^^^^^^^^^^^
  File "D:\CantorAI\xlang3\venv\cpython3.14-a6792301b742-compat-31b33d68c68a\Lib\site-packages\sympy\core\facts.py", line 321, in process_rule
    self._process_rule(a, b)
    ~~~~~~~~~~~~~~~~~~^^^^^^
  File "D:\CantorAI\xlang3\venv\cpython3.14-a6792301b742-compat-31b33d68c68a\Lib\site-packages\sympy\core\facts.py", line 343, in _process_rule
    self.process_rule(And(*[Not(barg) for barg in b.args]), Not(a))
    ~~~~~~~~~~~~~~~~~^^^^^^^^^^^^^^^^^^^^^^^^^^^^^^^^^^^^^^^^^^^^^^
  File "D:\CantorAI\xlang3\venv\cpython3.14-a6792301b742-compat-31b33d68c68a\Lib\site-packages\sympy\core\facts.py", line 321, in process_rule
    self._process_rule(a, b)
    ~~~~~~~~~~~~~~~~~~^^^^^^
  File "D:\CantorAI\xlang3\venv\cpython3.14-a6792301b742-compat-31b33d68c68a\Lib\site-packages\sympy\core\facts.py", line 343, in _process_rule
    self.process_rule(And(*[Not(barg) for barg in b.args]), Not(a))
    ~~~~~~~~~~~~~~~~~^^^^^^^^^^^^^^^^^^^^^^^^^^^^^^^^^^^^^^^^^^^^^^
  File "D:\CantorAI\xlang3\venv\cpython3.14-a6792301b742-compat-31b33d68c68a\Lib\site-packages\sympy\core\facts.py", line 321, in process_rule
    self._process_rule(a, b)
    ~~~~~~~~~~~~~~~~~~^^^^^^
  File "D:\CantorAI\xlang3\venv\cpython3.14-a6792301b742-compat-31b33d68c68a\Lib\site-packages\sympy\core\facts.py", line 343, in _process_rule
    self.process_rule(And(*[Not(barg) for barg in b.args]), Not(a))
    ~~~~~~~~~~~~~~~~~^^^^^^^^^^^^^^^^^^^^^^^^^^^^^^^^^^^^^^^^^^^^^^
  File "D:\CantorAI\xlang3\venv\cpython3.14-a6792301b742-compat-31b33d68c68a\Lib\site-packages\sympy\core\facts.py", line 321, in process_rule
    self._process_rule(a, b)
    ~~~~~~~~~~~~~~~~~~^^^^^^
  File "D:\CantorAI\xlang3\venv\cpython3.14-a6792301b742-compat-31b33d68c68a\Lib\site-packages\sympy\core\facts.py", line 343, in _process_rule
    self.process_rule(And(*[Not(barg) for barg in b.args]), Not(a))
    ~~~~~~~~~~~~~~~~~^^^^^^^^^^^^^^^^^^^^^^^^^^^^^^^^^^^^^^^^^^^^^^
  File "D:\CantorAI\xlang3\venv\cpython3.14-a6792301b742-compat-31b33d68c68a\Lib\site-packages\sympy\core\facts.py", line 321, in process_rule
    self._process_rule(a, b)
    ~~~~~~~~~~~~~~~~~~^^^^^^
  File "D:\CantorAI\xlang3\venv\cpython3.14-a6792301b742-compat-31b33d68c68a\Lib\site-packages\sympy\core\facts.py", line 343, in _process_rule
    self.process_rule(And(*[Not(barg) for barg in b.args]), Not(a))
    ~~~~~~~~~~~~~~~~~^^^^^^^^^^^^^^^^^^^^^^^^^^^^^^^^^^^^^^^^^^^^^^
  File "D:\CantorAI\xlang3\venv\cpython3.14-a6792301b742-compat-31b33d68c68a\Lib\site-packages\sympy\core\facts.py", line 321, in process_rule
    self._process_rule(a, b)
    ~~~~~~~~~~~~~~~~~~^^^^^^
  File "D:\CantorAI\xlang3\venv\cpython3.14-a6792301b742-compat-31b33d68c68a\Lib\site-packages\sympy\core\facts.py", line 343, in _process_rule
    self.process_rule(And(*[Not(barg) for barg in b.args]), Not(a))
    ~~~~~~~~~~~~~~~~~^^^^^^^^^^^^^^^^^^^^^^^^^^^^^^^^^^^^^^^^^^^^^^
  File "D:\CantorAI\xlang3\venv\cpython3.14-a6792301b742-compat-31b33d68c68a\Lib\site-packages\sympy\core\facts.py", line 321, in process_rule
    self._process_rule(a, b)
    ~~~~~~~~~~~~~~~~~~^^^^^^
  File "D:\CantorAI\xlang3\venv\cpython3.14-a6792301b742-compat-31b33d68c68a\Lib\site-packages\sympy\core\facts.py", line 343, in _process_rule
    self.process_rule(And(*[Not(barg) for barg in b.args]), Not(a))
    ~~~~~~~~~~~~~~~~~^^^^^^^^^^^^^^^^^^^^^^^^^^^^^^^^^^^^^^^^^^^^^^
  File "D:\CantorAI\xlang3\venv\cpython3.14-a6792301b742-compat-31b33d68c68a\Lib\site-packages\sympy\core\facts.py", line 321, in process_rule
    self._process_rule(a, b)
    ~~~~~~~~~~~~~~~~~~^^^^^^
  File "D:\CantorAI\xlang3\venv\cpython3.14-a6792301b742-compat-31b33d68c68a\Lib\site-packages\sympy\core\facts.py", line 343, in _process_rule
    self.process_rule(And(*[Not(barg) for barg in b.args]), Not(a))
    ~~~~~~~~~~~~~~~~~^^^^^^^^^^^^^^^^^^^^^^^^^^^^^^^^^^^^^^^^^^^^^^
  File "D:\CantorAI\xlang3\venv\cpython3.14-a6792301b742-compat-31b33d68c68a\Lib\site-packages\sympy\core\facts.py", line 321, in process_rule
    self._process_rule(a, b)
    ~~~~~~~~~~~~~~~~~~^^^^^^
  File "D:\CantorAI\xlang3\venv\cpython3.14-a6792301b742-compat-31b33d68c68a\Lib\site-packages\sympy\core\facts.py", line 343, in _process_rule
    self.process_rule(And(*[Not(barg) for barg in b.args]), Not(a))
    ~~~~~~~~~~~~~~~~~^^^^^^^^^^^^^^^^^^^^^^^^^^^^^^^^^^^^^^^^^^^^^^
  File "D:\CantorAI\xlang3\venv\cpython3.14-a6792301b742-compat-31b33d68c68a\Lib\site-packages\sympy\core\facts.py", line 321, in process_rule
    self._process_rule(a, b)
    ~~~~~~~~~~~~~~~~~~^^^^^^
  File "D:\CantorAI\xlang3\venv\cpython3.14-a6792301b742-compat-31b33d68c68a\Lib\site-packages\sympy\core\facts.py", line 343, in _process_rule
    self.process_rule(And(*[Not(barg) for barg in b.args]), Not(a))
    ~~~~~~~~~~~~~~~~~^^^^^^^^^^^^^^^^^^^^^^^^^^^^^^^^^^^^^^^^^^^^^^
  File "D:\CantorAI\xlang3\venv\cpython3.14-a6792301b742-compat-31b33d68c68a\Lib\site-packages\sympy\core\facts.py", line 321, in process_rule
    self._process_rule(a, b)
    ~~~~~~~~~~~~~~~~~~^^^^^^
  File "D:\CantorAI\xlang3\venv\cpython3.14-a6792301b742-compat-31b33d68c68a\Lib\site-packages\sympy\core\facts.py", line 343, in _process_rule
    self.process_rule(And(*[Not(barg) for barg in b.args]), Not(a))
    ~~~~~~~~~~~~~~~~~^^^^^^^^^^^^^^^^^^^^^^^^^^^^^^^^^^^^^^^^^^^^^^
  File "D:\CantorAI\xlang3\venv\cpython3.14-a6792301b742-compat-31b33d68c68a\Lib\site-packages\sympy\core\facts.py", line 321, in process_rule
    self._process_rule(a, b)
    ~~~~~~~~~~~~~~~~~~^^^^^^
  File "D:\CantorAI\xlang3\venv\cpython3.14-a6792301b742-compat-31b33d68c68a\Lib\site-packages\sympy\core\facts.py", line 343, in _process_rule
    self.process_rule(And(*[Not(barg) for barg in b.args]), Not(a))
    ~~~~~~~~~~~~~~~~~^^^^^^^^^^^^^^^^^^^^^^^^^^^^^^^^^^^^^^^^^^^^^^
  File "D:\CantorAI\xlang3\venv\cpython3.14-a6792301b742-compat-31b33d68c68a\Lib\site-packages\sympy\core\facts.py", line 321, in process_rule
    self._process_rule(a, b)
    ~~~~~~~~~~~~~~~~~~^^^^^^
  File "D:\CantorAI\xlang3\venv\cpython3.14-a6792301b742-compat-31b33d68c68a\Lib\site-packages\sympy\core\facts.py", line 343, in _process_rule
    self.process_rule(And(*[Not(barg) for barg in b.args]), Not(a))
    ~~~~~~~~~~~~~~~~~^^^^^^^^^^^^^^^^^^^^^^^^^^^^^^^^^^^^^^^^^^^^^^
  File "D:\CantorAI\xlang3\venv\cpython3.14-a6792301b742-compat-31b33d68c68a\Lib\site-packages\sympy\core\facts.py", line 321, in process_rule
    self._process_rule(a, b)
    ~~~~~~~~~~~~~~~~~~^^^^^^
  File "D:\CantorAI\xlang3\venv\cpython3.14-a6792301b742-compat-31b33d68c68a\Lib\site-packages\sympy\core\facts.py", line 343, in _process_rule
    self.process_rule(And(*[Not(barg) for barg in b.args]), Not(a))
    ~~~~~~~~~~~~~~~~~^^^^^^^^^^^^^^^^^^^^^^^^^^^^^^^^^^^^^^^^^^^^^^
  File "D:\CantorAI\xlang3\venv\cpython3.14-a6792301b742-compat-31b33d68c68a\Lib\site-packages\sympy\core\facts.py", line 321, in process_rule
    self._process_rule(a, b)
    ~~~~~~~~~~~~~~~~~~^^^^^^
  File "D:\CantorAI\xlang3\venv\cpython3.14-a6792301b742-compat-31b33d68c68a\Lib\site-packages\sympy\core\facts.py", line 343, in _process_rule
    self.process_rule(And(*[Not(barg) for barg in b.args]), Not(a))
    ~~~~~~~~~~~~~~~~~^^^^^^^^^^^^^^^^^^^^^^^^^^^^^^^^^^^^^^^^^^^^^^
  File "D:\CantorAI\xlang3\venv\cpython3.14-a6792301b742-compat-31b33d68c68a\Lib\site-packages\sympy\core\facts.py", line 321, in process_rule
    self._process_rule(a, b)
    ~~~~~~~~~~~~~~~~~~^^^^^^
  File "D:\CantorAI\xlang3\venv\cpython3.14-a6792301b742-compat-31b33d68c68a\Lib\site-packages\sympy\core\facts.py", line 343, in _process_rule
    self.process_rule(And(*[Not(barg) for barg in b.args]), Not(a))
    ~~~~~~~~~~~~~~~~~^^^^^^^^^^^^^^^^^^^^^^^^^^^^^^^^^^^^^^^^^^^^^^
  File "D:\CantorAI\xlang3\venv\cpython3.14-a6792301b742-compat-31b33d68c68a\Lib\site-packages\sympy\core\facts.py", line 321, in process_rule
    self._process_rule(a, b)
    ~~~~~~~~~~~~~~~~~~^^^^^^
  File "D:\CantorAI\xlang3\venv\cpython3.14-a6792301b742-compat-31b33d68c68a\Lib\site-packages\sympy\core\facts.py", line 343, in _process_rule
    self.process_rule(And(*[Not(barg) for barg in b.args]), Not(a))
    ~~~~~~~~~~~~~~~~~^^^^^^^^^^^^^^^^^^^^^^^^^^^^^^^^^^^^^^^^^^^^^^
  File "D:\CantorAI\xlang3\venv\cpython3.14-a6792301b742-compat-31b33d68c68a\Lib\site-packages\sympy\core\facts.py", line 321, in process_rule
    self._process_rule(a, b)
    ~~~~~~~~~~~~~~~~~~^^^^^^
  File "D:\CantorAI\xlang3\venv\cpython3.14-a6792301b742-compat-31b33d68c68a\Lib\site-packages\sympy\core\facts.py", line 343, in _process_rule
    self.process_rule(And(*[Not(barg) for barg in b.args]), Not(a))
    ~~~~~~~~~~~~~~~~~^^^^^^^^^^^^^^^^^^^^^^^^^^^^^^^^^^^^^^^^^^^^^^
  File "D:\CantorAI\xlang3\venv\cpython3.14-a6792301b742-compat-31b33d68c68a\Lib\site-packages\sympy\core\facts.py", line 321, in process_rule
    self._process_rule(a, b)
    ~~~~~~~~~~~~~~~~~~^^^^^^
  File "D:\CantorAI\xlang3\venv\cpython3.14-a6792301b742-compat-31b33d68c68a\Lib\site-packages\sympy\core\facts.py", line 343, in _process_rule
    self.process_rule(And(*[Not(barg) for barg in b.args]), Not(a))
    ~~~~~~~~~~~~~~~~~^^^^^^^^^^^^^^^^^^^^^^^^^^^^^^^^^^^^^^^^^^^^^^
  File "D:\CantorAI\xlang3\venv\cpython3.14-a6792301b742-compat-31b33d68c68a\Lib\site-packages\sympy\core\facts.py", line 321, in process_rule
    self._process_rule(a, b)
    ~~~~~~~~~~~~~~~~~~^^^^^^
  File "D:\CantorAI\xlang3\venv\cpython3.14-a6792301b742-compat-31b33d68c68a\Lib\site-packages\sympy\core\facts.py", line 343, in _process_rule
    self.process_rule(And(*[Not(barg) for barg in b.args]), Not(a))
    ~~~~~~~~~~~~~~~~~^^^^^^^^^^^^^^^^^^^^^^^^^^^^^^^^^^^^^^^^^^^^^^
  File "D:\CantorAI\xlang3\venv\cpython3.14-a6792301b742-compat-31b33d68c68a\Lib\site-packages\sympy\core\facts.py", line 321, in process_rule
    self._process_rule(a, b)
    ~~~~~~~~~~~~~~~~~~^^^^^^
  File "D:\CantorAI\xlang3\venv\cpython3.14-a6792301b742-compat-31b33d68c68a\Lib\site-packages\sympy\core\facts.py", line 343, in _process_rule
    self.process_rule(And(*[Not(barg) for barg in b.args]), Not(a))
    ~~~~~~~~~~~~~~~~~^^^^^^^^^^^^^^^^^^^^^^^^^^^^^^^^^^^^^^^^^^^^^^
  File "D:\CantorAI\xlang3\venv\cpython3.14-a6792301b742-compat-31b33d68c68a\Lib\site-packages\sympy\core\facts.py", line 321, in process_rule
    self._process_rule(a, b)
    ~~~~~~~~~~~~~~~~~~^^^^^^
  File "D:\CantorAI\xlang3\venv\cpython3.14-a6792301b742-compat-31b33d68c68a\Lib\site-packages\sympy\core\facts.py", line 343, in _process_rule
    self.process_rule(And(*[Not(barg) for barg in b.args]), Not(a))
    ~~~~~~~~~~~~~~~~~^^^^^^^^^^^^^^^^^^^^^^^^^^^^^^^^^^^^^^^^^^^^^^
  File "D:\CantorAI\xlang3\venv\cpython3.14-a6792301b742-compat-31b33d68c68a\Lib\site-packages\sympy\core\facts.py", line 321, in process_rule
    self._process_rule(a, b)
    ~~~~~~~~~~~~~~~~~~^^^^^^
  File "D:\CantorAI\xlang3\venv\cpython3.14-a6792301b742-compat-31b33d68c68a\Lib\site-packages\sympy\core\facts.py", line 343, in _process_rule
    self.process_rule(And(*[Not(barg) for barg in b.args]), Not(a))
    ~~~~~~~~~~~~~~~~~^^^^^^^^^^^^^^^^^^^^^^^^^^^^^^^^^^^^^^^^^^^^^^
  File "D:\CantorAI\xlang3\venv\cpython3.14-a6792301b742-compat-31b33d68c68a\Lib\site-packages\sympy\core\facts.py", line 321, in process_rule
    self._process_rule(a, b)
    ~~~~~~~~~~~~~~~~~~^^^^^^
  File "D:\CantorAI\xlang3\venv\cpython3.14-a6792301b742-compat-31b33d68c68a\Lib\site-packages\sympy\core\facts.py", line 343, in _process_rule
    self.process_rule(And(*[Not(barg) for barg in b.args]), Not(a))
    ~~~~~~~~~~~~~~~~~^^^^^^^^^^^^^^^^^^^^^^^^^^^^^^^^^^^^^^^^^^^^^^
  File "D:\CantorAI\xlang3\venv\cpython3.14-a6792301b742-compat-31b33d68c68a\Lib\site-packages\sympy\core\facts.py", line 321, in process_rule
    self._process_rule(a, b)
    ~~~~~~~~~~~~~~~~~~^^^^^^
  File "D:\CantorAI\xlang3\venv\cpython3.14-a6792301b742-compat-31b33d68c68a\Lib\site-packages\sympy\core\facts.py", line 343, in _process_rule
    self.process_rule(And(*[Not(barg) for barg in b.args]), Not(a))
    ~~~~~~~~~~~~~~~~~^^^^^^^^^^^^^^^^^^^^^^^^^^^^^^^^^^^^^^^^^^^^^^
  File "D:\CantorAI\xlang3\venv\cpython3.14-a6792301b742-compat-31b33d68c68a\Lib\site-packages\sympy\core\facts.py", line 321, in process_rule
    self._process_rule(a, b)
    ~~~~~~~~~~~~~~~~~~^^^^^^
  File "D:\CantorAI\xlang3\venv\cpython3.14-a6792301b742-compat-31b33d68c68a\Lib\site-packages\sympy\core\facts.py", line 343, in _process_rule
    self.process_rule(And(*[Not(barg) for barg in b.args]), Not(a))
    ~~~~~~~~~~~~~~~~~^^^^^^^^^^^^^^^^^^^^^^^^^^^^^^^^^^^^^^^^^^^^^^
  File "D:\CantorAI\xlang3\venv\cpython3.14-a6792301b742-compat-31b33d68c68a\Lib\site-packages\sympy\core\facts.py", line 321, in process_rule
    self._process_rule(a, b)
    ~~~~~~~~~~~~~~~~~~^^^^^^
  File "D:\CantorAI\xlang3\venv\cpython3.14-a6792301b742-compat-31b33d68c68a\Lib\site-packages\sympy\core\facts.py", line 343, in _process_rule
    self.process_rule(And(*[Not(barg) for barg in b.args]), Not(a))
    ~~~~~~~~~~~~~~~~~^^^^^^^^^^^^^^^^^^^^^^^^^^^^^^^^^^^^^^^^^^^^^^
  File "D:\CantorAI\xlang3\venv\cpython3.14-a6792301b742-compat-31b33d68c68a\Lib\site-packages\sympy\core\facts.py", line 321, in process_rule
    self._process_rule(a, b)
    ~~~~~~~~~~~~~~~~~~^^^^^^
  File "D:\CantorAI\xlang3\venv\cpython3.14-a6792301b742-compat-31b33d68c68a\Lib\site-packages\sympy\core\facts.py", line 343, in _process_rule
    self.process_rule(And(*[Not(barg) for barg in b.args]), Not(a))
    ~~~~~~~~~~~~~~~~~^^^^^^^^^^^^^^^^^^^^^^^^^^^^^^^^^^^^^^^^^^^^^^
  File "D:\CantorAI\xlang3\venv\cpython3.14-a6792301b742-compat-31b33d68c68a\Lib\site-packages\sympy\core\facts.py", line 321, in process_rule
    self._process_rule(a, b)
    ~~~~~~~~~~~~~~~~~~^^^^^^
  File "D:\CantorAI\xlang3\venv\cpython3.14-a6792301b742-compat-31b33d68c68a\Lib\site-packages\sympy\core\facts.py", line 343, in _process_rule
    self.process_rule(And(*[Not(barg) for barg in b.args]), Not(a))
    ~~~~~~~~~~~~~~~~~^^^^^^^^^^^^^^^^^^^^^^^^^^^^^^^^^^^^^^^^^^^^^^
  File "D:\CantorAI\xlang3\venv\cpython3.14-a6792301b742-compat-31b33d68c68a\Lib\site-packages\sympy\core\facts.py", line 321, in process_rule
    self._process_rule(a, b)
    ~~~~~~~~~~~~~~~~~~^^^^^^
  File "D:\CantorAI\xlang3\venv\cpython3.14-a6792301b742-compat-31b33d68c68a\Lib\site-packages\sympy\core\facts.py", line 343, in _process_rule
    self.process_rule(And(*[Not(barg) for barg in b.args]), Not(a))
    ~~~~~~~~~~~~~~~~~^^^^^^^^^^^^^^^^^^^^^^^^^^^^^^^^^^^^^^^^^^^^^^
  File "D:\CantorAI\xlang3\venv\cpython3.14-a6792301b742-compat-31b33d68c68a\Lib\site-packages\sympy\core\facts.py", line 321, in process_rule
    self._process_rule(a, b)
    ~~~~~~~~~~~~~~~~~~^^^^^^
  File "D:\CantorAI\xlang3\venv\cpython3.14-a6792301b742-compat-31b33d68c68a\Lib\site-packages\sympy\core\facts.py", line 343, in _process_rule
    self.process_rule(And(*[Not(barg) for barg in b.args]), Not(a))
    ~~~~~~~~~~~~~~~~~^^^^^^^^^^^^^^^^^^^^^^^^^^^^^^^^^^^^^^^^^^^^^^
  File "D:\CantorAI\xlang3\venv\cpython3.14-a6792301b742-compat-31b33d68c68a\Lib\site-packages\sympy\core\facts.py", line 321, in process_rule
    self._process_rule(a, b)
    ~~~~~~~~~~~~~~~~~~^^^^^^
  File "D:\CantorAI\xlang3\venv\cpython3.14-a6792301b742-compat-31b33d68c68a\Lib\site-packages\sympy\core\facts.py", line 343, in _process_rule
    self.process_rule(And(*[Not(barg) for barg in b.args]), Not(a))
    ~~~~~~~~~~~~~~~~~^^^^^^^^^^^^^^^^^^^^^^^^^^^^^^^^^^^^^^^^^^^^^^
  File "D:\CantorAI\xlang3\venv\cpython3.14-a6792301b742-compat-31b33d68c68a\Lib\site-packages\sympy\core\facts.py", line 321, in process_rule
    self._process_rule(a, b)
    ~~~~~~~~~~~~~~~~~~^^^^^^
  File "D:\CantorAI\xlang3\venv\cpython3.14-a6792301b742-compat-31b33d68c68a\Lib\site-packages\sympy\core\facts.py", line 343, in _process_rule
    self.process_rule(And(*[Not(barg) for barg in b.args]), Not(a))
    ~~~~~~~~~~~~~~~~~^^^^^^^^^^^^^^^^^^^^^^^^^^^^^^^^^^^^^^^^^^^^^^
  File "D:\CantorAI\xlang3\venv\cpython3.14-a6792301b742-compat-31b33d68c68a\Lib\site-packages\sympy\core\facts.py", line 321, in process_rule
    self._process_rule(a, b)
    ~~~~~~~~~~~~~~~~~~^^^^^^
  File "D:\CantorAI\xlang3\venv\cpython3.14-a6792301b742-compat-31b33d68c68a\Lib\site-packages\sympy\core\facts.py", line 343, in _process_rule
    self.process_rule(And(*[Not(barg) for barg in b.args]), Not(a))
    ~~~~~~~~~~~~~~~~~^^^^^^^^^^^^^^^^^^^^^^^^^^^^^^^^^^^^^^^^^^^^^^
  File "D:\CantorAI\xlang3\venv\cpython3.14-a6792301b742-compat-31b33d68c68a\Lib\site-packages\sympy\core\facts.py", line 321, in process_rule
    self._process_rule(a, b)
    ~~~~~~~~~~~~~~~~~~^^^^^^
  File "D:\CantorAI\xlang3\venv\cpython3.14-a6792301b742-compat-31b33d68c68a\Lib\site-packages\sympy\core\facts.py", line 343, in _process_rule
    self.process_rule(And(*[Not(barg) for barg in b.args]), Not(a))
    ~~~~~~~~~~~~~~~~~^^^^^^^^^^^^^^^^^^^^^^^^^^^^^^^^^^^^^^^^^^^^^^
  File "D:\CantorAI\xlang3\venv\cpython3.14-a6792301b742-compat-31b33d68c68a\Lib\site-packages\sympy\core\facts.py", line 321, in process_rule
    self._process_rule(a, b)
    ~~~~~~~~~~~~~~~~~~^^^^^^
  File "D:\CantorAI\xlang3\venv\cpython3.14-a6792301b742-compat-31b33d68c68a\Lib\site-packages\sympy\core\facts.py", line 343, in _process_rule
    self.process_rule(And(*[Not(barg) for barg in b.args]), Not(a))
    ~~~~~~~~~~~~~~~~~^^^^^^^^^^^^^^^^^^^^^^^^^^^^^^^^^^^^^^^^^^^^^^
  File "D:\CantorAI\xlang3\venv\cpython3.14-a6792301b742-compat-31b33d68c68a\Lib\site-packages\sympy\core\facts.py", line 321, in process_rule
    self._process_rule(a, b)
    ~~~~~~~~~~~~~~~~~~^^^^^^
  File "D:\CantorAI\xlang3\venv\cpython3.14-a6792301b742-compat-31b33d68c68a\Lib\site-packages\sympy\core\facts.py", line 343, in _process_rule
    self.process_rule(And(*[Not(barg) for barg in b.args]), Not(a))
    ~~~~~~~~~~~~~~~~~^^^^^^^^^^^^^^^^^^^^^^^^^^^^^^^^^^^^^^^^^^^^^^
  File "D:\CantorAI\xlang3\venv\cpython3.14-a6792301b742-compat-31b33d68c68a\Lib\site-packages\sympy\core\facts.py", line 321, in process_rule
    self._process_rule(a, b)
    ~~~~~~~~~~~~~~~~~~^^^^^^
  File "D:\CantorAI\xlang3\venv\cpython3.14-a6792301b742-compat-31b33d68c68a\Lib\site-packages\sympy\core\facts.py", line 343, in _process_rule
    self.process_rule(And(*[Not(barg) for barg in b.args]), Not(a))
    ~~~~~~~~~~~~~~~~~^^^^^^^^^^^^^^^^^^^^^^^^^^^^^^^^^^^^^^^^^^^^^^
  File "D:\CantorAI\xlang3\venv\cpython3.14-a6792301b742-compat-31b33d68c68a\Lib\site-packages\sympy\core\facts.py", line 321, in process_rule
    self._process_rule(a, b)
    ~~~~~~~~~~~~~~~~~~^^^^^^
  File "D:\CantorAI\xlang3\venv\cpython3.14-a6792301b742-compat-31b33d68c68a\Lib\site-packages\sympy\core\facts.py", line 343, in _process_rule
    self.process_rule(And(*[Not(barg) for barg in b.args]), Not(a))
    ~~~~~~~~~~~~~~~~~^^^^^^^^^^^^^^^^^^^^^^^^^^^^^^^^^^^^^^^^^^^^^^
  File "D:\CantorAI\xlang3\venv\cpython3.14-a6792301b742-compat-31b33d68c68a\Lib\site-packages\sympy\core\facts.py", line 321, in process_rule
    self._process_rule(a, b)
    ~~~~~~~~~~~~~~~~~~^^^^^^
  File "D:\CantorAI\xlang3\venv\cpython3.14-a6792301b742-compat-31b33d68c68a\Lib\site-packages\sympy\core\facts.py", line 343, in _process_rule
    self.process_rule(And(*[Not(barg) for barg in b.args]), Not(a))
    ~~~~~~~~~~~~~~~~~^^^^^^^^^^^^^^^^^^^^^^^^^^^^^^^^^^^^^^^^^^^^^^
  File "D:\CantorAI\xlang3\venv\cpython3.14-a6792301b742-compat-31b33d68c68a\Lib\site-packages\sympy\core\facts.py", line 321, in process_rule
    self._process_rule(a, b)
    ~~~~~~~~~~~~~~~~~~^^^^^^
  File "D:\CantorAI\xlang3\venv\cpython3.14-a6792301b742-compat-31b33d68c68a\Lib\site-packages\sympy\core\facts.py", line 343, in _process_rule
    self.process_rule(And(*[Not(barg) for barg in b.args]), Not(a))
    ~~~~~~~~~~~~~~~~~^^^^^^^^^^^^^^^^^^^^^^^^^^^^^^^^^^^^^^^^^^^^^^
  File "D:\CantorAI\xlang3\venv\cpython3.14-a6792301b742-compat-31b33d68c68a\Lib\site-packages\sympy\core\facts.py", line 321, in process_rule
    self._process_rule(a, b)
    ~~~~~~~~~~~~~~~~~~^^^^^^
  File "D:\CantorAI\xlang3\venv\cpython3.14-a6792301b742-compat-31b33d68c68a\Lib\site-packages\sympy\core\facts.py", line 343, in _process_rule
    self.process_rule(And(*[Not(barg) for barg in b.args]), Not(a))
    ~~~~~~~~~~~~~~~~~^^^^^^^^^^^^^^^^^^^^^^^^^^^^^^^^^^^^^^^^^^^^^^
  File "D:\CantorAI\xlang3\venv\cpython3.14-a6792301b742-compat-31b33d68c68a\Lib\site-packages\sympy\core\facts.py", line 321, in process_rule
    self._process_rule(a, b)
    ~~~~~~~~~~~~~~~~~~^^^^^^
  File "D:\CantorAI\xlang3\venv\cpython3.14-a6792301b742-compat-31b33d68c68a\Lib\site-packages\sympy\core\facts.py", line 343, in _process_rule
    self.process_rule(And(*[Not(barg) for barg in b.args]), Not(a))
    ~~~~~~~~~~~~~~~~~^^^^^^^^^^^^^^^^^^^^^^^^^^^^^^^^^^^^^^^^^^^^^^
  File "D:\CantorAI\xlang3\venv\cpython3.14-a6792301b742-compat-31b33d68c68a\Lib\site-packages\sympy\core\facts.py", line 321, in process_rule
    self._process_rule(a, b)
    ~~~~~~~~~~~~~~~~~~^^^^^^
  File "D:\CantorAI\xlang3\venv\cpython3.14-a6792301b742-compat-31b33d68c68a\Lib\site-packages\sympy\core\facts.py", line 343, in _process_rule
    self.process_rule(And(*[Not(barg) for barg in b.args]), Not(a))
    ~~~~~~~~~~~~~~~~~^^^^^^^^^^^^^^^^^^^^^^^^^^^^^^^^^^^^^^^^^^^^^^
  File "D:\CantorAI\xlang3\venv\cpython3.14-a6792301b742-compat-31b33d68c68a\Lib\site-packages\sympy\core\facts.py", line 321, in process_rule
    self._process_rule(a, b)
    ~~~~~~~~~~~~~~~~~~^^^^^^
  File "D:\CantorAI\xlang3\venv\cpython3.14-a6792301b742-compat-31b33d68c68a\Lib\site-packages\sympy\core\facts.py", line 343, in _process_rule
    self.process_rule(And(*[Not(barg) for barg in b.args]), Not(a))
    ~~~~~~~~~~~~~~~~~^^^^^^^^^^^^^^^^^^^^^^^^^^^^^^^^^^^^^^^^^^^^^^
  File "D:\CantorAI\xlang3\venv\cpython3.14-a6792301b742-compat-31b33d68c68a\Lib\site-packages\sympy\core\facts.py", line 321, in process_rule
    self._process_rule(a, b)
    ~~~~~~~~~~~~~~~~~~^^^^^^
  File "D:\CantorAI\xlang3\venv\cpython3.14-a6792301b742-compat-31b33d68c68a\Lib\site-packages\sympy\core\facts.py", line 343, in _process_rule
    self.process_rule(And(*[Not(barg) for barg in b.args]), Not(a))
    ~~~~~~~~~~~~~~~~~^^^^^^^^^^^^^^^^^^^^^^^^^^^^^^^^^^^^^^^^^^^^^^
  File "D:\CantorAI\xlang3\venv\cpython3.14-a6792301b742-compat-31b33d68c68a\Lib\site-packages\sympy\core\facts.py", line 321, in process_rule
    self._process_rule(a, b)
    ~~~~~~~~~~~~~~~~~~^^^^^^
  File "D:\CantorAI\xlang3\venv\cpython3.14-a6792301b742-compat-31b33d68c68a\Lib\site-packages\sympy\core\facts.py", line 343, in _process_rule
    self.process_rule(And(*[Not(barg) for barg in b.args]), Not(a))
    ~~~~~~~~~~~~~~~~~^^^^^^^^^^^^^^^^^^^^^^^^^^^^^^^^^^^^^^^^^^^^^^
  File "D:\CantorAI\xlang3\venv\cpython3.14-a6792301b742-compat-31b33d68c68a\Lib\site-packages\sympy\core\facts.py", line 321, in process_rule
    self._process_rule(a, b)
    ~~~~~~~~~~~~~~~~~~^^^^^^
  File "D:\CantorAI\xlang3\venv\cpython3.14-a6792301b742-compat-31b33d68c68a\Lib\site-packages\sympy\core\facts.py", line 343, in _process_rule
    self.process_rule(And(*[Not(barg) for barg in b.args]), Not(a))
    ~~~~~~~~~~~~~~~~~^^^^^^^^^^^^^^^^^^^^^^^^^^^^^^^^^^^^^^^^^^^^^^
  File "D:\CantorAI\xlang3\venv\cpython3.14-a6792301b742-compat-31b33d68c68a\Lib\site-packages\sympy\core\facts.py", line 321, in process_rule
    self._process_rule(a, b)
    ~~~~~~~~~~~~~~~~~~^^^^^^
  File "D:\CantorAI\xlang3\venv\cpython3.14-a6792301b742-compat-31b33d68c68a\Lib\site-packages\sympy\core\facts.py", line 343, in _process_rule
    self.process_rule(And(*[Not(barg) for barg in b.args]), Not(a))
    ~~~~~~~~~~~~~~~~~^^^^^^^^^^^^^^^^^^^^^^^^^^^^^^^^^^^^^^^^^^^^^^
  File "D:\CantorAI\xlang3\venv\cpython3.14-a6792301b742-compat-31b33d68c68a\Lib\site-packages\sympy\core\facts.py", line 321, in process_rule
    self._process_rule(a, b)
    ~~~~~~~~~~~~~~~~~~^^^^^^
  File "D:\CantorAI\xlang3\venv\cpython3.14-a6792301b742-compat-31b33d68c68a\Lib\site-packages\sympy\core\facts.py", line 343, in _process_rule
    self.process_rule(And(*[Not(barg) for barg in b.args]), Not(a))
    ~~~~~~~~~~~~~~~~~^^^^^^^^^^^^^^^^^^^^^^^^^^^^^^^^^^^^^^^^^^^^^^
  File "D:\CantorAI\xlang3\venv\cpython3.14-a6792301b742-compat-31b33d68c68a\Lib\site-packages\sympy\core\facts.py", line 321, in process_rule
    self._process_rule(a, b)
    ~~~~~~~~~~~~~~~~~~^^^^^^
  File "D:\CantorAI\xlang3\venv\cpython3.14-a6792301b742-compat-31b33d68c68a\Lib\site-packages\sympy\core\facts.py", line 343, in _process_rule
    self.process_rule(And(*[Not(barg) for barg in b.args]), Not(a))
    ~~~~~~~~~~~~~~~~~^^^^^^^^^^^^^^^^^^^^^^^^^^^^^^^^^^^^^^^^^^^^^^
  File "D:\CantorAI\xlang3\venv\cpython3.14-a6792301b742-compat-31b33d68c68a\Lib\site-packages\sympy\core\facts.py", line 321, in process_rule
    self._process_rule(a, b)
    ~~~~~~~~~~~~~~~~~~^^^^^^
  File "D:\CantorAI\xlang3\venv\cpython3.14-a6792301b742-compat-31b33d68c68a\Lib\site-packages\sympy\core\facts.py", line 343, in _process_rule
    self.process_rule(And(*[Not(barg) for barg in b.args]), Not(a))
    ~~~~~~~~~~~~~~~~~^^^^^^^^^^^^^^^^^^^^^^^^^^^^^^^^^^^^^^^^^^^^^^
  File "D:\CantorAI\xlang3\venv\cpython3.14-a6792301b742-compat-31b33d68c68a\Lib\site-packages\sympy\core\facts.py", line 321, in process_rule
    self._process_rule(a, b)
    ~~~~~~~~~~~~~~~~~~^^^^^^
  File "D:\CantorAI\xlang3\venv\cpython3.14-a6792301b742-compat-31b33d68c68a\Lib\site-packages\sympy\core\facts.py", line 343, in _process_rule
    self.process_rule(And(*[Not(barg) for barg in b.args]), Not(a))
    ~~~~~~~~~~~~~~~~~^^^^^^^^^^^^^^^^^^^^^^^^^^^^^^^^^^^^^^^^^^^^^^
  File "D:\CantorAI\xlang3\venv\cpython3.14-a6792301b742-compat-31b33d68c68a\Lib\site-packages\sympy\core\facts.py", line 321, in process_rule
    self._process_rule(a, b)
    ~~~~~~~~~~~~~~~~~~^^^^^^
  File "D:\CantorAI\xlang3\venv\cpython3.14-a6792301b742-compat-31b33d68c68a\Lib\site-packages\sympy\core\facts.py", line 343, in _process_rule
    self.process_rule(And(*[Not(barg) for barg in b.args]), Not(a))
    ~~~~~~~~~~~~~~~~~^^^^^^^^^^^^^^^^^^^^^^^^^^^^^^^^^^^^^^^^^^^^^^
  File "D:\CantorAI\xlang3\venv\cpython3.14-a6792301b742-compat-31b33d68c68a\Lib\site-packages\sympy\core\facts.py", line 321, in process_rule
    self._process_rule(a, b)
    ~~~~~~~~~~~~~~~~~~^^^^^^
  File "D:\CantorAI\xlang3\venv\cpython3.14-a6792301b742-compat-31b33d68c68a\Lib\site-packages\sympy\core\facts.py", line 343, in _process_rule
    self.process_rule(And(*[Not(barg) for barg in b.args]), Not(a))
    ~~~~~~~~~~~~~~~~~^^^^^^^^^^^^^^^^^^^^^^^^^^^^^^^^^^^^^^^^^^^^^^
  File "D:\CantorAI\xlang3\venv\cpython3.14-a6792301b742-compat-31b33d68c68a\Lib\site-packages\sympy\core\facts.py", line 321, in process_rule
    self._process_rule(a, b)
    ~~~~~~~~~~~~~~~~~~^^^^^^
  File "D:\CantorAI\xlang3\venv\cpython3.14-a6792301b742-compat-31b33d68c68a\Lib\site-packages\sympy\core\facts.py", line 343, in _process_rule
    self.process_rule(And(*[Not(barg) for barg in b.args]), Not(a))
    ~~~~~~~~~~~~~~~~~^^^^^^^^^^^^^^^^^^^^^^^^^^^^^^^^^^^^^^^^^^^^^^
  File "D:\CantorAI\xlang3\venv\cpython3.14-a6792301b742-compat-31b33d68c68a\Lib\site-packages\sympy\core\facts.py", line 321, in process_rule
    self._process_rule(a, b)
    ~~~~~~~~~~~~~~~~~~^^^^^^
  File "D:\CantorAI\xlang3\venv\cpython3.14-a6792301b742-compat-31b33d68c68a\Lib\site-packages\sympy\core\facts.py", line 343, in _process_rule
    self.process_rule(And(*[Not(barg) for barg in b.args]), Not(a))
    ~~~~~~~~~~~~~~~~~^^^^^^^^^^^^^^^^^^^^^^^^^^^^^^^^^^^^^^^^^^^^^^
  File "D:\CantorAI\xlang3\venv\cpython3.14-a6792301b742-compat-31b33d68c68a\Lib\site-packages\sympy\core\facts.py", line 321, in process_rule
    self._process_rule(a, b)
    ~~~~~~~~~~~~~~~~~~^^^^^^
  File "D:\CantorAI\xlang3\venv\cpython3.14-a6792301b742-compat-31b33d68c68a\Lib\site-packages\sympy\core\facts.py", line 343, in _process_rule
    self.process_rule(And(*[Not(barg) for barg in b.args]), Not(a))
    ~~~~~~~~~~~~~~~~~^^^^^^^^^^^^^^^^^^^^^^^^^^^^^^^^^^^^^^^^^^^^^^
  File "D:\CantorAI\xlang3\venv\cpython3.14-a6792301b742-compat-31b33d68c68a\Lib\site-packages\sympy\core\facts.py", line 321, in process_rule
    self._process_rule(a, b)
    ~~~~~~~~~~~~~~~~~~^^^^^^
  File "D:\CantorAI\xlang3\venv\cpython3.14-a6792301b742-compat-31b33d68c68a\Lib\site-packages\sympy\core\facts.py", line 343, in _process_rule
    self.process_rule(And(*[Not(barg) for barg in b.args]), Not(a))
    ~~~~~~~~~~~~~~~~~^^^^^^^^^^^^^^^^^^^^^^^^^^^^^^^^^^^^^^^^^^^^^^
  File "D:\CantorAI\xlang3\venv\cpython3.14-a6792301b742-compat-31b33d68c68a\Lib\site-packages\sympy\core\facts.py", line 321, in process_rule
    self._process_rule(a, b)
    ~~~~~~~~~~~~~~~~~~^^^^^^
  File "D:\CantorAI\xlang3\venv\cpython3.14-a6792301b742-compat-31b33d68c68a\Lib\site-packages\sympy\core\facts.py", line 343, in _process_rule
    self.process_rule(And(*[Not(barg) for barg in b.args]), Not(a))
    ~~~~~~~~~~~~~~~~~^^^^^^^^^^^^^^^^^^^^^^^^^^^^^^^^^^^^^^^^^^^^^^
  File "D:\CantorAI\xlang3\venv\cpython3.14-a6792301b742-compat-31b33d68c68a\Lib\site-packages\sympy\core\facts.py", line 321, in process_rule
    self._process_rule(a, b)
    ~~~~~~~~~~~~~~~~~~^^^^^^
  File "D:\CantorAI\xlang3\venv\cpython3.14-a6792301b742-compat-31b33d68c68a\Lib\site-packages\sympy\core\facts.py", line 343, in _process_rule
    self.process_rule(And(*[Not(barg) for barg in b.args]), Not(a))
    ~~~~~~~~~~~~~~~~~^^^^^^^^^^^^^^^^^^^^^^^^^^^^^^^^^^^^^^^^^^^^^^
  File "D:\CantorAI\xlang3\venv\cpython3.14-a6792301b742-compat-31b33d68c68a\Lib\site-packages\sympy\core\facts.py", line 321, in process_rule
    self._process_rule(a, b)
    ~~~~~~~~~~~~~~~~~~^^^^^^
  File "D:\CantorAI\xlang3\venv\cpython3.14-a6792301b742-compat-31b33d68c68a\Lib\site-packages\sympy\core\facts.py", line 343, in _process_rule
    self.process_rule(And(*[Not(barg) for barg in b.args]), Not(a))
    ~~~~~~~~~~~~~~~~~^^^^^^^^^^^^^^^^^^^^^^^^^^^^^^^^^^^^^^^^^^^^^^
  File "D:\CantorAI\xlang3\venv\cpython3.14-a6792301b742-compat-31b33d68c68a\Lib\site-packages\sympy\core\facts.py", line 321, in process_rule
    self._process_rule(a, b)
    ~~~~~~~~~~~~~~~~~~^^^^^^
  File "D:\CantorAI\xlang3\venv\cpython3.14-a6792301b742-compat-31b33d68c68a\Lib\site-packages\sympy\core\facts.py", line 343, in _process_rule
    self.process_rule(And(*[Not(barg) for barg in b.args]), Not(a))
    ~~~~~~~~~~~~~~~~~^^^^^^^^^^^^^^^^^^^^^^^^^^^^^^^^^^^^^^^^^^^^^^
  File "D:\CantorAI\xlang3\venv\cpython3.14-a6792301b742-compat-31b33d68c68a\Lib\site-packages\sympy\core\facts.py", line 321, in process_rule
    self._process_rule(a, b)
    ~~~~~~~~~~~~~~~~~~^^^^^^
  File "D:\CantorAI\xlang3\venv\cpython3.14-a6792301b742-compat-31b33d68c68a\Lib\site-packages\sympy\core\facts.py", line 343, in _process_rule
    self.process_rule(And(*[Not(barg) for barg in b.args]), Not(a))
    ~~~~~~~~~~~~~~~~~^^^^^^^^^^^^^^^^^^^^^^^^^^^^^^^^^^^^^^^^^^^^^^
  File "D:\CantorAI\xlang3\venv\cpython3.14-a6792301b742-compat-31b33d68c68a\Lib\site-packages\sympy\core\facts.py", line 321, in process_rule
    self._process_rule(a, b)
    ~~~~~~~~~~~~~~~~~~^^^^^^
  File "D:\CantorAI\xlang3\venv\cpython3.14-a6792301b742-compat-31b33d68c68a\Lib\site-packages\sympy\core\facts.py", line 343, in _process_rule
    self.process_rule(And(*[Not(barg) for barg in b.args]), Not(a))
    ~~~~~~~~~~~~~~~~~^^^^^^^^^^^^^^^^^^^^^^^^^^^^^^^^^^^^^^^^^^^^^^
  File "D:\CantorAI\xlang3\venv\cpython3.14-a6792301b742-compat-31b33d68c68a\Lib\site-packages\sympy\core\facts.py", line 321, in process_rule
    self._process_rule(a, b)
    ~~~~~~~~~~~~~~~~~~^^^^^^
  File "D:\CantorAI\xlang3\venv\cpython3.14-a6792301b742-compat-31b33d68c68a\Lib\site-packages\sympy\core\facts.py", line 343, in _process_rule
    self.process_rule(And(*[Not(barg) for barg in b.args]), Not(a))
    ~~~~~~~~~~~~~~~~~^^^^^^^^^^^^^^^^^^^^^^^^^^^^^^^^^^^^^^^^^^^^^^
  File "D:\CantorAI\xlang3\venv\cpython3.14-a6792301b742-compat-31b33d68c68a\Lib\site-packages\sympy\core\facts.py", line 321, in process_rule
    self._process_rule(a, b)
    ~~~~~~~~~~~~~~~~~~^^^^^^
  File "D:\CantorAI\xlang3\venv\cpython3.14-a6792301b742-compat-31b33d68c68a\Lib\site-packages\sympy\core\facts.py", line 343, in _process_rule
    self.process_rule(And(*[Not(barg) for barg in b.args]), Not(a))
    ~~~~~~~~~~~~~~~~~^^^^^^^^^^^^^^^^^^^^^^^^^^^^^^^^^^^^^^^^^^^^^^
  File "D:\CantorAI\xlang3\venv\cpython3.14-a6792301b742-compat-31b33d68c68a\Lib\site-packages\sympy\core\facts.py", line 321, in process_rule
    self._process_rule(a, b)
    ~~~~~~~~~~~~~~~~~~^^^^^^
  File "D:\CantorAI\xlang3\venv\cpython3.14-a6792301b742-compat-31b33d68c68a\Lib\site-packages\sympy\core\facts.py", line 343, in _process_rule
    self.process_rule(And(*[Not(barg) for barg in b.args]), Not(a))
    ~~~~~~~~~~~~~~~~~^^^^^^^^^^^^^^^^^^^^^^^^^^^^^^^^^^^^^^^^^^^^^^
  File "D:\CantorAI\xlang3\venv\cpython3.14-a6792301b742-compat-31b33d68c68a\Lib\site-packages\sympy\core\facts.py", line 321, in process_rule
    self._process_rule(a, b)
    ~~~~~~~~~~~~~~~~~~^^^^^^
  File "D:\CantorAI\xlang3\venv\cpython3.14-a6792301b742-compat-31b33d68c68a\Lib\site-packages\sympy\core\facts.py", line 343, in _process_rule
    self.process_rule(And(*[Not(barg) for barg in b.args]), Not(a))
    ~~~~~~~~~~~~~~~~~^^^^^^^^^^^^^^^^^^^^^^^^^^^^^^^^^^^^^^^^^^^^^^
  File "D:\CantorAI\xlang3\venv\cpython3.14-a6792301b742-compat-31b33d68c68a\Lib\site-packages\sympy\core\facts.py", line 321, in process_rule
    self._process_rule(a, b)
    ~~~~~~~~~~~~~~~~~~^^^^^^
  File "D:\CantorAI\xlang3\venv\cpython3.14-a6792301b742-compat-31b33d68c68a\Lib\site-packages\sympy\core\facts.py", line 343, in _process_rule
    self.process_rule(And(*[Not(barg) for barg in b.args]), Not(a))
    ~~~~~~~~~~~~~~~~~^^^^^^^^^^^^^^^^^^^^^^^^^^^^^^^^^^^^^^^^^^^^^^
  File "D:\CantorAI\xlang3\venv\cpython3.14-a6792301b742-compat-31b33d68c68a\Lib\site-packages\sympy\core\facts.py", line 321, in process_rule
    self._process_rule(a, b)
    ~~~~~~~~~~~~~~~~~~^^^^^^
  File "D:\CantorAI\xlang3\venv\cpython3.14-a6792301b742-compat-31b33d68c68a\Lib\site-packages\sympy\core\facts.py", line 343, in _process_rule
    self.process_rule(And(*[Not(barg) for barg in b.args]), Not(a))
    ~~~~~~~~~~~~~~~~~^^^^^^^^^^^^^^^^^^^^^^^^^^^^^^^^^^^^^^^^^^^^^^
  File "D:\CantorAI\xlang3\venv\cpython3.14-a6792301b742-compat-31b33d68c68a\Lib\site-packages\sympy\core\facts.py", line 321, in process_rule
    self._process_rule(a, b)
    ~~~~~~~~~~~~~~~~~~^^^^^^
  File "D:\CantorAI\xlang3\venv\cpython3.14-a6792301b742-compat-31b33d68c68a\Lib\site-packages\sympy\core\facts.py", line 343, in _process_rule
    self.process_rule(And(*[Not(barg) for barg in b.args]), Not(a))
    ~~~~~~~~~~~~~~~~~^^^^^^^^^^^^^^^^^^^^^^^^^^^^^^^^^^^^^^^^^^^^^^
  File "D:\CantorAI\xlang3\venv\cpython3.14-a6792301b742-compat-31b33d68c68a\Lib\site-packages\sympy\core\facts.py", line 321, in process_rule
    self._process_rule(a, b)
    ~~~~~~~~~~~~~~~~~~^^^^^^
  File "D:\CantorAI\xlang3\venv\cpython3.14-a6792301b742-compat-31b33d68c68a\Lib\site-packages\sympy\core\facts.py", line 343, in _process_rule
    self.process_rule(And(*[Not(barg) for barg in b.args]), Not(a))
    ~~~~~~~~~~~~~~~~~^^^^^^^^^^^^^^^^^^^^^^^^^^^^^^^^^^^^^^^^^^^^^^
  File "D:\CantorAI\xlang3\venv\cpython3.14-a6792301b742-compat-31b33d68c68a\Lib\site-packages\sympy\core\facts.py", line 321, in process_rule
    self._process_rule(a, b)
    ~~~~~~~~~~~~~~~~~~^^^^^^
  File "D:\CantorAI\xlang3\venv\cpython3.14-a6792301b742-compat-31b33d68c68a\Lib\site-packages\sympy\core\facts.py", line 343, in _process_rule
    self.process_rule(And(*[Not(barg) for barg in b.args]), Not(a))
    ~~~~~~~~~~~~~~~~~^^^^^^^^^^^^^^^^^^^^^^^^^^^^^^^^^^^^^^^^^^^^^^
  File "D:\CantorAI\xlang3\venv\cpython3.14-a6792301b742-compat-31b33d68c68a\Lib\site-packages\sympy\core\facts.py", line 321, in process_rule
    self._process_rule(a, b)
    ~~~~~~~~~~~~~~~~~~^^^^^^
  File "D:\CantorAI\xlang3\venv\cpython3.14-a6792301b742-compat-31b33d68c68a\Lib\site-packages\sympy\core\facts.py", line 343, in _process_rule
    self.process_rule(And(*[Not(barg) for barg in b.args]), Not(a))
    ~~~~~~~~~~~~~~~~~^^^^^^^^^^^^^^^^^^^^^^^^^^^^^^^^^^^^^^^^^^^^^^
  File "D:\CantorAI\xlang3\venv\cpython3.14-a6792301b742-compat-31b33d68c68a\Lib\site-packages\sympy\core\facts.py", line 321, in process_rule
    self._process_rule(a, b)
    ~~~~~~~~~~~~~~~~~~^^^^^^
  File "D:\CantorAI\xlang3\venv\cpython3.14-a6792301b742-compat-31b33d68c68a\Lib\site-packages\sympy\core\facts.py", line 343, in _process_rule
    self.process_rule(And(*[Not(barg) for barg in b.args]), Not(a))
    ~~~~~~~~~~~~~~~~~^^^^^^^^^^^^^^^^^^^^^^^^^^^^^^^^^^^^^^^^^^^^^^
  File "D:\CantorAI\xlang3\venv\cpython3.14-a6792301b742-compat-31b33d68c68a\Lib\site-packages\sympy\core\facts.py", line 321, in process_rule
    self._process_rule(a, b)
    ~~~~~~~~~~~~~~~~~~^^^^^^
  File "D:\CantorAI\xlang3\venv\cpython3.14-a6792301b742-compat-31b33d68c68a\Lib\site-packages\sympy\core\facts.py", line 343, in _process_rule
    self.process_rule(And(*[Not(barg) for barg in b.args]), Not(a))
    ~~~~~~~~~~~~~~~~~^^^^^^^^^^^^^^^^^^^^^^^^^^^^^^^^^^^^^^^^^^^^^^
  File "D:\CantorAI\xlang3\venv\cpython3.14-a6792301b742-compat-31b33d68c68a\Lib\site-packages\sympy\core\facts.py", line 321, in process_rule
    self._process_rule(a, b)
    ~~~~~~~~~~~~~~~~~~^^^^^^
  File "D:\CantorAI\xlang3\venv\cpython3.14-a6792301b742-compat-31b33d68c68a\Lib\site-packages\sympy\core\facts.py", line 343, in _process_rule
    self.process_rule(And(*[Not(barg) for barg in b.args]), Not(a))
    ~~~~~~~~~~~~~~~~~^^^^^^^^^^^^^^^^^^^^^^^^^^^^^^^^^^^^^^^^^^^^^^
  File "D:\CantorAI\xlang3\venv\cpython3.14-a6792301b742-compat-31b33d68c68a\Lib\site-packages\sympy\core\facts.py", line 321, in process_rule
    self._process_rule(a, b)
    ~~~~~~~~~~~~~~~~~~^^^^^^
  File "D:\CantorAI\xlang3\venv\cpython3.14-a6792301b742-compat-31b33d68c68a\Lib\site-packages\sympy\core\facts.py", line 343, in _process_rule
    self.process_rule(And(*[Not(barg) for barg in b.args]), Not(a))
    ~~~~~~~~~~~~~~~~~^^^^^^^^^^^^^^^^^^^^^^^^^^^^^^^^^^^^^^^^^^^^^^
  File "D:\CantorAI\xlang3\venv\cpython3.14-a6792301b742-compat-31b33d68c68a\Lib\site-packages\sympy\core\facts.py", line 321, in process_rule
    self._process_rule(a, b)
    ~~~~~~~~~~~~~~~~~~^^^^^^
  File "D:\CantorAI\xlang3\venv\cpython3.14-a6792301b742-compat-31b33d68c68a\Lib\site-packages\sympy\core\facts.py", line 343, in _process_rule
    self.process_rule(And(*[Not(barg) for barg in b.args]), Not(a))
    ~~~~~~~~~~~~~~~~~^^^^^^^^^^^^^^^^^^^^^^^^^^^^^^^^^^^^^^^^^^^^^^
  File "D:\CantorAI\xlang3\venv\cpython3.14-a6792301b742-compat-31b33d68c68a\Lib\site-packages\sympy\core\facts.py", line 321, in process_rule
    self._process_rule(a, b)
    ~~~~~~~~~~~~~~~~~~^^^^^^
  File "D:\CantorAI\xlang3\venv\cpython3.14-a6792301b742-compat-31b33d68c68a\Lib\site-packages\sympy\core\facts.py", line 343, in _process_rule
    self.process_rule(And(*[Not(barg) for barg in b.args]), Not(a))
    ~~~~~~~~~~~~~~~~~^^^^^^^^^^^^^^^^^^^^^^^^^^^^^^^^^^^^^^^^^^^^^^
  File "D:\CantorAI\xlang3\venv\cpython3.14-a6792301b742-compat-31b33d68c68a\Lib\site-packages\sympy\core\facts.py", line 321, in process_rule
    self._process_rule(a, b)
    ~~~~~~~~~~~~~~~~~~^^^^^^
  File "D:\CantorAI\xlang3\venv\cpython3.14-a6792301b742-compat-31b33d68c68a\Lib\site-packages\sympy\core\facts.py", line 343, in _process_rule
    self.process_rule(And(*[Not(barg) for barg in b.args]), Not(a))
    ~~~~~~~~~~~~~~~~~^^^^^^^^^^^^^^^^^^^^^^^^^^^^^^^^^^^^^^^^^^^^^^
  File "D:\CantorAI\xlang3\venv\cpython3.14-a6792301b742-compat-31b33d68c68a\Lib\site-packages\sympy\core\facts.py", line 321, in process_rule
    self._process_rule(a, b)
    ~~~~~~~~~~~~~~~~~~^^^^^^
  File "D:\CantorAI\xlang3\venv\cpython3.14-a6792301b742-compat-31b33d68c68a\Lib\site-packages\sympy\core\facts.py", line 343, in _process_rule
    self.process_rule(And(*[Not(barg) for barg in b.args]), Not(a))
    ~~~~~~~~~~~~~~~~~^^^^^^^^^^^^^^^^^^^^^^^^^^^^^^^^^^^^^^^^^^^^^^
  File "D:\CantorAI\xlang3\venv\cpython3.14-a6792301b742-compat-31b33d68c68a\Lib\site-packages\sympy\core\facts.py", line 321, in process_rule
    self._process_rule(a, b)
    ~~~~~~~~~~~~~~~~~~^^^^^^
  File "D:\CantorAI\xlang3\venv\cpython3.14-a6792301b742-compat-31b33d68c68a\Lib\site-packages\sympy\core\facts.py", line 343, in _process_rule
    self.process_rule(And(*[Not(barg) for barg in b.args]), Not(a))
    ~~~~~~~~~~~~~~~~~^^^^^^^^^^^^^^^^^^^^^^^^^^^^^^^^^^^^^^^^^^^^^^
  File "D:\CantorAI\xlang3\venv\cpython3.14-a6792301b742-compat-31b33d68c68a\Lib\site-packages\sympy\core\facts.py", line 321, in process_rule
    self._process_rule(a, b)
    ~~~~~~~~~~~~~~~~~~^^^^^^
  File "D:\CantorAI\xlang3\venv\cpython3.14-a6792301b742-compat-31b33d68c68a\Lib\site-packages\sympy\core\facts.py", line 343, in _process_rule
    self.process_rule(And(*[Not(barg) for barg in b.args]), Not(a))
    ~~~~~~~~~~~~~~~~~^^^^^^^^^^^^^^^^^^^^^^^^^^^^^^^^^^^^^^^^^^^^^^
  File "D:\CantorAI\xlang3\venv\cpython3.14-a6792301b742-compat-31b33d68c68a\Lib\site-packages\sympy\core\facts.py", line 321, in process_rule
    self._process_rule(a, b)
    ~~~~~~~~~~~~~~~~~~^^^^^^
  File "D:\CantorAI\xlang3\venv\cpython3.14-a6792301b742-compat-31b33d68c68a\Lib\site-packages\sympy\core\facts.py", line 343, in _process_rule
    self.process_rule(And(*[Not(barg) for barg in b.args]), Not(a))
    ~~~~~~~~~~~~~~~~~^^^^^^^^^^^^^^^^^^^^^^^^^^^^^^^^^^^^^^^^^^^^^^
  File "D:\CantorAI\xlang3\venv\cpython3.14-a6792301b742-compat-31b33d68c68a\Lib\site-packages\sympy\core\facts.py", line 321, in process_rule
    self._process_rule(a, b)
    ~~~~~~~~~~~~~~~~~~^^^^^^
  File "D:\CantorAI\xlang3\venv\cpython3.14-a6792301b742-compat-31b33d68c68a\Lib\site-packages\sympy\core\facts.py", line 343, in _process_rule
    self.process_rule(And(*[Not(barg) for barg in b.args]), Not(a))
    ~~~~~~~~~~~~~~~~~^^^^^^^^^^^^^^^^^^^^^^^^^^^^^^^^^^^^^^^^^^^^^^
  File "D:\CantorAI\xlang3\venv\cpython3.14-a6792301b742-compat-31b33d68c68a\Lib\site-packages\sympy\core\facts.py", line 321, in process_rule
    self._process_rule(a, b)
    ~~~~~~~~~~~~~~~~~~^^^^^^
  File "D:\CantorAI\xlang3\venv\cpython3.14-a6792301b742-compat-31b33d68c68a\Lib\site-packages\sympy\core\facts.py", line 343, in _process_rule
    self.process_rule(And(*[Not(barg) for barg in b.args]), Not(a))
    ~~~~~~~~~~~~~~~~~^^^^^^^^^^^^^^^^^^^^^^^^^^^^^^^^^^^^^^^^^^^^^^
  File "D:\CantorAI\xlang3\venv\cpython3.14-a6792301b742-compat-31b33d68c68a\Lib\site-packages\sympy\core\facts.py", line 321, in process_rule
    self._process_rule(a, b)
    ~~~~~~~~~~~~~~~~~~^^^^^^
  File "D:\CantorAI\xlang3\venv\cpython3.14-a6792301b742-compat-31b33d68c68a\Lib\site-packages\sympy\core\facts.py", line 343, in _process_rule
    self.process_rule(And(*[Not(barg) for barg in b.args]), Not(a))
    ~~~~~~~~~~~~~~~~~^^^^^^^^^^^^^^^^^^^^^^^^^^^^^^^^^^^^^^^^^^^^^^
  File "D:\CantorAI\xlang3\venv\cpython3.14-a6792301b742-compat-31b33d68c68a\Lib\site-packages\sympy\core\facts.py", line 321, in process_rule
    self._process_rule(a, b)
    ~~~~~~~~~~~~~~~~~~^^^^^^
  File "D:\CantorAI\xlang3\venv\cpython3.14-a6792301b742-compat-31b33d68c68a\Lib\site-packages\sympy\core\facts.py", line 343, in _process_rule
    self.process_rule(And(*[Not(barg) for barg in b.args]), Not(a))
    ~~~~~~~~~~~~~~~~~^^^^^^^^^^^^^^^^^^^^^^^^^^^^^^^^^^^^^^^^^^^^^^
  File "D:\CantorAI\xlang3\venv\cpython3.14-a6792301b742-compat-31b33d68c68a\Lib\site-packages\sympy\core\facts.py", line 321, in process_rule
    self._process_rule(a, b)
    ~~~~~~~~~~~~~~~~~~^^^^^^
  File "D:\CantorAI\xlang3\venv\cpython3.14-a6792301b742-compat-31b33d68c68a\Lib\site-packages\sympy\core\facts.py", line 343, in _process_rule
    self.process_rule(And(*[Not(barg) for barg in b.args]), Not(a))
    ~~~~~~~~~~~~~~~~~^^^^^^^^^^^^^^^^^^^^^^^^^^^^^^^^^^^^^^^^^^^^^^
  File "D:\CantorAI\xlang3\venv\cpython3.14-a6792301b742-compat-31b33d68c68a\Lib\site-packages\sympy\core\facts.py", line 321, in process_rule
    self._process_rule(a, b)
    ~~~~~~~~~~~~~~~~~~^^^^^^
  File "D:\CantorAI\xlang3\venv\cpython3.14-a6792301b742-compat-31b33d68c68a\Lib\site-packages\sympy\core\facts.py", line 343, in _process_rule
    self.process_rule(And(*[Not(barg) for barg in b.args]), Not(a))
    ~~~~~~~~~~~~~~~~~^^^^^^^^^^^^^^^^^^^^^^^^^^^^^^^^^^^^^^^^^^^^^^
  File "D:\CantorAI\xlang3\venv\cpython3.14-a6792301b742-compat-31b33d68c68a\Lib\site-packages\sympy\core\facts.py", line 321, in process_rule
    self._process_rule(a, b)
    ~~~~~~~~~~~~~~~~~~^^^^^^
  File "D:\CantorAI\xlang3\venv\cpython3.14-a6792301b742-compat-31b33d68c68a\Lib\site-packages\sympy\core\facts.py", line 343, in _process_rule
    self.process_rule(And(*[Not(barg) for barg in b.args]), Not(a))
    ~~~~~~~~~~~~~~~~~^^^^^^^^^^^^^^^^^^^^^^^^^^^^^^^^^^^^^^^^^^^^^^
  File "D:\CantorAI\xlang3\venv\cpython3.14-a6792301b742-compat-31b33d68c68a\Lib\site-packages\sympy\core\facts.py", line 321, in process_rule
    self._process_rule(a, b)
    ~~~~~~~~~~~~~~~~~~^^^^^^
  File "D:\CantorAI\xlang3\venv\cpython3.14-a6792301b742-compat-31b33d68c68a\Lib\site-packages\sympy\core\facts.py", line 343, in _process_rule
    self.process_rule(And(*[Not(barg) for barg in b.args]), Not(a))
    ~~~~~~~~~~~~~~~~~^^^^^^^^^^^^^^^^^^^^^^^^^^^^^^^^^^^^^^^^^^^^^^
  File "D:\CantorAI\xlang3\venv\cpython3.14-a6792301b742-compat-31b33d68c68a\Lib\site-packages\sympy\core\facts.py", line 321, in process_rule
    self._process_rule(a, b)
    ~~~~~~~~~~~~~~~~~~^^^^^^
  File "D:\CantorAI\xlang3\venv\cpython3.14-a6792301b742-compat-31b33d68c68a\Lib\site-packages\sympy\core\facts.py", line 343, in _process_rule
    self.process_rule(And(*[Not(barg) for barg in b.args]), Not(a))
    ~~~~~~~~~~~~~~~~~^^^^^^^^^^^^^^^^^^^^^^^^^^^^^^^^^^^^^^^^^^^^^^
  File "D:\CantorAI\xlang3\venv\cpython3.14-a6792301b742-compat-31b33d68c68a\Lib\site-packages\sympy\core\facts.py", line 321, in process_rule
    self._process_rule(a, b)
    ~~~~~~~~~~~~~~~~~~^^^^^^
  File "D:\CantorAI\xlang3\venv\cpython3.14-a6792301b742-compat-31b33d68c68a\Lib\site-packages\sympy\core\facts.py", line 343, in _process_rule
    self.process_rule(And(*[Not(barg) for barg in b.args]), Not(a))
    ~~~~~~~~~~~~~~~~~^^^^^^^^^^^^^^^^^^^^^^^^^^^^^^^^^^^^^^^^^^^^^^
  File "D:\CantorAI\xlang3\venv\cpython3.14-a6792301b742-compat-31b33d68c68a\Lib\site-packages\sympy\core\facts.py", line 321, in process_rule
    self._process_rule(a, b)
    ~~~~~~~~~~~~~~~~~~^^^^^^
  File "D:\CantorAI\xlang3\venv\cpython3.14-a6792301b742-compat-31b33d68c68a\Lib\site-packages\sympy\core\facts.py", line 343, in _process_rule
    self.process_rule(And(*[Not(barg) for barg in b.args]), Not(a))
    ~~~~~~~~~~~~~~~~~^^^^^^^^^^^^^^^^^^^^^^^^^^^^^^^^^^^^^^^^^^^^^^
  File "D:\CantorAI\xlang3\venv\cpython3.14-a6792301b742-compat-31b33d68c68a\Lib\site-packages\sympy\core\facts.py", line 321, in process_rule
    self._process_rule(a, b)
    ~~~~~~~~~~~~~~~~~~^^^^^^
  File "D:\CantorAI\xlang3\venv\cpython3.14-a6792301b742-compat-31b33d68c68a\Lib\site-packages\sympy\core\facts.py", line 343, in _process_rule
    self.process_rule(And(*[Not(barg) for barg in b.args]), Not(a))
    ~~~~~~~~~~~~~~~~~^^^^^^^^^^^^^^^^^^^^^^^^^^^^^^^^^^^^^^^^^^^^^^
  File "D:\CantorAI\xlang3\venv\cpython3.14-a6792301b742-compat-31b33d68c68a\Lib\site-packages\sympy\core\facts.py", line 321, in process_rule
    self._process_rule(a, b)
    ~~~~~~~~~~~~~~~~~~^^^^^^
  File "D:\CantorAI\xlang3\venv\cpython3.14-a6792301b742-compat-31b33d68c68a\Lib\site-packages\sympy\core\facts.py", line 343, in _process_rule
    self.process_rule(And(*[Not(barg) for barg in b.args]), Not(a))
    ~~~~~~~~~~~~~~~~~^^^^^^^^^^^^^^^^^^^^^^^^^^^^^^^^^^^^^^^^^^^^^^
  File "D:\CantorAI\xlang3\venv\cpython3.14-a6792301b742-compat-31b33d68c68a\Lib\site-packages\sympy\core\facts.py", line 321, in process_rule
    self._process_rule(a, b)
    ~~~~~~~~~~~~~~~~~~^^^^^^
  File "D:\CantorAI\xlang3\venv\cpython3.14-a6792301b742-compat-31b33d68c68a\Lib\site-packages\sympy\core\facts.py", line 343, in _process_rule
    self.process_rule(And(*[Not(barg) for barg in b.args]), Not(a))
    ~~~~~~~~~~~~~~~~~^^^^^^^^^^^^^^^^^^^^^^^^^^^^^^^^^^^^^^^^^^^^^^
  File "D:\CantorAI\xlang3\venv\cpython3.14-a6792301b742-compat-31b33d68c68a\Lib\site-packages\sympy\core\facts.py", line 321, in process_rule
    self._process_rule(a, b)
    ~~~~~~~~~~~~~~~~~~^^^^^^
  File "D:\CantorAI\xlang3\venv\cpython3.14-a6792301b742-compat-31b33d68c68a\Lib\site-packages\sympy\core\facts.py", line 343, in _process_rule
    self.process_rule(And(*[Not(barg) for barg in b.args]), Not(a))
    ~~~~~~~~~~~~~~~~~^^^^^^^^^^^^^^^^^^^^^^^^^^^^^^^^^^^^^^^^^^^^^^
  File "D:\CantorAI\xlang3\venv\cpython3.14-a6792301b742-compat-31b33d68c68a\Lib\site-packages\sympy\core\facts.py", line 321, in process_rule
    self._process_rule(a, b)
    ~~~~~~~~~~~~~~~~~~^^^^^^
  File "D:\CantorAI\xlang3\venv\cpython3.14-a6792301b742-compat-31b33d68c68a\Lib\site-packages\sympy\core\facts.py", line 343, in _process_rule
    self.process_rule(And(*[Not(barg) for barg in b.args]), Not(a))
    ~~~~~~~~~~~~~~~~~^^^^^^^^^^^^^^^^^^^^^^^^^^^^^^^^^^^^^^^^^^^^^^
  File "D:\CantorAI\xlang3\venv\cpython3.14-a6792301b742-compat-31b33d68c68a\Lib\site-packages\sympy\core\facts.py", line 321, in process_rule
    self._process_rule(a, b)
    ~~~~~~~~~~~~~~~~~~^^^^^^
  File "D:\CantorAI\xlang3\venv\cpython3.14-a6792301b742-compat-31b33d68c68a\Lib\site-packages\sympy\core\facts.py", line 343, in _process_rule
    self.process_rule(And(*[Not(barg) for barg in b.args]), Not(a))
    ~~~~~~~~~~~~~~~~~^^^^^^^^^^^^^^^^^^^^^^^^^^^^^^^^^^^^^^^^^^^^^^
  File "D:\CantorAI\xlang3\venv\cpython3.14-a6792301b742-compat-31b33d68c68a\Lib\site-packages\sympy\core\facts.py", line 321, in process_rule
    self._process_rule(a, b)
    ~~~~~~~~~~~~~~~~~~^^^^^^
  File "D:\CantorAI\xlang3\venv\cpython3.14-a6792301b742-compat-31b33d68c68a\Lib\site-packages\sympy\core\facts.py", line 343, in _process_rule
    self.process_rule(And(*[Not(barg) for barg in b.args]), Not(a))
    ~~~~~~~~~~~~~~~~~^^^^^^^^^^^^^^^^^^^^^^^^^^^^^^^^^^^^^^^^^^^^^^
  File "D:\CantorAI\xlang3\venv\cpython3.14-a6792301b742-compat-31b33d68c68a\Lib\site-packages\sympy\core\facts.py", line 321, in process_rule
    self._process_rule(a, b)
    ~~~~~~~~~~~~~~~~~~^^^^^^
  File "D:\CantorAI\xlang3\venv\cpython3.14-a6792301b742-compat-31b33d68c68a\Lib\site-packages\sympy\core\facts.py", line 343, in _process_rule
    self.process_rule(And(*[Not(barg) for barg in b.args]), Not(a))
    ~~~~~~~~~~~~~~~~~^^^^^^^^^^^^^^^^^^^^^^^^^^^^^^^^^^^^^^^^^^^^^^
  File "D:\CantorAI\xlang3\venv\cpython3.14-a6792301b742-compat-31b33d68c68a\Lib\site-packages\sympy\core\facts.py", line 321, in process_rule
    self._process_rule(a, b)
    ~~~~~~~~~~~~~~~~~~^^^^^^
  File "D:\CantorAI\xlang3\venv\cpython3.14-a6792301b742-compat-31b33d68c68a\Lib\site-packages\sympy\core\facts.py", line 343, in _process_rule
    self.process_rule(And(*[Not(barg) for barg in b.args]), Not(a))
    ~~~~~~~~~~~~~~~~~^^^^^^^^^^^^^^^^^^^^^^^^^^^^^^^^^^^^^^^^^^^^^^
  File "D:\CantorAI\xlang3\venv\cpython3.14-a6792301b742-compat-31b33d68c68a\Lib\site-packages\sympy\core\facts.py", line 321, in process_rule
    self._process_rule(a, b)
    ~~~~~~~~~~~~~~~~~~^^^^^^
  File "D:\CantorAI\xlang3\venv\cpython3.14-a6792301b742-compat-31b33d68c68a\Lib\site-packages\sympy\core\facts.py", line 343, in _process_rule
    self.process_rule(And(*[Not(barg) for barg in b.args]), Not(a))
    ~~~~~~~~~~~~~~~~~^^^^^^^^^^^^^^^^^^^^^^^^^^^^^^^^^^^^^^^^^^^^^^
  File "D:\CantorAI\xlang3\venv\cpython3.14-a6792301b742-compat-31b33d68c68a\Lib\site-packages\sympy\core\facts.py", line 321, in process_rule
    self._process_rule(a, b)
    ~~~~~~~~~~~~~~~~~~^^^^^^
  File "D:\CantorAI\xlang3\venv\cpython3.14-a6792301b742-compat-31b33d68c68a\Lib\site-packages\sympy\core\facts.py", line 343, in _process_rule
    self.process_rule(And(*[Not(barg) for barg in b.args]), Not(a))
    ~~~~~~~~~~~~~~~~~^^^^^^^^^^^^^^^^^^^^^^^^^^^^^^^^^^^^^^^^^^^^^^
  File "D:\CantorAI\xlang3\venv\cpython3.14-a6792301b742-compat-31b33d68c68a\Lib\site-packages\sympy\core\facts.py", line 321, in process_rule
    self._process_rule(a, b)
    ~~~~~~~~~~~~~~~~~~^^^^^^
  File "D:\CantorAI\xlang3\venv\cpython3.14-a6792301b742-compat-31b33d68c68a\Lib\site-packages\sympy\core\facts.py", line 343, in _process_rule
    self.process_rule(And(*[Not(barg) for barg in b.args]), Not(a))
    ~~~~~~~~~~~~~~~~~^^^^^^^^^^^^^^^^^^^^^^^^^^^^^^^^^^^^^^^^^^^^^^
  File "D:\CantorAI\xlang3\venv\cpython3.14-a6792301b742-compat-31b33d68c68a\Lib\site-packages\sympy\core\facts.py", line 321, in process_rule
    self._process_rule(a, b)
    ~~~~~~~~~~~~~~~~~~^^^^^^
  File "D:\CantorAI\xlang3\venv\cpython3.14-a6792301b742-compat-31b33d68c68a\Lib\site-packages\sympy\core\facts.py", line 343, in _process_rule
    self.process_rule(And(*[Not(barg) for barg in b.args]), Not(a))
    ~~~~~~~~~~~~~~~~~^^^^^^^^^^^^^^^^^^^^^^^^^^^^^^^^^^^^^^^^^^^^^^
  File "D:\CantorAI\xlang3\venv\cpython3.14-a6792301b742-compat-31b33d68c68a\Lib\site-packages\sympy\core\facts.py", line 321, in process_rule
    self._process_rule(a, b)
    ~~~~~~~~~~~~~~~~~~^^^^^^
  File "D:\CantorAI\xlang3\venv\cpython3.14-a6792301b742-compat-31b33d68c68a\Lib\site-packages\sympy\core\facts.py", line 343, in _process_rule
    self.process_rule(And(*[Not(barg) for barg in b.args]), Not(a))
    ~~~~~~~~~~~~~~~~~^^^^^^^^^^^^^^^^^^^^^^^^^^^^^^^^^^^^^^^^^^^^^^
  File "D:\CantorAI\xlang3\venv\cpython3.14-a6792301b742-compat-31b33d68c68a\Lib\site-packages\sympy\core\facts.py", line 321, in process_rule
    self._process_rule(a, b)
    ~~~~~~~~~~~~~~~~~~^^^^^^
  File "D:\CantorAI\xlang3\venv\cpython3.14-a6792301b742-compat-31b33d68c68a\Lib\site-packages\sympy\core\facts.py", line 343, in _process_rule
    self.process_rule(And(*[Not(barg) for barg in b.args]), Not(a))
    ~~~~~~~~~~~~~~~~~^^^^^^^^^^^^^^^^^^^^^^^^^^^^^^^^^^^^^^^^^^^^^^
  File "D:\CantorAI\xlang3\venv\cpython3.14-a6792301b742-compat-31b33d68c68a\Lib\site-packages\sympy\core\facts.py", line 321, in process_rule
    self._process_rule(a, b)
    ~~~~~~~~~~~~~~~~~~^^^^^^
  File "D:\CantorAI\xlang3\venv\cpython3.14-a6792301b742-compat-31b33d68c68a\Lib\site-packages\sympy\core\facts.py", line 343, in _process_rule
    self.process_rule(And(*[Not(barg) for barg in b.args]), Not(a))
    ~~~~~~~~~~~~~~~~~^^^^^^^^^^^^^^^^^^^^^^^^^^^^^^^^^^^^^^^^^^^^^^
  File "D:\CantorAI\xlang3\venv\cpython3.14-a6792301b742-compat-31b33d68c68a\Lib\site-packages\sympy\core\facts.py", line 321, in process_rule
    self._process_rule(a, b)
    ~~~~~~~~~~~~~~~~~~^^^^^^
  File "D:\CantorAI\xlang3\venv\cpython3.14-a6792301b742-compat-31b33d68c68a\Lib\site-packages\sympy\core\facts.py", line 343, in _process_rule
    self.process_rule(And(*[Not(barg) for barg in b.args]), Not(a))
    ~~~~~~~~~~~~~~~~~^^^^^^^^^^^^^^^^^^^^^^^^^^^^^^^^^^^^^^^^^^^^^^
  File "D:\CantorAI\xlang3\venv\cpython3.14-a6792301b742-compat-31b33d68c68a\Lib\site-packages\sympy\core\facts.py", line 321, in process_rule
    self._process_rule(a, b)
    ~~~~~~~~~~~~~~~~~~^^^^^^
  File "D:\CantorAI\xlang3\venv\cpython3.14-a6792301b742-compat-31b33d68c68a\Lib\site-packages\sympy\core\facts.py", line 343, in _process_rule
    self.process_rule(And(*[Not(barg) for barg in b.args]), Not(a))
    ~~~~~~~~~~~~~~~~~^^^^^^^^^^^^^^^^^^^^^^^^^^^^^^^^^^^^^^^^^^^^^^
  File "D:\CantorAI\xlang3\venv\cpython3.14-a6792301b742-compat-31b33d68c68a\Lib\site-packages\sympy\core\facts.py", line 321, in process_rule
    self._process_rule(a, b)
    ~~~~~~~~~~~~~~~~~~^^^^^^
  File "D:\CantorAI\xlang3\venv\cpython3.14-a6792301b742-compat-31b33d68c68a\Lib\site-packages\sympy\core\facts.py", line 343, in _process_rule
    self.process_rule(And(*[Not(barg) for barg in b.args]), Not(a))
    ~~~~~~~~~~~~~~~~~^^^^^^^^^^^^^^^^^^^^^^^^^^^^^^^^^^^^^^^^^^^^^^
  File "D:\CantorAI\xlang3\venv\cpython3.14-a6792301b742-compat-31b33d68c68a\Lib\site-packages\sympy\core\facts.py", line 321, in process_rule
    self._process_rule(a, b)
    ~~~~~~~~~~~~~~~~~~^^^^^^
  File "D:\CantorAI\xlang3\venv\cpython3.14-a6792301b742-compat-31b33d68c68a\Lib\site-packages\sympy\core\facts.py", line 343, in _process_rule
    self.process_rule(And(*[Not(barg) for barg in b.args]), Not(a))
    ~~~~~~~~~~~~~~~~~^^^^^^^^^^^^^^^^^^^^^^^^^^^^^^^^^^^^^^^^^^^^^^
  File "D:\CantorAI\xlang3\venv\cpython3.14-a6792301b742-compat-31b33d68c68a\Lib\site-packages\sympy\core\facts.py", line 321, in process_rule
    self._process_rule(a, b)
    ~~~~~~~~~~~~~~~~~~^^^^^^
  File "D:\CantorAI\xlang3\venv\cpython3.14-a6792301b742-compat-31b33d68c68a\Lib\site-packages\sympy\core\facts.py", line 343, in _process_rule
    self.process_rule(And(*[Not(barg) for barg in b.args]), Not(a))
    ~~~~~~~~~~~~~~~~~^^^^^^^^^^^^^^^^^^^^^^^^^^^^^^^^^^^^^^^^^^^^^^
  File "D:\CantorAI\xlang3\venv\cpython3.14-a6792301b742-compat-31b33d68c68a\Lib\site-packages\sympy\core\facts.py", line 321, in process_rule
    self._process_rule(a, b)
    ~~~~~~~~~~~~~~~~~~^^^^^^
  File "D:\CantorAI\xlang3\venv\cpython3.14-a6792301b742-compat-31b33d68c68a\Lib\site-packages\sympy\core\facts.py", line 343, in _process_rule
    self.process_rule(And(*[Not(barg) for barg in b.args]), Not(a))
    ~~~~~~~~~~~~~~~~~^^^^^^^^^^^^^^^^^^^^^^^^^^^^^^^^^^^^^^^^^^^^^^
  File "D:\CantorAI\xlang3\venv\cpython3.14-a6792301b742-compat-31b33d68c68a\Lib\site-packages\sympy\core\facts.py", line 321, in process_rule
    self._process_rule(a, b)
    ~~~~~~~~~~~~~~~~~~^^^^^^
  File "D:\CantorAI\xlang3\venv\cpython3.14-a6792301b742-compat-31b33d68c68a\Lib\site-packages\sympy\core\facts.py", line 343, in _process_rule
    self.process_rule(And(*[Not(barg) for barg in b.args]), Not(a))
    ~~~~~~~~~~~~~~~~~^^^^^^^^^^^^^^^^^^^^^^^^^^^^^^^^^^^^^^^^^^^^^^
  File "D:\CantorAI\xlang3\venv\cpython3.14-a6792301b742-compat-31b33d68c68a\Lib\site-packages\sympy\core\facts.py", line 321, in process_rule
    self._process_rule(a, b)
    ~~~~~~~~~~~~~~~~~~^^^^^^
  File "D:\CantorAI\xlang3\venv\cpython3.14-a6792301b742-compat-31b33d68c68a\Lib\site-packages\sympy\core\facts.py", line 343, in _process_rule
    self.process_rule(And(*[Not(barg) for barg in b.args]), Not(a))
    ~~~~~~~~~~~~~~~~~^^^^^^^^^^^^^^^^^^^^^^^^^^^^^^^^^^^^^^^^^^^^^^
  File "D:\CantorAI\xlang3\venv\cpython3.14-a6792301b742-compat-31b33d68c68a\Lib\site-packages\sympy\core\facts.py", line 321, in process_rule
    self._process_rule(a, b)
    ~~~~~~~~~~~~~~~~~~^^^^^^
  File "D:\CantorAI\xlang3\venv\cpython3.14-a6792301b742-compat-31b33d68c68a\Lib\site-packages\sympy\core\facts.py", line 343, in _process_rule
    self.process_rule(And(*[Not(barg) for barg in b.args]), Not(a))
    ~~~~~~~~~~~~~~~~~^^^^^^^^^^^^^^^^^^^^^^^^^^^^^^^^^^^^^^^^^^^^^^
  File "D:\CantorAI\xlang3\venv\cpython3.14-a6792301b742-compat-31b33d68c68a\Lib\site-packages\sympy\core\facts.py", line 321, in process_rule
    self._process_rule(a, b)
    ~~~~~~~~~~~~~~~~~~^^^^^^
  File "D:\CantorAI\xlang3\venv\cpython3.14-a6792301b742-compat-31b33d68c68a\Lib\site-packages\sympy\core\facts.py", line 343, in _process_rule
    self.process_rule(And(*[Not(barg) for barg in b.args]), Not(a))
    ~~~~~~~~~~~~~~~~~^^^^^^^^^^^^^^^^^^^^^^^^^^^^^^^^^^^^^^^^^^^^^^
  File "D:\CantorAI\xlang3\venv\cpython3.14-a6792301b742-compat-31b33d68c68a\Lib\site-packages\sympy\core\facts.py", line 321, in process_rule
    self._process_rule(a, b)
    ~~~~~~~~~~~~~~~~~~^^^^^^
  File "D:\CantorAI\xlang3\venv\cpython3.14-a6792301b742-compat-31b33d68c68a\Lib\site-packages\sympy\core\facts.py", line 343, in _process_rule
    self.process_rule(And(*[Not(barg) for barg in b.args]), Not(a))
    ~~~~~~~~~~~~~~~~~^^^^^^^^^^^^^^^^^^^^^^^^^^^^^^^^^^^^^^^^^^^^^^
  File "D:\CantorAI\xlang3\venv\cpython3.14-a6792301b742-compat-31b33d68c68a\Lib\site-packages\sympy\core\facts.py", line 321, in process_rule
    self._process_rule(a, b)
    ~~~~~~~~~~~~~~~~~~^^^^^^
  File "D:\CantorAI\xlang3\venv\cpython3.14-a6792301b742-compat-31b33d68c68a\Lib\site-packages\sympy\core\facts.py", line 343, in _process_rule
    self.process_rule(And(*[Not(barg) for barg in b.args]), Not(a))
    ~~~~~~~~~~~~~~~~~^^^^^^^^^^^^^^^^^^^^^^^^^^^^^^^^^^^^^^^^^^^^^^
  File "D:\CantorAI\xlang3\venv\cpython3.14-a6792301b742-compat-31b33d68c68a\Lib\site-packages\sympy\core\facts.py", line 321, in process_rule
    self._process_rule(a, b)
    ~~~~~~~~~~~~~~~~~~^^^^^^
  File "D:\CantorAI\xlang3\venv\cpython3.14-a6792301b742-compat-31b33d68c68a\Lib\site-packages\sympy\core\facts.py", line 343, in _process_rule
    self.process_rule(And(*[Not(barg) for barg in b.args]), Not(a))
    ~~~~~~~~~~~~~~~~~^^^^^^^^^^^^^^^^^^^^^^^^^^^^^^^^^^^^^^^^^^^^^^
  File "D:\CantorAI\xlang3\venv\cpython3.14-a6792301b742-compat-31b33d68c68a\Lib\site-packages\sympy\core\facts.py", line 321, in process_rule
    self._process_rule(a, b)
    ~~~~~~~~~~~~~~~~~~^^^^^^
  File "D:\CantorAI\xlang3\venv\cpython3.14-a6792301b742-compat-31b33d68c68a\Lib\site-packages\sympy\core\facts.py", line 343, in _process_rule
    self.process_rule(And(*[Not(barg) for barg in b.args]), Not(a))
    ~~~~~~~~~~~~~~~~~^^^^^^^^^^^^^^^^^^^^^^^^^^^^^^^^^^^^^^^^^^^^^^
  File "D:\CantorAI\xlang3\venv\cpython3.14-a6792301b742-compat-31b33d68c68a\Lib\site-packages\sympy\core\facts.py", line 321, in process_rule
    self._process_rule(a, b)
    ~~~~~~~~~~~~~~~~~~^^^^^^
  File "D:\CantorAI\xlang3\venv\cpython3.14-a6792301b742-compat-31b33d68c68a\Lib\site-packages\sympy\core\facts.py", line 343, in _process_rule
    self.process_rule(And(*[Not(barg) for barg in b.args]), Not(a))
    ~~~~~~~~~~~~~~~~~^^^^^^^^^^^^^^^^^^^^^^^^^^^^^^^^^^^^^^^^^^^^^^
  File "D:\CantorAI\xlang3\venv\cpython3.14-a6792301b742-compat-31b33d68c68a\Lib\site-packages\sympy\core\facts.py", line 321, in process_rule
    self._process_rule(a, b)
    ~~~~~~~~~~~~~~~~~~^^^^^^
  File "D:\CantorAI\xlang3\venv\cpython3.14-a6792301b742-compat-31b33d68c68a\Lib\site-packages\sympy\core\facts.py", line 343, in _process_rule
    self.process_rule(And(*[Not(barg) for barg in b.args]), Not(a))
    ~~~~~~~~~~~~~~~~~^^^^^^^^^^^^^^^^^^^^^^^^^^^^^^^^^^^^^^^^^^^^^^
  File "D:\CantorAI\xlang3\venv\cpython3.14-a6792301b742-compat-31b33d68c68a\Lib\site-packages\sympy\core\facts.py", line 321, in process_rule
    self._process_rule(a, b)
    ~~~~~~~~~~~~~~~~~~^^^^^^
  File "D:\CantorAI\xlang3\venv\cpython3.14-a6792301b742-compat-31b33d68c68a\Lib\site-packages\sympy\core\facts.py", line 343, in _process_rule
    self.process_rule(And(*[Not(barg) for barg in b.args]), Not(a))
    ~~~~~~~~~~~~~~~~~^^^^^^^^^^^^^^^^^^^^^^^^^^^^^^^^^^^^^^^^^^^^^^
  File "D:\CantorAI\xlang3\venv\cpython3.14-a6792301b742-compat-31b33d68c68a\Lib\site-packages\sympy\core\facts.py", line 321, in process_rule
    self._process_rule(a, b)
    ~~~~~~~~~~~~~~~~~~^^^^^^
  File "D:\CantorAI\xlang3\venv\cpython3.14-a6792301b742-compat-31b33d68c68a\Lib\site-packages\sympy\core\facts.py", line 343, in _process_rule
    self.process_rule(And(*[Not(barg) for barg in b.args]), Not(a))
    ~~~~~~~~~~~~~~~~~^^^^^^^^^^^^^^^^^^^^^^^^^^^^^^^^^^^^^^^^^^^^^^
  File "D:\CantorAI\xlang3\venv\cpython3.14-a6792301b742-compat-31b33d68c68a\Lib\site-packages\sympy\core\facts.py", line 321, in process_rule
    self._process_rule(a, b)
    ~~~~~~~~~~~~~~~~~~^^^^^^
  File "D:\CantorAI\xlang3\venv\cpython3.14-a6792301b742-compat-31b33d68c68a\Lib\site-packages\sympy\core\facts.py", line 343, in _process_rule
    self.process_rule(And(*[Not(barg) for barg in b.args]), Not(a))
    ~~~~~~~~~~~~~~~~~^^^^^^^^^^^^^^^^^^^^^^^^^^^^^^^^^^^^^^^^^^^^^^
  File "D:\CantorAI\xlang3\venv\cpython3.14-a6792301b742-compat-31b33d68c68a\Lib\site-packages\sympy\core\facts.py", line 321, in process_rule
    self._process_rule(a, b)
    ~~~~~~~~~~~~~~~~~~^^^^^^
  File "D:\CantorAI\xlang3\venv\cpython3.14-a6792301b742-compat-31b33d68c68a\Lib\site-packages\sympy\core\facts.py", line 343, in _process_rule
    self.process_rule(And(*[Not(barg) for barg in b.args]), Not(a))
    ~~~~~~~~~~~~~~~~~^^^^^^^^^^^^^^^^^^^^^^^^^^^^^^^^^^^^^^^^^^^^^^
  File "D:\CantorAI\xlang3\venv\cpython3.14-a6792301b742-compat-31b33d68c68a\Lib\site-packages\sympy\core\facts.py", line 321, in process_rule
    self._process_rule(a, b)
    ~~~~~~~~~~~~~~~~~~^^^^^^
  File "D:\CantorAI\xlang3\venv\cpython3.14-a6792301b742-compat-31b33d68c68a\Lib\site-packages\sympy\core\facts.py", line 343, in _process_rule
    self.process_rule(And(*[Not(barg) for barg in b.args]), Not(a))
    ~~~~~~~~~~~~~~~~~^^^^^^^^^^^^^^^^^^^^^^^^^^^^^^^^^^^^^^^^^^^^^^
  File "D:\CantorAI\xlang3\venv\cpython3.14-a6792301b742-compat-31b33d68c68a\Lib\site-packages\sympy\core\facts.py", line 321, in process_rule
    self._process_rule(a, b)
    ~~~~~~~~~~~~~~~~~~^^^^^^
  File "D:\CantorAI\xlang3\venv\cpython3.14-a6792301b742-compat-31b33d68c68a\Lib\site-packages\sympy\core\facts.py", line 343, in _process_rule
    self.process_rule(And(*[Not(barg) for barg in b.args]), Not(a))
    ~~~~~~~~~~~~~~~~~^^^^^^^^^^^^^^^^^^^^^^^^^^^^^^^^^^^^^^^^^^^^^^
  File "D:\CantorAI\xlang3\venv\cpython3.14-a6792301b742-compat-31b33d68c68a\Lib\site-packages\sympy\core\facts.py", line 321, in process_rule
    self._process_rule(a, b)
    ~~~~~~~~~~~~~~~~~~^^^^^^
  File "D:\CantorAI\xlang3\venv\cpython3.14-a6792301b742-compat-31b33d68c68a\Lib\site-packages\sympy\core\facts.py", line 343, in _process_rule
    self.process_rule(And(*[Not(barg) for barg in b.args]), Not(a))
    ~~~~~~~~~~~~~~~~~^^^^^^^^^^^^^^^^^^^^^^^^^^^^^^^^^^^^^^^^^^^^^^
  File "D:\CantorAI\xlang3\venv\cpython3.14-a6792301b742-compat-31b33d68c68a\Lib\site-packages\sympy\core\facts.py", line 321, in process_rule
    self._process_rule(a, b)
    ~~~~~~~~~~~~~~~~~~^^^^^^
  File "D:\CantorAI\xlang3\venv\cpython3.14-a6792301b742-compat-31b33d68c68a\Lib\site-packages\sympy\core\facts.py", line 343, in _process_rule
    self.process_rule(And(*[Not(barg) for barg in b.args]), Not(a))
    ~~~~~~~~~~~~~~~~~^^^^^^^^^^^^^^^^^^^^^^^^^^^^^^^^^^^^^^^^^^^^^^
  File "D:\CantorAI\xlang3\venv\cpython3.14-a6792301b742-compat-31b33d68c68a\Lib\site-packages\sympy\core\facts.py", line 321, in process_rule
    self._process_rule(a, b)
    ~~~~~~~~~~~~~~~~~~^^^^^^
  File "D:\CantorAI\xlang3\venv\cpython3.14-a6792301b742-compat-31b33d68c68a\Lib\site-packages\sympy\core\facts.py", line 343, in _process_rule
    self.process_rule(And(*[Not(barg) for barg in b.args]), Not(a))
    ~~~~~~~~~~~~~~~~~^^^^^^^^^^^^^^^^^^^^^^^^^^^^^^^^^^^^^^^^^^^^^^
  File "D:\CantorAI\xlang3\venv\cpython3.14-a6792301b742-compat-31b33d68c68a\Lib\site-packages\sympy\core\facts.py", line 321, in process_rule
    self._process_rule(a, b)
    ~~~~~~~~~~~~~~~~~~^^^^^^
  File "D:\CantorAI\xlang3\venv\cpython3.14-a6792301b742-compat-31b33d68c68a\Lib\site-packages\sympy\core\facts.py", line 343, in _process_rule
    self.process_rule(And(*[Not(barg) for barg in b.args]), Not(a))
    ~~~~~~~~~~~~~~~~~^^^^^^^^^^^^^^^^^^^^^^^^^^^^^^^^^^^^^^^^^^^^^^
  File "D:\CantorAI\xlang3\venv\cpython3.14-a6792301b742-compat-31b33d68c68a\Lib\site-packages\sympy\core\facts.py", line 321, in process_rule
    self._process_rule(a, b)
    ~~~~~~~~~~~~~~~~~~^^^^^^
  File "D:\CantorAI\xlang3\venv\cpython3.14-a6792301b742-compat-31b33d68c68a\Lib\site-packages\sympy\core\facts.py", line 343, in _process_rule
    self.process_rule(And(*[Not(barg) for barg in b.args]), Not(a))
    ~~~~~~~~~~~~~~~~~^^^^^^^^^^^^^^^^^^^^^^^^^^^^^^^^^^^^^^^^^^^^^^
  File "D:\CantorAI\xlang3\venv\cpython3.14-a6792301b742-compat-31b33d68c68a\Lib\site-packages\sympy\core\facts.py", line 321, in process_rule
    self._process_rule(a, b)
    ~~~~~~~~~~~~~~~~~~^^^^^^
  File "D:\CantorAI\xlang3\venv\cpython3.14-a6792301b742-compat-31b33d68c68a\Lib\site-packages\sympy\core\facts.py", line 343, in _process_rule
    self.process_rule(And(*[Not(barg) for barg in b.args]), Not(a))
    ~~~~~~~~~~~~~~~~~^^^^^^^^^^^^^^^^^^^^^^^^^^^^^^^^^^^^^^^^^^^^^^
  File "D:\CantorAI\xlang3\venv\cpython3.14-a6792301b742-compat-31b33d68c68a\Lib\site-packages\sympy\core\facts.py", line 321, in process_rule
    self._process_rule(a, b)
    ~~~~~~~~~~~~~~~~~~^^^^^^
  File "D:\CantorAI\xlang3\venv\cpython3.14-a6792301b742-compat-31b33d68c68a\Lib\site-packages\sympy\core\facts.py", line 343, in _process_rule
    self.process_rule(And(*[Not(barg) for barg in b.args]), Not(a))
    ~~~~~~~~~~~~~~~~~^^^^^^^^^^^^^^^^^^^^^^^^^^^^^^^^^^^^^^^^^^^^^^
  File "D:\CantorAI\xlang3\venv\cpython3.14-a6792301b742-compat-31b33d68c68a\Lib\site-packages\sympy\core\facts.py", line 321, in process_rule
    self._process_rule(a, b)
    ~~~~~~~~~~~~~~~~~~^^^^^^
  File "D:\CantorAI\xlang3\venv\cpython3.14-a6792301b742-compat-31b33d68c68a\Lib\site-packages\sympy\core\facts.py", line 343, in _process_rule
    self.process_rule(And(*[Not(barg) for barg in b.args]), Not(a))
    ~~~~~~~~~~~~~~~~~^^^^^^^^^^^^^^^^^^^^^^^^^^^^^^^^^^^^^^^^^^^^^^
  File "D:\CantorAI\xlang3\venv\cpython3.14-a6792301b742-compat-31b33d68c68a\Lib\site-packages\sympy\core\facts.py", line 321, in process_rule
    self._process_rule(a, b)
    ~~~~~~~~~~~~~~~~~~^^^^^^
  File "D:\CantorAI\xlang3\venv\cpython3.14-a6792301b742-compat-31b33d68c68a\Lib\site-packages\sympy\core\facts.py", line 343, in _process_rule
    self.process_rule(And(*[Not(barg) for barg in b.args]), Not(a))
    ~~~~~~~~~~~~~~~~~^^^^^^^^^^^^^^^^^^^^^^^^^^^^^^^^^^^^^^^^^^^^^^
  File "D:\CantorAI\xlang3\venv\cpython3.14-a6792301b742-compat-31b33d68c68a\Lib\site-packages\sympy\core\facts.py", line 321, in process_rule
    self._process_rule(a, b)
    ~~~~~~~~~~~~~~~~~~^^^^^^
  File "D:\CantorAI\xlang3\venv\cpython3.14-a6792301b742-compat-31b33d68c68a\Lib\site-packages\sympy\core\facts.py", line 343, in _process_rule
    self.process_rule(And(*[Not(barg) for barg in b.args]), Not(a))
    ~~~~~~~~~~~~~~~~~^^^^^^^^^^^^^^^^^^^^^^^^^^^^^^^^^^^^^^^^^^^^^^
  File "D:\CantorAI\xlang3\venv\cpython3.14-a6792301b742-compat-31b33d68c68a\Lib\site-packages\sympy\core\facts.py", line 321, in process_rule
    self._process_rule(a, b)
    ~~~~~~~~~~~~~~~~~~^^^^^^
  File "D:\CantorAI\xlang3\venv\cpython3.14-a6792301b742-compat-31b33d68c68a\Lib\site-packages\sympy\core\facts.py", line 343, in _process_rule
    self.process_rule(And(*[Not(barg) for barg in b.args]), Not(a))
    ~~~~~~~~~~~~~~~~~^^^^^^^^^^^^^^^^^^^^^^^^^^^^^^^^^^^^^^^^^^^^^^
  File "D:\CantorAI\xlang3\venv\cpython3.14-a6792301b742-compat-31b33d68c68a\Lib\site-packages\sympy\core\facts.py", line 321, in process_rule
    self._process_rule(a, b)
    ~~~~~~~~~~~~~~~~~~^^^^^^
  File "D:\CantorAI\xlang3\venv\cpython3.14-a6792301b742-compat-31b33d68c68a\Lib\site-packages\sympy\core\facts.py", line 343, in _process_rule
    self.process_rule(And(*[Not(barg) for barg in b.args]), Not(a))
    ~~~~~~~~~~~~~~~~~^^^^^^^^^^^^^^^^^^^^^^^^^^^^^^^^^^^^^^^^^^^^^^
  File "D:\CantorAI\xlang3\venv\cpython3.14-a6792301b742-compat-31b33d68c68a\Lib\site-packages\sympy\core\facts.py", line 321, in process_rule
    self._process_rule(a, b)
    ~~~~~~~~~~~~~~~~~~^^^^^^
  File "D:\CantorAI\xlang3\venv\cpython3.14-a6792301b742-compat-31b33d68c68a\Lib\site-packages\sympy\core\facts.py", line 343, in _process_rule
    self.process_rule(And(*[Not(barg) for barg in b.args]), Not(a))
    ~~~~~~~~~~~~~~~~~^^^^^^^^^^^^^^^^^^^^^^^^^^^^^^^^^^^^^^^^^^^^^^
  File "D:\CantorAI\xlang3\venv\cpython3.14-a6792301b742-compat-31b33d68c68a\Lib\site-packages\sympy\core\facts.py", line 321, in process_rule
    self._process_rule(a, b)
    ~~~~~~~~~~~~~~~~~~^^^^^^
  File "D:\CantorAI\xlang3\venv\cpython3.14-a6792301b742-compat-31b33d68c68a\Lib\site-packages\sympy\core\facts.py", line 343, in _process_rule
    self.process_rule(And(*[Not(barg) for barg in b.args]), Not(a))
    ~~~~~~~~~~~~~~~~~^^^^^^^^^^^^^^^^^^^^^^^^^^^^^^^^^^^^^^^^^^^^^^
  File "D:\CantorAI\xlang3\venv\cpython3.14-a6792301b742-compat-31b33d68c68a\Lib\site-packages\sympy\core\facts.py", line 321, in process_rule
    self._process_rule(a, b)
    ~~~~~~~~~~~~~~~~~~^^^^^^
  File "D:\CantorAI\xlang3\venv\cpython3.14-a6792301b742-compat-31b33d68c68a\Lib\site-packages\sympy\core\facts.py", line 343, in _process_rule
    self.process_rule(And(*[Not(barg) for barg in b.args]), Not(a))
    ~~~~~~~~~~~~~~~~~^^^^^^^^^^^^^^^^^^^^^^^^^^^^^^^^^^^^^^^^^^^^^^
  File "D:\CantorAI\xlang3\venv\cpython3.14-a6792301b742-compat-31b33d68c68a\Lib\site-packages\sympy\core\facts.py", line 321, in process_rule
    self._process_rule(a, b)
    ~~~~~~~~~~~~~~~~~~^^^^^^
  File "D:\CantorAI\xlang3\venv\cpython3.14-a6792301b742-compat-31b33d68c68a\Lib\site-packages\sympy\core\facts.py", line 343, in _process_rule
    self.process_rule(And(*[Not(barg) for barg in b.args]), Not(a))
    ~~~~~~~~~~~~~~~~~^^^^^^^^^^^^^^^^^^^^^^^^^^^^^^^^^^^^^^^^^^^^^^
  File "D:\CantorAI\xlang3\venv\cpython3.14-a6792301b742-compat-31b33d68c68a\Lib\site-packages\sympy\core\facts.py", line 321, in process_rule
    self._process_rule(a, b)
    ~~~~~~~~~~~~~~~~~~^^^^^^
  File "D:\CantorAI\xlang3\venv\cpython3.14-a6792301b742-compat-31b33d68c68a\Lib\site-packages\sympy\core\facts.py", line 343, in _process_rule
    self.process_rule(And(*[Not(barg) for barg in b.args]), Not(a))
    ~~~~~~~~~~~~~~~~~^^^^^^^^^^^^^^^^^^^^^^^^^^^^^^^^^^^^^^^^^^^^^^
  File "D:\CantorAI\xlang3\venv\cpython3.14-a6792301b742-compat-31b33d68c68a\Lib\site-packages\sympy\core\facts.py", line 321, in process_rule
    self._process_rule(a, b)
    ~~~~~~~~~~~~~~~~~~^^^^^^
  File "D:\CantorAI\xlang3\venv\cpython3.14-a6792301b742-compat-31b33d68c68a\Lib\site-packages\sympy\core\facts.py", line 343, in _process_rule
    self.process_rule(And(*[Not(barg) for barg in b.args]), Not(a))
    ~~~~~~~~~~~~~~~~~^^^^^^^^^^^^^^^^^^^^^^^^^^^^^^^^^^^^^^^^^^^^^^
  File "D:\CantorAI\xlang3\venv\cpython3.14-a6792301b742-compat-31b33d68c68a\Lib\site-packages\sympy\core\facts.py", line 321, in process_rule
    self._process_rule(a, b)
    ~~~~~~~~~~~~~~~~~~^^^^^^
  File "D:\CantorAI\xlang3\venv\cpython3.14-a6792301b742-compat-31b33d68c68a\Lib\site-packages\sympy\core\facts.py", line 343, in _process_rule
    self.process_rule(And(*[Not(barg) for barg in b.args]), Not(a))
    ~~~~~~~~~~~~~~~~~^^^^^^^^^^^^^^^^^^^^^^^^^^^^^^^^^^^^^^^^^^^^^^
  File "D:\CantorAI\xlang3\venv\cpython3.14-a6792301b742-compat-31b33d68c68a\Lib\site-packages\sympy\core\facts.py", line 321, in process_rule
    self._process_rule(a, b)
    ~~~~~~~~~~~~~~~~~~^^^^^^
  File "D:\CantorAI\xlang3\venv\cpython3.14-a6792301b742-compat-31b33d68c68a\Lib\site-packages\sympy\core\facts.py", line 343, in _process_rule
    self.process_rule(And(*[Not(barg) for barg in b.args]), Not(a))
    ~~~~~~~~~~~~~~~~~^^^^^^^^^^^^^^^^^^^^^^^^^^^^^^^^^^^^^^^^^^^^^^
  File "D:\CantorAI\xlang3\venv\cpython3.14-a6792301b742-compat-31b33d68c68a\Lib\site-packages\sympy\core\facts.py", line 321, in process_rule
    self._process_rule(a, b)
    ~~~~~~~~~~~~~~~~~~^^^^^^
  File "D:\CantorAI\xlang3\venv\cpython3.14-a6792301b742-compat-31b33d68c68a\Lib\site-packages\sympy\core\facts.py", line 343, in _process_rule
    self.process_rule(And(*[Not(barg) for barg in b.args]), Not(a))
    ~~~~~~~~~~~~~~~~~^^^^^^^^^^^^^^^^^^^^^^^^^^^^^^^^^^^^^^^^^^^^^^
  File "D:\CantorAI\xlang3\venv\cpython3.14-a6792301b742-compat-31b33d68c68a\Lib\site-packages\sympy\core\facts.py", line 321, in process_rule
    self._process_rule(a, b)
    ~~~~~~~~~~~~~~~~~~^^^^^^
  File "D:\CantorAI\xlang3\venv\cpython3.14-a6792301b742-compat-31b33d68c68a\Lib\site-packages\sympy\core\facts.py", line 343, in _process_rule
    self.process_rule(And(*[Not(barg) for barg in b.args]), Not(a))
    ~~~~~~~~~~~~~~~~~^^^^^^^^^^^^^^^^^^^^^^^^^^^^^^^^^^^^^^^^^^^^^^
  File "D:\CantorAI\xlang3\venv\cpython3.14-a6792301b742-compat-31b33d68c68a\Lib\site-packages\sympy\core\facts.py", line 321, in process_rule
    self._process_rule(a, b)
    ~~~~~~~~~~~~~~~~~~^^^^^^
  File "D:\CantorAI\xlang3\venv\cpython3.14-a6792301b742-compat-31b33d68c68a\Lib\site-packages\sympy\core\facts.py", line 343, in _process_rule
    self.process_rule(And(*[Not(barg) for barg in b.args]), Not(a))
    ~~~~~~~~~~~~~~~~~^^^^^^^^^^^^^^^^^^^^^^^^^^^^^^^^^^^^^^^^^^^^^^
  File "D:\CantorAI\xlang3\venv\cpython3.14-a6792301b742-compat-31b33d68c68a\Lib\site-packages\sympy\core\facts.py", line 321, in process_rule
    self._process_rule(a, b)
    ~~~~~~~~~~~~~~~~~~^^^^^^
  File "D:\CantorAI\xlang3\venv\cpython3.14-a6792301b742-compat-31b33d68c68a\Lib\site-packages\sympy\core\facts.py", line 343, in _process_rule
    self.process_rule(And(*[Not(barg) for barg in b.args]), Not(a))
    ~~~~~~~~~~~~~~~~~^^^^^^^^^^^^^^^^^^^^^^^^^^^^^^^^^^^^^^^^^^^^^^
  File "D:\CantorAI\xlang3\venv\cpython3.14-a6792301b742-compat-31b33d68c68a\Lib\site-packages\sympy\core\facts.py", line 321, in process_rule
    self._process_rule(a, b)
    ~~~~~~~~~~~~~~~~~~^^^^^^
  File "D:\CantorAI\xlang3\venv\cpython3.14-a6792301b742-compat-31b33d68c68a\Lib\site-packages\sympy\core\facts.py", line 343, in _process_rule
    self.process_rule(And(*[Not(barg) for barg in b.args]), Not(a))
    ~~~~~~~~~~~~~~~~~^^^^^^^^^^^^^^^^^^^^^^^^^^^^^^^^^^^^^^^^^^^^^^
  File "D:\CantorAI\xlang3\venv\cpython3.14-a6792301b742-compat-31b33d68c68a\Lib\site-packages\sympy\core\facts.py", line 321, in process_rule
    self._process_rule(a, b)
    ~~~~~~~~~~~~~~~~~~^^^^^^
  File "D:\CantorAI\xlang3\venv\cpython3.14-a6792301b742-compat-31b33d68c68a\Lib\site-packages\sympy\core\facts.py", line 343, in _process_rule
    self.process_rule(And(*[Not(barg) for barg in b.args]), Not(a))
    ~~~~~~~~~~~~~~~~~^^^^^^^^^^^^^^^^^^^^^^^^^^^^^^^^^^^^^^^^^^^^^^
  File "D:\CantorAI\xlang3\venv\cpython3.14-a6792301b742-compat-31b33d68c68a\Lib\site-packages\sympy\core\facts.py", line 321, in process_rule
    self._process_rule(a, b)
    ~~~~~~~~~~~~~~~~~~^^^^^^
  File "D:\CantorAI\xlang3\venv\cpython3.14-a6792301b742-compat-31b33d68c68a\Lib\site-packages\sympy\core\facts.py", line 343, in _process_rule
    self.process_rule(And(*[Not(barg) for barg in b.args]), Not(a))
    ~~~~~~~~~~~~~~~~~^^^^^^^^^^^^^^^^^^^^^^^^^^^^^^^^^^^^^^^^^^^^^^
  File "D:\CantorAI\xlang3\venv\cpython3.14-a6792301b742-compat-31b33d68c68a\Lib\site-packages\sympy\core\facts.py", line 321, in process_rule
    self._process_rule(a, b)
    ~~~~~~~~~~~~~~~~~~^^^^^^
  File "D:\CantorAI\xlang3\venv\cpython3.14-a6792301b742-compat-31b33d68c68a\Lib\site-packages\sympy\core\facts.py", line 343, in _process_rule
    self.process_rule(And(*[Not(barg) for barg in b.args]), Not(a))
    ~~~~~~~~~~~~~~~~~^^^^^^^^^^^^^^^^^^^^^^^^^^^^^^^^^^^^^^^^^^^^^^
  File "D:\CantorAI\xlang3\venv\cpython3.14-a6792301b742-compat-31b33d68c68a\Lib\site-packages\sympy\core\facts.py", line 321, in process_rule
    self._process_rule(a, b)
    ~~~~~~~~~~~~~~~~~~^^^^^^
  File "D:\CantorAI\xlang3\venv\cpython3.14-a6792301b742-compat-31b33d68c68a\Lib\site-packages\sympy\core\facts.py", line 343, in _process_rule
    self.process_rule(And(*[Not(barg) for barg in b.args]), Not(a))
    ~~~~~~~~~~~~~~~~~^^^^^^^^^^^^^^^^^^^^^^^^^^^^^^^^^^^^^^^^^^^^^^
  File "D:\CantorAI\xlang3\venv\cpython3.14-a6792301b742-compat-31b33d68c68a\Lib\site-packages\sympy\core\facts.py", line 321, in process_rule
    self._process_rule(a, b)
    ~~~~~~~~~~~~~~~~~~^^^^^^
  File "D:\CantorAI\xlang3\venv\cpython3.14-a6792301b742-compat-31b33d68c68a\Lib\site-packages\sympy\core\facts.py", line 343, in _process_rule
    self.process_rule(And(*[Not(barg) for barg in b.args]), Not(a))
    ~~~~~~~~~~~~~~~~~^^^^^^^^^^^^^^^^^^^^^^^^^^^^^^^^^^^^^^^^^^^^^^
  File "D:\CantorAI\xlang3\venv\cpython3.14-a6792301b742-compat-31b33d68c68a\Lib\site-packages\sympy\core\facts.py", line 321, in process_rule
    self._process_rule(a, b)
    ~~~~~~~~~~~~~~~~~~^^^^^^
  File "D:\CantorAI\xlang3\venv\cpython3.14-a6792301b742-compat-31b33d68c68a\Lib\site-packages\sympy\core\facts.py", line 343, in _process_rule
    self.process_rule(And(*[Not(barg) for barg in b.args]), Not(a))
    ~~~~~~~~~~~~~~~~~^^^^^^^^^^^^^^^^^^^^^^^^^^^^^^^^^^^^^^^^^^^^^^
  File "D:\CantorAI\xlang3\venv\cpython3.14-a6792301b742-compat-31b33d68c68a\Lib\site-packages\sympy\core\facts.py", line 321, in process_rule
    self._process_rule(a, b)
    ~~~~~~~~~~~~~~~~~~^^^^^^
  File "D:\CantorAI\xlang3\venv\cpython3.14-a6792301b742-compat-31b33d68c68a\Lib\site-packages\sympy\core\facts.py", line 343, in _process_rule
    self.process_rule(And(*[Not(barg) for barg in b.args]), Not(a))
    ~~~~~~~~~~~~~~~~~^^^^^^^^^^^^^^^^^^^^^^^^^^^^^^^^^^^^^^^^^^^^^^
  File "D:\CantorAI\xlang3\venv\cpython3.14-a6792301b742-compat-31b33d68c68a\Lib\site-packages\sympy\core\facts.py", line 321, in process_rule
    self._process_rule(a, b)
    ~~~~~~~~~~~~~~~~~~^^^^^^
  File "D:\CantorAI\xlang3\venv\cpython3.14-a6792301b742-compat-31b33d68c68a\Lib\site-packages\sympy\core\facts.py", line 343, in _process_rule
    self.process_rule(And(*[Not(barg) for barg in b.args]), Not(a))
    ~~~~~~~~~~~~~~~~~^^^^^^^^^^^^^^^^^^^^^^^^^^^^^^^^^^^^^^^^^^^^^^
  File "D:\CantorAI\xlang3\venv\cpython3.14-a6792301b742-compat-31b33d68c68a\Lib\site-packages\sympy\core\facts.py", line 321, in process_rule
    self._process_rule(a, b)
    ~~~~~~~~~~~~~~~~~~^^^^^^
  File "D:\CantorAI\xlang3\venv\cpython3.14-a6792301b742-compat-31b33d68c68a\Lib\site-packages\sympy\core\facts.py", line 343, in _process_rule
    self.process_rule(And(*[Not(barg) for barg in b.args]), Not(a))
    ~~~~~~~~~~~~~~~~~^^^^^^^^^^^^^^^^^^^^^^^^^^^^^^^^^^^^^^^^^^^^^^
  File "D:\CantorAI\xlang3\venv\cpython3.14-a6792301b742-compat-31b33d68c68a\Lib\site-packages\sympy\core\facts.py", line 321, in process_rule
    self._process_rule(a, b)
    ~~~~~~~~~~~~~~~~~~^^^^^^
  File "D:\CantorAI\xlang3\venv\cpython3.14-a6792301b742-compat-31b33d68c68a\Lib\site-packages\sympy\core\facts.py", line 343, in _process_rule
    self.process_rule(And(*[Not(barg) for barg in b.args]), Not(a))
    ~~~~~~~~~~~~~~~~~^^^^^^^^^^^^^^^^^^^^^^^^^^^^^^^^^^^^^^^^^^^^^^
  File "D:\CantorAI\xlang3\venv\cpython3.14-a6792301b742-compat-31b33d68c68a\Lib\site-packages\sympy\core\facts.py", line 321, in process_rule
    self._process_rule(a, b)
    ~~~~~~~~~~~~~~~~~~^^^^^^
  File "D:\CantorAI\xlang3\venv\cpython3.14-a6792301b742-compat-31b33d68c68a\Lib\site-packages\sympy\core\facts.py", line 343, in _process_rule
    self.process_rule(And(*[Not(barg) for barg in b.args]), Not(a))
    ~~~~~~~~~~~~~~~~~^^^^^^^^^^^^^^^^^^^^^^^^^^^^^^^^^^^^^^^^^^^^^^
  File "D:\CantorAI\xlang3\venv\cpython3.14-a6792301b742-compat-31b33d68c68a\Lib\site-packages\sympy\core\facts.py", line 321, in process_rule
    self._process_rule(a, b)
    ~~~~~~~~~~~~~~~~~~^^^^^^
  File "D:\CantorAI\xlang3\venv\cpython3.14-a6792301b742-compat-31b33d68c68a\Lib\site-packages\sympy\core\facts.py", line 343, in _process_rule
    self.process_rule(And(*[Not(barg) for barg in b.args]), Not(a))
    ~~~~~~~~~~~~~~~~~^^^^^^^^^^^^^^^^^^^^^^^^^^^^^^^^^^^^^^^^^^^^^^
  File "D:\CantorAI\xlang3\venv\cpython3.14-a6792301b742-compat-31b33d68c68a\Lib\site-packages\sympy\core\facts.py", line 321, in process_rule
    self._process_rule(a, b)
    ~~~~~~~~~~~~~~~~~~^^^^^^
  File "D:\CantorAI\xlang3\venv\cpython3.14-a6792301b742-compat-31b33d68c68a\Lib\site-packages\sympy\core\facts.py", line 343, in _process_rule
    self.process_rule(And(*[Not(barg) for barg in b.args]), Not(a))
    ~~~~~~~~~~~~~~~~~^^^^^^^^^^^^^^^^^^^^^^^^^^^^^^^^^^^^^^^^^^^^^^
  File "D:\CantorAI\xlang3\venv\cpython3.14-a6792301b742-compat-31b33d68c68a\Lib\site-packages\sympy\core\facts.py", line 321, in process_rule
    self._process_rule(a, b)
    ~~~~~~~~~~~~~~~~~~^^^^^^
  File "D:\CantorAI\xlang3\venv\cpython3.14-a6792301b742-compat-31b33d68c68a\Lib\site-packages\sympy\core\facts.py", line 343, in _process_rule
    self.process_rule(And(*[Not(barg) for barg in b.args]), Not(a))
    ~~~~~~~~~~~~~~~~~^^^^^^^^^^^^^^^^^^^^^^^^^^^^^^^^^^^^^^^^^^^^^^
  File "D:\CantorAI\xlang3\venv\cpython3.14-a6792301b742-compat-31b33d68c68a\Lib\site-packages\sympy\core\facts.py", line 321, in process_rule
    self._process_rule(a, b)
    ~~~~~~~~~~~~~~~~~~^^^^^^
  File "D:\CantorAI\xlang3\venv\cpython3.14-a6792301b742-compat-31b33d68c68a\Lib\site-packages\sympy\core\facts.py", line 343, in _process_rule
    self.process_rule(And(*[Not(barg) for barg in b.args]), Not(a))
    ~~~~~~~~~~~~~~~~~^^^^^^^^^^^^^^^^^^^^^^^^^^^^^^^^^^^^^^^^^^^^^^
  File "D:\CantorAI\xlang3\venv\cpython3.14-a6792301b742-compat-31b33d68c68a\Lib\site-packages\sympy\core\facts.py", line 321, in process_rule
    self._process_rule(a, b)
    ~~~~~~~~~~~~~~~~~~^^^^^^
  File "D:\CantorAI\xlang3\venv\cpython3.14-a6792301b742-compat-31b33d68c68a\Lib\site-packages\sympy\core\facts.py", line 343, in _process_rule
    self.process_rule(And(*[Not(barg) for barg in b.args]), Not(a))
    ~~~~~~~~~~~~~~~~~^^^^^^^^^^^^^^^^^^^^^^^^^^^^^^^^^^^^^^^^^^^^^^
  File "D:\CantorAI\xlang3\venv\cpython3.14-a6792301b742-compat-31b33d68c68a\Lib\site-packages\sympy\core\facts.py", line 321, in process_rule
    self._process_rule(a, b)
    ~~~~~~~~~~~~~~~~~~^^^^^^
  File "D:\CantorAI\xlang3\venv\cpython3.14-a6792301b742-compat-31b33d68c68a\Lib\site-packages\sympy\core\facts.py", line 343, in _process_rule
    self.process_rule(And(*[Not(barg) for barg in b.args]), Not(a))
    ~~~~~~~~~~~~~~~~~^^^^^^^^^^^^^^^^^^^^^^^^^^^^^^^^^^^^^^^^^^^^^^
  File "D:\CantorAI\xlang3\venv\cpython3.14-a6792301b742-compat-31b33d68c68a\Lib\site-packages\sympy\core\facts.py", line 321, in process_rule
    self._process_rule(a, b)
    ~~~~~~~~~~~~~~~~~~^^^^^^
  File "D:\CantorAI\xlang3\venv\cpython3.14-a6792301b742-compat-31b33d68c68a\Lib\site-packages\sympy\core\facts.py", line 343, in _process_rule
    self.process_rule(And(*[Not(barg) for barg in b.args]), Not(a))
    ~~~~~~~~~~~~~~~~~^^^^^^^^^^^^^^^^^^^^^^^^^^^^^^^^^^^^^^^^^^^^^^
  File "D:\CantorAI\xlang3\venv\cpython3.14-a6792301b742-compat-31b33d68c68a\Lib\site-packages\sympy\core\facts.py", line 321, in process_rule
    self._process_rule(a, b)
    ~~~~~~~~~~~~~~~~~~^^^^^^
  File "D:\CantorAI\xlang3\venv\cpython3.14-a6792301b742-compat-31b33d68c68a\Lib\site-packages\sympy\core\facts.py", line 343, in _process_rule
    self.process_rule(And(*[Not(barg) for barg in b.args]), Not(a))
    ~~~~~~~~~~~~~~~~~^^^^^^^^^^^^^^^^^^^^^^^^^^^^^^^^^^^^^^^^^^^^^^
  File "D:\CantorAI\xlang3\venv\cpython3.14-a6792301b742-compat-31b33d68c68a\Lib\site-packages\sympy\core\facts.py", line 321, in process_rule
    self._process_rule(a, b)
    ~~~~~~~~~~~~~~~~~~^^^^^^
  File "D:\CantorAI\xlang3\venv\cpython3.14-a6792301b742-compat-31b33d68c68a\Lib\site-packages\sympy\core\facts.py", line 343, in _process_rule
    self.process_rule(And(*[Not(barg) for barg in b.args]), Not(a))
    ~~~~~~~~~~~~~~~~~^^^^^^^^^^^^^^^^^^^^^^^^^^^^^^^^^^^^^^^^^^^^^^
  File "D:\CantorAI\xlang3\venv\cpython3.14-a6792301b742-compat-31b33d68c68a\Lib\site-packages\sympy\core\facts.py", line 321, in process_rule
    self._process_rule(a, b)
    ~~~~~~~~~~~~~~~~~~^^^^^^
  File "D:\CantorAI\xlang3\venv\cpython3.14-a6792301b742-compat-31b33d68c68a\Lib\site-packages\sympy\core\facts.py", line 343, in _process_rule
    self.process_rule(And(*[Not(barg) for barg in b.args]), Not(a))
    ~~~~~~~~~~~~~~~~~^^^^^^^^^^^^^^^^^^^^^^^^^^^^^^^^^^^^^^^^^^^^^^
  File "D:\CantorAI\xlang3\venv\cpython3.14-a6792301b742-compat-31b33d68c68a\Lib\site-packages\sympy\core\facts.py", line 321, in process_rule
    self._process_rule(a, b)
    ~~~~~~~~~~~~~~~~~~^^^^^^
  File "D:\CantorAI\xlang3\venv\cpython3.14-a6792301b742-compat-31b33d68c68a\Lib\site-packages\sympy\core\facts.py", line 343, in _process_rule
    self.process_rule(And(*[Not(barg) for barg in b.args]), Not(a))
    ~~~~~~~~~~~~~~~~~^^^^^^^^^^^^^^^^^^^^^^^^^^^^^^^^^^^^^^^^^^^^^^
  File "D:\CantorAI\xlang3\venv\cpython3.14-a6792301b742-compat-31b33d68c68a\Lib\site-packages\sympy\core\facts.py", line 321, in process_rule
    self._process_rule(a, b)
    ~~~~~~~~~~~~~~~~~~^^^^^^
  File "D:\CantorAI\xlang3\venv\cpython3.14-a6792301b742-compat-31b33d68c68a\Lib\site-packages\sympy\core\facts.py", line 343, in _process_rule
    self.process_rule(And(*[Not(barg) for barg in b.args]), Not(a))
    ~~~~~~~~~~~~~~~~~^^^^^^^^^^^^^^^^^^^^^^^^^^^^^^^^^^^^^^^^^^^^^^
  File "D:\CantorAI\xlang3\venv\cpython3.14-a6792301b742-compat-31b33d68c68a\Lib\site-packages\sympy\core\facts.py", line 321, in process_rule
    self._process_rule(a, b)
    ~~~~~~~~~~~~~~~~~~^^^^^^
  File "D:\CantorAI\xlang3\venv\cpython3.14-a6792301b742-compat-31b33d68c68a\Lib\site-packages\sympy\core\facts.py", line 343, in _process_rule
    self.process_rule(And(*[Not(barg) for barg in b.args]), Not(a))
    ~~~~~~~~~~~~~~~~~^^^^^^^^^^^^^^^^^^^^^^^^^^^^^^^^^^^^^^^^^^^^^^
  File "D:\CantorAI\xlang3\venv\cpython3.14-a6792301b742-compat-31b33d68c68a\Lib\site-packages\sympy\core\facts.py", line 321, in process_rule
    self._process_rule(a, b)
    ~~~~~~~~~~~~~~~~~~^^^^^^
  File "D:\CantorAI\xlang3\venv\cpython3.14-a6792301b742-compat-31b33d68c68a\Lib\site-packages\sympy\core\facts.py", line 343, in _process_rule
    self.process_rule(And(*[Not(barg) for barg in b.args]), Not(a))
    ~~~~~~~~~~~~~~~~~^^^^^^^^^^^^^^^^^^^^^^^^^^^^^^^^^^^^^^^^^^^^^^
  File "D:\CantorAI\xlang3\venv\cpython3.14-a6792301b742-compat-31b33d68c68a\Lib\site-packages\sympy\core\facts.py", line 321, in process_rule
    self._process_rule(a, b)
    ~~~~~~~~~~~~~~~~~~^^^^^^
  File "D:\CantorAI\xlang3\venv\cpython3.14-a6792301b742-compat-31b33d68c68a\Lib\site-packages\sympy\core\facts.py", line 343, in _process_rule
    self.process_rule(And(*[Not(barg) for barg in b.args]), Not(a))
    ~~~~~~~~~~~~~~~~~^^^^^^^^^^^^^^^^^^^^^^^^^^^^^^^^^^^^^^^^^^^^^^
  File "D:\CantorAI\xlang3\venv\cpython3.14-a6792301b742-compat-31b33d68c68a\Lib\site-packages\sympy\core\facts.py", line 321, in process_rule
    self._process_rule(a, b)
    ~~~~~~~~~~~~~~~~~~^^^^^^
  File "D:\CantorAI\xlang3\venv\cpython3.14-a6792301b742-compat-31b33d68c68a\Lib\site-packages\sympy\core\facts.py", line 343, in _process_rule
    self.process_rule(And(*[Not(barg) for barg in b.args]), Not(a))
    ~~~~~~~~~~~~~~~~~^^^^^^^^^^^^^^^^^^^^^^^^^^^^^^^^^^^^^^^^^^^^^^
  File "D:\CantorAI\xlang3\venv\cpython3.14-a6792301b742-compat-31b33d68c68a\Lib\site-packages\sympy\core\facts.py", line 321, in process_rule
    self._process_rule(a, b)
    ~~~~~~~~~~~~~~~~~~^^^^^^
  File "D:\CantorAI\xlang3\venv\cpython3.14-a6792301b742-compat-31b33d68c68a\Lib\site-packages\sympy\core\facts.py", line 343, in _process_rule
    self.process_rule(And(*[Not(barg) for barg in b.args]), Not(a))
    ~~~~~~~~~~~~~~~~~^^^^^^^^^^^^^^^^^^^^^^^^^^^^^^^^^^^^^^^^^^^^^^
  File "D:\CantorAI\xlang3\venv\cpython3.14-a6792301b742-compat-31b33d68c68a\Lib\site-packages\sympy\core\facts.py", line 321, in process_rule
    self._process_rule(a, b)
    ~~~~~~~~~~~~~~~~~~^^^^^^
  File "D:\CantorAI\xlang3\venv\cpython3.14-a6792301b742-compat-31b33d68c68a\Lib\site-packages\sympy\core\facts.py", line 343, in _process_rule
    self.process_rule(And(*[Not(barg) for barg in b.args]), Not(a))
    ~~~~~~~~~~~~~~~~~^^^^^^^^^^^^^^^^^^^^^^^^^^^^^^^^^^^^^^^^^^^^^^
  File "D:\CantorAI\xlang3\venv\cpython3.14-a6792301b742-compat-31b33d68c68a\Lib\site-packages\sympy\core\facts.py", line 321, in process_rule
    self._process_rule(a, b)
    ~~~~~~~~~~~~~~~~~~^^^^^^
  File "D:\CantorAI\xlang3\venv\cpython3.14-a6792301b742-compat-31b33d68c68a\Lib\site-packages\sympy\core\facts.py", line 343, in _process_rule
    self.process_rule(And(*[Not(barg) for barg in b.args]), Not(a))
    ~~~~~~~~~~~~~~~~~^^^^^^^^^^^^^^^^^^^^^^^^^^^^^^^^^^^^^^^^^^^^^^
  File "D:\CantorAI\xlang3\venv\cpython3.14-a6792301b742-compat-31b33d68c68a\Lib\site-packages\sympy\core\facts.py", line 321, in process_rule
    self._process_rule(a, b)
    ~~~~~~~~~~~~~~~~~~^^^^^^
  File "D:\CantorAI\xlang3\venv\cpython3.14-a6792301b742-compat-31b33d68c68a\Lib\site-packages\sympy\core\facts.py", line 343, in _process_rule
    self.process_rule(And(*[Not(barg) for barg in b.args]), Not(a))
    ~~~~~~~~~~~~~~~~~^^^^^^^^^^^^^^^^^^^^^^^^^^^^^^^^^^^^^^^^^^^^^^
  File "D:\CantorAI\xlang3\venv\cpython3.14-a6792301b742-compat-31b33d68c68a\Lib\site-packages\sympy\core\facts.py", line 321, in process_rule
    self._process_rule(a, b)
    ~~~~~~~~~~~~~~~~~~^^^^^^
  File "D:\CantorAI\xlang3\venv\cpython3.14-a6792301b742-compat-31b33d68c68a\Lib\site-packages\sympy\core\facts.py", line 343, in _process_rule
    self.process_rule(And(*[Not(barg) for barg in b.args]), Not(a))
    ~~~~~~~~~~~~~~~~~^^^^^^^^^^^^^^^^^^^^^^^^^^^^^^^^^^^^^^^^^^^^^^
  File "D:\CantorAI\xlang3\venv\cpython3.14-a6792301b742-compat-31b33d68c68a\Lib\site-packages\sympy\core\facts.py", line 321, in process_rule
    self._process_rule(a, b)
    ~~~~~~~~~~~~~~~~~~^^^^^^
  File "D:\CantorAI\xlang3\venv\cpython3.14-a6792301b742-compat-31b33d68c68a\Lib\site-packages\sympy\core\facts.py", line 343, in _process_rule
    self.process_rule(And(*[Not(barg) for barg in b.args]), Not(a))
    ~~~~~~~~~~~~~~~~~^^^^^^^^^^^^^^^^^^^^^^^^^^^^^^^^^^^^^^^^^^^^^^
  File "D:\CantorAI\xlang3\venv\cpython3.14-a6792301b742-compat-31b33d68c68a\Lib\site-packages\sympy\core\facts.py", line 321, in process_rule
    self._process_rule(a, b)
    ~~~~~~~~~~~~~~~~~~^^^^^^
  File "D:\CantorAI\xlang3\venv\cpython3.14-a6792301b742-compat-31b33d68c68a\Lib\site-packages\sympy\core\facts.py", line 343, in _process_rule
    self.process_rule(And(*[Not(barg) for barg in b.args]), Not(a))
    ~~~~~~~~~~~~~~~~~^^^^^^^^^^^^^^^^^^^^^^^^^^^^^^^^^^^^^^^^^^^^^^
  File "D:\CantorAI\xlang3\venv\cpython3.14-a6792301b742-compat-31b33d68c68a\Lib\site-packages\sympy\core\facts.py", line 321, in process_rule
    self._process_rule(a, b)
    ~~~~~~~~~~~~~~~~~~^^^^^^
  File "D:\CantorAI\xlang3\venv\cpython3.14-a6792301b742-compat-31b33d68c68a\Lib\site-packages\sympy\core\facts.py", line 343, in _process_rule
    self.process_rule(And(*[Not(barg) for barg in b.args]), Not(a))
    ~~~~~~~~~~~~~~~~~^^^^^^^^^^^^^^^^^^^^^^^^^^^^^^^^^^^^^^^^^^^^^^
  File "D:\CantorAI\xlang3\venv\cpython3.14-a6792301b742-compat-31b33d68c68a\Lib\site-packages\sympy\core\facts.py", line 321, in process_rule
    self._process_rule(a, b)
    ~~~~~~~~~~~~~~~~~~^^^^^^
  File "D:\CantorAI\xlang3\venv\cpython3.14-a6792301b742-compat-31b33d68c68a\Lib\site-packages\sympy\core\facts.py", line 343, in _process_rule
    self.process_rule(And(*[Not(barg) for barg in b.args]), Not(a))
    ~~~~~~~~~~~~~~~~~^^^^^^^^^^^^^^^^^^^^^^^^^^^^^^^^^^^^^^^^^^^^^^
  File "D:\CantorAI\xlang3\venv\cpython3.14-a6792301b742-compat-31b33d68c68a\Lib\site-packages\sympy\core\facts.py", line 321, in process_rule
    self._process_rule(a, b)
    ~~~~~~~~~~~~~~~~~~^^^^^^
  File "D:\CantorAI\xlang3\venv\cpython3.14-a6792301b742-compat-31b33d68c68a\Lib\site-packages\sympy\core\facts.py", line 343, in _process_rule
    self.process_rule(And(*[Not(barg) for barg in b.args]), Not(a))
    ~~~~~~~~~~~~~~~~~^^^^^^^^^^^^^^^^^^^^^^^^^^^^^^^^^^^^^^^^^^^^^^
  File "D:\CantorAI\xlang3\venv\cpython3.14-a6792301b742-compat-31b33d68c68a\Lib\site-packages\sympy\core\facts.py", line 321, in process_rule
    self._process_rule(a, b)
    ~~~~~~~~~~~~~~~~~~^^^^^^
  File "D:\CantorAI\xlang3\venv\cpython3.14-a6792301b742-compat-31b33d68c68a\Lib\site-packages\sympy\core\facts.py", line 343, in _process_rule
    self.process_rule(And(*[Not(barg) for barg in b.args]), Not(a))
    ~~~~~~~~~~~~~~~~~^^^^^^^^^^^^^^^^^^^^^^^^^^^^^^^^^^^^^^^^^^^^^^
  File "D:\CantorAI\xlang3\venv\cpython3.14-a6792301b742-compat-31b33d68c68a\Lib\site-packages\sympy\core\facts.py", line 321, in process_rule
    self._process_rule(a, b)
    ~~~~~~~~~~~~~~~~~~^^^^^^
  File "D:\CantorAI\xlang3\venv\cpython3.14-a6792301b742-compat-31b33d68c68a\Lib\site-packages\sympy\core\facts.py", line 343, in _process_rule
    self.process_rule(And(*[Not(barg) for barg in b.args]), Not(a))
    ~~~~~~~~~~~~~~~~~^^^^^^^^^^^^^^^^^^^^^^^^^^^^^^^^^^^^^^^^^^^^^^
  File "D:\CantorAI\xlang3\venv\cpython3.14-a6792301b742-compat-31b33d68c68a\Lib\site-packages\sympy\core\facts.py", line 321, in process_rule
    self._process_rule(a, b)
    ~~~~~~~~~~~~~~~~~~^^^^^^
  File "D:\CantorAI\xlang3\venv\cpython3.14-a6792301b742-compat-31b33d68c68a\Lib\site-packages\sympy\core\facts.py", line 343, in _process_rule
    self.process_rule(And(*[Not(barg) for barg in b.args]), Not(a))
    ~~~~~~~~~~~~~~~~~^^^^^^^^^^^^^^^^^^^^^^^^^^^^^^^^^^^^^^^^^^^^^^
  File "D:\CantorAI\xlang3\venv\cpython3.14-a6792301b742-compat-31b33d68c68a\Lib\site-packages\sympy\core\facts.py", line 321, in process_rule
    self._process_rule(a, b)
    ~~~~~~~~~~~~~~~~~~^^^^^^
  File "D:\CantorAI\xlang3\venv\cpython3.14-a6792301b742-compat-31b33d68c68a\Lib\site-packages\sympy\core\facts.py", line 343, in _process_rule
    self.process_rule(And(*[Not(barg) for barg in b.args]), Not(a))
    ~~~~~~~~~~~~~~~~~^^^^^^^^^^^^^^^^^^^^^^^^^^^^^^^^^^^^^^^^^^^^^^
  File "D:\CantorAI\xlang3\venv\cpython3.14-a6792301b742-compat-31b33d68c68a\Lib\site-packages\sympy\core\facts.py", line 321, in process_rule
    self._process_rule(a, b)
    ~~~~~~~~~~~~~~~~~~^^^^^^
  File "D:\CantorAI\xlang3\venv\cpython3.14-a6792301b742-compat-31b33d68c68a\Lib\site-packages\sympy\core\facts.py", line 343, in _process_rule
    self.process_rule(And(*[Not(barg) for barg in b.args]), Not(a))
    ~~~~~~~~~~~~~~~~~^^^^^^^^^^^^^^^^^^^^^^^^^^^^^^^^^^^^^^^^^^^^^^
  File "D:\CantorAI\xlang3\venv\cpython3.14-a6792301b742-compat-31b33d68c68a\Lib\site-packages\sympy\core\facts.py", line 321, in process_rule
    self._process_rule(a, b)
    ~~~~~~~~~~~~~~~~~~^^^^^^
  File "D:\CantorAI\xlang3\venv\cpython3.14-a6792301b742-compat-31b33d68c68a\Lib\site-packages\sympy\core\facts.py", line 343, in _process_rule
    self.process_rule(And(*[Not(barg) for barg in b.args]), Not(a))
    ~~~~~~~~~~~~~~~~~^^^^^^^^^^^^^^^^^^^^^^^^^^^^^^^^^^^^^^^^^^^^^^
  File "D:\CantorAI\xlang3\venv\cpython3.14-a6792301b742-compat-31b33d68c68a\Lib\site-packages\sympy\core\facts.py", line 321, in process_rule
    self._process_rule(a, b)
    ~~~~~~~~~~~~~~~~~~^^^^^^
  File "D:\CantorAI\xlang3\venv\cpython3.14-a6792301b742-compat-31b33d68c68a\Lib\site-packages\sympy\core\facts.py", line 343, in _process_rule
    self.process_rule(And(*[Not(barg) for barg in b.args]), Not(a))
    ~~~~~~~~~~~~~~~~~^^^^^^^^^^^^^^^^^^^^^^^^^^^^^^^^^^^^^^^^^^^^^^
  File "D:\CantorAI\xlang3\venv\cpython3.14-a6792301b742-compat-31b33d68c68a\Lib\site-packages\sympy\core\facts.py", line 321, in process_rule
    self._process_rule(a, b)
    ~~~~~~~~~~~~~~~~~~^^^^^^
  File "D:\CantorAI\xlang3\venv\cpython3.14-a6792301b742-compat-31b33d68c68a\Lib\site-packages\sympy\core\facts.py", line 343, in _process_rule
    self.process_rule(And(*[Not(barg) for barg in b.args]), Not(a))
    ~~~~~~~~~~~~~~~~~^^^^^^^^^^^^^^^^^^^^^^^^^^^^^^^^^^^^^^^^^^^^^^
  File "D:\CantorAI\xlang3\venv\cpython3.14-a6792301b742-compat-31b33d68c68a\Lib\site-packages\sympy\core\facts.py", line 321, in process_rule
    self._process_rule(a, b)
    ~~~~~~~~~~~~~~~~~~^^^^^^
  File "D:\CantorAI\xlang3\venv\cpython3.14-a6792301b742-compat-31b33d68c68a\Lib\site-packages\sympy\core\facts.py", line 343, in _process_rule
    self.process_rule(And(*[Not(barg) for barg in b.args]), Not(a))
    ~~~~~~~~~~~~~~~~~^^^^^^^^^^^^^^^^^^^^^^^^^^^^^^^^^^^^^^^^^^^^^^
  File "D:\CantorAI\xlang3\venv\cpython3.14-a6792301b742-compat-31b33d68c68a\Lib\site-packages\sympy\core\facts.py", line 321, in process_rule
    self._process_rule(a, b)
    ~~~~~~~~~~~~~~~~~~^^^^^^
  File "D:\CantorAI\xlang3\venv\cpython3.14-a6792301b742-compat-31b33d68c68a\Lib\site-packages\sympy\core\facts.py", line 343, in _process_rule
    self.process_rule(And(*[Not(barg) for barg in b.args]), Not(a))
    ~~~~~~~~~~~~~~~~~^^^^^^^^^^^^^^^^^^^^^^^^^^^^^^^^^^^^^^^^^^^^^^
  File "D:\CantorAI\xlang3\venv\cpython3.14-a6792301b742-compat-31b33d68c68a\Lib\site-packages\sympy\core\facts.py", line 321, in process_rule
    self._process_rule(a, b)
    ~~~~~~~~~~~~~~~~~~^^^^^^
  File "D:\CantorAI\xlang3\venv\cpython3.14-a6792301b742-compat-31b33d68c68a\Lib\site-packages\sympy\core\facts.py", line 343, in _process_rule
    self.process_rule(And(*[Not(barg) for barg in b.args]), Not(a))
    ~~~~~~~~~~~~~~~~~^^^^^^^^^^^^^^^^^^^^^^^^^^^^^^^^^^^^^^^^^^^^^^
  File "D:\CantorAI\xlang3\venv\cpython3.14-a6792301b742-compat-31b33d68c68a\Lib\site-packages\sympy\core\facts.py", line 321, in process_rule
    self._process_rule(a, b)
    ~~~~~~~~~~~~~~~~~~^^^^^^
  File "D:\CantorAI\xlang3\venv\cpython3.14-a6792301b742-compat-31b33d68c68a\Lib\site-packages\sympy\core\facts.py", line 343, in _process_rule
    self.process_rule(And(*[Not(barg) for barg in b.args]), Not(a))
    ~~~~~~~~~~~~~~~~~^^^^^^^^^^^^^^^^^^^^^^^^^^^^^^^^^^^^^^^^^^^^^^
  File "D:\CantorAI\xlang3\venv\cpython3.14-a6792301b742-compat-31b33d68c68a\Lib\site-packages\sympy\core\facts.py", line 321, in process_rule
    self._process_rule(a, b)
    ~~~~~~~~~~~~~~~~~~^^^^^^
  File "D:\CantorAI\xlang3\venv\cpython3.14-a6792301b742-compat-31b33d68c68a\Lib\site-packages\sympy\core\facts.py", line 343, in _process_rule
    self.process_rule(And(*[Not(barg) for barg in b.args]), Not(a))
    ~~~~~~~~~~~~~~~~~^^^^^^^^^^^^^^^^^^^^^^^^^^^^^^^^^^^^^^^^^^^^^^
  File "D:\CantorAI\xlang3\venv\cpython3.14-a6792301b742-compat-31b33d68c68a\Lib\site-packages\sympy\core\facts.py", line 321, in process_rule
    self._process_rule(a, b)
    ~~~~~~~~~~~~~~~~~~^^^^^^
  File "D:\CantorAI\xlang3\venv\cpython3.14-a6792301b742-compat-31b33d68c68a\Lib\site-packages\sympy\core\facts.py", line 343, in _process_rule
    self.process_rule(And(*[Not(barg) for barg in b.args]), Not(a))
    ~~~~~~~~~~~~~~~~~^^^^^^^^^^^^^^^^^^^^^^^^^^^^^^^^^^^^^^^^^^^^^^
  File "D:\CantorAI\xlang3\venv\cpython3.14-a6792301b742-compat-31b33d68c68a\Lib\site-packages\sympy\core\facts.py", line 321, in process_rule
    self._process_rule(a, b)
    ~~~~~~~~~~~~~~~~~~^^^^^^
  File "D:\CantorAI\xlang3\venv\cpython3.14-a6792301b742-compat-31b33d68c68a\Lib\site-packages\sympy\core\facts.py", line 343, in _process_rule
    self.process_rule(And(*[Not(barg) for barg in b.args]), Not(a))
    ~~~~~~~~~~~~~~~~~^^^^^^^^^^^^^^^^^^^^^^^^^^^^^^^^^^^^^^^^^^^^^^
  File "D:\CantorAI\xlang3\venv\cpython3.14-a6792301b742-compat-31b33d68c68a\Lib\site-packages\sympy\core\facts.py", line 321, in process_rule
    self._process_rule(a, b)
    ~~~~~~~~~~~~~~~~~~^^^^^^
  File "D:\CantorAI\xlang3\venv\cpython3.14-a6792301b742-compat-31b33d68c68a\Lib\site-packages\sympy\core\facts.py", line 343, in _process_rule
    self.process_rule(And(*[Not(barg) for barg in b.args]), Not(a))
    ~~~~~~~~~~~~~~~~~^^^^^^^^^^^^^^^^^^^^^^^^^^^^^^^^^^^^^^^^^^^^^^
  File "D:\CantorAI\xlang3\venv\cpython3.14-a6792301b742-compat-31b33d68c68a\Lib\site-packages\sympy\core\facts.py", line 321, in process_rule
    self._process_rule(a, b)
    ~~~~~~~~~~~~~~~~~~^^^^^^
  File "D:\CantorAI\xlang3\venv\cpython3.14-a6792301b742-compat-31b33d68c68a\Lib\site-packages\sympy\core\facts.py", line 343, in _process_rule
    self.process_rule(And(*[Not(barg) for barg in b.args]), Not(a))
    ~~~~~~~~~~~~~~~~~^^^^^^^^^^^^^^^^^^^^^^^^^^^^^^^^^^^^^^^^^^^^^^
  File "D:\CantorAI\xlang3\venv\cpython3.14-a6792301b742-compat-31b33d68c68a\Lib\site-packages\sympy\core\facts.py", line 321, in process_rule
    self._process_rule(a, b)
    ~~~~~~~~~~~~~~~~~~^^^^^^
  File "D:\CantorAI\xlang3\venv\cpython3.14-a6792301b742-compat-31b33d68c68a\Lib\site-packages\sympy\core\facts.py", line 343, in _process_rule
    self.process_rule(And(*[Not(barg) for barg in b.args]), Not(a))
    ~~~~~~~~~~~~~~~~~^^^^^^^^^^^^^^^^^^^^^^^^^^^^^^^^^^^^^^^^^^^^^^
  File "D:\CantorAI\xlang3\venv\cpython3.14-a6792301b742-compat-31b33d68c68a\Lib\site-packages\sympy\core\facts.py", line 321, in process_rule
    self._process_rule(a, b)
    ~~~~~~~~~~~~~~~~~~^^^^^^
  File "D:\CantorAI\xlang3\venv\cpython3.14-a6792301b742-compat-31b33d68c68a\Lib\site-packages\sympy\core\facts.py", line 343, in _process_rule
    self.process_rule(And(*[Not(barg) for barg in b.args]), Not(a))
    ~~~~~~~~~~~~~~~~~^^^^^^^^^^^^^^^^^^^^^^^^^^^^^^^^^^^^^^^^^^^^^^
  File "D:\CantorAI\xlang3\venv\cpython3.14-a6792301b742-compat-31b33d68c68a\Lib\site-packages\sympy\core\facts.py", line 321, in process_rule
    self._process_rule(a, b)
    ~~~~~~~~~~~~~~~~~~^^^^^^
  File "D:\CantorAI\xlang3\venv\cpython3.14-a6792301b742-compat-31b33d68c68a\Lib\site-packages\sympy\core\facts.py", line 343, in _process_rule
    self.process_rule(And(*[Not(barg) for barg in b.args]), Not(a))
    ~~~~~~~~~~~~~~~~~^^^^^^^^^^^^^^^^^^^^^^^^^^^^^^^^^^^^^^^^^^^^^^
  File "D:\CantorAI\xlang3\venv\cpython3.14-a6792301b742-compat-31b33d68c68a\Lib\site-packages\sympy\core\facts.py", line 321, in process_rule
    self._process_rule(a, b)
    ~~~~~~~~~~~~~~~~~~^^^^^^
  File "D:\CantorAI\xlang3\venv\cpython3.14-a6792301b742-compat-31b33d68c68a\Lib\site-packages\sympy\core\facts.py", line 343, in _process_rule
    self.process_rule(And(*[Not(barg) for barg in b.args]), Not(a))
    ~~~~~~~~~~~~~~~~~^^^^^^^^^^^^^^^^^^^^^^^^^^^^^^^^^^^^^^^^^^^^^^
  File "D:\CantorAI\xlang3\venv\cpython3.14-a6792301b742-compat-31b33d68c68a\Lib\site-packages\sympy\core\facts.py", line 321, in process_rule
    self._process_rule(a, b)
    ~~~~~~~~~~~~~~~~~~^^^^^^
  File "D:\CantorAI\xlang3\venv\cpython3.14-a6792301b742-compat-31b33d68c68a\Lib\site-packages\sympy\core\facts.py", line 343, in _process_rule
    self.process_rule(And(*[Not(barg) for barg in b.args]), Not(a))
    ~~~~~~~~~~~~~~~~~^^^^^^^^^^^^^^^^^^^^^^^^^^^^^^^^^^^^^^^^^^^^^^
  File "D:\CantorAI\xlang3\venv\cpython3.14-a6792301b742-compat-31b33d68c68a\Lib\site-packages\sympy\core\facts.py", line 321, in process_rule
    self._process_rule(a, b)
    ~~~~~~~~~~~~~~~~~~^^^^^^
  File "D:\CantorAI\xlang3\venv\cpython3.14-a6792301b742-compat-31b33d68c68a\Lib\site-packages\sympy\core\facts.py", line 343, in _process_rule
    self.process_rule(And(*[Not(barg) for barg in b.args]), Not(a))
    ~~~~~~~~~~~~~~~~~^^^^^^^^^^^^^^^^^^^^^^^^^^^^^^^^^^^^^^^^^^^^^^
  File "D:\CantorAI\xlang3\venv\cpython3.14-a6792301b742-compat-31b33d68c68a\Lib\site-packages\sympy\core\facts.py", line 321, in process_rule
    self._process_rule(a, b)
    ~~~~~~~~~~~~~~~~~~^^^^^^
  File "D:\CantorAI\xlang3\venv\cpython3.14-a6792301b742-compat-31b33d68c68a\Lib\site-packages\sympy\core\facts.py", line 343, in _process_rule
    self.process_rule(And(*[Not(barg) for barg in b.args]), Not(a))
    ~~~~~~~~~~~~~~~~~^^^^^^^^^^^^^^^^^^^^^^^^^^^^^^^^^^^^^^^^^^^^^^
  File "D:\CantorAI\xlang3\venv\cpython3.14-a6792301b742-compat-31b33d68c68a\Lib\site-packages\sympy\core\facts.py", line 321, in process_rule
    self._process_rule(a, b)
    ~~~~~~~~~~~~~~~~~~^^^^^^
  File "D:\CantorAI\xlang3\venv\cpython3.14-a6792301b742-compat-31b33d68c68a\Lib\site-packages\sympy\core\facts.py", line 343, in _process_rule
    self.process_rule(And(*[Not(barg) for barg in b.args]), Not(a))
    ~~~~~~~~~~~~~~~~~^^^^^^^^^^^^^^^^^^^^^^^^^^^^^^^^^^^^^^^^^^^^^^
  File "D:\CantorAI\xlang3\venv\cpython3.14-a6792301b742-compat-31b33d68c68a\Lib\site-packages\sympy\core\facts.py", line 321, in process_rule
    self._process_rule(a, b)
    ~~~~~~~~~~~~~~~~~~^^^^^^
  File "D:\CantorAI\xlang3\venv\cpython3.14-a6792301b742-compat-31b33d68c68a\Lib\site-packages\sympy\core\facts.py", line 343, in _process_rule
    self.process_rule(And(*[Not(barg) for barg in b.args]), Not(a))
    ~~~~~~~~~~~~~~~~~^^^^^^^^^^^^^^^^^^^^^^^^^^^^^^^^^^^^^^^^^^^^^^
  File "D:\CantorAI\xlang3\venv\cpython3.14-a6792301b742-compat-31b33d68c68a\Lib\site-packages\sympy\core\facts.py", line 321, in process_rule
    self._process_rule(a, b)
    ~~~~~~~~~~~~~~~~~~^^^^^^
  File "D:\CantorAI\xlang3\venv\cpython3.14-a6792301b742-compat-31b33d68c68a\Lib\site-packages\sympy\core\facts.py", line 343, in _process_rule
    self.process_rule(And(*[Not(barg) for barg in b.args]), Not(a))
    ~~~~~~~~~~~~~~~~~^^^^^^^^^^^^^^^^^^^^^^^^^^^^^^^^^^^^^^^^^^^^^^
  File "D:\CantorAI\xlang3\venv\cpython3.14-a6792301b742-compat-31b33d68c68a\Lib\site-packages\sympy\core\facts.py", line 321, in process_rule
    self._process_rule(a, b)
    ~~~~~~~~~~~~~~~~~~^^^^^^
  File "D:\CantorAI\xlang3\venv\cpython3.14-a6792301b742-compat-31b33d68c68a\Lib\site-packages\sympy\core\facts.py", line 343, in _process_rule
    self.process_rule(And(*[Not(barg) for barg in b.args]), Not(a))
    ~~~~~~~~~~~~~~~~~^^^^^^^^^^^^^^^^^^^^^^^^^^^^^^^^^^^^^^^^^^^^^^
  File "D:\CantorAI\xlang3\venv\cpython3.14-a6792301b742-compat-31b33d68c68a\Lib\site-packages\sympy\core\facts.py", line 321, in process_rule
    self._process_rule(a, b)
    ~~~~~~~~~~~~~~~~~~^^^^^^
  File "D:\CantorAI\xlang3\venv\cpython3.14-a6792301b742-compat-31b33d68c68a\Lib\site-packages\sympy\core\facts.py", line 343, in _process_rule
    self.process_rule(And(*[Not(barg) for barg in b.args]), Not(a))
    ~~~~~~~~~~~~~~~~~^^^^^^^^^^^^^^^^^^^^^^^^^^^^^^^^^^^^^^^^^^^^^^
  File "D:\CantorAI\xlang3\venv\cpython3.14-a6792301b742-compat-31b33d68c68a\Lib\site-packages\sympy\core\facts.py", line 321, in process_rule
    self._process_rule(a, b)
    ~~~~~~~~~~~~~~~~~~^^^^^^
  File "D:\CantorAI\xlang3\venv\cpython3.14-a6792301b742-compat-31b33d68c68a\Lib\site-packages\sympy\core\facts.py", line 343, in _process_rule
    self.process_rule(And(*[Not(barg) for barg in b.args]), Not(a))
    ~~~~~~~~~~~~~~~~~^^^^^^^^^^^^^^^^^^^^^^^^^^^^^^^^^^^^^^^^^^^^^^
  File "D:\CantorAI\xlang3\venv\cpython3.14-a6792301b742-compat-31b33d68c68a\Lib\site-packages\sympy\core\facts.py", line 321, in process_rule
    self._process_rule(a, b)
    ~~~~~~~~~~~~~~~~~~^^^^^^
  File "D:\CantorAI\xlang3\venv\cpython3.14-a6792301b742-compat-31b33d68c68a\Lib\site-packages\sympy\core\facts.py", line 343, in _process_rule
    self.process_rule(And(*[Not(barg) for barg in b.args]), Not(a))
    ~~~~~~~~~~~~~~~~~^^^^^^^^^^^^^^^^^^^^^^^^^^^^^^^^^^^^^^^^^^^^^^
  File "D:\CantorAI\xlang3\venv\cpython3.14-a6792301b742-compat-31b33d68c68a\Lib\site-packages\sympy\core\facts.py", line 321, in process_rule
    self._process_rule(a, b)
    ~~~~~~~~~~~~~~~~~~^^^^^^
  File "D:\CantorAI\xlang3\venv\cpython3.14-a6792301b742-compat-31b33d68c68a\Lib\site-packages\sympy\core\facts.py", line 343, in _process_rule
    self.process_rule(And(*[Not(barg) for barg in b.args]), Not(a))
    ~~~~~~~~~~~~~~~~~^^^^^^^^^^^^^^^^^^^^^^^^^^^^^^^^^^^^^^^^^^^^^^
  File "D:\CantorAI\xlang3\venv\cpython3.14-a6792301b742-compat-31b33d68c68a\Lib\site-packages\sympy\core\facts.py", line 321, in process_rule
    self._process_rule(a, b)
    ~~~~~~~~~~~~~~~~~~^^^^^^
  File "D:\CantorAI\xlang3\venv\cpython3.14-a6792301b742-compat-31b33d68c68a\Lib\site-packages\sympy\core\facts.py", line 343, in _process_rule
    self.process_rule(And(*[Not(barg) for barg in b.args]), Not(a))
    ~~~~~~~~~~~~~~~~~^^^^^^^^^^^^^^^^^^^^^^^^^^^^^^^^^^^^^^^^^^^^^^
  File "D:\CantorAI\xlang3\venv\cpython3.14-a6792301b742-compat-31b33d68c68a\Lib\site-packages\sympy\core\facts.py", line 321, in process_rule
    self._process_rule(a, b)
    ~~~~~~~~~~~~~~~~~~^^^^^^
  File "D:\CantorAI\xlang3\venv\cpython3.14-a6792301b742-compat-31b33d68c68a\Lib\site-packages\sympy\core\facts.py", line 343, in _process_rule
    self.process_rule(And(*[Not(barg) for barg in b.args]), Not(a))
    ~~~~~~~~~~~~~~~~~^^^^^^^^^^^^^^^^^^^^^^^^^^^^^^^^^^^^^^^^^^^^^^
  File "D:\CantorAI\xlang3\venv\cpython3.14-a6792301b742-compat-31b33d68c68a\Lib\site-packages\sympy\core\facts.py", line 321, in process_rule
    self._process_rule(a, b)
    ~~~~~~~~~~~~~~~~~~^^^^^^
  File "D:\CantorAI\xlang3\venv\cpython3.14-a6792301b742-compat-31b33d68c68a\Lib\site-packages\sympy\core\facts.py", line 343, in _process_rule
    self.process_rule(And(*[Not(barg) for barg in b.args]), Not(a))
    ~~~~~~~~~~~~~~~~~^^^^^^^^^^^^^^^^^^^^^^^^^^^^^^^^^^^^^^^^^^^^^^
  File "D:\CantorAI\xlang3\venv\cpython3.14-a6792301b742-compat-31b33d68c68a\Lib\site-packages\sympy\core\facts.py", line 321, in process_rule
    self._process_rule(a, b)
    ~~~~~~~~~~~~~~~~~~^^^^^^
  File "D:\CantorAI\xlang3\venv\cpython3.14-a6792301b742-compat-31b33d68c68a\Lib\site-packages\sympy\core\facts.py", line 343, in _process_rule
    self.process_rule(And(*[Not(barg) for barg in b.args]), Not(a))
    ~~~~~~~~~~~~~~~~~^^^^^^^^^^^^^^^^^^^^^^^^^^^^^^^^^^^^^^^^^^^^^^
  File "D:\CantorAI\xlang3\venv\cpython3.14-a6792301b742-compat-31b33d68c68a\Lib\site-packages\sympy\core\facts.py", line 321, in process_rule
    self._process_rule(a, b)
    ~~~~~~~~~~~~~~~~~~^^^^^^
  File "D:\CantorAI\xlang3\venv\cpython3.14-a6792301b742-compat-31b33d68c68a\Lib\site-packages\sympy\core\facts.py", line 343, in _process_rule
    self.process_rule(And(*[Not(barg) for barg in b.args]), Not(a))
    ~~~~~~~~~~~~~~~~~^^^^^^^^^^^^^^^^^^^^^^^^^^^^^^^^^^^^^^^^^^^^^^
  File "D:\CantorAI\xlang3\venv\cpython3.14-a6792301b742-compat-31b33d68c68a\Lib\site-packages\sympy\core\facts.py", line 321, in process_rule
    self._process_rule(a, b)
    ~~~~~~~~~~~~~~~~~~^^^^^^
  File "D:\CantorAI\xlang3\venv\cpython3.14-a6792301b742-compat-31b33d68c68a\Lib\site-packages\sympy\core\facts.py", line 343, in _process_rule
    self.process_rule(And(*[Not(barg) for barg in b.args]), Not(a))
    ~~~~~~~~~~~~~~~~~^^^^^^^^^^^^^^^^^^^^^^^^^^^^^^^^^^^^^^^^^^^^^^
  File "D:\CantorAI\xlang3\venv\cpython3.14-a6792301b742-compat-31b33d68c68a\Lib\site-packages\sympy\core\facts.py", line 321, in process_rule
    self._process_rule(a, b)
    ~~~~~~~~~~~~~~~~~~^^^^^^
  File "D:\CantorAI\xlang3\venv\cpython3.14-a6792301b742-compat-31b33d68c68a\Lib\site-packages\sympy\core\facts.py", line 343, in _process_rule
    self.process_rule(And(*[Not(barg) for barg in b.args]), Not(a))
    ~~~~~~~~~~~~~~~~~^^^^^^^^^^^^^^^^^^^^^^^^^^^^^^^^^^^^^^^^^^^^^^
  File "D:\CantorAI\xlang3\venv\cpython3.14-a6792301b742-compat-31b33d68c68a\Lib\site-packages\sympy\core\facts.py", line 321, in process_rule
    self._process_rule(a, b)
    ~~~~~~~~~~~~~~~~~~^^^^^^
  File "D:\CantorAI\xlang3\venv\cpython3.14-a6792301b742-compat-31b33d68c68a\Lib\site-packages\sympy\core\facts.py", line 343, in _process_rule
    self.process_rule(And(*[Not(barg) for barg in b.args]), Not(a))
    ~~~~~~~~~~~~~~~~~^^^^^^^^^^^^^^^^^^^^^^^^^^^^^^^^^^^^^^^^^^^^^^
  File "D:\CantorAI\xlang3\venv\cpython3.14-a6792301b742-compat-31b33d68c68a\Lib\site-packages\sympy\core\facts.py", line 321, in process_rule
    self._process_rule(a, b)
    ~~~~~~~~~~~~~~~~~~^^^^^^
  File "D:\CantorAI\xlang3\venv\cpython3.14-a6792301b742-compat-31b33d68c68a\Lib\site-packages\sympy\core\facts.py", line 343, in _process_rule
    self.process_rule(And(*[Not(barg) for barg in b.args]), Not(a))
    ~~~~~~~~~~~~~~~~~^^^^^^^^^^^^^^^^^^^^^^^^^^^^^^^^^^^^^^^^^^^^^^
  File "D:\CantorAI\xlang3\venv\cpython3.14-a6792301b742-compat-31b33d68c68a\Lib\site-packages\sympy\core\facts.py", line 321, in process_rule
    self._process_rule(a, b)
    ~~~~~~~~~~~~~~~~~~^^^^^^
  File "D:\CantorAI\xlang3\venv\cpython3.14-a6792301b742-compat-31b33d68c68a\Lib\site-packages\sympy\core\facts.py", line 343, in _process_rule
    self.process_rule(And(*[Not(barg) for barg in b.args]), Not(a))
    ~~~~~~~~~~~~~~~~~^^^^^^^^^^^^^^^^^^^^^^^^^^^^^^^^^^^^^^^^^^^^^^
  File "D:\CantorAI\xlang3\venv\cpython3.14-a6792301b742-compat-31b33d68c68a\Lib\site-packages\sympy\core\facts.py", line 321, in process_rule
    self._process_rule(a, b)
    ~~~~~~~~~~~~~~~~~~^^^^^^
  File "D:\CantorAI\xlang3\venv\cpython3.14-a6792301b742-compat-31b33d68c68a\Lib\site-packages\sympy\core\facts.py", line 343, in _process_rule
    self.process_rule(And(*[Not(barg) for barg in b.args]), Not(a))
    ~~~~~~~~~~~~~~~~~^^^^^^^^^^^^^^^^^^^^^^^^^^^^^^^^^^^^^^^^^^^^^^
  File "D:\CantorAI\xlang3\venv\cpython3.14-a6792301b742-compat-31b33d68c68a\Lib\site-packages\sympy\core\facts.py", line 321, in process_rule
    self._process_rule(a, b)
    ~~~~~~~~~~~~~~~~~~^^^^^^
  File "D:\CantorAI\xlang3\venv\cpython3.14-a6792301b742-compat-31b33d68c68a\Lib\site-packages\sympy\core\facts.py", line 343, in _process_rule
    self.process_rule(And(*[Not(barg) for barg in b.args]), Not(a))
    ~~~~~~~~~~~~~~~~~^^^^^^^^^^^^^^^^^^^^^^^^^^^^^^^^^^^^^^^^^^^^^^
  File "D:\CantorAI\xlang3\venv\cpython3.14-a6792301b742-compat-31b33d68c68a\Lib\site-packages\sympy\core\facts.py", line 321, in process_rule
    self._process_rule(a, b)
    ~~~~~~~~~~~~~~~~~~^^^^^^
  File "D:\CantorAI\xlang3\venv\cpython3.14-a6792301b742-compat-31b33d68c68a\Lib\site-packages\sympy\core\facts.py", line 343, in _process_rule
    self.process_rule(And(*[Not(barg) for barg in b.args]), Not(a))
    ~~~~~~~~~~~~~~~~~^^^^^^^^^^^^^^^^^^^^^^^^^^^^^^^^^^^^^^^^^^^^^^
  File "D:\CantorAI\xlang3\venv\cpython3.14-a6792301b742-compat-31b33d68c68a\Lib\site-packages\sympy\core\facts.py", line 321, in process_rule
    self._process_rule(a, b)
    ~~~~~~~~~~~~~~~~~~^^^^^^
  File "D:\CantorAI\xlang3\venv\cpython3.14-a6792301b742-compat-31b33d68c68a\Lib\site-packages\sympy\core\facts.py", line 343, in _process_rule
    self.process_rule(And(*[Not(barg) for barg in b.args]), Not(a))
    ~~~~~~~~~~~~~~~~~^^^^^^^^^^^^^^^^^^^^^^^^^^^^^^^^^^^^^^^^^^^^^^
  File "D:\CantorAI\xlang3\venv\cpython3.14-a6792301b742-compat-31b33d68c68a\Lib\site-packages\sympy\core\facts.py", line 321, in process_rule
    self._process_rule(a, b)
    ~~~~~~~~~~~~~~~~~~^^^^^^
  File "D:\CantorAI\xlang3\venv\cpython3.14-a6792301b742-compat-31b33d68c68a\Lib\site-packages\sympy\core\facts.py", line 343, in _process_rule
    self.process_rule(And(*[Not(barg) for barg in b.args]), Not(a))
    ~~~~~~~~~~~~~~~~~^^^^^^^^^^^^^^^^^^^^^^^^^^^^^^^^^^^^^^^^^^^^^^
  File "D:\CantorAI\xlang3\venv\cpython3.14-a6792301b742-compat-31b33d68c68a\Lib\site-packages\sympy\core\facts.py", line 321, in process_rule
    self._process_rule(a, b)
    ~~~~~~~~~~~~~~~~~~^^^^^^
  File "D:\CantorAI\xlang3\venv\cpython3.14-a6792301b742-compat-31b33d68c68a\Lib\site-packages\sympy\core\facts.py", line 343, in _process_rule
    self.process_rule(And(*[Not(barg) for barg in b.args]), Not(a))
    ~~~~~~~~~~~~~~~~~^^^^^^^^^^^^^^^^^^^^^^^^^^^^^^^^^^^^^^^^^^^^^^
  File "D:\CantorAI\xlang3\venv\cpython3.14-a6792301b742-compat-31b33d68c68a\Lib\site-packages\sympy\core\facts.py", line 321, in process_rule
    self._process_rule(a, b)
    ~~~~~~~~~~~~~~~~~~^^^^^^
  File "D:\CantorAI\xlang3\venv\cpython3.14-a6792301b742-compat-31b33d68c68a\Lib\site-packages\sympy\core\facts.py", line 343, in _process_rule
    self.process_rule(And(*[Not(barg) for barg in b.args]), Not(a))
    ~~~~~~~~~~~~~~~~~^^^^^^^^^^^^^^^^^^^^^^^^^^^^^^^^^^^^^^^^^^^^^^
  File "D:\CantorAI\xlang3\venv\cpython3.14-a6792301b742-compat-31b33d68c68a\Lib\site-packages\sympy\core\facts.py", line 321, in process_rule
    self._process_rule(a, b)
    ~~~~~~~~~~~~~~~~~~^^^^^^
  File "D:\CantorAI\xlang3\venv\cpython3.14-a6792301b742-compat-31b33d68c68a\Lib\site-packages\sympy\core\facts.py", line 343, in _process_rule
    self.process_rule(And(*[Not(barg) for barg in b.args]), Not(a))
    ~~~~~~~~~~~~~~~~~^^^^^^^^^^^^^^^^^^^^^^^^^^^^^^^^^^^^^^^^^^^^^^
  File "D:\CantorAI\xlang3\venv\cpython3.14-a6792301b742-compat-31b33d68c68a\Lib\site-packages\sympy\core\facts.py", line 321, in process_rule
    self._process_rule(a, b)
    ~~~~~~~~~~~~~~~~~~^^^^^^
  File "D:\CantorAI\xlang3\venv\cpython3.14-a6792301b742-compat-31b33d68c68a\Lib\site-packages\sympy\core\facts.py", line 343, in _process_rule
    self.process_rule(And(*[Not(barg) for barg in b.args]), Not(a))
    ~~~~~~~~~~~~~~~~~^^^^^^^^^^^^^^^^^^^^^^^^^^^^^^^^^^^^^^^^^^^^^^
  File "D:\CantorAI\xlang3\venv\cpython3.14-a6792301b742-compat-31b33d68c68a\Lib\site-packages\sympy\core\facts.py", line 321, in process_rule
    self._process_rule(a, b)
    ~~~~~~~~~~~~~~~~~~^^^^^^
  File "D:\CantorAI\xlang3\venv\cpython3.14-a6792301b742-compat-31b33d68c68a\Lib\site-packages\sympy\core\facts.py", line 343, in _process_rule
    self.process_rule(And(*[Not(barg) for barg in b.args]), Not(a))
    ~~~~~~~~~~~~~~~~~^^^^^^^^^^^^^^^^^^^^^^^^^^^^^^^^^^^^^^^^^^^^^^
  File "D:\CantorAI\xlang3\venv\cpython3.14-a6792301b742-compat-31b33d68c68a\Lib\site-packages\sympy\core\facts.py", line 321, in process_rule
    self._process_rule(a, b)
    ~~~~~~~~~~~~~~~~~~^^^^^^
  File "D:\CantorAI\xlang3\venv\cpython3.14-a6792301b742-compat-31b33d68c68a\Lib\site-packages\sympy\core\facts.py", line 343, in _process_rule
    self.process_rule(And(*[Not(barg) for barg in b.args]), Not(a))
    ~~~~~~~~~~~~~~~~~^^^^^^^^^^^^^^^^^^^^^^^^^^^^^^^^^^^^^^^^^^^^^^
  File "D:\CantorAI\xlang3\venv\cpython3.14-a6792301b742-compat-31b33d68c68a\Lib\site-packages\sympy\core\facts.py", line 321, in process_rule
    self._process_rule(a, b)
    ~~~~~~~~~~~~~~~~~~^^^^^^
  File "D:\CantorAI\xlang3\venv\cpython3.14-a6792301b742-compat-31b33d68c68a\Lib\site-packages\sympy\core\facts.py", line 343, in _process_rule
    self.process_rule(And(*[Not(barg) for barg in b.args]), Not(a))
    ~~~~~~~~~~~~~~~~~^^^^^^^^^^^^^^^^^^^^^^^^^^^^^^^^^^^^^^^^^^^^^^
  File "D:\CantorAI\xlang3\venv\cpython3.14-a6792301b742-compat-31b33d68c68a\Lib\site-packages\sympy\core\facts.py", line 321, in process_rule
    self._process_rule(a, b)
    ~~~~~~~~~~~~~~~~~~^^^^^^
  File "D:\CantorAI\xlang3\venv\cpython3.14-a6792301b742-compat-31b33d68c68a\Lib\site-packages\sympy\core\facts.py", line 343, in _process_rule
    self.process_rule(And(*[Not(barg) for barg in b.args]), Not(a))
    ~~~~~~~~~~~~~~~~~^^^^^^^^^^^^^^^^^^^^^^^^^^^^^^^^^^^^^^^^^^^^^^
  File "D:\CantorAI\xlang3\venv\cpython3.14-a6792301b742-compat-31b33d68c68a\Lib\site-packages\sympy\core\facts.py", line 321, in process_rule
    self._process_rule(a, b)
    ~~~~~~~~~~~~~~~~~~^^^^^^
  File "D:\CantorAI\xlang3\venv\cpython3.14-a6792301b742-compat-31b33d68c68a\Lib\site-packages\sympy\core\facts.py", line 343, in _process_rule
    self.process_rule(And(*[Not(barg) for barg in b.args]), Not(a))
    ~~~~~~~~~~~~~~~~~^^^^^^^^^^^^^^^^^^^^^^^^^^^^^^^^^^^^^^^^^^^^^^
  File "D:\CantorAI\xlang3\venv\cpython3.14-a6792301b742-compat-31b33d68c68a\Lib\site-packages\sympy\core\facts.py", line 321, in process_rule
    self._process_rule(a, b)
    ~~~~~~~~~~~~~~~~~~^^^^^^
  File "D:\CantorAI\xlang3\venv\cpython3.14-a6792301b742-compat-31b33d68c68a\Lib\site-packages\sympy\core\facts.py", line 343, in _process_rule
    self.process_rule(And(*[Not(barg) for barg in b.args]), Not(a))
    ~~~~~~~~~~~~~~~~~^^^^^^^^^^^^^^^^^^^^^^^^^^^^^^^^^^^^^^^^^^^^^^
  File "D:\CantorAI\xlang3\venv\cpython3.14-a6792301b742-compat-31b33d68c68a\Lib\site-packages\sympy\core\facts.py", line 321, in process_rule
    self._process_rule(a, b)
    ~~~~~~~~~~~~~~~~~~^^^^^^
  File "D:\CantorAI\xlang3\venv\cpython3.14-a6792301b742-compat-31b33d68c68a\Lib\site-packages\sympy\core\facts.py", line 343, in _process_rule
    self.process_rule(And(*[Not(barg) for barg in b.args]), Not(a))
    ~~~~~~~~~~~~~~~~~^^^^^^^^^^^^^^^^^^^^^^^^^^^^^^^^^^^^^^^^^^^^^^
  File "D:\CantorAI\xlang3\venv\cpython3.14-a6792301b742-compat-31b33d68c68a\Lib\site-packages\sympy\core\facts.py", line 321, in process_rule
    self._process_rule(a, b)
    ~~~~~~~~~~~~~~~~~~^^^^^^
  File "D:\CantorAI\xlang3\venv\cpython3.14-a6792301b742-compat-31b33d68c68a\Lib\site-packages\sympy\core\facts.py", line 343, in _process_rule
    self.process_rule(And(*[Not(barg) for barg in b.args]), Not(a))
    ~~~~~~~~~~~~~~~~~^^^^^^^^^^^^^^^^^^^^^^^^^^^^^^^^^^^^^^^^^^^^^^
  File "D:\CantorAI\xlang3\venv\cpython3.14-a6792301b742-compat-31b33d68c68a\Lib\site-packages\sympy\core\facts.py", line 321, in process_rule
    self._process_rule(a, b)
    ~~~~~~~~~~~~~~~~~~^^^^^^
  File "D:\CantorAI\xlang3\venv\cpython3.14-a6792301b742-compat-31b33d68c68a\Lib\site-packages\sympy\core\facts.py", line 343, in _process_rule
    self.process_rule(And(*[Not(barg) for barg in b.args]), Not(a))
    ~~~~~~~~~~~~~~~~~^^^^^^^^^^^^^^^^^^^^^^^^^^^^^^^^^^^^^^^^^^^^^^
  File "D:\CantorAI\xlang3\venv\cpython3.14-a6792301b742-compat-31b33d68c68a\Lib\site-packages\sympy\core\facts.py", line 321, in process_rule
    self._process_rule(a, b)
    ~~~~~~~~~~~~~~~~~~^^^^^^
  File "D:\CantorAI\xlang3\venv\cpython3.14-a6792301b742-compat-31b33d68c68a\Lib\site-packages\sympy\core\facts.py", line 343, in _process_rule
    self.process_rule(And(*[Not(barg) for barg in b.args]), Not(a))
    ~~~~~~~~~~~~~~~~~^^^^^^^^^^^^^^^^^^^^^^^^^^^^^^^^^^^^^^^^^^^^^^
  File "D:\CantorAI\xlang3\venv\cpython3.14-a6792301b742-compat-31b33d68c68a\Lib\site-packages\sympy\core\facts.py", line 321, in process_rule
    self._process_rule(a, b)
    ~~~~~~~~~~~~~~~~~~^^^^^^
  File "D:\CantorAI\xlang3\venv\cpython3.14-a6792301b742-compat-31b33d68c68a\Lib\site-packages\sympy\core\facts.py", line 343, in _process_rule
    self.process_rule(And(*[Not(barg) for barg in b.args]), Not(a))
    ~~~~~~~~~~~~~~~~~^^^^^^^^^^^^^^^^^^^^^^^^^^^^^^^^^^^^^^^^^^^^^^
  File "D:\CantorAI\xlang3\venv\cpython3.14-a6792301b742-compat-31b33d68c68a\Lib\site-packages\sympy\core\facts.py", line 321, in process_rule
    self._process_rule(a, b)
    ~~~~~~~~~~~~~~~~~~^^^^^^
  File "D:\CantorAI\xlang3\venv\cpython3.14-a6792301b742-compat-31b33d68c68a\Lib\site-packages\sympy\core\facts.py", line 343, in _process_rule
    self.process_rule(And(*[Not(barg) for barg in b.args]), Not(a))
    ~~~~~~~~~~~~~~~~~^^^^^^^^^^^^^^^^^^^^^^^^^^^^^^^^^^^^^^^^^^^^^^
  File "D:\CantorAI\xlang3\venv\cpython3.14-a6792301b742-compat-31b33d68c68a\Lib\site-packages\sympy\core\facts.py", line 321, in process_rule
    self._process_rule(a, b)
    ~~~~~~~~~~~~~~~~~~^^^^^^
  File "D:\CantorAI\xlang3\venv\cpython3.14-a6792301b742-compat-31b33d68c68a\Lib\site-packages\sympy\core\facts.py", line 343, in _process_rule
    self.process_rule(And(*[Not(barg) for barg in b.args]), Not(a))
    ~~~~~~~~~~~~~~~~~^^^^^^^^^^^^^^^^^^^^^^^^^^^^^^^^^^^^^^^^^^^^^^
  File "D:\CantorAI\xlang3\venv\cpython3.14-a6792301b742-compat-31b33d68c68a\Lib\site-packages\sympy\core\facts.py", line 321, in process_rule
    self._process_rule(a, b)
    ~~~~~~~~~~~~~~~~~~^^^^^^
  File "D:\CantorAI\xlang3\venv\cpython3.14-a6792301b742-compat-31b33d68c68a\Lib\site-packages\sympy\core\facts.py", line 343, in _process_rule
    self.process_rule(And(*[Not(barg) for barg in b.args]), Not(a))
    ~~~~~~~~~~~~~~~~~^^^^^^^^^^^^^^^^^^^^^^^^^^^^^^^^^^^^^^^^^^^^^^
  File "D:\CantorAI\xlang3\venv\cpython3.14-a6792301b742-compat-31b33d68c68a\Lib\site-packages\sympy\core\facts.py", line 321, in process_rule
    self._process_rule(a, b)
    ~~~~~~~~~~~~~~~~~~^^^^^^
  File "D:\CantorAI\xlang3\venv\cpython3.14-a6792301b742-compat-31b33d68c68a\Lib\site-packages\sympy\core\facts.py", line 343, in _process_rule
    self.process_rule(And(*[Not(barg) for barg in b.args]), Not(a))
    ~~~~~~~~~~~~~~~~~^^^^^^^^^^^^^^^^^^^^^^^^^^^^^^^^^^^^^^^^^^^^^^
  File "D:\CantorAI\xlang3\venv\cpython3.14-a6792301b742-compat-31b33d68c68a\Lib\site-packages\sympy\core\facts.py", line 321, in process_rule
    self._process_rule(a, b)
    ~~~~~~~~~~~~~~~~~~^^^^^^
  File "D:\CantorAI\xlang3\venv\cpython3.14-a6792301b742-compat-31b33d68c68a\Lib\site-packages\sympy\core\facts.py", line 343, in _process_rule
    self.process_rule(And(*[Not(barg) for barg in b.args]), Not(a))
    ~~~~~~~~~~~~~~~~~^^^^^^^^^^^^^^^^^^^^^^^^^^^^^^^^^^^^^^^^^^^^^^
  File "D:\CantorAI\xlang3\venv\cpython3.14-a6792301b742-compat-31b33d68c68a\Lib\site-packages\sympy\core\facts.py", line 321, in process_rule
    self._process_rule(a, b)
    ~~~~~~~~~~~~~~~~~~^^^^^^
  File "D:\CantorAI\xlang3\venv\cpython3.14-a6792301b742-compat-31b33d68c68a\Lib\site-packages\sympy\core\facts.py", line 343, in _process_rule
    self.process_rule(And(*[Not(barg) for barg in b.args]), Not(a))
    ~~~~~~~~~~~~~~~~~^^^^^^^^^^^^^^^^^^^^^^^^^^^^^^^^^^^^^^^^^^^^^^
  File "D:\CantorAI\xlang3\venv\cpython3.14-a6792301b742-compat-31b33d68c68a\Lib\site-packages\sympy\core\facts.py", line 321, in process_rule
    self._process_rule(a, b)
    ~~~~~~~~~~~~~~~~~~^^^^^^
  File "D:\CantorAI\xlang3\venv\cpython3.14-a6792301b742-compat-31b33d68c68a\Lib\site-packages\sympy\core\facts.py", line 343, in _process_rule
    self.process_rule(And(*[Not(barg) for barg in b.args]), Not(a))
    ~~~~~~~~~~~~~~~~~^^^^^^^^^^^^^^^^^^^^^^^^^^^^^^^^^^^^^^^^^^^^^^
  File "D:\CantorAI\xlang3\venv\cpython3.14-a6792301b742-compat-31b33d68c68a\Lib\site-packages\sympy\core\facts.py", line 321, in process_rule
    self._process_rule(a, b)
    ~~~~~~~~~~~~~~~~~~^^^^^^
  File "D:\CantorAI\xlang3\venv\cpython3.14-a6792301b742-compat-31b33d68c68a\Lib\site-packages\sympy\core\facts.py", line 343, in _process_rule
    self.process_rule(And(*[Not(barg) for barg in b.args]), Not(a))
    ~~~~~~~~~~~~~~~~~^^^^^^^^^^^^^^^^^^^^^^^^^^^^^^^^^^^^^^^^^^^^^^
  File "D:\CantorAI\xlang3\venv\cpython3.14-a6792301b742-compat-31b33d68c68a\Lib\site-packages\sympy\core\facts.py", line 321, in process_rule
    self._process_rule(a, b)
    ~~~~~~~~~~~~~~~~~~^^^^^^
  File "D:\CantorAI\xlang3\venv\cpython3.14-a6792301b742-compat-31b33d68c68a\Lib\site-packages\sympy\core\facts.py", line 343, in _process_rule
    self.process_rule(And(*[Not(barg) for barg in b.args]), Not(a))
    ~~~~~~~~~~~~~~~~~^^^^^^^^^^^^^^^^^^^^^^^^^^^^^^^^^^^^^^^^^^^^^^
  File "D:\CantorAI\xlang3\venv\cpython3.14-a6792301b742-compat-31b33d68c68a\Lib\site-packages\sympy\core\facts.py", line 321, in process_rule
    self._process_rule(a, b)
    ~~~~~~~~~~~~~~~~~~^^^^^^
  File "D:\CantorAI\xlang3\venv\cpython3.14-a6792301b742-compat-31b33d68c68a\Lib\site-packages\sympy\core\facts.py", line 343, in _process_rule
    self.process_rule(And(*[Not(barg) for barg in b.args]), Not(a))
    ~~~~~~~~~~~~~~~~~^^^^^^^^^^^^^^^^^^^^^^^^^^^^^^^^^^^^^^^^^^^^^^
  File "D:\CantorAI\xlang3\venv\cpython3.14-a6792301b742-compat-31b33d68c68a\Lib\site-packages\sympy\core\facts.py", line 321, in process_rule
    self._process_rule(a, b)
    ~~~~~~~~~~~~~~~~~~^^^^^^
  File "D:\CantorAI\xlang3\venv\cpython3.14-a6792301b742-compat-31b33d68c68a\Lib\site-packages\sympy\core\facts.py", line 343, in _process_rule
    self.process_rule(And(*[Not(barg) for barg in b.args]), Not(a))
    ~~~~~~~~~~~~~~~~~^^^^^^^^^^^^^^^^^^^^^^^^^^^^^^^^^^^^^^^^^^^^^^
  File "D:\CantorAI\xlang3\venv\cpython3.14-a6792301b742-compat-31b33d68c68a\Lib\site-packages\sympy\core\facts.py", line 321, in process_rule
    self._process_rule(a, b)
    ~~~~~~~~~~~~~~~~~~^^^^^^
  File "D:\CantorAI\xlang3\venv\cpython3.14-a6792301b742-compat-31b33d68c68a\Lib\site-packages\sympy\core\facts.py", line 343, in _process_rule
    self.process_rule(And(*[Not(barg) for barg in b.args]), Not(a))
    ~~~~~~~~~~~~~~~~~^^^^^^^^^^^^^^^^^^^^^^^^^^^^^^^^^^^^^^^^^^^^^^
  File "D:\CantorAI\xlang3\venv\cpython3.14-a6792301b742-compat-31b33d68c68a\Lib\site-packages\sympy\core\facts.py", line 321, in process_rule
    self._process_rule(a, b)
    ~~~~~~~~~~~~~~~~~~^^^^^^
  File "D:\CantorAI\xlang3\venv\cpython3.14-a6792301b742-compat-31b33d68c68a\Lib\site-packages\sympy\core\facts.py", line 343, in _process_rule
    self.process_rule(And(*[Not(barg) for barg in b.args]), Not(a))
    ~~~~~~~~~~~~~~~~~^^^^^^^^^^^^^^^^^^^^^^^^^^^^^^^^^^^^^^^^^^^^^^
  File "D:\CantorAI\xlang3\venv\cpython3.14-a6792301b742-compat-31b33d68c68a\Lib\site-packages\sympy\core\facts.py", line 321, in process_rule
    self._process_rule(a, b)
    ~~~~~~~~~~~~~~~~~~^^^^^^
  File "D:\CantorAI\xlang3\venv\cpython3.14-a6792301b742-compat-31b33d68c68a\Lib\site-packages\sympy\core\facts.py", line 343, in _process_rule
    self.process_rule(And(*[Not(barg) for barg in b.args]), Not(a))
    ~~~~~~~~~~~~~~~~~^^^^^^^^^^^^^^^^^^^^^^^^^^^^^^^^^^^^^^^^^^^^^^
  File "D:\CantorAI\xlang3\venv\cpython3.14-a6792301b742-compat-31b33d68c68a\Lib\site-packages\sympy\core\facts.py", line 321, in process_rule
    self._process_rule(a, b)
    ~~~~~~~~~~~~~~~~~~^^^^^^
  File "D:\CantorAI\xlang3\venv\cpython3.14-a6792301b742-compat-31b33d68c68a\Lib\site-packages\sympy\core\facts.py", line 343, in _process_rule
    self.process_rule(And(*[Not(barg) for barg in b.args]), Not(a))
    ~~~~~~~~~~~~~~~~~^^^^^^^^^^^^^^^^^^^^^^^^^^^^^^^^^^^^^^^^^^^^^^
  File "D:\CantorAI\xlang3\venv\cpython3.14-a6792301b742-compat-31b33d68c68a\Lib\site-packages\sympy\core\facts.py", line 321, in process_rule
    self._process_rule(a, b)
    ~~~~~~~~~~~~~~~~~~^^^^^^
  File "D:\CantorAI\xlang3\venv\cpython3.14-a6792301b742-compat-31b33d68c68a\Lib\site-packages\sympy\core\facts.py", line 343, in _process_rule
    self.process_rule(And(*[Not(barg) for barg in b.args]), Not(a))
    ~~~~~~~~~~~~~~~~~^^^^^^^^^^^^^^^^^^^^^^^^^^^^^^^^^^^^^^^^^^^^^^
  File "D:\CantorAI\xlang3\venv\cpython3.14-a6792301b742-compat-31b33d68c68a\Lib\site-packages\sympy\core\facts.py", line 321, in process_rule
    self._process_rule(a, b)
    ~~~~~~~~~~~~~~~~~~^^^^^^
  File "D:\CantorAI\xlang3\venv\cpython3.14-a6792301b742-compat-31b33d68c68a\Lib\site-packages\sympy\core\facts.py", line 343, in _process_rule
    self.process_rule(And(*[Not(barg) for barg in b.args]), Not(a))
    ~~~~~~~~~~~~~~~~~^^^^^^^^^^^^^^^^^^^^^^^^^^^^^^^^^^^^^^^^^^^^^^
  File "D:\CantorAI\xlang3\venv\cpython3.14-a6792301b742-compat-31b33d68c68a\Lib\site-packages\sympy\core\facts.py", line 321, in process_rule
    self._process_rule(a, b)
    ~~~~~~~~~~~~~~~~~~^^^^^^
  File "D:\CantorAI\xlang3\venv\cpython3.14-a6792301b742-compat-31b33d68c68a\Lib\site-packages\sympy\core\facts.py", line 343, in _process_rule
    self.process_rule(And(*[Not(barg) for barg in b.args]), Not(a))
    ~~~~~~~~~~~~~~~~~^^^^^^^^^^^^^^^^^^^^^^^^^^^^^^^^^^^^^^^^^^^^^^
  File "D:\CantorAI\xlang3\venv\cpython3.14-a6792301b742-compat-31b33d68c68a\Lib\site-packages\sympy\core\facts.py", line 321, in process_rule
    self._process_rule(a, b)
    ~~~~~~~~~~~~~~~~~~^^^^^^
  File "D:\CantorAI\xlang3\venv\cpython3.14-a6792301b742-compat-31b33d68c68a\Lib\site-packages\sympy\core\facts.py", line 343, in _process_rule
    self.process_rule(And(*[Not(barg) for barg in b.args]), Not(a))
    ~~~~~~~~~~~~~~~~~^^^^^^^^^^^^^^^^^^^^^^^^^^^^^^^^^^^^^^^^^^^^^^
  File "D:\CantorAI\xlang3\venv\cpython3.14-a6792301b742-compat-31b33d68c68a\Lib\site-packages\sympy\core\facts.py", line 321, in process_rule
    self._process_rule(a, b)
    ~~~~~~~~~~~~~~~~~~^^^^^^
  File "D:\CantorAI\xlang3\venv\cpython3.14-a6792301b742-compat-31b33d68c68a\Lib\site-packages\sympy\core\facts.py", line 343, in _process_rule
    self.process_rule(And(*[Not(barg) for barg in b.args]), Not(a))
    ~~~~~~~~~~~~~~~~~^^^^^^^^^^^^^^^^^^^^^^^^^^^^^^^^^^^^^^^^^^^^^^
  File "D:\CantorAI\xlang3\venv\cpython3.14-a6792301b742-compat-31b33d68c68a\Lib\site-packages\sympy\core\facts.py", line 321, in process_rule
    self._process_rule(a, b)
    ~~~~~~~~~~~~~~~~~~^^^^^^
  File "D:\CantorAI\xlang3\venv\cpython3.14-a6792301b742-compat-31b33d68c68a\Lib\site-packages\sympy\core\facts.py", line 343, in _process_rule
    self.process_rule(And(*[Not(barg) for barg in b.args]), Not(a))
    ~~~~~~~~~~~~~~~~~^^^^^^^^^^^^^^^^^^^^^^^^^^^^^^^^^^^^^^^^^^^^^^
  File "D:\CantorAI\xlang3\venv\cpython3.14-a6792301b742-compat-31b33d68c68a\Lib\site-packages\sympy\core\facts.py", line 321, in process_rule
    self._process_rule(a, b)
    ~~~~~~~~~~~~~~~~~~^^^^^^
  File "D:\CantorAI\xlang3\venv\cpython3.14-a6792301b742-compat-31b33d68c68a\Lib\site-packages\sympy\core\facts.py", line 343, in _process_rule
    self.process_rule(And(*[Not(barg) for barg in b.args]), Not(a))
    ~~~~~~~~~~~~~~~~~^^^^^^^^^^^^^^^^^^^^^^^^^^^^^^^^^^^^^^^^^^^^^^
  File "D:\CantorAI\xlang3\venv\cpython3.14-a6792301b742-compat-31b33d68c68a\Lib\site-packages\sympy\core\facts.py", line 321, in process_rule
    self._process_rule(a, b)
    ~~~~~~~~~~~~~~~~~~^^^^^^
  File "D:\CantorAI\xlang3\venv\cpython3.14-a6792301b742-compat-31b33d68c68a\Lib\site-packages\sympy\core\facts.py", line 343, in _process_rule
    self.process_rule(And(*[Not(barg) for barg in b.args]), Not(a))
    ~~~~~~~~~~~~~~~~~^^^^^^^^^^^^^^^^^^^^^^^^^^^^^^^^^^^^^^^^^^^^^^
  File "D:\CantorAI\xlang3\venv\cpython3.14-a6792301b742-compat-31b33d68c68a\Lib\site-packages\sympy\core\facts.py", line 321, in process_rule
    self._process_rule(a, b)
    ~~~~~~~~~~~~~~~~~~^^^^^^
  File "D:\CantorAI\xlang3\venv\cpython3.14-a6792301b742-compat-31b33d68c68a\Lib\site-packages\sympy\core\facts.py", line 343, in _process_rule
    self.process_rule(And(*[Not(barg) for barg in b.args]), Not(a))
    ~~~~~~~~~~~~~~~~~^^^^^^^^^^^^^^^^^^^^^^^^^^^^^^^^^^^^^^^^^^^^^^
  File "D:\CantorAI\xlang3\venv\cpython3.14-a6792301b742-compat-31b33d68c68a\Lib\site-packages\sympy\core\facts.py", line 321, in process_rule
    self._process_rule(a, b)
    ~~~~~~~~~~~~~~~~~~^^^^^^
  File "D:\CantorAI\xlang3\venv\cpython3.14-a6792301b742-compat-31b33d68c68a\Lib\site-packages\sympy\core\facts.py", line 343, in _process_rule
    self.process_rule(And(*[Not(barg) for barg in b.args]), Not(a))
    ~~~~~~~~~~~~~~~~~^^^^^^^^^^^^^^^^^^^^^^^^^^^^^^^^^^^^^^^^^^^^^^
  File "D:\CantorAI\xlang3\venv\cpython3.14-a6792301b742-compat-31b33d68c68a\Lib\site-packages\sympy\core\facts.py", line 321, in process_rule
    self._process_rule(a, b)
    ~~~~~~~~~~~~~~~~~~^^^^^^
  File "D:\CantorAI\xlang3\venv\cpython3.14-a6792301b742-compat-31b33d68c68a\Lib\site-packages\sympy\core\facts.py", line 343, in _process_rule
    self.process_rule(And(*[Not(barg) for barg in b.args]), Not(a))
    ~~~~~~~~~~~~~~~~~^^^^^^^^^^^^^^^^^^^^^^^^^^^^^^^^^^^^^^^^^^^^^^
  File "D:\CantorAI\xlang3\venv\cpython3.14-a6792301b742-compat-31b33d68c68a\Lib\site-packages\sympy\core\facts.py", line 321, in process_rule
    self._process_rule(a, b)
    ~~~~~~~~~~~~~~~~~~^^^^^^
  File "D:\CantorAI\xlang3\venv\cpython3.14-a6792301b742-compat-31b33d68c68a\Lib\site-packages\sympy\core\facts.py", line 343, in _process_rule
    self.process_rule(And(*[Not(barg) for barg in b.args]), Not(a))
    ~~~~~~~~~~~~~~~~~^^^^^^^^^^^^^^^^^^^^^^^^^^^^^^^^^^^^^^^^^^^^^^
  File "D:\CantorAI\xlang3\venv\cpython3.14-a6792301b742-compat-31b33d68c68a\Lib\site-packages\sympy\core\facts.py", line 321, in process_rule
    self._process_rule(a, b)
    ~~~~~~~~~~~~~~~~~~^^^^^^
  File "D:\CantorAI\xlang3\venv\cpython3.14-a6792301b742-compat-31b33d68c68a\Lib\site-packages\sympy\core\facts.py", line 343, in _process_rule
    self.process_rule(And(*[Not(barg) for barg in b.args]), Not(a))
    ~~~~~~~~~~~~~~~~~^^^^^^^^^^^^^^^^^^^^^^^^^^^^^^^^^^^^^^^^^^^^^^
  File "D:\CantorAI\xlang3\venv\cpython3.14-a6792301b742-compat-31b33d68c68a\Lib\site-packages\sympy\core\facts.py", line 321, in process_rule
    self._process_rule(a, b)
    ~~~~~~~~~~~~~~~~~~^^^^^^
  File "D:\CantorAI\xlang3\venv\cpython3.14-a6792301b742-compat-31b33d68c68a\Lib\site-packages\sympy\core\facts.py", line 343, in _process_rule
    self.process_rule(And(*[Not(barg) for barg in b.args]), Not(a))
    ~~~~~~~~~~~~~~~~~^^^^^^^^^^^^^^^^^^^^^^^^^^^^^^^^^^^^^^^^^^^^^^
  File "D:\CantorAI\xlang3\venv\cpython3.14-a6792301b742-compat-31b33d68c68a\Lib\site-packages\sympy\core\facts.py", line 321, in process_rule
    self._process_rule(a, b)
    ~~~~~~~~~~~~~~~~~~^^^^^^
  File "D:\CantorAI\xlang3\venv\cpython3.14-a6792301b742-compat-31b33d68c68a\Lib\site-packages\sympy\core\facts.py", line 343, in _process_rule
    self.process_rule(And(*[Not(barg) for barg in b.args]), Not(a))
    ~~~~~~~~~~~~~~~~~^^^^^^^^^^^^^^^^^^^^^^^^^^^^^^^^^^^^^^^^^^^^^^
  File "D:\CantorAI\xlang3\venv\cpython3.14-a6792301b742-compat-31b33d68c68a\Lib\site-packages\sympy\core\facts.py", line 321, in process_rule
    self._process_rule(a, b)
    ~~~~~~~~~~~~~~~~~~^^^^^^
  File "D:\CantorAI\xlang3\venv\cpython3.14-a6792301b742-compat-31b33d68c68a\Lib\site-packages\sympy\core\facts.py", line 343, in _process_rule
    self.process_rule(And(*[Not(barg) for barg in b.args]), Not(a))
    ~~~~~~~~~~~~~~~~~^^^^^^^^^^^^^^^^^^^^^^^^^^^^^^^^^^^^^^^^^^^^^^
  File "D:\CantorAI\xlang3\venv\cpython3.14-a6792301b742-compat-31b33d68c68a\Lib\site-packages\sympy\core\facts.py", line 321, in process_rule
    self._process_rule(a, b)
    ~~~~~~~~~~~~~~~~~~^^^^^^
  File "D:\CantorAI\xlang3\venv\cpython3.14-a6792301b742-compat-31b33d68c68a\Lib\site-packages\sympy\core\facts.py", line 343, in _process_rule
    self.process_rule(And(*[Not(barg) for barg in b.args]), Not(a))
    ~~~~~~~~~~~~~~~~~^^^^^^^^^^^^^^^^^^^^^^^^^^^^^^^^^^^^^^^^^^^^^^
  File "D:\CantorAI\xlang3\venv\cpython3.14-a6792301b742-compat-31b33d68c68a\Lib\site-packages\sympy\core\facts.py", line 321, in process_rule
    self._process_rule(a, b)
    ~~~~~~~~~~~~~~~~~~^^^^^^
  File "D:\CantorAI\xlang3\venv\cpython3.14-a6792301b742-compat-31b33d68c68a\Lib\site-packages\sympy\core\facts.py", line 343, in _process_rule
    self.process_rule(And(*[Not(barg) for barg in b.args]), Not(a))
    ~~~~~~~~~~~~~~~~~^^^^^^^^^^^^^^^^^^^^^^^^^^^^^^^^^^^^^^^^^^^^^^
  File "D:\CantorAI\xlang3\venv\cpython3.14-a6792301b742-compat-31b33d68c68a\Lib\site-packages\sympy\core\facts.py", line 321, in process_rule
    self._process_rule(a, b)
    ~~~~~~~~~~~~~~~~~~^^^^^^
  File "D:\CantorAI\xlang3\venv\cpython3.14-a6792301b742-compat-31b33d68c68a\Lib\site-packages\sympy\core\facts.py", line 343, in _process_rule
    self.process_rule(And(*[Not(barg) for barg in b.args]), Not(a))
    ~~~~~~~~~~~~~~~~~^^^^^^^^^^^^^^^^^^^^^^^^^^^^^^^^^^^^^^^^^^^^^^
  File "D:\CantorAI\xlang3\venv\cpython3.14-a6792301b742-compat-31b33d68c68a\Lib\site-packages\sympy\core\facts.py", line 321, in process_rule
    self._process_rule(a, b)
    ~~~~~~~~~~~~~~~~~~^^^^^^
  File "D:\CantorAI\xlang3\venv\cpython3.14-a6792301b742-compat-31b33d68c68a\Lib\site-packages\sympy\core\facts.py", line 343, in _process_rule
    self.process_rule(And(*[Not(barg) for barg in b.args]), Not(a))
    ~~~~~~~~~~~~~~~~~^^^^^^^^^^^^^^^^^^^^^^^^^^^^^^^^^^^^^^^^^^^^^^
  File "D:\CantorAI\xlang3\venv\cpython3.14-a6792301b742-compat-31b33d68c68a\Lib\site-packages\sympy\core\facts.py", line 321, in process_rule
    self._process_rule(a, b)
    ~~~~~~~~~~~~~~~~~~^^^^^^
  File "D:\CantorAI\xlang3\venv\cpython3.14-a6792301b742-compat-31b33d68c68a\Lib\site-packages\sympy\core\facts.py", line 343, in _process_rule
    self.process_rule(And(*[Not(barg) for barg in b.args]), Not(a))
    ~~~~~~~~~~~~~~~~~^^^^^^^^^^^^^^^^^^^^^^^^^^^^^^^^^^^^^^^^^^^^^^
  File "D:\CantorAI\xlang3\venv\cpython3.14-a6792301b742-compat-31b33d68c68a\Lib\site-packages\sympy\core\facts.py", line 321, in process_rule
    self._process_rule(a, b)
    ~~~~~~~~~~~~~~~~~~^^^^^^
  File "D:\CantorAI\xlang3\venv\cpython3.14-a6792301b742-compat-31b33d68c68a\Lib\site-packages\sympy\core\facts.py", line 343, in _process_rule
    self.process_rule(And(*[Not(barg) for barg in b.args]), Not(a))
    ~~~~~~~~~~~~~~~~~^^^^^^^^^^^^^^^^^^^^^^^^^^^^^^^^^^^^^^^^^^^^^^
  File "D:\CantorAI\xlang3\venv\cpython3.14-a6792301b742-compat-31b33d68c68a\Lib\site-packages\sympy\core\facts.py", line 321, in process_rule
    self._process_rule(a, b)
    ~~~~~~~~~~~~~~~~~~^^^^^^
  File "D:\CantorAI\xlang3\venv\cpython3.14-a6792301b742-compat-31b33d68c68a\Lib\site-packages\sympy\core\facts.py", line 343, in _process_rule
    self.process_rule(And(*[Not(barg) for barg in b.args]), Not(a))
    ~~~~~~~~~~~~~~~~~^^^^^^^^^^^^^^^^^^^^^^^^^^^^^^^^^^^^^^^^^^^^^^
  File "D:\CantorAI\xlang3\venv\cpython3.14-a6792301b742-compat-31b33d68c68a\Lib\site-packages\sympy\core\facts.py", line 321, in process_rule
    self._process_rule(a, b)
    ~~~~~~~~~~~~~~~~~~^^^^^^
  File "D:\CantorAI\xlang3\venv\cpython3.14-a6792301b742-compat-31b33d68c68a\Lib\site-packages\sympy\core\facts.py", line 343, in _process_rule
    self.process_rule(And(*[Not(barg) for barg in b.args]), Not(a))
    ~~~~~~~~~~~~~~~~~^^^^^^^^^^^^^^^^^^^^^^^^^^^^^^^^^^^^^^^^^^^^^^
  File "D:\CantorAI\xlang3\venv\cpython3.14-a6792301b742-compat-31b33d68c68a\Lib\site-packages\sympy\core\facts.py", line 321, in process_rule
    self._process_rule(a, b)
    ~~~~~~~~~~~~~~~~~~^^^^^^
  File "D:\CantorAI\xlang3\venv\cpython3.14-a6792301b742-compat-31b33d68c68a\Lib\site-packages\sympy\core\facts.py", line 343, in _process_rule
    self.process_rule(And(*[Not(barg) for barg in b.args]), Not(a))
    ~~~~~~~~~~~~~~~~~^^^^^^^^^^^^^^^^^^^^^^^^^^^^^^^^^^^^^^^^^^^^^^
  File "D:\CantorAI\xlang3\venv\cpython3.14-a6792301b742-compat-31b33d68c68a\Lib\site-packages\sympy\core\facts.py", line 321, in process_rule
    self._process_rule(a, b)
    ~~~~~~~~~~~~~~~~~~^^^^^^
  File "D:\CantorAI\xlang3\venv\cpython3.14-a6792301b742-compat-31b33d68c68a\Lib\site-packages\sympy\core\facts.py", line 343, in _process_rule
    self.process_rule(And(*[Not(barg) for barg in b.args]), Not(a))
    ~~~~~~~~~~~~~~~~~^^^^^^^^^^^^^^^^^^^^^^^^^^^^^^^^^^^^^^^^^^^^^^
  File "D:\CantorAI\xlang3\venv\cpython3.14-a6792301b742-compat-31b33d68c68a\Lib\site-packages\sympy\core\facts.py", line 321, in process_rule
    self._process_rule(a, b)
    ~~~~~~~~~~~~~~~~~~^^^^^^
  File "D:\CantorAI\xlang3\venv\cpython3.14-a6792301b742-compat-31b33d68c68a\Lib\site-packages\sympy\core\facts.py", line 343, in _process_rule
    self.process_rule(And(*[Not(barg) for barg in b.args]), Not(a))
    ~~~~~~~~~~~~~~~~~^^^^^^^^^^^^^^^^^^^^^^^^^^^^^^^^^^^^^^^^^^^^^^
  File "D:\CantorAI\xlang3\venv\cpython3.14-a6792301b742-compat-31b33d68c68a\Lib\site-packages\sympy\core\facts.py", line 321, in process_rule
    self._process_rule(a, b)
    ~~~~~~~~~~~~~~~~~~^^^^^^
  File "D:\CantorAI\xlang3\venv\cpython3.14-a6792301b742-compat-31b33d68c68a\Lib\site-packages\sympy\core\facts.py", line 343, in _process_rule
    self.process_rule(And(*[Not(barg) for barg in b.args]), Not(a))
    ~~~~~~~~~~~~~~~~~^^^^^^^^^^^^^^^^^^^^^^^^^^^^^^^^^^^^^^^^^^^^^^
  File "D:\CantorAI\xlang3\venv\cpython3.14-a6792301b742-compat-31b33d68c68a\Lib\site-packages\sympy\core\facts.py", line 321, in process_rule
    self._process_rule(a, b)
    ~~~~~~~~~~~~~~~~~~^^^^^^
  File "D:\CantorAI\xlang3\venv\cpython3.14-a6792301b742-compat-31b33d68c68a\Lib\site-packages\sympy\core\facts.py", line 343, in _process_rule
    self.process_rule(And(*[Not(barg) for barg in b.args]), Not(a))
    ~~~~~~~~~~~~~~~~~^^^^^^^^^^^^^^^^^^^^^^^^^^^^^^^^^^^^^^^^^^^^^^
  File "D:\CantorAI\xlang3\venv\cpython3.14-a6792301b742-compat-31b33d68c68a\Lib\site-packages\sympy\core\facts.py", line 321, in process_rule
    self._process_rule(a, b)
    ~~~~~~~~~~~~~~~~~~^^^^^^
  File "D:\CantorAI\xlang3\venv\cpython3.14-a6792301b742-compat-31b33d68c68a\Lib\site-packages\sympy\core\facts.py", line 343, in _process_rule
    self.process_rule(And(*[Not(barg) for barg in b.args]), Not(a))
    ~~~~~~~~~~~~~~~~~^^^^^^^^^^^^^^^^^^^^^^^^^^^^^^^^^^^^^^^^^^^^^^
  File "D:\CantorAI\xlang3\venv\cpython3.14-a6792301b742-compat-31b33d68c68a\Lib\site-packages\sympy\core\facts.py", line 321, in process_rule
    self._process_rule(a, b)
    ~~~~~~~~~~~~~~~~~~^^^^^^
  File "D:\CantorAI\xlang3\venv\cpython3.14-a6792301b742-compat-31b33d68c68a\Lib\site-packages\sympy\core\facts.py", line 343, in _process_rule
    self.process_rule(And(*[Not(barg) for barg in b.args]), Not(a))
    ~~~~~~~~~~~~~~~~~^^^^^^^^^^^^^^^^^^^^^^^^^^^^^^^^^^^^^^^^^^^^^^
  File "D:\CantorAI\xlang3\venv\cpython3.14-a6792301b742-compat-31b33d68c68a\Lib\site-packages\sympy\core\facts.py", line 321, in process_rule
    self._process_rule(a, b)
    ~~~~~~~~~~~~~~~~~~^^^^^^
  File "D:\CantorAI\xlang3\venv\cpython3.14-a6792301b742-compat-31b33d68c68a\Lib\site-packages\sympy\core\facts.py", line 343, in _process_rule
    self.process_rule(And(*[Not(barg) for barg in b.args]), Not(a))
    ~~~~~~~~~~~~~~~~~^^^^^^^^^^^^^^^^^^^^^^^^^^^^^^^^^^^^^^^^^^^^^^
  File "D:\CantorAI\xlang3\venv\cpython3.14-a6792301b742-compat-31b33d68c68a\Lib\site-packages\sympy\core\facts.py", line 321, in process_rule
    self._process_rule(a, b)
    ~~~~~~~~~~~~~~~~~~^^^^^^
  File "D:\CantorAI\xlang3\venv\cpython3.14-a6792301b742-compat-31b33d68c68a\Lib\site-packages\sympy\core\facts.py", line 343, in _process_rule
    self.process_rule(And(*[Not(barg) for barg in b.args]), Not(a))
    ~~~~~~~~~~~~~~~~~^^^^^^^^^^^^^^^^^^^^^^^^^^^^^^^^^^^^^^^^^^^^^^
  File "D:\CantorAI\xlang3\venv\cpython3.14-a6792301b742-compat-31b33d68c68a\Lib\site-packages\sympy\core\facts.py", line 321, in process_rule
    self._process_rule(a, b)
    ~~~~~~~~~~~~~~~~~~^^^^^^
  File "D:\CantorAI\xlang3\venv\cpython3.14-a6792301b742-compat-31b33d68c68a\Lib\site-packages\sympy\core\facts.py", line 343, in _process_rule
    self.process_rule(And(*[Not(barg) for barg in b.args]), Not(a))
    ~~~~~~~~~~~~~~~~~^^^^^^^^^^^^^^^^^^^^^^^^^^^^^^^^^^^^^^^^^^^^^^
  File "D:\CantorAI\xlang3\venv\cpython3.14-a6792301b742-compat-31b33d68c68a\Lib\site-packages\sympy\core\facts.py", line 321, in process_rule
    self._process_rule(a, b)
    ~~~~~~~~~~~~~~~~~~^^^^^^
  File "D:\CantorAI\xlang3\venv\cpython3.14-a6792301b742-compat-31b33d68c68a\Lib\site-packages\sympy\core\facts.py", line 343, in _process_rule
    self.process_rule(And(*[Not(barg) for barg in b.args]), Not(a))
    ~~~~~~~~~~~~~~~~~^^^^^^^^^^^^^^^^^^^^^^^^^^^^^^^^^^^^^^^^^^^^^^
  File "D:\CantorAI\xlang3\venv\cpython3.14-a6792301b742-compat-31b33d68c68a\Lib\site-packages\sympy\core\facts.py", line 321, in process_rule
    self._process_rule(a, b)
    ~~~~~~~~~~~~~~~~~~^^^^^^
  File "D:\CantorAI\xlang3\venv\cpython3.14-a6792301b742-compat-31b33d68c68a\Lib\site-packages\sympy\core\facts.py", line 343, in _process_rule
    self.process_rule(And(*[Not(barg) for barg in b.args]), Not(a))
    ~~~~~~~~~~~~~~~~~^^^^^^^^^^^^^^^^^^^^^^^^^^^^^^^^^^^^^^^^^^^^^^
  File "D:\CantorAI\xlang3\venv\cpython3.14-a6792301b742-compat-31b33d68c68a\Lib\site-packages\sympy\core\facts.py", line 321, in process_rule
    self._process_rule(a, b)
    ~~~~~~~~~~~~~~~~~~^^^^^^
  File "D:\CantorAI\xlang3\venv\cpython3.14-a6792301b742-compat-31b33d68c68a\Lib\site-packages\sympy\core\facts.py", line 343, in _process_rule
    self.process_rule(And(*[Not(barg) for barg in b.args]), Not(a))
    ~~~~~~~~~~~~~~~~~^^^^^^^^^^^^^^^^^^^^^^^^^^^^^^^^^^^^^^^^^^^^^^
  File "D:\CantorAI\xlang3\venv\cpython3.14-a6792301b742-compat-31b33d68c68a\Lib\site-packages\sympy\core\facts.py", line 321, in process_rule
    self._process_rule(a, b)
    ~~~~~~~~~~~~~~~~~~^^^^^^
  File "D:\CantorAI\xlang3\venv\cpython3.14-a6792301b742-compat-31b33d68c68a\Lib\site-packages\sympy\core\facts.py", line 343, in _process_rule
    self.process_rule(And(*[Not(barg) for barg in b.args]), Not(a))
    ~~~~~~~~~~~~~~~~~^^^^^^^^^^^^^^^^^^^^^^^^^^^^^^^^^^^^^^^^^^^^^^
  File "D:\CantorAI\xlang3\venv\cpython3.14-a6792301b742-compat-31b33d68c68a\Lib\site-packages\sympy\core\facts.py", line 321, in process_rule
    self._process_rule(a, b)
    ~~~~~~~~~~~~~~~~~~^^^^^^
  File "D:\CantorAI\xlang3\venv\cpython3.14-a6792301b742-compat-31b33d68c68a\Lib\site-packages\sympy\core\facts.py", line 343, in _process_rule
    self.process_rule(And(*[Not(barg) for barg in b.args]), Not(a))
    ~~~~~~~~~~~~~~~~~^^^^^^^^^^^^^^^^^^^^^^^^^^^^^^^^^^^^^^^^^^^^^^
  File "D:\CantorAI\xlang3\venv\cpython3.14-a6792301b742-compat-31b33d68c68a\Lib\site-packages\sympy\core\facts.py", line 321, in process_rule
    self._process_rule(a, b)
    ~~~~~~~~~~~~~~~~~~^^^^^^
  File "D:\CantorAI\xlang3\venv\cpython3.14-a6792301b742-compat-31b33d68c68a\Lib\site-packages\sympy\core\facts.py", line 343, in _process_rule
    self.process_rule(And(*[Not(barg) for barg in b.args]), Not(a))
    ~~~~~~~~~~~~~~~~~^^^^^^^^^^^^^^^^^^^^^^^^^^^^^^^^^^^^^^^^^^^^^^
  File "D:\CantorAI\xlang3\venv\cpython3.14-a6792301b742-compat-31b33d68c68a\Lib\site-packages\sympy\core\facts.py", line 321, in process_rule
    self._process_rule(a, b)
    ~~~~~~~~~~~~~~~~~~^^^^^^
  File "D:\CantorAI\xlang3\venv\cpython3.14-a6792301b742-compat-31b33d68c68a\Lib\site-packages\sympy\core\facts.py", line 343, in _process_rule
    self.process_rule(And(*[Not(barg) for barg in b.args]), Not(a))
    ~~~~~~~~~~~~~~~~~^^^^^^^^^^^^^^^^^^^^^^^^^^^^^^^^^^^^^^^^^^^^^^
  File "D:\CantorAI\xlang3\venv\cpython3.14-a6792301b742-compat-31b33d68c68a\Lib\site-packages\sympy\core\facts.py", line 321, in process_rule
    self._process_rule(a, b)
    ~~~~~~~~~~~~~~~~~~^^^^^^
  File "D:\CantorAI\xlang3\venv\cpython3.14-a6792301b742-compat-31b33d68c68a\Lib\site-packages\sympy\core\facts.py", line 343, in _process_rule
    self.process_rule(And(*[Not(barg) for barg in b.args]), Not(a))
    ~~~~~~~~~~~~~~~~~^^^^^^^^^^^^^^^^^^^^^^^^^^^^^^^^^^^^^^^^^^^^^^
  File "D:\CantorAI\xlang3\venv\cpython3.14-a6792301b742-compat-31b33d68c68a\Lib\site-packages\sympy\core\facts.py", line 321, in process_rule
    self._process_rule(a, b)
    ~~~~~~~~~~~~~~~~~~^^^^^^
  File "D:\CantorAI\xlang3\venv\cpython3.14-a6792301b742-compat-31b33d68c68a\Lib\site-packages\sympy\core\facts.py", line 343, in _process_rule
    self.process_rule(And(*[Not(barg) for barg in b.args]), Not(a))
    ~~~~~~~~~~~~~~~~~^^^^^^^^^^^^^^^^^^^^^^^^^^^^^^^^^^^^^^^^^^^^^^
  File "D:\CantorAI\xlang3\venv\cpython3.14-a6792301b742-compat-31b33d68c68a\Lib\site-packages\sympy\core\facts.py", line 321, in process_rule
    self._process_rule(a, b)
    ~~~~~~~~~~~~~~~~~~^^^^^^
  File "D:\CantorAI\xlang3\venv\cpython3.14-a6792301b742-compat-31b33d68c68a\Lib\site-packages\sympy\core\facts.py", line 343, in _process_rule
    self.process_rule(And(*[Not(barg) for barg in b.args]), Not(a))
    ~~~~~~~~~~~~~~~~~^^^^^^^^^^^^^^^^^^^^^^^^^^^^^^^^^^^^^^^^^^^^^^
  File "D:\CantorAI\xlang3\venv\cpython3.14-a6792301b742-compat-31b33d68c68a\Lib\site-packages\sympy\core\facts.py", line 321, in process_rule
    self._process_rule(a, b)
    ~~~~~~~~~~~~~~~~~~^^^^^^
  File "D:\CantorAI\xlang3\venv\cpython3.14-a6792301b742-compat-31b33d68c68a\Lib\site-packages\sympy\core\facts.py", line 343, in _process_rule
    self.process_rule(And(*[Not(barg) for barg in b.args]), Not(a))
    ~~~~~~~~~~~~~~~~~^^^^^^^^^^^^^^^^^^^^^^^^^^^^^^^^^^^^^^^^^^^^^^
  File "D:\CantorAI\xlang3\venv\cpython3.14-a6792301b742-compat-31b33d68c68a\Lib\site-packages\sympy\core\facts.py", line 321, in process_rule
    self._process_rule(a, b)
    ~~~~~~~~~~~~~~~~~~^^^^^^
  File "D:\CantorAI\xlang3\venv\cpython3.14-a6792301b742-compat-31b33d68c68a\Lib\site-packages\sympy\core\facts.py", line 343, in _process_rule
    self.process_rule(And(*[Not(barg) for barg in b.args]), Not(a))
    ~~~~~~~~~~~~~~~~~^^^^^^^^^^^^^^^^^^^^^^^^^^^^^^^^^^^^^^^^^^^^^^
  File "D:\CantorAI\xlang3\venv\cpython3.14-a6792301b742-compat-31b33d68c68a\Lib\site-packages\sympy\core\facts.py", line 321, in process_rule
    self._process_rule(a, b)
    ~~~~~~~~~~~~~~~~~~^^^^^^
  File "D:\CantorAI\xlang3\venv\cpython3.14-a6792301b742-compat-31b33d68c68a\Lib\site-packages\sympy\core\facts.py", line 343, in _process_rule
    self.process_rule(And(*[Not(barg) for barg in b.args]), Not(a))
    ~~~~~~~~~~~~~~~~~^^^^^^^^^^^^^^^^^^^^^^^^^^^^^^^^^^^^^^^^^^^^^^
  File "D:\CantorAI\xlang3\venv\cpython3.14-a6792301b742-compat-31b33d68c68a\Lib\site-packages\sympy\core\facts.py", line 321, in process_rule
    self._process_rule(a, b)
    ~~~~~~~~~~~~~~~~~~^^^^^^
  File "D:\CantorAI\xlang3\venv\cpython3.14-a6792301b742-compat-31b33d68c68a\Lib\site-packages\sympy\core\facts.py", line 343, in _process_rule
    self.process_rule(And(*[Not(barg) for barg in b.args]), Not(a))
    ~~~~~~~~~~~~~~~~~^^^^^^^^^^^^^^^^^^^^^^^^^^^^^^^^^^^^^^^^^^^^^^
  File "D:\CantorAI\xlang3\venv\cpython3.14-a6792301b742-compat-31b33d68c68a\Lib\site-packages\sympy\core\facts.py", line 321, in process_rule
    self._process_rule(a, b)
    ~~~~~~~~~~~~~~~~~~^^^^^^
  File "D:\CantorAI\xlang3\venv\cpython3.14-a6792301b742-compat-31b33d68c68a\Lib\site-packages\sympy\core\facts.py", line 343, in _process_rule
    self.process_rule(And(*[Not(barg) for barg in b.args]), Not(a))
    ~~~~~~~~~~~~~~~~~^^^^^^^^^^^^^^^^^^^^^^^^^^^^^^^^^^^^^^^^^^^^^^
  File "D:\CantorAI\xlang3\venv\cpython3.14-a6792301b742-compat-31b33d68c68a\Lib\site-packages\sympy\core\facts.py", line 321, in process_rule
    self._process_rule(a, b)
    ~~~~~~~~~~~~~~~~~~^^^^^^
  File "D:\CantorAI\xlang3\venv\cpython3.14-a6792301b742-compat-31b33d68c68a\Lib\site-packages\sympy\core\facts.py", line 343, in _process_rule
    self.process_rule(And(*[Not(barg) for barg in b.args]), Not(a))
    ~~~~~~~~~~~~~~~~~^^^^^^^^^^^^^^^^^^^^^^^^^^^^^^^^^^^^^^^^^^^^^^
  File "D:\CantorAI\xlang3\venv\cpython3.14-a6792301b742-compat-31b33d68c68a\Lib\site-packages\sympy\core\facts.py", line 321, in process_rule
    self._process_rule(a, b)
    ~~~~~~~~~~~~~~~~~~^^^^^^
  File "D:\CantorAI\xlang3\venv\cpython3.14-a6792301b742-compat-31b33d68c68a\Lib\site-packages\sympy\core\facts.py", line 343, in _process_rule
    self.process_rule(And(*[Not(barg) for barg in b.args]), Not(a))
    ~~~~~~~~~~~~~~~~~^^^^^^^^^^^^^^^^^^^^^^^^^^^^^^^^^^^^^^^^^^^^^^
  File "D:\CantorAI\xlang3\venv\cpython3.14-a6792301b742-compat-31b33d68c68a\Lib\site-packages\sympy\core\facts.py", line 321, in process_rule
    self._process_rule(a, b)
    ~~~~~~~~~~~~~~~~~~^^^^^^
  File "D:\CantorAI\xlang3\venv\cpython3.14-a6792301b742-compat-31b33d68c68a\Lib\site-packages\sympy\core\facts.py", line 343, in _process_rule
    self.process_rule(And(*[Not(barg) for barg in b.args]), Not(a))
    ~~~~~~~~~~~~~~~~~^^^^^^^^^^^^^^^^^^^^^^^^^^^^^^^^^^^^^^^^^^^^^^
  File "D:\CantorAI\xlang3\venv\cpython3.14-a6792301b742-compat-31b33d68c68a\Lib\site-packages\sympy\core\facts.py", line 321, in process_rule
    self._process_rule(a, b)
    ~~~~~~~~~~~~~~~~~~^^^^^^
  File "D:\CantorAI\xlang3\venv\cpython3.14-a6792301b742-compat-31b33d68c68a\Lib\site-packages\sympy\core\facts.py", line 343, in _process_rule
    self.process_rule(And(*[Not(barg) for barg in b.args]), Not(a))
    ~~~~~~~~~~~~~~~~~^^^^^^^^^^^^^^^^^^^^^^^^^^^^^^^^^^^^^^^^^^^^^^
  File "D:\CantorAI\xlang3\venv\cpython3.14-a6792301b742-compat-31b33d68c68a\Lib\site-packages\sympy\core\facts.py", line 321, in process_rule
    self._process_rule(a, b)
    ~~~~~~~~~~~~~~~~~~^^^^^^
  File "D:\CantorAI\xlang3\venv\cpython3.14-a6792301b742-compat-31b33d68c68a\Lib\site-packages\sympy\core\facts.py", line 343, in _process_rule
    self.process_rule(And(*[Not(barg) for barg in b.args]), Not(a))
    ~~~~~~~~~~~~~~~~~^^^^^^^^^^^^^^^^^^^^^^^^^^^^^^^^^^^^^^^^^^^^^^
  File "D:\CantorAI\xlang3\venv\cpython3.14-a6792301b742-compat-31b33d68c68a\Lib\site-packages\sympy\core\facts.py", line 321, in process_rule
    self._process_rule(a, b)
    ~~~~~~~~~~~~~~~~~~^^^^^^
  File "D:\CantorAI\xlang3\venv\cpython3.14-a6792301b742-compat-31b33d68c68a\Lib\site-packages\sympy\core\facts.py", line 343, in _process_rule
    self.process_rule(And(*[Not(barg) for barg in b.args]), Not(a))
    ~~~~~~~~~~~~~~~~~^^^^^^^^^^^^^^^^^^^^^^^^^^^^^^^^^^^^^^^^^^^^^^
  File "D:\CantorAI\xlang3\venv\cpython3.14-a6792301b742-compat-31b33d68c68a\Lib\site-packages\sympy\core\facts.py", line 321, in process_rule
    self._process_rule(a, b)
    ~~~~~~~~~~~~~~~~~~^^^^^^
  File "D:\CantorAI\xlang3\venv\cpython3.14-a6792301b742-compat-31b33d68c68a\Lib\site-packages\sympy\core\facts.py", line 343, in _process_rule
    self.process_rule(And(*[Not(barg) for barg in b.args]), Not(a))
    ~~~~~~~~~~~~~~~~~^^^^^^^^^^^^^^^^^^^^^^^^^^^^^^^^^^^^^^^^^^^^^^
  File "D:\CantorAI\xlang3\venv\cpython3.14-a6792301b742-compat-31b33d68c68a\Lib\site-packages\sympy\core\facts.py", line 321, in process_rule
    self._process_rule(a, b)
    ~~~~~~~~~~~~~~~~~~^^^^^^
  File "D:\CantorAI\xlang3\venv\cpython3.14-a6792301b742-compat-31b33d68c68a\Lib\site-packages\sympy\core\facts.py", line 343, in _process_rule
    self.process_rule(And(*[Not(barg) for barg in b.args]), Not(a))
    ~~~~~~~~~~~~~~~~~^^^^^^^^^^^^^^^^^^^^^^^^^^^^^^^^^^^^^^^^^^^^^^
  File "D:\CantorAI\xlang3\venv\cpython3.14-a6792301b742-compat-31b33d68c68a\Lib\site-packages\sympy\core\facts.py", line 321, in process_rule
    self._process_rule(a, b)
    ~~~~~~~~~~~~~~~~~~^^^^^^
  File "D:\CantorAI\xlang3\venv\cpython3.14-a6792301b742-compat-31b33d68c68a\Lib\site-packages\sympy\core\facts.py", line 343, in _process_rule
    self.process_rule(And(*[Not(barg) for barg in b.args]), Not(a))
    ~~~~~~~~~~~~~~~~~^^^^^^^^^^^^^^^^^^^^^^^^^^^^^^^^^^^^^^^^^^^^^^
  File "D:\CantorAI\xlang3\venv\cpython3.14-a6792301b742-compat-31b33d68c68a\Lib\site-packages\sympy\core\facts.py", line 321, in process_rule
    self._process_rule(a, b)
    ~~~~~~~~~~~~~~~~~~^^^^^^
  File "D:\CantorAI\xlang3\venv\cpython3.14-a6792301b742-compat-31b33d68c68a\Lib\site-packages\sympy\core\facts.py", line 343, in _process_rule
    self.process_rule(And(*[Not(barg) for barg in b.args]), Not(a))
    ~~~~~~~~~~~~~~~~~^^^^^^^^^^^^^^^^^^^^^^^^^^^^^^^^^^^^^^^^^^^^^^
  File "D:\CantorAI\xlang3\venv\cpython3.14-a6792301b742-compat-31b33d68c68a\Lib\site-packages\sympy\core\facts.py", line 321, in process_rule
    self._process_rule(a, b)
    ~~~~~~~~~~~~~~~~~~^^^^^^
  File "D:\CantorAI\xlang3\venv\cpython3.14-a6792301b742-compat-31b33d68c68a\Lib\site-packages\sympy\core\facts.py", line 343, in _process_rule
    self.process_rule(And(*[Not(barg) for barg in b.args]), Not(a))
    ~~~~~~~~~~~~~~~~~^^^^^^^^^^^^^^^^^^^^^^^^^^^^^^^^^^^^^^^^^^^^^^
  File "D:\CantorAI\xlang3\venv\cpython3.14-a6792301b742-compat-31b33d68c68a\Lib\site-packages\sympy\core\facts.py", line 321, in process_rule
    self._process_rule(a, b)
    ~~~~~~~~~~~~~~~~~~^^^^^^
  File "D:\CantorAI\xlang3\venv\cpython3.14-a6792301b742-compat-31b33d68c68a\Lib\site-packages\sympy\core\facts.py", line 343, in _process_rule
    self.process_rule(And(*[Not(barg) for barg in b.args]), Not(a))
    ~~~~~~~~~~~~~~~~~^^^^^^^^^^^^^^^^^^^^^^^^^^^^^^^^^^^^^^^^^^^^^^
  File "D:\CantorAI\xlang3\venv\cpython3.14-a6792301b742-compat-31b33d68c68a\Lib\site-packages\sympy\core\facts.py", line 321, in process_rule
    self._process_rule(a, b)
    ~~~~~~~~~~~~~~~~~~^^^^^^
  File "D:\CantorAI\xlang3\venv\cpython3.14-a6792301b742-compat-31b33d68c68a\Lib\site-packages\sympy\core\facts.py", line 343, in _process_rule
    self.process_rule(And(*[Not(barg) for barg in b.args]), Not(a))
    ~~~~~~~~~~~~~~~~~^^^^^^^^^^^^^^^^^^^^^^^^^^^^^^^^^^^^^^^^^^^^^^
  File "D:\CantorAI\xlang3\venv\cpython3.14-a6792301b742-compat-31b33d68c68a\Lib\site-packages\sympy\core\facts.py", line 321, in process_rule
    self._process_rule(a, b)
    ~~~~~~~~~~~~~~~~~~^^^^^^
  File "D:\CantorAI\xlang3\venv\cpython3.14-a6792301b742-compat-31b33d68c68a\Lib\site-packages\sympy\core\facts.py", line 343, in _process_rule
    self.process_rule(And(*[Not(barg) for barg in b.args]), Not(a))
    ~~~~~~~~~~~~~~~~~^^^^^^^^^^^^^^^^^^^^^^^^^^^^^^^^^^^^^^^^^^^^^^
  File "D:\CantorAI\xlang3\venv\cpython3.14-a6792301b742-compat-31b33d68c68a\Lib\site-packages\sympy\core\facts.py", line 321, in process_rule
    self._process_rule(a, b)
    ~~~~~~~~~~~~~~~~~~^^^^^^
  File "D:\CantorAI\xlang3\venv\cpython3.14-a6792301b742-compat-31b33d68c68a\Lib\site-packages\sympy\core\facts.py", line 343, in _process_rule
    self.process_rule(And(*[Not(barg) for barg in b.args]), Not(a))
    ~~~~~~~~~~~~~~~~~^^^^^^^^^^^^^^^^^^^^^^^^^^^^^^^^^^^^^^^^^^^^^^
  File "D:\CantorAI\xlang3\venv\cpython3.14-a6792301b742-compat-31b33d68c68a\Lib\site-packages\sympy\core\facts.py", line 321, in process_rule
    self._process_rule(a, b)
    ~~~~~~~~~~~~~~~~~~^^^^^^
  File "D:\CantorAI\xlang3\venv\cpython3.14-a6792301b742-compat-31b33d68c68a\Lib\site-packages\sympy\core\facts.py", line 343, in _process_rule
    self.process_rule(And(*[Not(barg) for barg in b.args]), Not(a))
    ~~~~~~~~~~~~~~~~~^^^^^^^^^^^^^^^^^^^^^^^^^^^^^^^^^^^^^^^^^^^^^^
  File "D:\CantorAI\xlang3\venv\cpython3.14-a6792301b742-compat-31b33d68c68a\Lib\site-packages\sympy\core\facts.py", line 321, in process_rule
    self._process_rule(a, b)
    ~~~~~~~~~~~~~~~~~~^^^^^^
  File "D:\CantorAI\xlang3\venv\cpython3.14-a6792301b742-compat-31b33d68c68a\Lib\site-packages\sympy\core\facts.py", line 343, in _process_rule
    self.process_rule(And(*[Not(barg) for barg in b.args]), Not(a))
    ~~~~~~~~~~~~~~~~~^^^^^^^^^^^^^^^^^^^^^^^^^^^^^^^^^^^^^^^^^^^^^^
  File "D:\CantorAI\xlang3\venv\cpython3.14-a6792301b742-compat-31b33d68c68a\Lib\site-packages\sympy\core\facts.py", line 321, in process_rule
    self._process_rule(a, b)
    ~~~~~~~~~~~~~~~~~~^^^^^^
  File "D:\CantorAI\xlang3\venv\cpython3.14-a6792301b742-compat-31b33d68c68a\Lib\site-packages\sympy\core\facts.py", line 343, in _process_rule
    self.process_rule(And(*[Not(barg) for barg in b.args]), Not(a))
    ~~~~~~~~~~~~~~~~~^^^^^^^^^^^^^^^^^^^^^^^^^^^^^^^^^^^^^^^^^^^^^^
  File "D:\CantorAI\xlang3\venv\cpython3.14-a6792301b742-compat-31b33d68c68a\Lib\site-packages\sympy\core\facts.py", line 321, in process_rule
    self._process_rule(a, b)
    ~~~~~~~~~~~~~~~~~~^^^^^^
  File "D:\CantorAI\xlang3\venv\cpython3.14-a6792301b742-compat-31b33d68c68a\Lib\site-packages\sympy\core\facts.py", line 343, in _process_rule
    self.process_rule(And(*[Not(barg) for barg in b.args]), Not(a))
    ~~~~~~~~~~~~~~~~~^^^^^^^^^^^^^^^^^^^^^^^^^^^^^^^^^^^^^^^^^^^^^^
  File "D:\CantorAI\xlang3\venv\cpython3.14-a6792301b742-compat-31b33d68c68a\Lib\site-packages\sympy\core\facts.py", line 321, in process_rule
    self._process_rule(a, b)
    ~~~~~~~~~~~~~~~~~~^^^^^^
  File "D:\CantorAI\xlang3\venv\cpython3.14-a6792301b742-compat-31b33d68c68a\Lib\site-packages\sympy\core\facts.py", line 343, in _process_rule
    self.process_rule(And(*[Not(barg) for barg in b.args]), Not(a))
    ~~~~~~~~~~~~~~~~~^^^^^^^^^^^^^^^^^^^^^^^^^^^^^^^^^^^^^^^^^^^^^^
  File "D:\CantorAI\xlang3\venv\cpython3.14-a6792301b742-compat-31b33d68c68a\Lib\site-packages\sympy\core\facts.py", line 321, in process_rule
    self._process_rule(a, b)
    ~~~~~~~~~~~~~~~~~~^^^^^^
  File "D:\CantorAI\xlang3\venv\cpython3.14-a6792301b742-compat-31b33d68c68a\Lib\site-packages\sympy\core\facts.py", line 343, in _process_rule
    self.process_rule(And(*[Not(barg) for barg in b.args]), Not(a))
    ~~~~~~~~~~~~~~~~~^^^^^^^^^^^^^^^^^^^^^^^^^^^^^^^^^^^^^^^^^^^^^^
  File "D:\CantorAI\xlang3\venv\cpython3.14-a6792301b742-compat-31b33d68c68a\Lib\site-packages\sympy\core\facts.py", line 321, in process_rule
    self._process_rule(a, b)
    ~~~~~~~~~~~~~~~~~~^^^^^^
  File "D:\CantorAI\xlang3\venv\cpython3.14-a6792301b742-compat-31b33d68c68a\Lib\site-packages\sympy\core\facts.py", line 343, in _process_rule
    self.process_rule(And(*[Not(barg) for barg in b.args]), Not(a))
    ~~~~~~~~~~~~~~~~~^^^^^^^^^^^^^^^^^^^^^^^^^^^^^^^^^^^^^^^^^^^^^^
  File "D:\CantorAI\xlang3\venv\cpython3.14-a6792301b742-compat-31b33d68c68a\Lib\site-packages\sympy\core\facts.py", line 321, in process_rule
    self._process_rule(a, b)
    ~~~~~~~~~~~~~~~~~~^^^^^^
  File "D:\CantorAI\xlang3\venv\cpython3.14-a6792301b742-compat-31b33d68c68a\Lib\site-packages\sympy\core\facts.py", line 343, in _process_rule
    self.process_rule(And(*[Not(barg) for barg in b.args]), Not(a))
    ~~~~~~~~~~~~~~~~~^^^^^^^^^^^^^^^^^^^^^^^^^^^^^^^^^^^^^^^^^^^^^^
  File "D:\CantorAI\xlang3\venv\cpython3.14-a6792301b742-compat-31b33d68c68a\Lib\site-packages\sympy\core\facts.py", line 321, in process_rule
    self._process_rule(a, b)
    ~~~~~~~~~~~~~~~~~~^^^^^^
  File "D:\CantorAI\xlang3\venv\cpython3.14-a6792301b742-compat-31b33d68c68a\Lib\site-packages\sympy\core\facts.py", line 343, in _process_rule
    self.process_rule(And(*[Not(barg) for barg in b.args]), Not(a))
    ~~~~~~~~~~~~~~~~~^^^^^^^^^^^^^^^^^^^^^^^^^^^^^^^^^^^^^^^^^^^^^^
  File "D:\CantorAI\xlang3\venv\cpython3.14-a6792301b742-compat-31b33d68c68a\Lib\site-packages\sympy\core\facts.py", line 321, in process_rule
    self._process_rule(a, b)
    ~~~~~~~~~~~~~~~~~~^^^^^^
  File "D:\CantorAI\xlang3\venv\cpython3.14-a6792301b742-compat-31b33d68c68a\Lib\site-packages\sympy\core\facts.py", line 343, in _process_rule
    self.process_rule(And(*[Not(barg) for barg in b.args]), Not(a))
    ~~~~~~~~~~~~~~~~~^^^^^^^^^^^^^^^^^^^^^^^^^^^^^^^^^^^^^^^^^^^^^^
  File "D:\CantorAI\xlang3\venv\cpython3.14-a6792301b742-compat-31b33d68c68a\Lib\site-packages\sympy\core\facts.py", line 321, in process_rule
    self._process_rule(a, b)
    ~~~~~~~~~~~~~~~~~~^^^^^^
  File "D:\CantorAI\xlang3\venv\cpython3.14-a6792301b742-compat-31b33d68c68a\Lib\site-packages\sympy\core\facts.py", line 343, in _process_rule
    self.process_rule(And(*[Not(barg) for barg in b.args]), Not(a))
    ~~~~~~~~~~~~~~~~~^^^^^^^^^^^^^^^^^^^^^^^^^^^^^^^^^^^^^^^^^^^^^^
  File "D:\CantorAI\xlang3\venv\cpython3.14-a6792301b742-compat-31b33d68c68a\Lib\site-packages\sympy\core\facts.py", line 321, in process_rule
    self._process_rule(a, b)
    ~~~~~~~~~~~~~~~~~~^^^^^^
  File "D:\CantorAI\xlang3\venv\cpython3.14-a6792301b742-compat-31b33d68c68a\Lib\site-packages\sympy\core\facts.py", line 343, in _process_rule
    self.process_rule(And(*[Not(barg) for barg in b.args]), Not(a))
    ~~~~~~~~~~~~~~~~~^^^^^^^^^^^^^^^^^^^^^^^^^^^^^^^^^^^^^^^^^^^^^^
  File "D:\CantorAI\xlang3\venv\cpython3.14-a6792301b742-compat-31b33d68c68a\Lib\site-packages\sympy\core\facts.py", line 321, in process_rule
    self._process_rule(a, b)
    ~~~~~~~~~~~~~~~~~~^^^^^^
  File "D:\CantorAI\xlang3\venv\cpython3.14-a6792301b742-compat-31b33d68c68a\Lib\site-packages\sympy\core\facts.py", line 343, in _process_rule
    self.process_rule(And(*[Not(barg) for barg in b.args]), Not(a))
    ~~~~~~~~~~~~~~~~~^^^^^^^^^^^^^^^^^^^^^^^^^^^^^^^^^^^^^^^^^^^^^^
  File "D:\CantorAI\xlang3\venv\cpython3.14-a6792301b742-compat-31b33d68c68a\Lib\site-packages\sympy\core\facts.py", line 321, in process_rule
    self._process_rule(a, b)
    ~~~~~~~~~~~~~~~~~~^^^^^^
  File "D:\CantorAI\xlang3\venv\cpython3.14-a6792301b742-compat-31b33d68c68a\Lib\site-packages\sympy\core\facts.py", line 343, in _process_rule
    self.process_rule(And(*[Not(barg) for barg in b.args]), Not(a))
    ~~~~~~~~~~~~~~~~~^^^^^^^^^^^^^^^^^^^^^^^^^^^^^^^^^^^^^^^^^^^^^^
  File "D:\CantorAI\xlang3\venv\cpython3.14-a6792301b742-compat-31b33d68c68a\Lib\site-packages\sympy\core\facts.py", line 321, in process_rule
    self._process_rule(a, b)
    ~~~~~~~~~~~~~~~~~~^^^^^^
  File "D:\CantorAI\xlang3\venv\cpython3.14-a6792301b742-compat-31b33d68c68a\Lib\site-packages\sympy\core\facts.py", line 343, in _process_rule
    self.process_rule(And(*[Not(barg) for barg in b.args]), Not(a))
    ~~~~~~~~~~~~~~~~~^^^^^^^^^^^^^^^^^^^^^^^^^^^^^^^^^^^^^^^^^^^^^^
  File "D:\CantorAI\xlang3\venv\cpython3.14-a6792301b742-compat-31b33d68c68a\Lib\site-packages\sympy\core\facts.py", line 321, in process_rule
    self._process_rule(a, b)
    ~~~~~~~~~~~~~~~~~~^^^^^^
  File "D:\CantorAI\xlang3\venv\cpython3.14-a6792301b742-compat-31b33d68c68a\Lib\site-packages\sympy\core\facts.py", line 343, in _process_rule
    self.process_rule(And(*[Not(barg) for barg in b.args]), Not(a))
    ~~~~~~~~~~~~~~~~~^^^^^^^^^^^^^^^^^^^^^^^^^^^^^^^^^^^^^^^^^^^^^^
  File "D:\CantorAI\xlang3\venv\cpython3.14-a6792301b742-compat-31b33d68c68a\Lib\site-packages\sympy\core\facts.py", line 321, in process_rule
    self._process_rule(a, b)
    ~~~~~~~~~~~~~~~~~~^^^^^^
  File "D:\CantorAI\xlang3\venv\cpython3.14-a6792301b742-compat-31b33d68c68a\Lib\site-packages\sympy\core\facts.py", line 343, in _process_rule
    self.process_rule(And(*[Not(barg) for barg in b.args]), Not(a))
    ~~~~~~~~~~~~~~~~~^^^^^^^^^^^^^^^^^^^^^^^^^^^^^^^^^^^^^^^^^^^^^^
  File "D:\CantorAI\xlang3\venv\cpython3.14-a6792301b742-compat-31b33d68c68a\Lib\site-packages\sympy\core\facts.py", line 321, in process_rule
    self._process_rule(a, b)
    ~~~~~~~~~~~~~~~~~~^^^^^^
  File "D:\CantorAI\xlang3\venv\cpython3.14-a6792301b742-compat-31b33d68c68a\Lib\site-packages\sympy\core\facts.py", line 343, in _process_rule
    self.process_rule(And(*[Not(barg) for barg in b.args]), Not(a))
    ~~~~~~~~~~~~~~~~~^^^^^^^^^^^^^^^^^^^^^^^^^^^^^^^^^^^^^^^^^^^^^^
  File "D:\CantorAI\xlang3\venv\cpython3.14-a6792301b742-compat-31b33d68c68a\Lib\site-packages\sympy\core\facts.py", line 321, in process_rule
    self._process_rule(a, b)
    ~~~~~~~~~~~~~~~~~~^^^^^^
  File "D:\CantorAI\xlang3\venv\cpython3.14-a6792301b742-compat-31b33d68c68a\Lib\site-packages\sympy\core\facts.py", line 343, in _process_rule
    self.process_rule(And(*[Not(barg) for barg in b.args]), Not(a))
    ~~~~~~~~~~~~~~~~~^^^^^^^^^^^^^^^^^^^^^^^^^^^^^^^^^^^^^^^^^^^^^^
  File "D:\CantorAI\xlang3\venv\cpython3.14-a6792301b742-compat-31b33d68c68a\Lib\site-packages\sympy\core\facts.py", line 321, in process_rule
    self._process_rule(a, b)
    ~~~~~~~~~~~~~~~~~~^^^^^^
  File "D:\CantorAI\xlang3\venv\cpython3.14-a6792301b742-compat-31b33d68c68a\Lib\site-packages\sympy\core\facts.py", line 343, in _process_rule
    self.process_rule(And(*[Not(barg) for barg in b.args]), Not(a))
    ~~~~~~~~~~~~~~~~~^^^^^^^^^^^^^^^^^^^^^^^^^^^^^^^^^^^^^^^^^^^^^^
  File "D:\CantorAI\xlang3\venv\cpython3.14-a6792301b742-compat-31b33d68c68a\Lib\site-packages\sympy\core\facts.py", line 321, in process_rule
    self._process_rule(a, b)
    ~~~~~~~~~~~~~~~~~~^^^^^^
  File "D:\CantorAI\xlang3\venv\cpython3.14-a6792301b742-compat-31b33d68c68a\Lib\site-packages\sympy\core\facts.py", line 343, in _process_rule
    self.process_rule(And(*[Not(barg) for barg in b.args]), Not(a))
    ~~~~~~~~~~~~~~~~~^^^^^^^^^^^^^^^^^^^^^^^^^^^^^^^^^^^^^^^^^^^^^^
  File "D:\CantorAI\xlang3\venv\cpython3.14-a6792301b742-compat-31b33d68c68a\Lib\site-packages\sympy\core\facts.py", line 321, in process_rule
    self._process_rule(a, b)
    ~~~~~~~~~~~~~~~~~~^^^^^^
  File "D:\CantorAI\xlang3\venv\cpython3.14-a6792301b742-compat-31b33d68c68a\Lib\site-packages\sympy\core\facts.py", line 343, in _process_rule
    self.process_rule(And(*[Not(barg) for barg in b.args]), Not(a))
    ~~~~~~~~~~~~~~~~~^^^^^^^^^^^^^^^^^^^^^^^^^^^^^^^^^^^^^^^^^^^^^^
  File "D:\CantorAI\xlang3\venv\cpython3.14-a6792301b742-compat-31b33d68c68a\Lib\site-packages\sympy\core\facts.py", line 321, in process_rule
    self._process_rule(a, b)
    ~~~~~~~~~~~~~~~~~~^^^^^^
  File "D:\CantorAI\xlang3\venv\cpython3.14-a6792301b742-compat-31b33d68c68a\Lib\site-packages\sympy\core\facts.py", line 343, in _process_rule
    self.process_rule(And(*[Not(barg) for barg in b.args]), Not(a))
    ~~~~~~~~~~~~~~~~~^^^^^^^^^^^^^^^^^^^^^^^^^^^^^^^^^^^^^^^^^^^^^^
  File "D:\CantorAI\xlang3\venv\cpython3.14-a6792301b742-compat-31b33d68c68a\Lib\site-packages\sympy\core\facts.py", line 321, in process_rule
    self._process_rule(a, b)
    ~~~~~~~~~~~~~~~~~~^^^^^^
  File "D:\CantorAI\xlang3\venv\cpython3.14-a6792301b742-compat-31b33d68c68a\Lib\site-packages\sympy\core\facts.py", line 343, in _process_rule
    self.process_rule(And(*[Not(barg) for barg in b.args]), Not(a))
    ~~~~~~~~~~~~~~~~~^^^^^^^^^^^^^^^^^^^^^^^^^^^^^^^^^^^^^^^^^^^^^^
  File "D:\CantorAI\xlang3\venv\cpython3.14-a6792301b742-compat-31b33d68c68a\Lib\site-packages\sympy\core\facts.py", line 321, in process_rule
    self._process_rule(a, b)
    ~~~~~~~~~~~~~~~~~~^^^^^^
  File "D:\CantorAI\xlang3\venv\cpython3.14-a6792301b742-compat-31b33d68c68a\Lib\site-packages\sympy\core\facts.py", line 343, in _process_rule
    self.process_rule(And(*[Not(barg) for barg in b.args]), Not(a))
    ~~~~~~~~~~~~~~~~~^^^^^^^^^^^^^^^^^^^^^^^^^^^^^^^^^^^^^^^^^^^^^^
  File "D:\CantorAI\xlang3\venv\cpython3.14-a6792301b742-compat-31b33d68c68a\Lib\site-packages\sympy\core\facts.py", line 321, in process_rule
    self._process_rule(a, b)
    ~~~~~~~~~~~~~~~~~~^^^^^^
  File "D:\CantorAI\xlang3\venv\cpython3.14-a6792301b742-compat-31b33d68c68a\Lib\site-packages\sympy\core\facts.py", line 343, in _process_rule
    self.process_rule(And(*[Not(barg) for barg in b.args]), Not(a))
    ~~~~~~~~~~~~~~~~~^^^^^^^^^^^^^^^^^^^^^^^^^^^^^^^^^^^^^^^^^^^^^^
  File "D:\CantorAI\xlang3\venv\cpython3.14-a6792301b742-compat-31b33d68c68a\Lib\site-packages\sympy\core\facts.py", line 321, in process_rule
    self._process_rule(a, b)
    ~~~~~~~~~~~~~~~~~~^^^^^^
  File "D:\CantorAI\xlang3\venv\cpython3.14-a6792301b742-compat-31b33d68c68a\Lib\site-packages\sympy\core\facts.py", line 343, in _process_rule
    self.process_rule(And(*[Not(barg) for barg in b.args]), Not(a))
    ~~~~~~~~~~~~~~~~~^^^^^^^^^^^^^^^^^^^^^^^^^^^^^^^^^^^^^^^^^^^^^^
  File "D:\CantorAI\xlang3\venv\cpython3.14-a6792301b742-compat-31b33d68c68a\Lib\site-packages\sympy\core\facts.py", line 321, in process_rule
    self._process_rule(a, b)
    ~~~~~~~~~~~~~~~~~~^^^^^^
  File "D:\CantorAI\xlang3\venv\cpython3.14-a6792301b742-compat-31b33d68c68a\Lib\site-packages\sympy\core\facts.py", line 343, in _process_rule
    self.process_rule(And(*[Not(barg) for barg in b.args]), Not(a))
    ~~~~~~~~~~~~~~~~~^^^^^^^^^^^^^^^^^^^^^^^^^^^^^^^^^^^^^^^^^^^^^^
  File "D:\CantorAI\xlang3\venv\cpython3.14-a6792301b742-compat-31b33d68c68a\Lib\site-packages\sympy\core\facts.py", line 321, in process_rule
    self._process_rule(a, b)
    ~~~~~~~~~~~~~~~~~~^^^^^^
  File "D:\CantorAI\xlang3\venv\cpython3.14-a6792301b742-compat-31b33d68c68a\Lib\site-packages\sympy\core\facts.py", line 343, in _process_rule
    self.process_rule(And(*[Not(barg) for barg in b.args]), Not(a))
    ~~~~~~~~~~~~~~~~~^^^^^^^^^^^^^^^^^^^^^^^^^^^^^^^^^^^^^^^^^^^^^^
  File "D:\CantorAI\xlang3\venv\cpython3.14-a6792301b742-compat-31b33d68c68a\Lib\site-packages\sympy\core\facts.py", line 321, in process_rule
    self._process_rule(a, b)
    ~~~~~~~~~~~~~~~~~~^^^^^^
  File "D:\CantorAI\xlang3\venv\cpython3.14-a6792301b742-compat-31b33d68c68a\Lib\site-packages\sympy\core\facts.py", line 343, in _process_rule
    self.process_rule(And(*[Not(barg) for barg in b.args]), Not(a))
    ~~~~~~~~~~~~~~~~~^^^^^^^^^^^^^^^^^^^^^^^^^^^^^^^^^^^^^^^^^^^^^^
  File "D:\CantorAI\xlang3\venv\cpython3.14-a6792301b742-compat-31b33d68c68a\Lib\site-packages\sympy\core\facts.py", line 321, in process_rule
    self._process_rule(a, b)
    ~~~~~~~~~~~~~~~~~~^^^^^^
  File "D:\CantorAI\xlang3\venv\cpython3.14-a6792301b742-compat-31b33d68c68a\Lib\site-packages\sympy\core\facts.py", line 343, in _process_rule
    self.process_rule(And(*[Not(barg) for barg in b.args]), Not(a))
    ~~~~~~~~~~~~~~~~~^^^^^^^^^^^^^^^^^^^^^^^^^^^^^^^^^^^^^^^^^^^^^^
  File "D:\CantorAI\xlang3\venv\cpython3.14-a6792301b742-compat-31b33d68c68a\Lib\site-packages\sympy\core\facts.py", line 321, in process_rule
    self._process_rule(a, b)
    ~~~~~~~~~~~~~~~~~~^^^^^^
  File "D:\CantorAI\xlang3\venv\cpython3.14-a6792301b742-compat-31b33d68c68a\Lib\site-packages\sympy\core\facts.py", line 343, in _process_rule
    self.process_rule(And(*[Not(barg) for barg in b.args]), Not(a))
    ~~~~~~~~~~~~~~~~~^^^^^^^^^^^^^^^^^^^^^^^^^^^^^^^^^^^^^^^^^^^^^^
  File "D:\CantorAI\xlang3\venv\cpython3.14-a6792301b742-compat-31b33d68c68a\Lib\site-packages\sympy\core\facts.py", line 321, in process_rule
    self._process_rule(a, b)
    ~~~~~~~~~~~~~~~~~~^^^^^^
  File "D:\CantorAI\xlang3\venv\cpython3.14-a6792301b742-compat-31b33d68c68a\Lib\site-packages\sympy\core\facts.py", line 343, in _process_rule
    self.process_rule(And(*[Not(barg) for barg in b.args]), Not(a))
    ~~~~~~~~~~~~~~~~~^^^^^^^^^^^^^^^^^^^^^^^^^^^^^^^^^^^^^^^^^^^^^^
  File "D:\CantorAI\xlang3\venv\cpython3.14-a6792301b742-compat-31b33d68c68a\Lib\site-packages\sympy\core\facts.py", line 321, in process_rule
    self._process_rule(a, b)
    ~~~~~~~~~~~~~~~~~~^^^^^^
  File "D:\CantorAI\xlang3\venv\cpython3.14-a6792301b742-compat-31b33d68c68a\Lib\site-packages\sympy\core\facts.py", line 343, in _process_rule
    self.process_rule(And(*[Not(barg) for barg in b.args]), Not(a))
    ~~~~~~~~~~~~~~~~~^^^^^^^^^^^^^^^^^^^^^^^^^^^^^^^^^^^^^^^^^^^^^^
  File "D:\CantorAI\xlang3\venv\cpython3.14-a6792301b742-compat-31b33d68c68a\Lib\site-packages\sympy\core\facts.py", line 321, in process_rule
    self._process_rule(a, b)
    ~~~~~~~~~~~~~~~~~~^^^^^^
  File "D:\CantorAI\xlang3\venv\cpython3.14-a6792301b742-compat-31b33d68c68a\Lib\site-packages\sympy\core\facts.py", line 343, in _process_rule
    self.process_rule(And(*[Not(barg) for barg in b.args]), Not(a))
    ~~~~~~~~~~~~~~~~~^^^^^^^^^^^^^^^^^^^^^^^^^^^^^^^^^^^^^^^^^^^^^^
  File "D:\CantorAI\xlang3\venv\cpython3.14-a6792301b742-compat-31b33d68c68a\Lib\site-packages\sympy\core\facts.py", line 321, in process_rule
    self._process_rule(a, b)
    ~~~~~~~~~~~~~~~~~~^^^^^^
  File "D:\CantorAI\xlang3\venv\cpython3.14-a6792301b742-compat-31b33d68c68a\Lib\site-packages\sympy\core\facts.py", line 343, in _process_rule
    self.process_rule(And(*[Not(barg) for barg in b.args]), Not(a))
    ~~~~~~~~~~~~~~~~~^^^^^^^^^^^^^^^^^^^^^^^^^^^^^^^^^^^^^^^^^^^^^^
  File "D:\CantorAI\xlang3\venv\cpython3.14-a6792301b742-compat-31b33d68c68a\Lib\site-packages\sympy\core\facts.py", line 321, in process_rule
    self._process_rule(a, b)
    ~~~~~~~~~~~~~~~~~~^^^^^^
  File "D:\CantorAI\xlang3\venv\cpython3.14-a6792301b742-compat-31b33d68c68a\Lib\site-packages\sympy\core\facts.py", line 343, in _process_rule
    self.process_rule(And(*[Not(barg) for barg in b.args]), Not(a))
    ~~~~~~~~~~~~~~~~~^^^^^^^^^^^^^^^^^^^^^^^^^^^^^^^^^^^^^^^^^^^^^^
  File "D:\CantorAI\xlang3\venv\cpython3.14-a6792301b742-compat-31b33d68c68a\Lib\site-packages\sympy\core\facts.py", line 321, in process_rule
    self._process_rule(a, b)
    ~~~~~~~~~~~~~~~~~~^^^^^^
  File "D:\CantorAI\xlang3\venv\cpython3.14-a6792301b742-compat-31b33d68c68a\Lib\site-packages\sympy\core\facts.py", line 343, in _process_rule
    self.process_rule(And(*[Not(barg) for barg in b.args]), Not(a))
    ~~~~~~~~~~~~~~~~~^^^^^^^^^^^^^^^^^^^^^^^^^^^^^^^^^^^^^^^^^^^^^^
  File "D:\CantorAI\xlang3\venv\cpython3.14-a6792301b742-compat-31b33d68c68a\Lib\site-packages\sympy\core\facts.py", line 321, in process_rule
    self._process_rule(a, b)
    ~~~~~~~~~~~~~~~~~~^^^^^^
  File "D:\CantorAI\xlang3\venv\cpython3.14-a6792301b742-compat-31b33d68c68a\Lib\site-packages\sympy\core\facts.py", line 343, in _process_rule
    self.process_rule(And(*[Not(barg) for barg in b.args]), Not(a))
    ~~~~~~~~~~~~~~~~~^^^^^^^^^^^^^^^^^^^^^^^^^^^^^^^^^^^^^^^^^^^^^^
  File "D:\CantorAI\xlang3\venv\cpython3.14-a6792301b742-compat-31b33d68c68a\Lib\site-packages\sympy\core\facts.py", line 321, in process_rule
    self._process_rule(a, b)
    ~~~~~~~~~~~~~~~~~~^^^^^^
  File "D:\CantorAI\xlang3\venv\cpython3.14-a6792301b742-compat-31b33d68c68a\Lib\site-packages\sympy\core\facts.py", line 343, in _process_rule
    self.process_rule(And(*[Not(barg) for barg in b.args]), Not(a))
    ~~~~~~~~~~~~~~~~~^^^^^^^^^^^^^^^^^^^^^^^^^^^^^^^^^^^^^^^^^^^^^^
  File "D:\CantorAI\xlang3\venv\cpython3.14-a6792301b742-compat-31b33d68c68a\Lib\site-packages\sympy\core\facts.py", line 321, in process_rule
    self._process_rule(a, b)
    ~~~~~~~~~~~~~~~~~~^^^^^^
  File "D:\CantorAI\xlang3\venv\cpython3.14-a6792301b742-compat-31b33d68c68a\Lib\site-packages\sympy\core\facts.py", line 343, in _process_rule
    self.process_rule(And(*[Not(barg) for barg in b.args]), Not(a))
    ~~~~~~~~~~~~~~~~~^^^^^^^^^^^^^^^^^^^^^^^^^^^^^^^^^^^^^^^^^^^^^^
  File "D:\CantorAI\xlang3\venv\cpython3.14-a6792301b742-compat-31b33d68c68a\Lib\site-packages\sympy\core\facts.py", line 321, in process_rule
    self._process_rule(a, b)
    ~~~~~~~~~~~~~~~~~~^^^^^^
  File "D:\CantorAI\xlang3\venv\cpython3.14-a6792301b742-compat-31b33d68c68a\Lib\site-packages\sympy\core\facts.py", line 343, in _process_rule
    self.process_rule(And(*[Not(barg) for barg in b.args]), Not(a))
    ~~~~~~~~~~~~~~~~~^^^^^^^^^^^^^^^^^^^^^^^^^^^^^^^^^^^^^^^^^^^^^^
  File "D:\CantorAI\xlang3\venv\cpython3.14-a6792301b742-compat-31b33d68c68a\Lib\site-packages\sympy\core\facts.py", line 321, in process_rule
    self._process_rule(a, b)
    ~~~~~~~~~~~~~~~~~~^^^^^^
  File "D:\CantorAI\xlang3\venv\cpython3.14-a6792301b742-compat-31b33d68c68a\Lib\site-packages\sympy\core\facts.py", line 343, in _process_rule
    self.process_rule(And(*[Not(barg) for barg in b.args]), Not(a))
    ~~~~~~~~~~~~~~~~~^^^^^^^^^^^^^^^^^^^^^^^^^^^^^^^^^^^^^^^^^^^^^^
  File "D:\CantorAI\xlang3\venv\cpython3.14-a6792301b742-compat-31b33d68c68a\Lib\site-packages\sympy\core\facts.py", line 321, in process_rule
    self._process_rule(a, b)
    ~~~~~~~~~~~~~~~~~~^^^^^^
  File "D:\CantorAI\xlang3\venv\cpython3.14-a6792301b742-compat-31b33d68c68a\Lib\site-packages\sympy\core\facts.py", line 343, in _process_rule
    self.process_rule(And(*[Not(barg) for barg in b.args]), Not(a))
    ~~~~~~~~~~~~~~~~~^^^^^^^^^^^^^^^^^^^^^^^^^^^^^^^^^^^^^^^^^^^^^^
  File "D:\CantorAI\xlang3\venv\cpython3.14-a6792301b742-compat-31b33d68c68a\Lib\site-packages\sympy\core\facts.py", line 321, in process_rule
    self._process_rule(a, b)
    ~~~~~~~~~~~~~~~~~~^^^^^^
  File "D:\CantorAI\xlang3\venv\cpython3.14-a6792301b742-compat-31b33d68c68a\Lib\site-packages\sympy\core\facts.py", line 343, in _process_rule
    self.process_rule(And(*[Not(barg) for barg in b.args]), Not(a))
    ~~~~~~~~~~~~~~~~~^^^^^^^^^^^^^^^^^^^^^^^^^^^^^^^^^^^^^^^^^^^^^^
  File "D:\CantorAI\xlang3\venv\cpython3.14-a6792301b742-compat-31b33d68c68a\Lib\site-packages\sympy\core\facts.py", line 321, in process_rule
    self._process_rule(a, b)
    ~~~~~~~~~~~~~~~~~~^^^^^^
  File "D:\CantorAI\xlang3\venv\cpython3.14-a6792301b742-compat-31b33d68c68a\Lib\site-packages\sympy\core\facts.py", line 343, in _process_rule
    self.process_rule(And(*[Not(barg) for barg in b.args]), Not(a))
    ~~~~~~~~~~~~~~~~~^^^^^^^^^^^^^^^^^^^^^^^^^^^^^^^^^^^^^^^^^^^^^^
  File "D:\CantorAI\xlang3\venv\cpython3.14-a6792301b742-compat-31b33d68c68a\Lib\site-packages\sympy\core\facts.py", line 321, in process_rule
    self._process_rule(a, b)
    ~~~~~~~~~~~~~~~~~~^^^^^^
  File "D:\CantorAI\xlang3\venv\cpython3.14-a6792301b742-compat-31b33d68c68a\Lib\site-packages\sympy\core\facts.py", line 343, in _process_rule
    self.process_rule(And(*[Not(barg) for barg in b.args]), Not(a))
    ~~~~~~~~~~~~~~~~~^^^^^^^^^^^^^^^^^^^^^^^^^^^^^^^^^^^^^^^^^^^^^^
  File "D:\CantorAI\xlang3\venv\cpython3.14-a6792301b742-compat-31b33d68c68a\Lib\site-packages\sympy\core\facts.py", line 321, in process_rule
    self._process_rule(a, b)
    ~~~~~~~~~~~~~~~~~~^^^^^^
  File "D:\CantorAI\xlang3\venv\cpython3.14-a6792301b742-compat-31b33d68c68a\Lib\site-packages\sympy\core\facts.py", line 343, in _process_rule
    self.process_rule(And(*[Not(barg) for barg in b.args]), Not(a))
    ~~~~~~~~~~~~~~~~~^^^^^^^^^^^^^^^^^^^^^^^^^^^^^^^^^^^^^^^^^^^^^^
  File "D:\CantorAI\xlang3\venv\cpython3.14-a6792301b742-compat-31b33d68c68a\Lib\site-packages\sympy\core\facts.py", line 321, in process_rule
    self._process_rule(a, b)
    ~~~~~~~~~~~~~~~~~~^^^^^^
  File "D:\CantorAI\xlang3\venv\cpython3.14-a6792301b742-compat-31b33d68c68a\Lib\site-packages\sympy\core\facts.py", line 343, in _process_rule
    self.process_rule(And(*[Not(barg) for barg in b.args]), Not(a))
    ~~~~~~~~~~~~~~~~~^^^^^^^^^^^^^^^^^^^^^^^^^^^^^^^^^^^^^^^^^^^^^^
  File "D:\CantorAI\xlang3\venv\cpython3.14-a6792301b742-compat-31b33d68c68a\Lib\site-packages\sympy\core\facts.py", line 321, in process_rule
    self._process_rule(a, b)
    ~~~~~~~~~~~~~~~~~~^^^^^^
  File "D:\CantorAI\xlang3\venv\cpython3.14-a6792301b742-compat-31b33d68c68a\Lib\site-packages\sympy\core\facts.py", line 343, in _process_rule
    self.process_rule(And(*[Not(barg) for barg in b.args]), Not(a))
    ~~~~~~~~~~~~~~~~~^^^^^^^^^^^^^^^^^^^^^^^^^^^^^^^^^^^^^^^^^^^^^^
  File "D:\CantorAI\xlang3\venv\cpython3.14-a6792301b742-compat-31b33d68c68a\Lib\site-packages\sympy\core\facts.py", line 321, in process_rule
    self._process_rule(a, b)
    ~~~~~~~~~~~~~~~~~~^^^^^^
  File "D:\CantorAI\xlang3\venv\cpython3.14-a6792301b742-compat-31b33d68c68a\Lib\site-packages\sympy\core\facts.py", line 343, in _process_rule
    self.process_rule(And(*[Not(barg) for barg in b.args]), Not(a))
    ~~~~~~~~~~~~~~~~~^^^^^^^^^^^^^^^^^^^^^^^^^^^^^^^^^^^^^^^^^^^^^^
  File "D:\CantorAI\xlang3\venv\cpython3.14-a6792301b742-compat-31b33d68c68a\Lib\site-packages\sympy\core\facts.py", line 321, in process_rule
    self._process_rule(a, b)
    ~~~~~~~~~~~~~~~~~~^^^^^^
  File "D:\CantorAI\xlang3\venv\cpython3.14-a6792301b742-compat-31b33d68c68a\Lib\site-packages\sympy\core\facts.py", line 343, in _process_rule
    self.process_rule(And(*[Not(barg) for barg in b.args]), Not(a))
    ~~~~~~~~~~~~~~~~~^^^^^^^^^^^^^^^^^^^^^^^^^^^^^^^^^^^^^^^^^^^^^^
  File "D:\CantorAI\xlang3\venv\cpython3.14-a6792301b742-compat-31b33d68c68a\Lib\site-packages\sympy\core\facts.py", line 321, in process_rule
    self._process_rule(a, b)
    ~~~~~~~~~~~~~~~~~~^^^^^^
  File "D:\CantorAI\xlang3\venv\cpython3.14-a6792301b742-compat-31b33d68c68a\Lib\site-packages\sympy\core\facts.py", line 343, in _process_rule
    self.process_rule(And(*[Not(barg) for barg in b.args]), Not(a))
    ~~~~~~~~~~~~~~~~~^^^^^^^^^^^^^^^^^^^^^^^^^^^^^^^^^^^^^^^^^^^^^^
  File "D:\CantorAI\xlang3\venv\cpython3.14-a6792301b742-compat-31b33d68c68a\Lib\site-packages\sympy\core\facts.py", line 321, in process_rule
    self._process_rule(a, b)
    ~~~~~~~~~~~~~~~~~~^^^^^^
  File "D:\CantorAI\xlang3\venv\cpython3.14-a6792301b742-compat-31b33d68c68a\Lib\site-packages\sympy\core\facts.py", line 343, in _process_rule
    self.process_rule(And(*[Not(barg) for barg in b.args]), Not(a))
    ~~~~~~~~~~~~~~~~~^^^^^^^^^^^^^^^^^^^^^^^^^^^^^^^^^^^^^^^^^^^^^^
  File "D:\CantorAI\xlang3\venv\cpython3.14-a6792301b742-compat-31b33d68c68a\Lib\site-packages\sympy\core\facts.py", line 321, in process_rule
    self._process_rule(a, b)
    ~~~~~~~~~~~~~~~~~~^^^^^^
  File "D:\CantorAI\xlang3\venv\cpython3.14-a6792301b742-compat-31b33d68c68a\Lib\site-packages\sympy\core\facts.py", line 343, in _process_rule
    self.process_rule(And(*[Not(barg) for barg in b.args]), Not(a))
    ~~~~~~~~~~~~~~~~~^^^^^^^^^^^^^^^^^^^^^^^^^^^^^^^^^^^^^^^^^^^^^^
  File "D:\CantorAI\xlang3\venv\cpython3.14-a6792301b742-compat-31b33d68c68a\Lib\site-packages\sympy\core\facts.py", line 321, in process_rule
    self._process_rule(a, b)
    ~~~~~~~~~~~~~~~~~~^^^^^^
  File "D:\CantorAI\xlang3\venv\cpython3.14-a6792301b742-compat-31b33d68c68a\Lib\site-packages\sympy\core\facts.py", line 343, in _process_rule
    self.process_rule(And(*[Not(barg) for barg in b.args]), Not(a))
    ~~~~~~~~~~~~~~~~~^^^^^^^^^^^^^^^^^^^^^^^^^^^^^^^^^^^^^^^^^^^^^^
  File "D:\CantorAI\xlang3\venv\cpython3.14-a6792301b742-compat-31b33d68c68a\Lib\site-packages\sympy\core\facts.py", line 321, in process_rule
    self._process_rule(a, b)
    ~~~~~~~~~~~~~~~~~~^^^^^^
  File "D:\CantorAI\xlang3\venv\cpython3.14-a6792301b742-compat-31b33d68c68a\Lib\site-packages\sympy\core\facts.py", line 343, in _process_rule
    self.process_rule(And(*[Not(barg) for barg in b.args]), Not(a))
    ~~~~~~~~~~~~~~~~~^^^^^^^^^^^^^^^^^^^^^^^^^^^^^^^^^^^^^^^^^^^^^^
  File "D:\CantorAI\xlang3\venv\cpython3.14-a6792301b742-compat-31b33d68c68a\Lib\site-packages\sympy\core\facts.py", line 321, in process_rule
    self._process_rule(a, b)
    ~~~~~~~~~~~~~~~~~~^^^^^^
  File "D:\CantorAI\xlang3\venv\cpython3.14-a6792301b742-compat-31b33d68c68a\Lib\site-packages\sympy\core\facts.py", line 343, in _process_rule
    self.process_rule(And(*[Not(barg) for barg in b.args]), Not(a))
    ~~~~~~~~~~~~~~~~~^^^^^^^^^^^^^^^^^^^^^^^^^^^^^^^^^^^^^^^^^^^^^^
  File "D:\CantorAI\xlang3\venv\cpython3.14-a6792301b742-compat-31b33d68c68a\Lib\site-packages\sympy\core\facts.py", line 321, in process_rule
    self._process_rule(a, b)
    ~~~~~~~~~~~~~~~~~~^^^^^^
  File "D:\CantorAI\xlang3\venv\cpython3.14-a6792301b742-compat-31b33d68c68a\Lib\site-packages\sympy\core\facts.py", line 343, in _process_rule
    self.process_rule(And(*[Not(barg) for barg in b.args]), Not(a))
    ~~~~~~~~~~~~~~~~~^^^^^^^^^^^^^^^^^^^^^^^^^^^^^^^^^^^^^^^^^^^^^^
  File "D:\CantorAI\xlang3\venv\cpython3.14-a6792301b742-compat-31b33d68c68a\Lib\site-packages\sympy\core\facts.py", line 321, in process_rule
    self._process_rule(a, b)
    ~~~~~~~~~~~~~~~~~~^^^^^^
  File "D:\CantorAI\xlang3\venv\cpython3.14-a6792301b742-compat-31b33d68c68a\Lib\site-packages\sympy\core\facts.py", line 343, in _process_rule
    self.process_rule(And(*[Not(barg) for barg in b.args]), Not(a))
    ~~~~~~~~~~~~~~~~~^^^^^^^^^^^^^^^^^^^^^^^^^^^^^^^^^^^^^^^^^^^^^^
  File "D:\CantorAI\xlang3\venv\cpython3.14-a6792301b742-compat-31b33d68c68a\Lib\site-packages\sympy\core\facts.py", line 321, in process_rule
    self._process_rule(a, b)
    ~~~~~~~~~~~~~~~~~~^^^^^^
  File "D:\CantorAI\xlang3\venv\cpython3.14-a6792301b742-compat-31b33d68c68a\Lib\site-packages\sympy\core\facts.py", line 343, in _process_rule
    self.process_rule(And(*[Not(barg) for barg in b.args]), Not(a))
    ~~~~~~~~~~~~~~~~~^^^^^^^^^^^^^^^^^^^^^^^^^^^^^^^^^^^^^^^^^^^^^^
  File "D:\CantorAI\xlang3\venv\cpython3.14-a6792301b742-compat-31b33d68c68a\Lib\site-packages\sympy\core\facts.py", line 321, in process_rule
    self._process_rule(a, b)
    ~~~~~~~~~~~~~~~~~~^^^^^^
  File "D:\CantorAI\xlang3\venv\cpython3.14-a6792301b742-compat-31b33d68c68a\Lib\site-packages\sympy\core\facts.py", line 343, in _process_rule
    self.process_rule(And(*[Not(barg) for barg in b.args]), Not(a))
    ~~~~~~~~~~~~~~~~~^^^^^^^^^^^^^^^^^^^^^^^^^^^^^^^^^^^^^^^^^^^^^^
  File "D:\CantorAI\xlang3\venv\cpython3.14-a6792301b742-compat-31b33d68c68a\Lib\site-packages\sympy\core\facts.py", line 321, in process_rule
    self._process_rule(a, b)
    ~~~~~~~~~~~~~~~~~~^^^^^^
  File "D:\CantorAI\xlang3\venv\cpython3.14-a6792301b742-compat-31b33d68c68a\Lib\site-packages\sympy\core\facts.py", line 343, in _process_rule
    self.process_rule(And(*[Not(barg) for barg in b.args]), Not(a))
    ~~~~~~~~~~~~~~~~~^^^^^^^^^^^^^^^^^^^^^^^^^^^^^^^^^^^^^^^^^^^^^^
  File "D:\CantorAI\xlang3\venv\cpython3.14-a6792301b742-compat-31b33d68c68a\Lib\site-packages\sympy\core\facts.py", line 321, in process_rule
    self._process_rule(a, b)
    ~~~~~~~~~~~~~~~~~~^^^^^^
  File "D:\CantorAI\xlang3\venv\cpython3.14-a6792301b742-compat-31b33d68c68a\Lib\site-packages\sympy\core\facts.py", line 343, in _process_rule
    self.process_rule(And(*[Not(barg) for barg in b.args]), Not(a))
    ~~~~~~~~~~~~~~~~~^^^^^^^^^^^^^^^^^^^^^^^^^^^^^^^^^^^^^^^^^^^^^^
  File "D:\CantorAI\xlang3\venv\cpython3.14-a6792301b742-compat-31b33d68c68a\Lib\site-packages\sympy\core\facts.py", line 321, in process_rule
    self._process_rule(a, b)
    ~~~~~~~~~~~~~~~~~~^^^^^^
  File "D:\CantorAI\xlang3\venv\cpython3.14-a6792301b742-compat-31b33d68c68a\Lib\site-packages\sympy\core\facts.py", line 343, in _process_rule
    self.process_rule(And(*[Not(barg) for barg in b.args]), Not(a))
    ~~~~~~~~~~~~~~~~~^^^^^^^^^^^^^^^^^^^^^^^^^^^^^^^^^^^^^^^^^^^^^^
  File "D:\CantorAI\xlang3\venv\cpython3.14-a6792301b742-compat-31b33d68c68a\Lib\site-packages\sympy\core\facts.py", line 321, in process_rule
    self._process_rule(a, b)
    ~~~~~~~~~~~~~~~~~~^^^^^^
  File "D:\CantorAI\xlang3\venv\cpython3.14-a6792301b742-compat-31b33d68c68a\Lib\site-packages\sympy\core\facts.py", line 343, in _process_rule
    self.process_rule(And(*[Not(barg) for barg in b.args]), Not(a))
    ~~~~~~~~~~~~~~~~~^^^^^^^^^^^^^^^^^^^^^^^^^^^^^^^^^^^^^^^^^^^^^^
  File "D:\CantorAI\xlang3\venv\cpython3.14-a6792301b742-compat-31b33d68c68a\Lib\site-packages\sympy\core\facts.py", line 321, in process_rule
    self._process_rule(a, b)
    ~~~~~~~~~~~~~~~~~~^^^^^^
  File "D:\CantorAI\xlang3\venv\cpython3.14-a6792301b742-compat-31b33d68c68a\Lib\site-packages\sympy\core\facts.py", line 343, in _process_rule
    self.process_rule(And(*[Not(barg) for barg in b.args]), Not(a))
    ~~~~~~~~~~~~~~~~~^^^^^^^^^^^^^^^^^^^^^^^^^^^^^^^^^^^^^^^^^^^^^^
  File "D:\CantorAI\xlang3\venv\cpython3.14-a6792301b742-compat-31b33d68c68a\Lib\site-packages\sympy\core\facts.py", line 321, in process_rule
    self._process_rule(a, b)
    ~~~~~~~~~~~~~~~~~~^^^^^^
  File "D:\CantorAI\xlang3\venv\cpython3.14-a6792301b742-compat-31b33d68c68a\Lib\site-packages\sympy\core\facts.py", line 343, in _process_rule
    self.process_rule(And(*[Not(barg) for barg in b.args]), Not(a))
    ~~~~~~~~~~~~~~~~~^^^^^^^^^^^^^^^^^^^^^^^^^^^^^^^^^^^^^^^^^^^^^^
  File "D:\CantorAI\xlang3\venv\cpython3.14-a6792301b742-compat-31b33d68c68a\Lib\site-packages\sympy\core\facts.py", line 321, in process_rule
    self._process_rule(a, b)
    ~~~~~~~~~~~~~~~~~~^^^^^^
  File "D:\CantorAI\xlang3\venv\cpython3.14-a6792301b742-compat-31b33d68c68a\Lib\site-packages\sympy\core\facts.py", line 343, in _process_rule
    self.process_rule(And(*[Not(barg) for barg in b.args]), Not(a))
    ~~~~~~~~~~~~~~~~~^^^^^^^^^^^^^^^^^^^^^^^^^^^^^^^^^^^^^^^^^^^^^^
  File "D:\CantorAI\xlang3\venv\cpython3.14-a6792301b742-compat-31b33d68c68a\Lib\site-packages\sympy\core\facts.py", line 321, in process_rule
    self._process_rule(a, b)
    ~~~~~~~~~~~~~~~~~~^^^^^^
  File "D:\CantorAI\xlang3\venv\cpython3.14-a6792301b742-compat-31b33d68c68a\Lib\site-packages\sympy\core\facts.py", line 343, in _process_rule
    self.process_rule(And(*[Not(barg) for barg in b.args]), Not(a))
    ~~~~~~~~~~~~~~~~~^^^^^^^^^^^^^^^^^^^^^^^^^^^^^^^^^^^^^^^^^^^^^^
  File "D:\CantorAI\xlang3\venv\cpython3.14-a6792301b742-compat-31b33d68c68a\Lib\site-packages\sympy\core\facts.py", line 321, in process_rule
    self._process_rule(a, b)
    ~~~~~~~~~~~~~~~~~~^^^^^^
  File "D:\CantorAI\xlang3\venv\cpython3.14-a6792301b742-compat-31b33d68c68a\Lib\site-packages\sympy\core\facts.py", line 343, in _process_rule
    self.process_rule(And(*[Not(barg) for barg in b.args]), Not(a))
    ~~~~~~~~~~~~~~~~~^^^^^^^^^^^^^^^^^^^^^^^^^^^^^^^^^^^^^^^^^^^^^^
  File "D:\CantorAI\xlang3\venv\cpython3.14-a6792301b742-compat-31b33d68c68a\Lib\site-packages\sympy\core\facts.py", line 321, in process_rule
    self._process_rule(a, b)
    ~~~~~~~~~~~~~~~~~~^^^^^^
  File "D:\CantorAI\xlang3\venv\cpython3.14-a6792301b742-compat-31b33d68c68a\Lib\site-packages\sympy\core\facts.py", line 343, in _process_rule
    self.process_rule(And(*[Not(barg) for barg in b.args]), Not(a))
    ~~~~~~~~~~~~~~~~~^^^^^^^^^^^^^^^^^^^^^^^^^^^^^^^^^^^^^^^^^^^^^^
  File "D:\CantorAI\xlang3\venv\cpython3.14-a6792301b742-compat-31b33d68c68a\Lib\site-packages\sympy\core\facts.py", line 321, in process_rule
    self._process_rule(a, b)
    ~~~~~~~~~~~~~~~~~~^^^^^^
  File "D:\CantorAI\xlang3\venv\cpython3.14-a6792301b742-compat-31b33d68c68a\Lib\site-packages\sympy\core\facts.py", line 343, in _process_rule
    self.process_rule(And(*[Not(barg) for barg in b.args]), Not(a))
    ~~~~~~~~~~~~~~~~~^^^^^^^^^^^^^^^^^^^^^^^^^^^^^^^^^^^^^^^^^^^^^^
  File "D:\CantorAI\xlang3\venv\cpython3.14-a6792301b742-compat-31b33d68c68a\Lib\site-packages\sympy\core\facts.py", line 321, in process_rule
    self._process_rule(a, b)
    ~~~~~~~~~~~~~~~~~~^^^^^^
  File "D:\CantorAI\xlang3\venv\cpython3.14-a6792301b742-compat-31b33d68c68a\Lib\site-packages\sympy\core\facts.py", line 343, in _process_rule
    self.process_rule(And(*[Not(barg) for barg in b.args]), Not(a))
    ~~~~~~~~~~~~~~~~~^^^^^^^^^^^^^^^^^^^^^^^^^^^^^^^^^^^^^^^^^^^^^^
  File "D:\CantorAI\xlang3\venv\cpython3.14-a6792301b742-compat-31b33d68c68a\Lib\site-packages\sympy\core\facts.py", line 321, in process_rule
    self._process_rule(a, b)
    ~~~~~~~~~~~~~~~~~~^^^^^^
  File "D:\CantorAI\xlang3\venv\cpython3.14-a6792301b742-compat-31b33d68c68a\Lib\site-packages\sympy\core\facts.py", line 343, in _process_rule
    self.process_rule(And(*[Not(barg) for barg in b.args]), Not(a))
    ~~~~~~~~~~~~~~~~~^^^^^^^^^^^^^^^^^^^^^^^^^^^^^^^^^^^^^^^^^^^^^^
  File "D:\CantorAI\xlang3\venv\cpython3.14-a6792301b742-compat-31b33d68c68a\Lib\site-packages\sympy\core\facts.py", line 321, in process_rule
    self._process_rule(a, b)
    ~~~~~~~~~~~~~~~~~~^^^^^^
  File "D:\CantorAI\xlang3\venv\cpython3.14-a6792301b742-compat-31b33d68c68a\Lib\site-packages\sympy\core\facts.py", line 343, in _process_rule
    self.process_rule(And(*[Not(barg) for barg in b.args]), Not(a))
    ~~~~~~~~~~~~~~~~~^^^^^^^^^^^^^^^^^^^^^^^^^^^^^^^^^^^^^^^^^^^^^^
  File "D:\CantorAI\xlang3\venv\cpython3.14-a6792301b742-compat-31b33d68c68a\Lib\site-packages\sympy\core\facts.py", line 321, in process_rule
    self._process_rule(a, b)
    ~~~~~~~~~~~~~~~~~~^^^^^^
  File "D:\CantorAI\xlang3\venv\cpython3.14-a6792301b742-compat-31b33d68c68a\Lib\site-packages\sympy\core\facts.py", line 343, in _process_rule
    self.process_rule(And(*[Not(barg) for barg in b.args]), Not(a))
    ~~~~~~~~~~~~~~~~~^^^^^^^^^^^^^^^^^^^^^^^^^^^^^^^^^^^^^^^^^^^^^^
  File "D:\CantorAI\xlang3\venv\cpython3.14-a6792301b742-compat-31b33d68c68a\Lib\site-packages\sympy\core\facts.py", line 321, in process_rule
    self._process_rule(a, b)
    ~~~~~~~~~~~~~~~~~~^^^^^^
  File "D:\CantorAI\xlang3\venv\cpython3.14-a6792301b742-compat-31b33d68c68a\Lib\site-packages\sympy\core\facts.py", line 343, in _process_rule
    self.process_rule(And(*[Not(barg) for barg in b.args]), Not(a))
    ~~~~~~~~~~~~~~~~~^^^^^^^^^^^^^^^^^^^^^^^^^^^^^^^^^^^^^^^^^^^^^^
  File "D:\CantorAI\xlang3\venv\cpython3.14-a6792301b742-compat-31b33d68c68a\Lib\site-packages\sympy\core\facts.py", line 321, in process_rule
    self._process_rule(a, b)
    ~~~~~~~~~~~~~~~~~~^^^^^^
  File "D:\CantorAI\xlang3\venv\cpython3.14-a6792301b742-compat-31b33d68c68a\Lib\site-packages\sympy\core\facts.py", line 343, in _process_rule
    self.process_rule(And(*[Not(barg) for barg in b.args]), Not(a))
    ~~~~~~~~~~~~~~~~~^^^^^^^^^^^^^^^^^^^^^^^^^^^^^^^^^^^^^^^^^^^^^^
  File "D:\CantorAI\xlang3\venv\cpython3.14-a6792301b742-compat-31b33d68c68a\Lib\site-packages\sympy\core\facts.py", line 321, in process_rule
    self._process_rule(a, b)
    ~~~~~~~~~~~~~~~~~~^^^^^^
  File "D:\CantorAI\xlang3\venv\cpython3.14-a6792301b742-compat-31b33d68c68a\Lib\site-packages\sympy\core\facts.py", line 343, in _process_rule
    self.process_rule(And(*[Not(barg) for barg in b.args]), Not(a))
    ~~~~~~~~~~~~~~~~~^^^^^^^^^^^^^^^^^^^^^^^^^^^^^^^^^^^^^^^^^^^^^^
  File "D:\CantorAI\xlang3\venv\cpython3.14-a6792301b742-compat-31b33d68c68a\Lib\site-packages\sympy\core\facts.py", line 321, in process_rule
    self._process_rule(a, b)
    ~~~~~~~~~~~~~~~~~~^^^^^^
  File "D:\CantorAI\xlang3\venv\cpython3.14-a6792301b742-compat-31b33d68c68a\Lib\site-packages\sympy\core\facts.py", line 343, in _process_rule
    self.process_rule(And(*[Not(barg) for barg in b.args]), Not(a))
    ~~~~~~~~~~~~~~~~~^^^^^^^^^^^^^^^^^^^^^^^^^^^^^^^^^^^^^^^^^^^^^^
  File "D:\CantorAI\xlang3\venv\cpython3.14-a6792301b742-compat-31b33d68c68a\Lib\site-packages\sympy\core\facts.py", line 321, in process_rule
    self._process_rule(a, b)
    ~~~~~~~~~~~~~~~~~~^^^^^^
  File "D:\CantorAI\xlang3\venv\cpython3.14-a6792301b742-compat-31b33d68c68a\Lib\site-packages\sympy\core\facts.py", line 343, in _process_rule
    self.process_rule(And(*[Not(barg) for barg in b.args]), Not(a))
    ~~~~~~~~~~~~~~~~~^^^^^^^^^^^^^^^^^^^^^^^^^^^^^^^^^^^^^^^^^^^^^^
  File "D:\CantorAI\xlang3\venv\cpython3.14-a6792301b742-compat-31b33d68c68a\Lib\site-packages\sympy\core\facts.py", line 321, in process_rule
    self._process_rule(a, b)
    ~~~~~~~~~~~~~~~~~~^^^^^^
  File "D:\CantorAI\xlang3\venv\cpython3.14-a6792301b742-compat-31b33d68c68a\Lib\site-packages\sympy\core\facts.py", line 343, in _process_rule
    self.process_rule(And(*[Not(barg) for barg in b.args]), Not(a))
    ~~~~~~~~~~~~~~~~~^^^^^^^^^^^^^^^^^^^^^^^^^^^^^^^^^^^^^^^^^^^^^^
  File "D:\CantorAI\xlang3\venv\cpython3.14-a6792301b742-compat-31b33d68c68a\Lib\site-packages\sympy\core\facts.py", line 321, in process_rule
    self._process_rule(a, b)
    ~~~~~~~~~~~~~~~~~~^^^^^^
  File "D:\CantorAI\xlang3\venv\cpython3.14-a6792301b742-compat-31b33d68c68a\Lib\site-packages\sympy\core\facts.py", line 343, in _process_rule
    self.process_rule(And(*[Not(barg) for barg in b.args]), Not(a))
    ~~~~~~~~~~~~~~~~~^^^^^^^^^^^^^^^^^^^^^^^^^^^^^^^^^^^^^^^^^^^^^^
  File "D:\CantorAI\xlang3\venv\cpython3.14-a6792301b742-compat-31b33d68c68a\Lib\site-packages\sympy\core\facts.py", line 321, in process_rule
    self._process_rule(a, b)
    ~~~~~~~~~~~~~~~~~~^^^^^^
  File "D:\CantorAI\xlang3\venv\cpython3.14-a6792301b742-compat-31b33d68c68a\Lib\site-packages\sympy\core\facts.py", line 343, in _process_rule
    self.process_rule(And(*[Not(barg) for barg in b.args]), Not(a))
    ~~~~~~~~~~~~~~~~~^^^^^^^^^^^^^^^^^^^^^^^^^^^^^^^^^^^^^^^^^^^^^^
  File "D:\CantorAI\xlang3\venv\cpython3.14-a6792301b742-compat-31b33d68c68a\Lib\site-packages\sympy\core\facts.py", line 321, in process_rule
    self._process_rule(a, b)
    ~~~~~~~~~~~~~~~~~~^^^^^^
  File "D:\CantorAI\xlang3\venv\cpython3.14-a6792301b742-compat-31b33d68c68a\Lib\site-packages\sympy\core\facts.py", line 343, in _process_rule
    self.process_rule(And(*[Not(barg) for barg in b.args]), Not(a))
    ~~~~~~~~~~~~~~~~~^^^^^^^^^^^^^^^^^^^^^^^^^^^^^^^^^^^^^^^^^^^^^^
  File "D:\CantorAI\xlang3\venv\cpython3.14-a6792301b742-compat-31b33d68c68a\Lib\site-packages\sympy\core\facts.py", line 321, in process_rule
    self._process_rule(a, b)
    ~~~~~~~~~~~~~~~~~~^^^^^^
  File "D:\CantorAI\xlang3\venv\cpython3.14-a6792301b742-compat-31b33d68c68a\Lib\site-packages\sympy\core\facts.py", line 343, in _process_rule
    self.process_rule(And(*[Not(barg) for barg in b.args]), Not(a))
    ~~~~~~~~~~~~~~~~~^^^^^^^^^^^^^^^^^^^^^^^^^^^^^^^^^^^^^^^^^^^^^^
  File "D:\CantorAI\xlang3\venv\cpython3.14-a6792301b742-compat-31b33d68c68a\Lib\site-packages\sympy\core\facts.py", line 321, in process_rule
    self._process_rule(a, b)
    ~~~~~~~~~~~~~~~~~~^^^^^^
  File "D:\CantorAI\xlang3\venv\cpython3.14-a6792301b742-compat-31b33d68c68a\Lib\site-packages\sympy\core\facts.py", line 343, in _process_rule
    self.process_rule(And(*[Not(barg) for barg in b.args]), Not(a))
    ~~~~~~~~~~~~~~~~~^^^^^^^^^^^^^^^^^^^^^^^^^^^^^^^^^^^^^^^^^^^^^^
  File "D:\CantorAI\xlang3\venv\cpython3.14-a6792301b742-compat-31b33d68c68a\Lib\site-packages\sympy\core\facts.py", line 321, in process_rule
    self._process_rule(a, b)
    ~~~~~~~~~~~~~~~~~~^^^^^^
  File "D:\CantorAI\xlang3\venv\cpython3.14-a6792301b742-compat-31b33d68c68a\Lib\site-packages\sympy\core\facts.py", line 343, in _process_rule
    self.process_rule(And(*[Not(barg) for barg in b.args]), Not(a))
    ~~~~~~~~~~~~~~~~~^^^^^^^^^^^^^^^^^^^^^^^^^^^^^^^^^^^^^^^^^^^^^^
  File "D:\CantorAI\xlang3\venv\cpython3.14-a6792301b742-compat-31b33d68c68a\Lib\site-packages\sympy\core\facts.py", line 321, in process_rule
    self._process_rule(a, b)
    ~~~~~~~~~~~~~~~~~~^^^^^^
  File "D:\CantorAI\xlang3\venv\cpython3.14-a6792301b742-compat-31b33d68c68a\Lib\site-packages\sympy\core\facts.py", line 343, in _process_rule
    self.process_rule(And(*[Not(barg) for barg in b.args]), Not(a))
    ~~~~~~~~~~~~~~~~~^^^^^^^^^^^^^^^^^^^^^^^^^^^^^^^^^^^^^^^^^^^^^^
  File "D:\CantorAI\xlang3\venv\cpython3.14-a6792301b742-compat-31b33d68c68a\Lib\site-packages\sympy\core\facts.py", line 321, in process_rule
    self._process_rule(a, b)
    ~~~~~~~~~~~~~~~~~~^^^^^^
  File "D:\CantorAI\xlang3\venv\cpython3.14-a6792301b742-compat-31b33d68c68a\Lib\site-packages\sympy\core\facts.py", line 343, in _process_rule
    self.process_rule(And(*[Not(barg) for barg in b.args]), Not(a))
    ~~~~~~~~~~~~~~~~~^^^^^^^^^^^^^^^^^^^^^^^^^^^^^^^^^^^^^^^^^^^^^^
  File "D:\CantorAI\xlang3\venv\cpython3.14-a6792301b742-compat-31b33d68c68a\Lib\site-packages\sympy\core\facts.py", line 321, in process_rule
    self._process_rule(a, b)
    ~~~~~~~~~~~~~~~~~~^^^^^^
  File "D:\CantorAI\xlang3\venv\cpython3.14-a6792301b742-compat-31b33d68c68a\Lib\site-packages\sympy\core\facts.py", line 343, in _process_rule
    self.process_rule(And(*[Not(barg) for barg in b.args]), Not(a))
    ~~~~~~~~~~~~~~~~~^^^^^^^^^^^^^^^^^^^^^^^^^^^^^^^^^^^^^^^^^^^^^^
  File "D:\CantorAI\xlang3\venv\cpython3.14-a6792301b742-compat-31b33d68c68a\Lib\site-packages\sympy\core\facts.py", line 321, in process_rule
    self._process_rule(a, b)
    ~~~~~~~~~~~~~~~~~~^^^^^^
  File "D:\CantorAI\xlang3\venv\cpython3.14-a6792301b742-compat-31b33d68c68a\Lib\site-packages\sympy\core\facts.py", line 343, in _process_rule
    self.process_rule(And(*[Not(barg) for barg in b.args]), Not(a))
    ~~~~~~~~~~~~~~~~~^^^^^^^^^^^^^^^^^^^^^^^^^^^^^^^^^^^^^^^^^^^^^^
  File "D:\CantorAI\xlang3\venv\cpython3.14-a6792301b742-compat-31b33d68c68a\Lib\site-packages\sympy\core\facts.py", line 321, in process_rule
    self._process_rule(a, b)
    ~~~~~~~~~~~~~~~~~~^^^^^^
  File "D:\CantorAI\xlang3\venv\cpython3.14-a6792301b742-compat-31b33d68c68a\Lib\site-packages\sympy\core\facts.py", line 343, in _process_rule
    self.process_rule(And(*[Not(barg) for barg in b.args]), Not(a))
    ~~~~~~~~~~~~~~~~~^^^^^^^^^^^^^^^^^^^^^^^^^^^^^^^^^^^^^^^^^^^^^^
  File "D:\CantorAI\xlang3\venv\cpython3.14-a6792301b742-compat-31b33d68c68a\Lib\site-packages\sympy\core\facts.py", line 321, in process_rule
    self._process_rule(a, b)
    ~~~~~~~~~~~~~~~~~~^^^^^^
  File "D:\CantorAI\xlang3\venv\cpython3.14-a6792301b742-compat-31b33d68c68a\Lib\site-packages\sympy\core\facts.py", line 343, in _process_rule
    self.process_rule(And(*[Not(barg) for barg in b.args]), Not(a))
    ~~~~~~~~~~~~~~~~~^^^^^^^^^^^^^^^^^^^^^^^^^^^^^^^^^^^^^^^^^^^^^^
  File "D:\CantorAI\xlang3\venv\cpython3.14-a6792301b742-compat-31b33d68c68a\Lib\site-packages\sympy\core\facts.py", line 321, in process_rule
    self._process_rule(a, b)
    ~~~~~~~~~~~~~~~~~~^^^^^^
  File "D:\CantorAI\xlang3\venv\cpython3.14-a6792301b742-compat-31b33d68c68a\Lib\site-packages\sympy\core\facts.py", line 343, in _process_rule
    self.process_rule(And(*[Not(barg) for barg in b.args]), Not(a))
    ~~~~~~~~~~~~~~~~~^^^^^^^^^^^^^^^^^^^^^^^^^^^^^^^^^^^^^^^^^^^^^^
  File "D:\CantorAI\xlang3\venv\cpython3.14-a6792301b742-compat-31b33d68c68a\Lib\site-packages\sympy\core\facts.py", line 321, in process_rule
    self._process_rule(a, b)
    ~~~~~~~~~~~~~~~~~~^^^^^^
  File "D:\CantorAI\xlang3\venv\cpython3.14-a6792301b742-compat-31b33d68c68a\Lib\site-packages\sympy\core\facts.py", line 343, in _process_rule
    self.process_rule(And(*[Not(barg) for barg in b.args]), Not(a))
    ~~~~~~~~~~~~~~~~~^^^^^^^^^^^^^^^^^^^^^^^^^^^^^^^^^^^^^^^^^^^^^^
  File "D:\CantorAI\xlang3\venv\cpython3.14-a6792301b742-compat-31b33d68c68a\Lib\site-packages\sympy\core\facts.py", line 321, in process_rule
    self._process_rule(a, b)
    ~~~~~~~~~~~~~~~~~~^^^^^^
  File "D:\CantorAI\xlang3\venv\cpython3.14-a6792301b742-compat-31b33d68c68a\Lib\site-packages\sympy\core\facts.py", line 343, in _process_rule
    self.process_rule(And(*[Not(barg) for barg in b.args]), Not(a))
    ~~~~~~~~~~~~~~~~~^^^^^^^^^^^^^^^^^^^^^^^^^^^^^^^^^^^^^^^^^^^^^^
  File "D:\CantorAI\xlang3\venv\cpython3.14-a6792301b742-compat-31b33d68c68a\Lib\site-packages\sympy\core\facts.py", line 321, in process_rule
    self._process_rule(a, b)
    ~~~~~~~~~~~~~~~~~~^^^^^^
  File "D:\CantorAI\xlang3\venv\cpython3.14-a6792301b742-compat-31b33d68c68a\Lib\site-packages\sympy\core\facts.py", line 343, in _process_rule
    self.process_rule(And(*[Not(barg) for barg in b.args]), Not(a))
    ~~~~~~~~~~~~~~~~~^^^^^^^^^^^^^^^^^^^^^^^^^^^^^^^^^^^^^^^^^^^^^^
  File "D:\CantorAI\xlang3\venv\cpython3.14-a6792301b742-compat-31b33d68c68a\Lib\site-packages\sympy\core\facts.py", line 321, in process_rule
    self._process_rule(a, b)
    ~~~~~~~~~~~~~~~~~~^^^^^^
  File "D:\CantorAI\xlang3\venv\cpython3.14-a6792301b742-compat-31b33d68c68a\Lib\site-packages\sympy\core\facts.py", line 343, in _process_rule
    self.process_rule(And(*[Not(barg) for barg in b.args]), Not(a))
    ~~~~~~~~~~~~~~~~~^^^^^^^^^^^^^^^^^^^^^^^^^^^^^^^^^^^^^^^^^^^^^^
  File "D:\CantorAI\xlang3\venv\cpython3.14-a6792301b742-compat-31b33d68c68a\Lib\site-packages\sympy\core\facts.py", line 321, in process_rule
    self._process_rule(a, b)
    ~~~~~~~~~~~~~~~~~~^^^^^^
  File "D:\CantorAI\xlang3\venv\cpython3.14-a6792301b742-compat-31b33d68c68a\Lib\site-packages\sympy\core\facts.py", line 343, in _process_rule
    self.process_rule(And(*[Not(barg) for barg in b.args]), Not(a))
    ~~~~~~~~~~~~~~~~~^^^^^^^^^^^^^^^^^^^^^^^^^^^^^^^^^^^^^^^^^^^^^^
  File "D:\CantorAI\xlang3\venv\cpython3.14-a6792301b742-compat-31b33d68c68a\Lib\site-packages\sympy\core\facts.py", line 321, in process_rule
    self._process_rule(a, b)
    ~~~~~~~~~~~~~~~~~~^^^^^^
  File "D:\CantorAI\xlang3\venv\cpython3.14-a6792301b742-compat-31b33d68c68a\Lib\site-packages\sympy\core\facts.py", line 343, in _process_rule
    self.process_rule(And(*[Not(barg) for barg in b.args]), Not(a))
    ~~~~~~~~~~~~~~~~~^^^^^^^^^^^^^^^^^^^^^^^^^^^^^^^^^^^^^^^^^^^^^^
  File "D:\CantorAI\xlang3\venv\cpython3.14-a6792301b742-compat-31b33d68c68a\Lib\site-packages\sympy\core\facts.py", line 321, in process_rule
    self._process_rule(a, b)
    ~~~~~~~~~~~~~~~~~~^^^^^^
  File "D:\CantorAI\xlang3\venv\cpython3.14-a6792301b742-compat-31b33d68c68a\Lib\site-packages\sympy\core\facts.py", line 343, in _process_rule
    self.process_rule(And(*[Not(barg) for barg in b.args]), Not(a))
    ~~~~~~~~~~~~~~~~~^^^^^^^^^^^^^^^^^^^^^^^^^^^^^^^^^^^^^^^^^^^^^^
  File "D:\CantorAI\xlang3\venv\cpython3.14-a6792301b742-compat-31b33d68c68a\Lib\site-packages\sympy\core\facts.py", line 321, in process_rule
    self._process_rule(a, b)
    ~~~~~~~~~~~~~~~~~~^^^^^^
  File "D:\CantorAI\xlang3\venv\cpython3.14-a6792301b742-compat-31b33d68c68a\Lib\site-packages\sympy\core\facts.py", line 343, in _process_rule
    self.process_rule(And(*[Not(barg) for barg in b.args]), Not(a))
    ~~~~~~~~~~~~~~~~~^^^^^^^^^^^^^^^^^^^^^^^^^^^^^^^^^^^^^^^^^^^^^^
  File "D:\CantorAI\xlang3\venv\cpython3.14-a6792301b742-compat-31b33d68c68a\Lib\site-packages\sympy\core\facts.py", line 321, in process_rule
    self._process_rule(a, b)
    ~~~~~~~~~~~~~~~~~~^^^^^^
  File "D:\CantorAI\xlang3\venv\cpython3.14-a6792301b742-compat-31b33d68c68a\Lib\site-packages\sympy\core\facts.py", line 343, in _process_rule
    self.process_rule(And(*[Not(barg) for barg in b.args]), Not(a))
    ~~~~~~~~~~~~~~~~~^^^^^^^^^^^^^^^^^^^^^^^^^^^^^^^^^^^^^^^^^^^^^^
  File "D:\CantorAI\xlang3\venv\cpython3.14-a6792301b742-compat-31b33d68c68a\Lib\site-packages\sympy\core\facts.py", line 321, in process_rule
    self._process_rule(a, b)
    ~~~~~~~~~~~~~~~~~~^^^^^^
  File "D:\CantorAI\xlang3\venv\cpython3.14-a6792301b742-compat-31b33d68c68a\Lib\site-packages\sympy\core\facts.py", line 343, in _process_rule
    self.process_rule(And(*[Not(barg) for barg in b.args]), Not(a))
    ~~~~~~~~~~~~~~~~~^^^^^^^^^^^^^^^^^^^^^^^^^^^^^^^^^^^^^^^^^^^^^^
  File "D:\CantorAI\xlang3\venv\cpython3.14-a6792301b742-compat-31b33d68c68a\Lib\site-packages\sympy\core\facts.py", line 321, in process_rule
    self._process_rule(a, b)
    ~~~~~~~~~~~~~~~~~~^^^^^^
  File "D:\CantorAI\xlang3\venv\cpython3.14-a6792301b742-compat-31b33d68c68a\Lib\site-packages\sympy\core\facts.py", line 343, in _process_rule
    self.process_rule(And(*[Not(barg) for barg in b.args]), Not(a))
    ~~~~~~~~~~~~~~~~~^^^^^^^^^^^^^^^^^^^^^^^^^^^^^^^^^^^^^^^^^^^^^^
  File "D:\CantorAI\xlang3\venv\cpython3.14-a6792301b742-compat-31b33d68c68a\Lib\site-packages\sympy\core\facts.py", line 321, in process_rule
    self._process_rule(a, b)
    ~~~~~~~~~~~~~~~~~~^^^^^^
  File "D:\CantorAI\xlang3\venv\cpython3.14-a6792301b742-compat-31b33d68c68a\Lib\site-packages\sympy\core\facts.py", line 343, in _process_rule
    self.process_rule(And(*[Not(barg) for barg in b.args]), Not(a))
    ~~~~~~~~~~~~~~~~~^^^^^^^^^^^^^^^^^^^^^^^^^^^^^^^^^^^^^^^^^^^^^^
  File "D:\CantorAI\xlang3\venv\cpython3.14-a6792301b742-compat-31b33d68c68a\Lib\site-packages\sympy\core\facts.py", line 321, in process_rule
    self._process_rule(a, b)
    ~~~~~~~~~~~~~~~~~~^^^^^^
  File "D:\CantorAI\xlang3\venv\cpython3.14-a6792301b742-compat-31b33d68c68a\Lib\site-packages\sympy\core\facts.py", line 343, in _process_rule
    self.process_rule(And(*[Not(barg) for barg in b.args]), Not(a))
    ~~~~~~~~~~~~~~~~~^^^^^^^^^^^^^^^^^^^^^^^^^^^^^^^^^^^^^^^^^^^^^^
  File "D:\CantorAI\xlang3\venv\cpython3.14-a6792301b742-compat-31b33d68c68a\Lib\site-packages\sympy\core\facts.py", line 321, in process_rule
    self._process_rule(a, b)
    ~~~~~~~~~~~~~~~~~~^^^^^^
  File "D:\CantorAI\xlang3\venv\cpython3.14-a6792301b742-compat-31b33d68c68a\Lib\site-packages\sympy\core\facts.py", line 343, in _process_rule
    self.process_rule(And(*[Not(barg) for barg in b.args]), Not(a))
    ~~~~~~~~~~~~~~~~~^^^^^^^^^^^^^^^^^^^^^^^^^^^^^^^^^^^^^^^^^^^^^^
  File "D:\CantorAI\xlang3\venv\cpython3.14-a6792301b742-compat-31b33d68c68a\Lib\site-packages\sympy\core\facts.py", line 321, in process_rule
    self._process_rule(a, b)
    ~~~~~~~~~~~~~~~~~~^^^^^^
  File "D:\CantorAI\xlang3\venv\cpython3.14-a6792301b742-compat-31b33d68c68a\Lib\site-packages\sympy\core\facts.py", line 343, in _process_rule
    self.process_rule(And(*[Not(barg) for barg in b.args]), Not(a))
    ~~~~~~~~~~~~~~~~~^^^^^^^^^^^^^^^^^^^^^^^^^^^^^^^^^^^^^^^^^^^^^^
  File "D:\CantorAI\xlang3\venv\cpython3.14-a6792301b742-compat-31b33d68c68a\Lib\site-packages\sympy\core\facts.py", line 321, in process_rule
    self._process_rule(a, b)
    ~~~~~~~~~~~~~~~~~~^^^^^^
  File "D:\CantorAI\xlang3\venv\cpython3.14-a6792301b742-compat-31b33d68c68a\Lib\site-packages\sympy\core\facts.py", line 343, in _process_rule
    self.process_rule(And(*[Not(barg) for barg in b.args]), Not(a))
    ~~~~~~~~~~~~~~~~~^^^^^^^^^^^^^^^^^^^^^^^^^^^^^^^^^^^^^^^^^^^^^^
  File "D:\CantorAI\xlang3\venv\cpython3.14-a6792301b742-compat-31b33d68c68a\Lib\site-packages\sympy\core\facts.py", line 321, in process_rule
    self._process_rule(a, b)
    ~~~~~~~~~~~~~~~~~~^^^^^^
  File "D:\CantorAI\xlang3\venv\cpython3.14-a6792301b742-compat-31b33d68c68a\Lib\site-packages\sympy\core\facts.py", line 343, in _process_rule
    self.process_rule(And(*[Not(barg) for barg in b.args]), Not(a))
    ~~~~~~~~~~~~~~~~~^^^^^^^^^^^^^^^^^^^^^^^^^^^^^^^^^^^^^^^^^^^^^^
  File "D:\CantorAI\xlang3\venv\cpython3.14-a6792301b742-compat-31b33d68c68a\Lib\site-packages\sympy\core\facts.py", line 321, in process_rule
    self._process_rule(a, b)
    ~~~~~~~~~~~~~~~~~~^^^^^^
  File "D:\CantorAI\xlang3\venv\cpython3.14-a6792301b742-compat-31b33d68c68a\Lib\site-packages\sympy\core\facts.py", line 343, in _process_rule
    self.process_rule(And(*[Not(barg) for barg in b.args]), Not(a))
    ~~~~~~~~~~~~~~~~~^^^^^^^^^^^^^^^^^^^^^^^^^^^^^^^^^^^^^^^^^^^^^^
  File "D:\CantorAI\xlang3\venv\cpython3.14-a6792301b742-compat-31b33d68c68a\Lib\site-packages\sympy\core\facts.py", line 321, in process_rule
    self._process_rule(a, b)
    ~~~~~~~~~~~~~~~~~~^^^^^^
  File "D:\CantorAI\xlang3\venv\cpython3.14-a6792301b742-compat-31b33d68c68a\Lib\site-packages\sympy\core\facts.py", line 343, in _process_rule
    self.process_rule(And(*[Not(barg) for barg in b.args]), Not(a))
    ~~~~~~~~~~~~~~~~~^^^^^^^^^^^^^^^^^^^^^^^^^^^^^^^^^^^^^^^^^^^^^^
  File "D:\CantorAI\xlang3\venv\cpython3.14-a6792301b742-compat-31b33d68c68a\Lib\site-packages\sympy\core\facts.py", line 321, in process_rule
    self._process_rule(a, b)
    ~~~~~~~~~~~~~~~~~~^^^^^^
  File "D:\CantorAI\xlang3\venv\cpython3.14-a6792301b742-compat-31b33d68c68a\Lib\site-packages\sympy\core\facts.py", line 343, in _process_rule
    self.process_rule(And(*[Not(barg) for barg in b.args]), Not(a))
    ~~~~~~~~~~~~~~~~~^^^^^^^^^^^^^^^^^^^^^^^^^^^^^^^^^^^^^^^^^^^^^^
  File "D:\CantorAI\xlang3\venv\cpython3.14-a6792301b742-compat-31b33d68c68a\Lib\site-packages\sympy\core\facts.py", line 321, in process_rule
    self._process_rule(a, b)
    ~~~~~~~~~~~~~~~~~~^^^^^^
  File "D:\CantorAI\xlang3\venv\cpython3.14-a6792301b742-compat-31b33d68c68a\Lib\site-packages\sympy\core\facts.py", line 343, in _process_rule
    self.process_rule(And(*[Not(barg) for barg in b.args]), Not(a))
    ~~~~~~~~~~~~~~~~~^^^^^^^^^^^^^^^^^^^^^^^^^^^^^^^^^^^^^^^^^^^^^^
  File "D:\CantorAI\xlang3\venv\cpython3.14-a6792301b742-compat-31b33d68c68a\Lib\site-packages\sympy\core\facts.py", line 321, in process_rule
    self._process_rule(a, b)
    ~~~~~~~~~~~~~~~~~~^^^^^^
  File "D:\CantorAI\xlang3\venv\cpython3.14-a6792301b742-compat-31b33d68c68a\Lib\site-packages\sympy\core\facts.py", line 343, in _process_rule
    self.process_rule(And(*[Not(barg) for barg in b.args]), Not(a))
    ~~~~~~~~~~~~~~~~~^^^^^^^^^^^^^^^^^^^^^^^^^^^^^^^^^^^^^^^^^^^^^^
  File "D:\CantorAI\xlang3\venv\cpython3.14-a6792301b742-compat-31b33d68c68a\Lib\site-packages\sympy\core\facts.py", line 321, in process_rule
    self._process_rule(a, b)
    ~~~~~~~~~~~~~~~~~~^^^^^^
  File "D:\CantorAI\xlang3\venv\cpython3.14-a6792301b742-compat-31b33d68c68a\Lib\site-packages\sympy\core\facts.py", line 343, in _process_rule
    self.process_rule(And(*[Not(barg) for barg in b.args]), Not(a))
    ~~~~~~~~~~~~~~~~~^^^^^^^^^^^^^^^^^^^^^^^^^^^^^^^^^^^^^^^^^^^^^^
  File "D:\CantorAI\xlang3\venv\cpython3.14-a6792301b742-compat-31b33d68c68a\Lib\site-packages\sympy\core\facts.py", line 321, in process_rule
    self._process_rule(a, b)
    ~~~~~~~~~~~~~~~~~~^^^^^^
  File "D:\CantorAI\xlang3\venv\cpython3.14-a6792301b742-compat-31b33d68c68a\Lib\site-packages\sympy\core\facts.py", line 343, in _process_rule
    self.process_rule(And(*[Not(barg) for barg in b.args]), Not(a))
    ~~~~~~~~~~~~~~~~~^^^^^^^^^^^^^^^^^^^^^^^^^^^^^^^^^^^^^^^^^^^^^^
  File "D:\CantorAI\xlang3\venv\cpython3.14-a6792301b742-compat-31b33d68c68a\Lib\site-packages\sympy\core\facts.py", line 321, in process_rule
    self._process_rule(a, b)
    ~~~~~~~~~~~~~~~~~~^^^^^^
  File "D:\CantorAI\xlang3\venv\cpython3.14-a6792301b742-compat-31b33d68c68a\Lib\site-packages\sympy\core\facts.py", line 343, in _process_rule
    self.process_rule(And(*[Not(barg) for barg in b.args]), Not(a))
    ~~~~~~~~~~~~~~~~~^^^^^^^^^^^^^^^^^^^^^^^^^^^^^^^^^^^^^^^^^^^^^^
  File "D:\CantorAI\xlang3\venv\cpython3.14-a6792301b742-compat-31b33d68c68a\Lib\site-packages\sympy\core\facts.py", line 321, in process_rule
    self._process_rule(a, b)
    ~~~~~~~~~~~~~~~~~~^^^^^^
  File "D:\CantorAI\xlang3\venv\cpython3.14-a6792301b742-compat-31b33d68c68a\Lib\site-packages\sympy\core\facts.py", line 343, in _process_rule
    self.process_rule(And(*[Not(barg) for barg in b.args]), Not(a))
    ~~~~~~~~~~~~~~~~~^^^^^^^^^^^^^^^^^^^^^^^^^^^^^^^^^^^^^^^^^^^^^^
  File "D:\CantorAI\xlang3\venv\cpython3.14-a6792301b742-compat-31b33d68c68a\Lib\site-packages\sympy\core\facts.py", line 321, in process_rule
    self._process_rule(a, b)
    ~~~~~~~~~~~~~~~~~~^^^^^^
  File "D:\CantorAI\xlang3\venv\cpython3.14-a6792301b742-compat-31b33d68c68a\Lib\site-packages\sympy\core\facts.py", line 343, in _process_rule
    self.process_rule(And(*[Not(barg) for barg in b.args]), Not(a))
    ~~~~~~~~~~~~~~~~~^^^^^^^^^^^^^^^^^^^^^^^^^^^^^^^^^^^^^^^^^^^^^^
  File "D:\CantorAI\xlang3\venv\cpython3.14-a6792301b742-compat-31b33d68c68a\Lib\site-packages\sympy\core\facts.py", line 321, in process_rule
    self._process_rule(a, b)
    ~~~~~~~~~~~~~~~~~~^^^^^^
  File "D:\CantorAI\xlang3\venv\cpython3.14-a6792301b742-compat-31b33d68c68a\Lib\site-packages\sympy\core\facts.py", line 343, in _process_rule
    self.process_rule(And(*[Not(barg) for barg in b.args]), Not(a))
    ~~~~~~~~~~~~~~~~~^^^^^^^^^^^^^^^^^^^^^^^^^^^^^^^^^^^^^^^^^^^^^^
  File "D:\CantorAI\xlang3\venv\cpython3.14-a6792301b742-compat-31b33d68c68a\Lib\site-packages\sympy\core\facts.py", line 321, in process_rule
    self._process_rule(a, b)
    ~~~~~~~~~~~~~~~~~~^^^^^^
  File "D:\CantorAI\xlang3\venv\cpython3.14-a6792301b742-compat-31b33d68c68a\Lib\site-packages\sympy\core\facts.py", line 343, in _process_rule
    self.process_rule(And(*[Not(barg) for barg in b.args]), Not(a))
    ~~~~~~~~~~~~~~~~~^^^^^^^^^^^^^^^^^^^^^^^^^^^^^^^^^^^^^^^^^^^^^^
  File "D:\CantorAI\xlang3\venv\cpython3.14-a6792301b742-compat-31b33d68c68a\Lib\site-packages\sympy\core\facts.py", line 321, in process_rule
    self._process_rule(a, b)
    ~~~~~~~~~~~~~~~~~~^^^^^^
  File "D:\CantorAI\xlang3\venv\cpython3.14-a6792301b742-compat-31b33d68c68a\Lib\site-packages\sympy\core\facts.py", line 343, in _process_rule
    self.process_rule(And(*[Not(barg) for barg in b.args]), Not(a))
    ~~~~~~~~~~~~~~~~~^^^^^^^^^^^^^^^^^^^^^^^^^^^^^^^^^^^^^^^^^^^^^^
  File "D:\CantorAI\xlang3\venv\cpython3.14-a6792301b742-compat-31b33d68c68a\Lib\site-packages\sympy\core\facts.py", line 321, in process_rule
    self._process_rule(a, b)
    ~~~~~~~~~~~~~~~~~~^^^^^^
  File "D:\CantorAI\xlang3\venv\cpython3.14-a6792301b742-compat-31b33d68c68a\Lib\site-packages\sympy\core\facts.py", line 343, in _process_rule
    self.process_rule(And(*[Not(barg) for barg in b.args]), Not(a))
    ~~~~~~~~~~~~~~~~~^^^^^^^^^^^^^^^^^^^^^^^^^^^^^^^^^^^^^^^^^^^^^^
  File "D:\CantorAI\xlang3\venv\cpython3.14-a6792301b742-compat-31b33d68c68a\Lib\site-packages\sympy\core\facts.py", line 321, in process_rule
    self._process_rule(a, b)
    ~~~~~~~~~~~~~~~~~~^^^^^^
  File "D:\CantorAI\xlang3\venv\cpython3.14-a6792301b742-compat-31b33d68c68a\Lib\site-packages\sympy\core\facts.py", line 343, in _process_rule
    self.process_rule(And(*[Not(barg) for barg in b.args]), Not(a))
    ~~~~~~~~~~~~~~~~~^^^^^^^^^^^^^^^^^^^^^^^^^^^^^^^^^^^^^^^^^^^^^^
  File "D:\CantorAI\xlang3\venv\cpython3.14-a6792301b742-compat-31b33d68c68a\Lib\site-packages\sympy\core\facts.py", line 321, in process_rule
    self._process_rule(a, b)
    ~~~~~~~~~~~~~~~~~~^^^^^^
  File "D:\CantorAI\xlang3\venv\cpython3.14-a6792301b742-compat-31b33d68c68a\Lib\site-packages\sympy\core\facts.py", line 343, in _process_rule
    self.process_rule(And(*[Not(barg) for barg in b.args]), Not(a))
    ~~~~~~~~~~~~~~~~~^^^^^^^^^^^^^^^^^^^^^^^^^^^^^^^^^^^^^^^^^^^^^^
  File "D:\CantorAI\xlang3\venv\cpython3.14-a6792301b742-compat-31b33d68c68a\Lib\site-packages\sympy\core\facts.py", line 321, in process_rule
    self._process_rule(a, b)
    ~~~~~~~~~~~~~~~~~~^^^^^^
  File "D:\CantorAI\xlang3\venv\cpython3.14-a6792301b742-compat-31b33d68c68a\Lib\site-packages\sympy\core\facts.py", line 343, in _process_rule
    self.process_rule(And(*[Not(barg) for barg in b.args]), Not(a))
    ~~~~~~~~~~~~~~~~~^^^^^^^^^^^^^^^^^^^^^^^^^^^^^^^^^^^^^^^^^^^^^^
  File "D:\CantorAI\xlang3\venv\cpython3.14-a6792301b742-compat-31b33d68c68a\Lib\site-packages\sympy\core\facts.py", line 321, in process_rule
    self._process_rule(a, b)
    ~~~~~~~~~~~~~~~~~~^^^^^^
  File "D:\CantorAI\xlang3\venv\cpython3.14-a6792301b742-compat-31b33d68c68a\Lib\site-packages\sympy\core\facts.py", line 343, in _process_rule
    self.process_rule(And(*[Not(barg) for barg in b.args]), Not(a))
    ~~~~~~~~~~~~~~~~~^^^^^^^^^^^^^^^^^^^^^^^^^^^^^^^^^^^^^^^^^^^^^^
  File "D:\CantorAI\xlang3\venv\cpython3.14-a6792301b742-compat-31b33d68c68a\Lib\site-packages\sympy\core\facts.py", line 321, in process_rule
    self._process_rule(a, b)
    ~~~~~~~~~~~~~~~~~~^^^^^^
  File "D:\CantorAI\xlang3\venv\cpython3.14-a6792301b742-compat-31b33d68c68a\Lib\site-packages\sympy\core\facts.py", line 343, in _process_rule
    self.process_rule(And(*[Not(barg) for barg in b.args]), Not(a))
    ~~~~~~~~~~~~~~~~~^^^^^^^^^^^^^^^^^^^^^^^^^^^^^^^^^^^^^^^^^^^^^^
  File "D:\CantorAI\xlang3\venv\cpython3.14-a6792301b742-compat-31b33d68c68a\Lib\site-packages\sympy\core\facts.py", line 321, in process_rule
    self._process_rule(a, b)
    ~~~~~~~~~~~~~~~~~~^^^^^^
  File "D:\CantorAI\xlang3\venv\cpython3.14-a6792301b742-compat-31b33d68c68a\Lib\site-packages\sympy\core\facts.py", line 343, in _process_rule
    self.process_rule(And(*[Not(barg) for barg in b.args]), Not(a))
    ~~~~~~~~~~~~~~~~~^^^^^^^^^^^^^^^^^^^^^^^^^^^^^^^^^^^^^^^^^^^^^^
  File "D:\CantorAI\xlang3\venv\cpython3.14-a6792301b742-compat-31b33d68c68a\Lib\site-packages\sympy\core\facts.py", line 321, in process_rule
    self._process_rule(a, b)
    ~~~~~~~~~~~~~~~~~~^^^^^^
  File "D:\CantorAI\xlang3\venv\cpython3.14-a6792301b742-compat-31b33d68c68a\Lib\site-packages\sympy\core\facts.py", line 343, in _process_rule
    self.process_rule(And(*[Not(barg) for barg in b.args]), Not(a))
    ~~~~~~~~~~~~~~~~~^^^^^^^^^^^^^^^^^^^^^^^^^^^^^^^^^^^^^^^^^^^^^^
  File "D:\CantorAI\xlang3\venv\cpython3.14-a6792301b742-compat-31b33d68c68a\Lib\site-packages\sympy\core\facts.py", line 321, in process_rule
    self._process_rule(a, b)
    ~~~~~~~~~~~~~~~~~~^^^^^^
  File "D:\CantorAI\xlang3\venv\cpython3.14-a6792301b742-compat-31b33d68c68a\Lib\site-packages\sympy\core\facts.py", line 343, in _process_rule
    self.process_rule(And(*[Not(barg) for barg in b.args]), Not(a))
    ~~~~~~~~~~~~~~~~~^^^^^^^^^^^^^^^^^^^^^^^^^^^^^^^^^^^^^^^^^^^^^^
  File "D:\CantorAI\xlang3\venv\cpython3.14-a6792301b742-compat-31b33d68c68a\Lib\site-packages\sympy\core\facts.py", line 321, in process_rule
    self._process_rule(a, b)
    ~~~~~~~~~~~~~~~~~~^^^^^^
  File "D:\CantorAI\xlang3\venv\cpython3.14-a6792301b742-compat-31b33d68c68a\Lib\site-packages\sympy\core\facts.py", line 343, in _process_rule
    self.process_rule(And(*[Not(barg) for barg in b.args]), Not(a))
    ~~~~~~~~~~~~~~~~~^^^^^^^^^^^^^^^^^^^^^^^^^^^^^^^^^^^^^^^^^^^^^^
  File "D:\CantorAI\xlang3\venv\cpython3.14-a6792301b742-compat-31b33d68c68a\Lib\site-packages\sympy\core\facts.py", line 321, in process_rule
    self._process_rule(a, b)
    ~~~~~~~~~~~~~~~~~~^^^^^^
  File "D:\CantorAI\xlang3\venv\cpython3.14-a6792301b742-compat-31b33d68c68a\Lib\site-packages\sympy\core\facts.py", line 343, in _process_rule
    self.process_rule(And(*[Not(barg) for barg in b.args]), Not(a))
    ~~~~~~~~~~~~~~~~~^^^^^^^^^^^^^^^^^^^^^^^^^^^^^^^^^^^^^^^^^^^^^^
  File "D:\CantorAI\xlang3\venv\cpython3.14-a6792301b742-compat-31b33d68c68a\Lib\site-packages\sympy\core\facts.py", line 321, in process_rule
    self._process_rule(a, b)
    ~~~~~~~~~~~~~~~~~~^^^^^^
  File "D:\CantorAI\xlang3\venv\cpython3.14-a6792301b742-compat-31b33d68c68a\Lib\site-packages\sympy\core\facts.py", line 343, in _process_rule
    self.process_rule(And(*[Not(barg) for barg in b.args]), Not(a))
    ~~~~~~~~~~~~~~~~~^^^^^^^^^^^^^^^^^^^^^^^^^^^^^^^^^^^^^^^^^^^^^^
  File "D:\CantorAI\xlang3\venv\cpython3.14-a6792301b742-compat-31b33d68c68a\Lib\site-packages\sympy\core\facts.py", line 321, in process_rule
    self._process_rule(a, b)
    ~~~~~~~~~~~~~~~~~~^^^^^^
  File "D:\CantorAI\xlang3\venv\cpython3.14-a6792301b742-compat-31b33d68c68a\Lib\site-packages\sympy\core\facts.py", line 343, in _process_rule
    self.process_rule(And(*[Not(barg) for barg in b.args]), Not(a))
    ~~~~~~~~~~~~~~~~~^^^^^^^^^^^^^^^^^^^^^^^^^^^^^^^^^^^^^^^^^^^^^^
  File "D:\CantorAI\xlang3\venv\cpython3.14-a6792301b742-compat-31b33d68c68a\Lib\site-packages\sympy\core\facts.py", line 321, in process_rule
    self._process_rule(a, b)
    ~~~~~~~~~~~~~~~~~~^^^^^^
  File "D:\CantorAI\xlang3\venv\cpython3.14-a6792301b742-compat-31b33d68c68a\Lib\site-packages\sympy\core\facts.py", line 343, in _process_rule
    self.process_rule(And(*[Not(barg) for barg in b.args]), Not(a))
    ~~~~~~~~~~~~~~~~~^^^^^^^^^^^^^^^^^^^^^^^^^^^^^^^^^^^^^^^^^^^^^^
  File "D:\CantorAI\xlang3\venv\cpython3.14-a6792301b742-compat-31b33d68c68a\Lib\site-packages\sympy\core\facts.py", line 321, in process_rule
    self._process_rule(a, b)
    ~~~~~~~~~~~~~~~~~~^^^^^^
  File "D:\CantorAI\xlang3\venv\cpython3.14-a6792301b742-compat-31b33d68c68a\Lib\site-packages\sympy\core\facts.py", line 343, in _process_rule
    self.process_rule(And(*[Not(barg) for barg in b.args]), Not(a))
    ~~~~~~~~~~~~~~~~~^^^^^^^^^^^^^^^^^^^^^^^^^^^^^^^^^^^^^^^^^^^^^^
  File "D:\CantorAI\xlang3\venv\cpython3.14-a6792301b742-compat-31b33d68c68a\Lib\site-packages\sympy\core\facts.py", line 321, in process_rule
    self._process_rule(a, b)
    ~~~~~~~~~~~~~~~~~~^^^^^^
  File "D:\CantorAI\xlang3\venv\cpython3.14-a6792301b742-compat-31b33d68c68a\Lib\site-packages\sympy\core\facts.py", line 343, in _process_rule
    self.process_rule(And(*[Not(barg) for barg in b.args]), Not(a))
    ~~~~~~~~~~~~~~~~~^^^^^^^^^^^^^^^^^^^^^^^^^^^^^^^^^^^^^^^^^^^^^^
  File "D:\CantorAI\xlang3\venv\cpython3.14-a6792301b742-compat-31b33d68c68a\Lib\site-packages\sympy\core\facts.py", line 321, in process_rule
    self._process_rule(a, b)
    ~~~~~~~~~~~~~~~~~~^^^^^^
  File "D:\CantorAI\xlang3\venv\cpython3.14-a6792301b742-compat-31b33d68c68a\Lib\site-packages\sympy\core\facts.py", line 343, in _process_rule
    self.process_rule(And(*[Not(barg) for barg in b.args]), Not(a))
    ~~~~~~~~~~~~~~~~~^^^^^^^^^^^^^^^^^^^^^^^^^^^^^^^^^^^^^^^^^^^^^^
  File "D:\CantorAI\xlang3\venv\cpython3.14-a6792301b742-compat-31b33d68c68a\Lib\site-packages\sympy\core\facts.py", line 321, in process_rule
    self._process_rule(a, b)
    ~~~~~~~~~~~~~~~~~~^^^^^^
  File "D:\CantorAI\xlang3\venv\cpython3.14-a6792301b742-compat-31b33d68c68a\Lib\site-packages\sympy\core\facts.py", line 343, in _process_rule
    self.process_rule(And(*[Not(barg) for barg in b.args]), Not(a))
    ~~~~~~~~~~~~~~~~~^^^^^^^^^^^^^^^^^^^^^^^^^^^^^^^^^^^^^^^^^^^^^^
  File "D:\CantorAI\xlang3\venv\cpython3.14-a6792301b742-compat-31b33d68c68a\Lib\site-packages\sympy\core\facts.py", line 321, in process_rule
    self._process_rule(a, b)
    ~~~~~~~~~~~~~~~~~~^^^^^^
  File "D:\CantorAI\xlang3\venv\cpython3.14-a6792301b742-compat-31b33d68c68a\Lib\site-packages\sympy\core\facts.py", line 343, in _process_rule
    self.process_rule(And(*[Not(barg) for barg in b.args]), Not(a))
    ~~~~~~~~~~~~~~~~~^^^^^^^^^^^^^^^^^^^^^^^^^^^^^^^^^^^^^^^^^^^^^^
  File "D:\CantorAI\xlang3\venv\cpython3.14-a6792301b742-compat-31b33d68c68a\Lib\site-packages\sympy\core\facts.py", line 321, in process_rule
    self._process_rule(a, b)
    ~~~~~~~~~~~~~~~~~~^^^^^^
  File "D:\CantorAI\xlang3\venv\cpython3.14-a6792301b742-compat-31b33d68c68a\Lib\site-packages\sympy\core\facts.py", line 343, in _process_rule
    self.process_rule(And(*[Not(barg) for barg in b.args]), Not(a))
    ~~~~~~~~~~~~~~~~~^^^^^^^^^^^^^^^^^^^^^^^^^^^^^^^^^^^^^^^^^^^^^^
  File "D:\CantorAI\xlang3\venv\cpython3.14-a6792301b742-compat-31b33d68c68a\Lib\site-packages\sympy\core\facts.py", line 321, in process_rule
    self._process_rule(a, b)
    ~~~~~~~~~~~~~~~~~~^^^^^^
  File "D:\CantorAI\xlang3\venv\cpython3.14-a6792301b742-compat-31b33d68c68a\Lib\site-packages\sympy\core\facts.py", line 343, in _process_rule
    self.process_rule(And(*[Not(barg) for barg in b.args]), Not(a))
    ~~~~~~~~~~~~~~~~~^^^^^^^^^^^^^^^^^^^^^^^^^^^^^^^^^^^^^^^^^^^^^^
  File "D:\CantorAI\xlang3\venv\cpython3.14-a6792301b742-compat-31b33d68c68a\Lib\site-packages\sympy\core\facts.py", line 321, in process_rule
    self._process_rule(a, b)
    ~~~~~~~~~~~~~~~~~~^^^^^^
  File "D:\CantorAI\xlang3\venv\cpython3.14-a6792301b742-compat-31b33d68c68a\Lib\site-packages\sympy\core\facts.py", line 343, in _process_rule
    self.process_rule(And(*[Not(barg) for barg in b.args]), Not(a))
    ~~~~~~~~~~~~~~~~~^^^^^^^^^^^^^^^^^^^^^^^^^^^^^^^^^^^^^^^^^^^^^^
  File "D:\CantorAI\xlang3\venv\cpython3.14-a6792301b742-compat-31b33d68c68a\Lib\site-packages\sympy\core\facts.py", line 321, in process_rule
    self._process_rule(a, b)
    ~~~~~~~~~~~~~~~~~~^^^^^^
  File "D:\CantorAI\xlang3\venv\cpython3.14-a6792301b742-compat-31b33d68c68a\Lib\site-packages\sympy\core\facts.py", line 343, in _process_rule
    self.process_rule(And(*[Not(barg) for barg in b.args]), Not(a))
    ~~~~~~~~~~~~~~~~~^^^^^^^^^^^^^^^^^^^^^^^^^^^^^^^^^^^^^^^^^^^^^^
  File "D:\CantorAI\xlang3\venv\cpython3.14-a6792301b742-compat-31b33d68c68a\Lib\site-packages\sympy\core\facts.py", line 321, in process_rule
    self._process_rule(a, b)
    ~~~~~~~~~~~~~~~~~~^^^^^^
  File "D:\CantorAI\xlang3\venv\cpython3.14-a6792301b742-compat-31b33d68c68a\Lib\site-packages\sympy\core\facts.py", line 343, in _process_rule
    self.process_rule(And(*[Not(barg) for barg in b.args]), Not(a))
                                                            ~~~^^^
  File "D:\CantorAI\xlang3\venv\cpython3.14-a6792301b742-compat-31b33d68c68a\Lib\site-packages\sympy\core\logic.py", line 415, in __new__
    arg = arg._eval_propagate_not()
  File "D:\CantorAI\xlang3\venv\cpython3.14-a6792301b742-compat-31b33d68c68a\Lib\site-packages\sympy\core\logic.py", line 372, in _eval_propagate_not
    return Or(*[Not(a) for a in self.args])
  File "D:\CantorAI\xlang3\venv\cpython3.14-a6792301b742-compat-31b33d68c68a\Lib\site-packages\sympy\core\logic.py", line 333, in __new__
    args = sorted(set(cls.flatten(bargs)), key=hash)
                  ~~~^^^^^^^^^^^^^^^^^^^^
RecursionError: maximum recursion depth exceeded
Traceback (most recent call last):
  File "C:\Python\Python314\Lib\site-packages\pyperformance\run.py", line 171, in run_benchmarks
    result = bench.run(
        bench_venv.python,
    ...<3 lines>...
        verbose=options.verbose,
    )
  File "D:\CantorAI\xlang3\benchmarks\diagnostics\run_pyperformance_xlang3_shimmed.py", line 157, in run_named_benchmark
    return original_benchmark_run(benchmark, *positional, **keywords)
  File "C:\Python\Python314\Lib\site-packages\pyperformance\_benchmark.py", line 193, in run
    bench = _run_perf_script(
        python,
    ...<4 lines>...
        verbose=verbose,
    )
  File "C:\Python\Python314\Lib\site-packages\pyperformance\_benchmark.py", line 250, in _run_perf_script
    raise RuntimeError("Benchmark died")
RuntimeError: Benchmark died
ERROR: Benchmark sympy failed: Benchmark died

ERROR: No benchmark was run
