runtime,benchmark,subtest,run,sample,seconds,scope
xlang3,2to3,2to3,1,0,2.7458800000022165,completed_raw
xlang3,2to3,2to3,1,1,2.7647501999745145,completed_raw
xlang3,2to3,2to3,2,0,2.744936399976723,completed_raw
xlang3,2to3,2to3,2,1,2.7951283999718726,completed_raw
xlang3,2to3,2to3,3,0,2.7957702999701723,completed_raw
xlang3,2to3,2to3,3,1,2.7602710999781266,completed_raw
xlang3,2to3,2to3,4,0,2.8244409999460913,completed_raw
xlang3,2to3,2to3,4,1,2.8690816999878734,completed_raw
xlang3,2to3,2to3,5,0,2.7373628000495955,completed_raw
xlang3,2to3,2to3,5,1,2.850543500040658,completed_raw
xlang3,2to3,2to3,6,0,3.00280760001624,completed_raw
xlang3,2to3,2to3,6,1,2.7759729999816045,completed_raw
xlang3,2to3,2to3,7,0,2.776828000030946,completed_raw
xlang3,2to3,2to3,7,1,2.7842009000014514,completed_raw
xlang3,2to3,2to3,8,0,2.778782300010789,completed_raw
xlang3,2to3,2to3,8,1,2.9476541999611072,completed_raw
xlang3,2to3,2to3,9,0,2.7193249000119977,completed_raw
xlang3,2to3,2to3,9,1,2.7740100999944843,completed_raw
xlang3,2to3,2to3,10,0,2.821013800043147,completed_raw
xlang3,2to3,2to3,10,1,2.779950700001791,completed_raw
xlang3,argparse,many_optionals,1,0,0.008309975000884151,completed_raw
xlang3,argparse,many_optionals,1,1,0.00846120624919422,completed_raw
xlang3,argparse,many_optionals,2,0,0.00860860000102548,completed_raw
xlang3,argparse,many_optionals,2,1,0.008309362499858253,completed_raw
xlang3,argparse,many_optionals,3,0,0.00824038749851752,completed_raw
xlang3,argparse,many_optionals,3,1,0.00834322499940754,completed_raw
xlang3,argparse,many_optionals,4,0,0.008515406247170176,completed_raw
xlang3,argparse,many_optionals,4,1,0.011885374999110354,completed_raw
xlang3,argparse,many_optionals,5,0,0.008355487501830794,completed_raw
xlang3,argparse,many_optionals,5,1,0.008444549999694573,completed_raw
xlang3,argparse,many_optionals,6,0,0.008444781251455424,completed_raw
xlang3,argparse,many_optionals,6,1,0.008390243747271597,completed_raw
xlang3,argparse,many_optionals,7,0,0.008475168750010198,completed_raw
xlang3,argparse,many_optionals,7,1,0.008796250000159489,completed_raw
xlang3,argparse,many_optionals,8,0,0.008504831246682443,completed_raw
xlang3,argparse,many_optionals,8,1,0.008271449998574099,completed_raw
xlang3,argparse,many_optionals,9,0,0.008326556249812711,completed_raw
xlang3,argparse,many_optionals,9,1,0.008670193750731414,completed_raw
xlang3,argparse,many_optionals,10,0,0.00845985624982859,completed_raw
xlang3,argparse,many_optionals,10,1,0.008490431249811081,completed_raw
xlang3,argparse_subparsers,subparsers,1,0,0.1380483999964781,completed_raw
xlang3,argparse_subparsers,subparsers,1,1,0.13803199998801574,completed_raw
xlang3,argparse_subparsers,subparsers,2,0,0.13746249995892867,completed_raw
xlang3,argparse_subparsers,subparsers,2,1,0.1400250000297092,completed_raw
xlang3,argparse_subparsers,subparsers,3,0,0.1347550000064075,completed_raw
xlang3,argparse_subparsers,subparsers,3,1,0.17120679997606203,completed_raw
xlang3,argparse_subparsers,subparsers,4,0,0.13954029994783923,completed_raw
xlang3,argparse_subparsers,subparsers,4,1,0.14048350002849475,completed_raw
xlang3,argparse_subparsers,subparsers,5,0,0.13707029999932274,completed_raw
xlang3,argparse_subparsers,subparsers,5,1,0.139674499980174,completed_raw
xlang3,argparse_subparsers,subparsers,6,0,0.13671880000038072,completed_raw
xlang3,argparse_subparsers,subparsers,6,1,0.1395574000198394,completed_raw
xlang3,argparse_subparsers,subparsers,7,0,0.13913309999043122,completed_raw
xlang3,argparse_subparsers,subparsers,7,1,0.13807290000841022,completed_raw
xlang3,argparse_subparsers,subparsers,8,0,0.13739710004301742,completed_raw
xlang3,argparse_subparsers,subparsers,8,1,0.16090700001223013,completed_raw
xlang3,argparse_subparsers,subparsers,9,0,0.13832000002730638,completed_raw
xlang3,argparse_subparsers,subparsers,9,1,0.13220669998554513,completed_raw
xlang3,argparse_subparsers,subparsers,10,0,0.13708429998951033,completed_raw
xlang3,argparse_subparsers,subparsers,10,1,0.13649060000898317,completed_raw
xlang3,async_generators,async_generators,1,0,2.432940900034737,completed_raw
xlang3,async_generators,async_generators,1,1,2.481986499973573,completed_raw
xlang3,async_generators,async_generators,2,0,2.4365994000108913,completed_raw
xlang3,async_generators,async_generators,2,1,2.482176400022581,completed_raw
xlang3,async_generators,async_generators,3,0,2.4384729999583215,completed_raw
xlang3,async_generators,async_generators,3,1,2.492749000026379,completed_raw
xlang3,async_generators,async_generators,4,0,2.534103200014215,completed_raw
xlang3,async_generators,async_generators,4,1,2.5203249999904074,completed_raw
xlang3,async_generators,async_generators,5,0,2.446259199990891,completed_raw
xlang3,async_generators,async_generators,5,1,2.4996442000265233,completed_raw
xlang3,async_generators,async_generators,6,0,2.4995263000018895,completed_raw
xlang3,async_generators,async_generators,6,1,2.5268316000001505,completed_raw
xlang3,async_generators,async_generators,7,0,2.4772252999828197,completed_raw
xlang3,async_generators,async_generators,7,1,2.497994099976495,completed_raw
xlang3,async_generators,async_generators,8,0,2.500421800010372,completed_raw
xlang3,async_generators,async_generators,8,1,2.501080300018657,completed_raw
xlang3,async_generators,async_generators,9,0,2.450524999992922,completed_raw
xlang3,async_generators,async_generators,9,1,2.529400400002487,completed_raw
xlang3,async_generators,async_generators,10,0,2.4655175000079907,completed_raw
xlang3,async_generators,async_generators,10,1,2.539493299962487,completed_raw
xlang3,async_tree,async_tree_none,1,0,3.903341199969873,completed_raw
xlang3,async_tree,async_tree_none,1,1,3.8893879000097513,completed_raw
xlang3,async_tree,async_tree_none,2,0,3.862697200034745,completed_raw
xlang3,async_tree,async_tree_none,2,1,3.8596854000352323,completed_raw
xlang3,async_tree,async_tree_none,3,0,3.843722900026478,completed_raw
xlang3,async_tree,async_tree_none,3,1,3.8578892999794334,completed_raw
xlang3,async_tree,async_tree_none,4,0,3.828234600019641,completed_raw
xlang3,async_tree,async_tree_none,4,1,3.8292572000063956,completed_raw
xlang3,async_tree,async_tree_none,5,0,3.8443749000434764,completed_raw
xlang3,async_tree,async_tree_none,5,1,3.8750497000291944,completed_raw
xlang3,async_tree,async_tree_none,6,0,3.8380592999747023,completed_raw
xlang3,async_tree,async_tree_none,6,1,3.9283637999906205,completed_raw
xlang3,async_tree,async_tree_none,7,0,3.9729344000224955,completed_raw
xlang3,async_tree,async_tree_none,7,1,3.833285500004422,completed_raw
xlang3,async_tree,async_tree_none,8,0,3.8710874000098556,completed_raw
xlang3,async_tree,async_tree_none,8,1,3.9309853999875486,completed_raw
xlang3,async_tree,async_tree_none,9,0,3.796036900021136,completed_raw
xlang3,async_tree,async_tree_none,9,1,3.8632907000137493,completed_raw
xlang3,async_tree,async_tree_none,10,0,3.8697998999850824,completed_raw
xlang3,async_tree,async_tree_none,10,1,3.864105200045742,completed_raw
xlang3,async_tree_cpu_io_mixed,async_tree_cpu_io_mixed,1,0,4.795833999989554,completed_raw
xlang3,async_tree_cpu_io_mixed,async_tree_cpu_io_mixed,1,1,4.820358400000259,completed_raw
xlang3,async_tree_cpu_io_mixed,async_tree_cpu_io_mixed,2,0,4.801237699983176,completed_raw
xlang3,async_tree_cpu_io_mixed,async_tree_cpu_io_mixed,2,1,4.84209649998229,completed_raw
xlang3,async_tree_cpu_io_mixed,async_tree_cpu_io_mixed,3,0,4.806957099994179,completed_raw
xlang3,async_tree_cpu_io_mixed,async_tree_cpu_io_mixed,3,1,4.874691399978474,completed_raw
xlang3,async_tree_cpu_io_mixed,async_tree_cpu_io_mixed,4,0,4.806547500018496,completed_raw
xlang3,async_tree_cpu_io_mixed,async_tree_cpu_io_mixed,4,1,4.779400900006294,completed_raw
xlang3,async_tree_cpu_io_mixed,async_tree_cpu_io_mixed,5,0,4.782986300007906,completed_raw
xlang3,async_tree_cpu_io_mixed,async_tree_cpu_io_mixed,5,1,4.832276600005571,completed_raw
xlang3,async_tree_cpu_io_mixed,async_tree_cpu_io_mixed,6,0,4.971038599964231,completed_raw
xlang3,async_tree_cpu_io_mixed,async_tree_cpu_io_mixed,6,1,4.780955400026869,completed_raw
xlang3,async_tree_cpu_io_mixed,async_tree_cpu_io_mixed,7,0,4.7247620999696665,completed_raw
xlang3,async_tree_cpu_io_mixed,async_tree_cpu_io_mixed,7,1,5.033710999996401,completed_raw
xlang3,async_tree_cpu_io_mixed,async_tree_cpu_io_mixed,8,0,4.81861720001325,completed_raw
xlang3,async_tree_cpu_io_mixed,async_tree_cpu_io_mixed,8,1,4.844607199949678,completed_raw
xlang3,async_tree_cpu_io_mixed,async_tree_cpu_io_mixed,9,0,4.669460000004619,completed_raw
xlang3,async_tree_cpu_io_mixed,async_tree_cpu_io_mixed,9,1,4.754414599970914,completed_raw
xlang3,async_tree_cpu_io_mixed,async_tree_cpu_io_mixed,10,0,4.830739700002596,completed_raw
xlang3,async_tree_cpu_io_mixed,async_tree_cpu_io_mixed,10,1,4.86705499998061,completed_raw
xlang3,async_tree_cpu_io_mixed_tg,async_tree_cpu_io_mixed_tg,1,0,4.849658299994189,completed_raw
xlang3,async_tree_cpu_io_mixed_tg,async_tree_cpu_io_mixed_tg,1,1,4.817562700016424,completed_raw
xlang3,async_tree_cpu_io_mixed_tg,async_tree_cpu_io_mixed_tg,2,0,4.859265799983405,completed_raw
xlang3,async_tree_cpu_io_mixed_tg,async_tree_cpu_io_mixed_tg,2,1,5.023697800002992,completed_raw
xlang3,async_tree_cpu_io_mixed_tg,async_tree_cpu_io_mixed_tg,3,0,4.841323800035752,completed_raw
xlang3,async_tree_cpu_io_mixed_tg,async_tree_cpu_io_mixed_tg,3,1,4.931199899991043,completed_raw
xlang3,async_tree_cpu_io_mixed_tg,async_tree_cpu_io_mixed_tg,4,0,4.87498790002428,completed_raw
xlang3,async_tree_cpu_io_mixed_tg,async_tree_cpu_io_mixed_tg,4,1,4.906427200010512,completed_raw
xlang3,async_tree_cpu_io_mixed_tg,async_tree_cpu_io_mixed_tg,5,0,4.878631100000348,completed_raw
xlang3,async_tree_cpu_io_mixed_tg,async_tree_cpu_io_mixed_tg,5,1,4.816067900042981,completed_raw
xlang3,async_tree_cpu_io_mixed_tg,async_tree_cpu_io_mixed_tg,6,0,4.787948900018819,completed_raw
xlang3,async_tree_cpu_io_mixed_tg,async_tree_cpu_io_mixed_tg,6,1,4.833393700013403,completed_raw
xlang3,async_tree_cpu_io_mixed_tg,async_tree_cpu_io_mixed_tg,7,0,4.987632300006226,completed_raw
xlang3,async_tree_cpu_io_mixed_tg,async_tree_cpu_io_mixed_tg,7,1,4.961617399996612,completed_raw
xlang3,async_tree_cpu_io_mixed_tg,async_tree_cpu_io_mixed_tg,8,0,4.795016900054179,completed_raw
xlang3,async_tree_cpu_io_mixed_tg,async_tree_cpu_io_mixed_tg,8,1,4.88185219996376,completed_raw
xlang3,async_tree_cpu_io_mixed_tg,async_tree_cpu_io_mixed_tg,9,0,4.82282490003854,completed_raw
xlang3,async_tree_cpu_io_mixed_tg,async_tree_cpu_io_mixed_tg,9,1,4.8794129000161774,completed_raw
xlang3,async_tree_cpu_io_mixed_tg,async_tree_cpu_io_mixed_tg,10,0,4.817603099974804,completed_raw
xlang3,async_tree_cpu_io_mixed_tg,async_tree_cpu_io_mixed_tg,10,1,4.7967432999867015,completed_raw
xlang3,async_tree_eager,async_tree_eager,1,0,1.3294854999985546,completed_raw
xlang3,async_tree_eager,async_tree_eager,1,1,1.3226589999976568,completed_raw
xlang3,async_tree_eager,async_tree_eager,2,0,1.3390974999638274,completed_raw
xlang3,async_tree_eager,async_tree_eager,2,1,1.3795391999883577,completed_raw
xlang3,async_tree_eager,async_tree_eager,3,0,1.3512389999814332,completed_raw
xlang3,async_tree_eager,async_tree_eager,3,1,1.3857232999871485,completed_raw
xlang3,async_tree_eager,async_tree_eager,4,0,1.335440800001379,completed_raw
xlang3,async_tree_eager,async_tree_eager,4,1,1.41856610000832,completed_raw
xlang3,async_tree_eager,async_tree_eager,5,0,1.396040199964773,completed_raw
xlang3,async_tree_eager,async_tree_eager,5,1,1.3388299000216648,completed_raw
xlang3,async_tree_eager,async_tree_eager,6,0,1.3888676000060514,completed_raw
xlang3,async_tree_eager,async_tree_eager,6,1,1.3438691000337712,completed_raw
xlang3,async_tree_eager,async_tree_eager,7,0,1.3601467999978922,completed_raw
xlang3,async_tree_eager,async_tree_eager,7,1,1.3398881999892183,completed_raw
xlang3,async_tree_eager,async_tree_eager,8,0,1.3244034000090323,completed_raw
xlang3,async_tree_eager,async_tree_eager,8,1,1.3341647000052035,completed_raw
xlang3,async_tree_eager,async_tree_eager,9,0,1.3424596000113524,completed_raw
xlang3,async_tree_eager,async_tree_eager,9,1,1.3459518000017852,completed_raw
xlang3,async_tree_eager,async_tree_eager,10,0,1.3321251000161283,completed_raw
xlang3,async_tree_eager,async_tree_eager,10,1,1.3422783000278287,completed_raw
xlang3,async_tree_eager_cpu_io_mixed,async_tree_eager_cpu_io_mixed,1,0,2.641982899978757,completed_raw
xlang3,async_tree_eager_cpu_io_mixed,async_tree_eager_cpu_io_mixed,1,1,2.7641883000032976,completed_raw
xlang3,async_tree_eager_cpu_io_mixed,async_tree_eager_cpu_io_mixed,2,0,2.6176353999762796,completed_raw
xlang3,async_tree_eager_cpu_io_mixed,async_tree_eager_cpu_io_mixed,2,1,2.7169767000013962,completed_raw
xlang3,async_tree_eager_cpu_io_mixed,async_tree_eager_cpu_io_mixed,3,0,2.648479600029532,completed_raw
xlang3,async_tree_eager_cpu_io_mixed,async_tree_eager_cpu_io_mixed,3,1,2.706188199983444,completed_raw
xlang3,async_tree_eager_cpu_io_mixed,async_tree_eager_cpu_io_mixed,4,0,2.6976646999828517,completed_raw
xlang3,async_tree_eager_cpu_io_mixed,async_tree_eager_cpu_io_mixed,4,1,2.7110300000058487,completed_raw
xlang3,async_tree_eager_cpu_io_mixed,async_tree_eager_cpu_io_mixed,5,0,2.6638442000257783,completed_raw
xlang3,async_tree_eager_cpu_io_mixed,async_tree_eager_cpu_io_mixed,5,1,2.6651465999893844,completed_raw
xlang3,async_tree_eager_cpu_io_mixed,async_tree_eager_cpu_io_mixed,6,0,2.6601905000279658,completed_raw
xlang3,async_tree_eager_cpu_io_mixed,async_tree_eager_cpu_io_mixed,6,1,2.658053099992685,completed_raw
xlang3,async_tree_eager_cpu_io_mixed,async_tree_eager_cpu_io_mixed,7,0,2.6698475000448525,completed_raw
xlang3,async_tree_eager_cpu_io_mixed,async_tree_eager_cpu_io_mixed,7,1,2.6950918000075035,completed_raw
xlang3,async_tree_eager_cpu_io_mixed,async_tree_eager_cpu_io_mixed,8,0,2.6862232999992557,completed_raw
xlang3,async_tree_eager_cpu_io_mixed,async_tree_eager_cpu_io_mixed,8,1,2.7136600999510847,completed_raw
xlang3,async_tree_eager_cpu_io_mixed,async_tree_eager_cpu_io_mixed,9,0,2.6834155000397004,completed_raw
xlang3,async_tree_eager_cpu_io_mixed,async_tree_eager_cpu_io_mixed,9,1,2.707667999959085,completed_raw
xlang3,async_tree_eager_cpu_io_mixed,async_tree_eager_cpu_io_mixed,10,0,2.6408046999713406,completed_raw
xlang3,async_tree_eager_cpu_io_mixed,async_tree_eager_cpu_io_mixed,10,1,2.7603064999566413,completed_raw
xlang3,async_tree_eager_cpu_io_mixed_tg,async_tree_eager_cpu_io_mixed_tg,1,0,4.991725600033533,completed_raw
xlang3,async_tree_eager_cpu_io_mixed_tg,async_tree_eager_cpu_io_mixed_tg,1,1,4.808234900003299,completed_raw
xlang3,async_tree_eager_cpu_io_mixed_tg,async_tree_eager_cpu_io_mixed_tg,2,0,4.676788099983241,completed_raw
xlang3,async_tree_eager_cpu_io_mixed_tg,async_tree_eager_cpu_io_mixed_tg,2,1,4.933337399968877,completed_raw
xlang3,async_tree_eager_cpu_io_mixed_tg,async_tree_eager_cpu_io_mixed_tg,3,0,4.715816300013103,completed_raw
xlang3,async_tree_eager_cpu_io_mixed_tg,async_tree_eager_cpu_io_mixed_tg,3,1,4.752882200002205,completed_raw
xlang3,async_tree_eager_cpu_io_mixed_tg,async_tree_eager_cpu_io_mixed_tg,4,0,4.7186171999783255,completed_raw
xlang3,async_tree_eager_cpu_io_mixed_tg,async_tree_eager_cpu_io_mixed_tg,4,1,4.758448300010059,completed_raw
xlang3,async_tree_eager_cpu_io_mixed_tg,async_tree_eager_cpu_io_mixed_tg,5,0,4.742453999991994,completed_raw
xlang3,async_tree_eager_cpu_io_mixed_tg,async_tree_eager_cpu_io_mixed_tg,5,1,4.718518599984236,completed_raw
xlang3,async_tree_eager_cpu_io_mixed_tg,async_tree_eager_cpu_io_mixed_tg,6,0,4.723710699996445,completed_raw
xlang3,async_tree_eager_cpu_io_mixed_tg,async_tree_eager_cpu_io_mixed_tg,6,1,4.789067699981388,completed_raw
xlang3,async_tree_eager_cpu_io_mixed_tg,async_tree_eager_cpu_io_mixed_tg,7,0,4.729452400002629,completed_raw
xlang3,async_tree_eager_cpu_io_mixed_tg,async_tree_eager_cpu_io_mixed_tg,7,1,4.76481360004982,completed_raw
xlang3,async_tree_eager_cpu_io_mixed_tg,async_tree_eager_cpu_io_mixed_tg,8,0,4.747086400049739,completed_raw
xlang3,async_tree_eager_cpu_io_mixed_tg,async_tree_eager_cpu_io_mixed_tg,8,1,4.9080779000069015,completed_raw
xlang3,async_tree_eager_cpu_io_mixed_tg,async_tree_eager_cpu_io_mixed_tg,9,0,4.7377500999718904,completed_raw
xlang3,async_tree_eager_cpu_io_mixed_tg,async_tree_eager_cpu_io_mixed_tg,9,1,4.687861700018402,completed_raw
xlang3,async_tree_eager_cpu_io_mixed_tg,async_tree_eager_cpu_io_mixed_tg,10,0,4.743798300041817,completed_raw
xlang3,async_tree_eager_cpu_io_mixed_tg,async_tree_eager_cpu_io_mixed_tg,10,1,4.721644299977925,completed_raw
xlang3,async_tree_eager_memoization,async_tree_eager_memoization,1,0,3.5767116000060923,completed_raw
xlang3,async_tree_eager_memoization,async_tree_eager_memoization,1,1,3.453212700027507,completed_raw
xlang3,async_tree_eager_memoization,async_tree_eager_memoization,2,0,3.4046512999921106,completed_raw
xlang3,async_tree_eager_memoization,async_tree_eager_memoization,2,1,3.394567499984987,completed_raw
xlang3,async_tree_eager_memoization,async_tree_eager_memoization,3,0,3.4068044999730773,completed_raw
xlang3,async_tree_eager_memoization,async_tree_eager_memoization,3,1,3.4655433999723755,completed_raw
xlang3,async_tree_eager_memoization,async_tree_eager_memoization,4,0,3.422627200023271,completed_raw
xlang3,async_tree_eager_memoization,async_tree_eager_memoization,4,1,3.414598700008355,completed_raw
xlang3,async_tree_eager_memoization,async_tree_eager_memoization,5,0,3.5160525999963284,completed_raw
xlang3,async_tree_eager_memoization,async_tree_eager_memoization,5,1,3.436943600012455,completed_raw
xlang3,async_tree_eager_memoization,async_tree_eager_memoization,6,0,3.420585600018967,completed_raw
xlang3,async_tree_eager_memoization,async_tree_eager_memoization,6,1,3.4354606999550015,completed_raw
xlang3,async_tree_eager_memoization,async_tree_eager_memoization,7,0,3.3865762000204995,completed_raw
xlang3,async_tree_eager_memoization,async_tree_eager_memoization,7,1,3.43894740001997,completed_raw
xlang3,async_tree_eager_memoization,async_tree_eager_memoization,8,0,3.417224000033457,completed_raw
xlang3,async_tree_eager_memoization,async_tree_eager_memoization,8,1,3.4191473000100814,completed_raw
xlang3,async_tree_eager_memoization,async_tree_eager_memoization,9,0,3.3910053999861702,completed_raw
xlang3,async_tree_eager_memoization,async_tree_eager_memoization,9,1,3.4397599999792874,completed_raw
xlang3,async_tree_eager_memoization,async_tree_eager_memoization,10,0,3.4270361999515444,completed_raw
xlang3,async_tree_eager_memoization,async_tree_eager_memoization,10,1,3.420961699972395,completed_raw
xlang3,async_tree_eager_memoization_tg,async_tree_eager_memoization_tg,1,0,5.501108800002839,completed_raw
xlang3,async_tree_eager_memoization_tg,async_tree_eager_memoization_tg,1,1,5.500838299980387,completed_raw
xlang3,async_tree_eager_memoization_tg,async_tree_eager_memoization_tg,2,0,5.509821699990425,completed_raw
xlang3,async_tree_eager_memoization_tg,async_tree_eager_memoization_tg,2,1,5.5884164000162855,completed_raw
xlang3,async_tree_eager_memoization_tg,async_tree_eager_memoization_tg,3,0,5.509264899999835,completed_raw
xlang3,async_tree_eager_memoization_tg,async_tree_eager_memoization_tg,3,1,5.638545699999668,completed_raw
xlang3,async_tree_eager_memoization_tg,async_tree_eager_memoization_tg,4,0,5.493448100052774,completed_raw
xlang3,async_tree_eager_memoization_tg,async_tree_eager_memoization_tg,4,1,5.791399599984288,completed_raw
xlang3,async_tree_eager_memoization_tg,async_tree_eager_memoization_tg,5,0,5.570843599969521,completed_raw
xlang3,async_tree_eager_memoization_tg,async_tree_eager_memoization_tg,5,1,5.507348000013735,completed_raw
xlang3,async_tree_eager_memoization_tg,async_tree_eager_memoization_tg,6,0,5.629630399984308,completed_raw
xlang3,async_tree_eager_memoization_tg,async_tree_eager_memoization_tg,6,1,5.519849699980114,completed_raw
xlang3,async_tree_eager_memoization_tg,async_tree_eager_memoization_tg,7,0,5.4882354000001214,completed_raw
xlang3,async_tree_eager_memoization_tg,async_tree_eager_memoization_tg,7,1,5.5135567000252195,completed_raw
xlang3,async_tree_eager_memoization_tg,async_tree_eager_memoization_tg,8,0,5.518726899987087,completed_raw
xlang3,async_tree_eager_memoization_tg,async_tree_eager_memoization_tg,8,1,5.503034099994693,completed_raw
xlang3,async_tree_eager_memoization_tg,async_tree_eager_memoization_tg,9,0,5.475147499993909,completed_raw
xlang3,async_tree_eager_memoization_tg,async_tree_eager_memoization_tg,9,1,5.52189350000117,completed_raw
xlang3,async_tree_eager_memoization_tg,async_tree_eager_memoization_tg,10,0,5.476480500015896,completed_raw
xlang3,async_tree_eager_memoization_tg,async_tree_eager_memoization_tg,10,1,5.489503399992827,completed_raw
xlang3,async_tree_eager_tg,async_tree_eager_tg,1,0,3.3603635000181384,completed_raw
xlang3,async_tree_eager_tg,async_tree_eager_tg,1,1,3.4102795000071637,completed_raw
xlang3,async_tree_eager_tg,async_tree_eager_tg,2,0,3.396490100014489,completed_raw
xlang3,async_tree_eager_tg,async_tree_eager_tg,2,1,3.3974231999600306,completed_raw
xlang3,async_tree_eager_tg,async_tree_eager_tg,3,0,3.4104174000094645,completed_raw
xlang3,async_tree_eager_tg,async_tree_eager_tg,3,1,3.379282800015062,completed_raw
xlang3,async_tree_eager_tg,async_tree_eager_tg,4,0,3.3745013999869116,completed_raw
xlang3,async_tree_eager_tg,async_tree_eager_tg,4,1,3.4188843999872915,completed_raw
xlang3,async_tree_eager_tg,async_tree_eager_tg,5,0,3.389451699971687,completed_raw
xlang3,async_tree_eager_tg,async_tree_eager_tg,5,1,3.568737699999474,completed_raw
xlang3,async_tree_eager_tg,async_tree_eager_tg,6,0,3.4479248999850824,completed_raw
xlang3,async_tree_eager_tg,async_tree_eager_tg,6,1,3.485399500001222,completed_raw
xlang3,async_tree_eager_tg,async_tree_eager_tg,7,0,3.600924299971666,completed_raw
xlang3,async_tree_eager_tg,async_tree_eager_tg,7,1,3.41246790002333,completed_raw
xlang3,async_tree_eager_tg,async_tree_eager_tg,8,0,3.3928888000082225,completed_raw
xlang3,async_tree_eager_tg,async_tree_eager_tg,8,1,3.4041950999526307,completed_raw
xlang3,async_tree_eager_tg,async_tree_eager_tg,9,0,3.435793399985414,completed_raw
xlang3,async_tree_eager_tg,async_tree_eager_tg,9,1,3.4148143000202253,completed_raw
xlang3,async_tree_eager_tg,async_tree_eager_tg,10,0,3.401615600043442,completed_raw
xlang3,async_tree_eager_tg,async_tree_eager_tg,10,1,3.40555470000254,completed_raw
xlang3,async_tree_memoization,async_tree_memoization,1,0,5.201842500013299,completed_raw
xlang3,async_tree_memoization,async_tree_memoization,1,1,5.271580600005109,completed_raw
xlang3,async_tree_memoization,async_tree_memoization,2,0,5.195635100011714,completed_raw
xlang3,async_tree_memoization,async_tree_memoization,2,1,5.243492600042373,completed_raw
xlang3,async_tree_memoization,async_tree_memoization,3,0,5.28823059995193,completed_raw
xlang3,async_tree_memoization,async_tree_memoization,3,1,5.311489499988966,completed_raw
xlang3,async_tree_memoization,async_tree_memoization,4,0,5.42425819998607,completed_raw
xlang3,async_tree_memoization,async_tree_memoization,4,1,5.37971569999354,completed_raw
xlang3,async_tree_memoization,async_tree_memoization,5,0,5.53469000000041,completed_raw
xlang3,async_tree_memoization,async_tree_memoization,5,1,5.336611500009894,completed_raw
xlang3,async_tree_memoization,async_tree_memoization,6,0,5.253748400020413,completed_raw
xlang3,async_tree_memoization,async_tree_memoization,6,1,5.2730410999502055,completed_raw
xlang3,async_tree_memoization,async_tree_memoization,7,0,5.179949299956206,completed_raw
xlang3,async_tree_memoization,async_tree_memoization,7,1,5.212092100002337,completed_raw
xlang3,async_tree_memoization,async_tree_memoization,8,0,5.377370200003497,completed_raw
xlang3,async_tree_memoization,async_tree_memoization,8,1,5.532520400010981,completed_raw
xlang3,async_tree_memoization,async_tree_memoization,9,0,5.417579300003126,completed_raw
xlang3,async_tree_memoization,async_tree_memoization,9,1,5.526021600002423,completed_raw
xlang3,async_tree_memoization,async_tree_memoization,10,0,5.448239899997134,completed_raw
xlang3,async_tree_memoization,async_tree_memoization,10,1,5.584558000031393,completed_raw
xlang3,async_tree_memoization_tg,async_tree_memoization_tg,1,0,5.401794000004884,completed_raw
xlang3,async_tree_memoization_tg,async_tree_memoization_tg,1,1,5.359611199994106,completed_raw
xlang3,async_tree_memoization_tg,async_tree_memoization_tg,2,0,5.436182700039353,completed_raw
xlang3,async_tree_memoization_tg,async_tree_memoization_tg,2,1,5.464737500005867,completed_raw
xlang3,async_tree_memoization_tg,async_tree_memoization_tg,3,0,5.370780700002797,completed_raw
xlang3,async_tree_memoization_tg,async_tree_memoization_tg,3,1,5.339680299977772,completed_raw
xlang3,async_tree_memoization_tg,async_tree_memoization_tg,4,0,5.287320100003853,completed_raw
xlang3,async_tree_memoization_tg,async_tree_memoization_tg,4,1,5.296777600015048,completed_raw
xlang3,async_tree_memoization_tg,async_tree_memoization_tg,5,0,5.274982300004922,completed_raw
xlang3,async_tree_memoization_tg,async_tree_memoization_tg,5,1,5.283493499970064,completed_raw
xlang3,async_tree_memoization_tg,async_tree_memoization_tg,6,0,5.44090009998763,completed_raw
xlang3,async_tree_memoization_tg,async_tree_memoization_tg,6,1,5.2630080000380985,completed_raw
xlang3,async_tree_memoization_tg,async_tree_memoization_tg,7,0,5.4822153999703005,completed_raw
xlang3,async_tree_memoization_tg,async_tree_memoization_tg,7,1,5.4119370999978855,completed_raw
xlang3,async_tree_memoization_tg,async_tree_memoization_tg,8,0,5.349129599984735,completed_raw
xlang3,async_tree_memoization_tg,async_tree_memoization_tg,8,1,5.411679299955722,completed_raw
xlang3,async_tree_memoization_tg,async_tree_memoization_tg,9,0,5.335411999956705,completed_raw
xlang3,async_tree_memoization_tg,async_tree_memoization_tg,9,1,5.324493399995845,completed_raw
xlang3,async_tree_memoization_tg,async_tree_memoization_tg,10,0,5.387981299951207,completed_raw
xlang3,async_tree_memoization_tg,async_tree_memoization_tg,10,1,5.325318000046536,completed_raw
xlang3,async_tree_tg,async_tree_none_tg,1,0,3.662167700007558,completed_raw
xlang3,async_tree_tg,async_tree_none_tg,1,1,3.71091590001015,completed_raw
xlang3,async_tree_tg,async_tree_none_tg,2,0,3.688009300036356,completed_raw
xlang3,async_tree_tg,async_tree_none_tg,2,1,3.661254300037399,completed_raw
xlang3,async_tree_tg,async_tree_none_tg,3,0,3.6410909999976866,completed_raw
xlang3,async_tree_tg,async_tree_none_tg,3,1,3.644112700014375,completed_raw
xlang3,async_tree_tg,async_tree_none_tg,4,0,3.6646164000267163,completed_raw
xlang3,async_tree_tg,async_tree_none_tg,4,1,3.666941899980884,completed_raw
xlang3,async_tree_tg,async_tree_none_tg,5,0,3.6516693999874406,completed_raw
xlang3,async_tree_tg,async_tree_none_tg,5,1,3.6646367000066675,completed_raw
xlang3,async_tree_tg,async_tree_none_tg,6,0,3.8871541999978945,completed_raw
xlang3,async_tree_tg,async_tree_none_tg,6,1,3.7108808000339195,completed_raw
xlang3,async_tree_tg,async_tree_none_tg,7,0,3.660358599969186,completed_raw
xlang3,async_tree_tg,async_tree_none_tg,7,1,3.789814000017941,completed_raw
xlang3,async_tree_tg,async_tree_none_tg,8,0,3.691179800021928,completed_raw
xlang3,async_tree_tg,async_tree_none_tg,8,1,3.6779047999880277,completed_raw
xlang3,async_tree_tg,async_tree_none_tg,9,0,3.65452030004235,completed_raw
xlang3,async_tree_tg,async_tree_none_tg,9,1,3.6889224000042304,completed_raw
xlang3,async_tree_tg,async_tree_none_tg,10,0,3.6391608000267297,completed_raw
xlang3,async_tree_tg,async_tree_none_tg,10,1,3.6413566999835894,completed_raw
xlang3,asyncio_tcp,asyncio_tcp,1,0,3.789786599983927,completed_raw
xlang3,asyncio_tcp,asyncio_tcp,1,1,3.7292431999812834,completed_raw
xlang3,asyncio_tcp,asyncio_tcp,2,0,3.859377000015229,completed_raw
xlang3,asyncio_tcp,asyncio_tcp,2,1,3.7178878999548033,completed_raw
xlang3,asyncio_tcp,asyncio_tcp,3,0,3.7925591999664903,completed_raw
xlang3,asyncio_tcp,asyncio_tcp,3,1,3.7447765999822877,completed_raw
xlang3,asyncio_tcp,asyncio_tcp,4,0,3.7218493999680504,completed_raw
xlang3,asyncio_tcp,asyncio_tcp,4,1,3.691970099986065,completed_raw
xlang3,asyncio_tcp,asyncio_tcp,5,0,3.740872299997136,completed_raw
xlang3,asyncio_tcp,asyncio_tcp,5,1,3.7479528000112623,completed_raw
xlang3,asyncio_tcp,asyncio_tcp,6,0,3.7448368999757804,completed_raw
xlang3,asyncio_tcp,asyncio_tcp,6,1,3.7962180000031367,completed_raw
xlang3,asyncio_tcp,asyncio_tcp,7,0,3.7500010000076145,completed_raw
xlang3,asyncio_tcp,asyncio_tcp,7,1,3.8157079000375234,completed_raw
xlang3,asyncio_tcp,asyncio_tcp,8,0,3.917646899993997,completed_raw
xlang3,asyncio_tcp,asyncio_tcp,8,1,3.7468346999958158,completed_raw
xlang3,asyncio_tcp,asyncio_tcp,9,0,3.7563784000230953,completed_raw
xlang3,asyncio_tcp,asyncio_tcp,9,1,3.7359662000089884,completed_raw
xlang3,asyncio_tcp,asyncio_tcp,10,0,3.753705399984028,completed_raw
xlang3,asyncio_tcp,asyncio_tcp,10,1,3.861277499992866,completed_raw
xlang3,asyncio_websockets,asyncio_websockets,1,0,0.4786794999963604,completed_raw
xlang3,asyncio_websockets,asyncio_websockets,1,1,0.4869417999871075,completed_raw
xlang3,asyncio_websockets,asyncio_websockets,2,0,0.49171440000645816,completed_raw
xlang3,asyncio_websockets,asyncio_websockets,2,1,0.4844996999599971,completed_raw
xlang3,asyncio_websockets,asyncio_websockets,3,0,0.4885997999808751,completed_raw
xlang3,asyncio_websockets,asyncio_websockets,3,1,0.4803950000205077,completed_raw
xlang3,asyncio_websockets,asyncio_websockets,4,0,0.4782907000044361,completed_raw
xlang3,asyncio_websockets,asyncio_websockets,4,1,0.49017810000805184,completed_raw
xlang3,asyncio_websockets,asyncio_websockets,5,0,0.4950304999947548,completed_raw
xlang3,asyncio_websockets,asyncio_websockets,5,1,0.47670639998978004,completed_raw
xlang3,asyncio_websockets,asyncio_websockets,6,0,0.4732928000157699,completed_raw
xlang3,asyncio_websockets,asyncio_websockets,6,1,0.48024329997133464,completed_raw
xlang3,asyncio_websockets,asyncio_websockets,7,0,0.4779610999976285,completed_raw
xlang3,asyncio_websockets,asyncio_websockets,7,1,0.48947480000788346,completed_raw
xlang3,asyncio_websockets,asyncio_websockets,8,0,0.48738020000746474,completed_raw
xlang3,asyncio_websockets,asyncio_websockets,8,1,0.48023569997167215,completed_raw
xlang3,asyncio_websockets,asyncio_websockets,9,0,0.4855837000068277,completed_raw
xlang3,asyncio_websockets,asyncio_websockets,9,1,0.4776454000384547,completed_raw
xlang3,asyncio_websockets,asyncio_websockets,10,0,0.47721179999643937,completed_raw
xlang3,asyncio_websockets,asyncio_websockets,10,1,0.4970690000336617,completed_raw
xlang3,chameleon,chameleon,1,0,0.14386030001332983,completed_raw
xlang3,chameleon,chameleon,1,1,0.13895990001037717,completed_raw
xlang3,chameleon,chameleon,2,0,0.14004450000356883,completed_raw
xlang3,chameleon,chameleon,2,1,0.1431923999916762,completed_raw
xlang3,chameleon,chameleon,3,0,0.1390479999827221,completed_raw
xlang3,chameleon,chameleon,3,1,0.138173800020013,completed_raw
xlang3,chameleon,chameleon,4,0,0.13879549998091534,completed_raw
xlang3,chameleon,chameleon,4,1,0.1415116999996826,completed_raw
xlang3,chameleon,chameleon,5,0,0.15158109995536506,completed_raw
xlang3,chameleon,chameleon,5,1,0.14754249999532476,completed_raw
xlang3,chameleon,chameleon,6,0,0.14098419999936596,completed_raw
xlang3,chameleon,chameleon,6,1,0.14142990001710132,completed_raw
xlang3,chameleon,chameleon,7,0,0.14196099998662248,completed_raw
xlang3,chameleon,chameleon,7,1,0.14069099997868761,completed_raw
xlang3,chameleon,chameleon,8,0,0.14303499995730817,completed_raw
xlang3,chameleon,chameleon,8,1,0.14282700000330806,completed_raw
xlang3,chameleon,chameleon,9,0,0.14560300001176074,completed_raw
xlang3,chameleon,chameleon,9,1,0.14051649998873472,completed_raw
xlang3,chameleon,chameleon,10,0,0.13496410002699122,completed_raw
xlang3,chameleon,chameleon,10,1,0.13528989994665608,completed_raw
xlang3,chaos,chaos,1,0,0.467546800035052,completed_raw
xlang3,chaos,chaos,1,1,0.45859090000158176,completed_raw
xlang3,chaos,chaos,2,0,0.45456830004695803,completed_raw
xlang3,chaos,chaos,2,1,0.4604871000046842,completed_raw
xlang3,chaos,chaos,3,0,0.5408010000246577,completed_raw
xlang3,chaos,chaos,3,1,0.4675540000316687,completed_raw
xlang3,chaos,chaos,4,0,0.46333219995722175,completed_raw
xlang3,chaos,chaos,4,1,0.45811399997910485,completed_raw
xlang3,chaos,chaos,5,0,0.517474000051152,completed_raw
xlang3,chaos,chaos,5,1,0.4686325000366196,completed_raw
xlang3,chaos,chaos,6,0,0.4605625999975018,completed_raw
xlang3,chaos,chaos,6,1,0.4596157999476418,completed_raw
xlang3,chaos,chaos,7,0,0.461331499973312,completed_raw
xlang3,chaos,chaos,7,1,0.5427495000185445,completed_raw
xlang3,chaos,chaos,8,0,0.4608040999737568,completed_raw
xlang3,chaos,chaos,8,1,0.45515019999584183,completed_raw
xlang3,chaos,chaos,9,0,0.45264670002507046,completed_raw
xlang3,chaos,chaos,9,1,0.4649890000000596,completed_raw
xlang3,chaos,chaos,10,0,0.4587403999757953,completed_raw
xlang3,chaos,chaos,10,1,0.4652213999652304,completed_raw
xlang3,comprehensions,comprehensions,1,0,0.00016947246092513524,completed_raw
xlang3,comprehensions,comprehensions,1,1,0.00018670478516469302,completed_raw
xlang3,comprehensions,comprehensions,2,0,0.00016953837894106982,completed_raw
xlang3,comprehensions,comprehensions,2,1,0.00017015732419167762,completed_raw
xlang3,comprehensions,comprehensions,3,0,0.00017356982419869382,completed_raw
xlang3,comprehensions,comprehensions,3,1,0.00017546367189424927,completed_raw
xlang3,comprehensions,comprehensions,4,0,0.00017302333986890517,completed_raw
xlang3,comprehensions,comprehensions,4,1,0.00017378613279106503,completed_raw
xlang3,comprehensions,comprehensions,5,0,0.000173009960917625,completed_raw
xlang3,comprehensions,comprehensions,5,1,0.00017534677738240134,completed_raw
xlang3,comprehensions,comprehensions,6,0,0.00017262089841096895,completed_raw
xlang3,comprehensions,comprehensions,6,1,0.00017710625002109737,completed_raw
xlang3,comprehensions,comprehensions,7,0,0.00017241718745708567,completed_raw
xlang3,comprehensions,comprehensions,7,1,0.00017167685547292422,completed_raw
xlang3,comprehensions,comprehensions,8,0,0.00016817128908996892,completed_raw
xlang3,comprehensions,comprehensions,8,1,0.0001678578125279273,completed_raw
xlang3,comprehensions,comprehensions,9,0,0.00017112617189241064,completed_raw
xlang3,comprehensions,comprehensions,9,1,0.0001765118163916668,completed_raw
xlang3,comprehensions,comprehensions,10,0,0.00017091533203483777,completed_raw
xlang3,comprehensions,comprehensions,10,1,0.000234507421851049,completed_raw
xlang3,coroutines,coroutines,1,0,0.1451119999983348,completed_raw
xlang3,coroutines,coroutines,1,1,0.13887869997415692,completed_raw
xlang3,coroutines,coroutines,2,0,0.14183589996537194,completed_raw
xlang3,coroutines,coroutines,2,1,0.14186590001918375,completed_raw
xlang3,coroutines,coroutines,3,0,0.13733150000916794,completed_raw
xlang3,coroutines,coroutines,3,1,0.1356855000485666,completed_raw
xlang3,coroutines,coroutines,4,0,0.13560359994880855,completed_raw
xlang3,coroutines,coroutines,4,1,0.1390623000334017,completed_raw
xlang3,coroutines,coroutines,5,0,0.14044250000733882,completed_raw
xlang3,coroutines,coroutines,5,1,0.1417296000290662,completed_raw
xlang3,coroutines,coroutines,6,0,0.1398322000168264,completed_raw
xlang3,coroutines,coroutines,6,1,0.139086099981796,completed_raw
xlang3,coroutines,coroutines,7,0,0.1420050000306219,completed_raw
xlang3,coroutines,coroutines,7,1,0.13754399999743327,completed_raw
xlang3,coroutines,coroutines,8,0,0.14234630001010373,completed_raw
xlang3,coroutines,coroutines,8,1,0.14174519997322932,completed_raw
xlang3,coroutines,coroutines,9,0,0.1420504999696277,completed_raw
xlang3,coroutines,coroutines,9,1,0.14293349999934435,completed_raw
xlang3,coroutines,coroutines,10,0,0.1420632000081241,completed_raw
xlang3,coroutines,coroutines,10,1,0.14376470004208386,completed_raw
xlang3,crypto_pyaes,crypto_pyaes,1,0,0.36276899999938905,completed_raw
xlang3,crypto_pyaes,crypto_pyaes,1,1,0.3496465000207536,completed_raw
xlang3,crypto_pyaes,crypto_pyaes,2,0,0.348943600023631,completed_raw
xlang3,crypto_pyaes,crypto_pyaes,2,1,0.34880279999924824,completed_raw
xlang3,crypto_pyaes,crypto_pyaes,3,0,0.346615600050427,completed_raw
xlang3,crypto_pyaes,crypto_pyaes,3,1,0.3465021000010893,completed_raw
xlang3,crypto_pyaes,crypto_pyaes,4,0,0.3521483999793418,completed_raw
xlang3,crypto_pyaes,crypto_pyaes,4,1,0.34694359998684376,completed_raw
xlang3,crypto_pyaes,crypto_pyaes,5,0,0.34826459997566417,completed_raw
xlang3,crypto_pyaes,crypto_pyaes,5,1,0.3492285999818705,completed_raw
xlang3,crypto_pyaes,crypto_pyaes,6,0,0.34447909996379167,completed_raw
xlang3,crypto_pyaes,crypto_pyaes,6,1,0.3416611999855377,completed_raw
xlang3,crypto_pyaes,crypto_pyaes,7,0,0.34291940002003685,completed_raw
xlang3,crypto_pyaes,crypto_pyaes,7,1,0.3426916999742389,completed_raw
xlang3,crypto_pyaes,crypto_pyaes,8,0,0.34549899998819456,completed_raw
xlang3,crypto_pyaes,crypto_pyaes,8,1,0.34776079998118803,completed_raw
xlang3,crypto_pyaes,crypto_pyaes,9,0,0.3414471999858506,completed_raw
xlang3,crypto_pyaes,crypto_pyaes,9,1,0.33843269996577874,completed_raw
xlang3,crypto_pyaes,crypto_pyaes,10,0,0.34279390005394816,completed_raw
xlang3,crypto_pyaes,crypto_pyaes,10,1,0.33678519999375567,completed_raw
xlang3,deepcopy,deepcopy,1,0,0.002594209367998701,completed_raw
xlang3,deepcopy,deepcopy,1,1,0.002597171865090786,completed_raw
xlang3,deepcopy,deepcopy,2,0,0.0025969375146814855,completed_raw
xlang3,deepcopy,deepcopy,2,1,0.0026118484283870202,completed_raw
xlang3,deepcopy,deepcopy,3,0,0.003208529697076301,completed_raw
xlang3,deepcopy,deepcopy,3,1,0.00261020781181287,completed_raw
xlang3,deepcopy,deepcopy,4,0,0.0025441453017265303,completed_raw
xlang3,deepcopy,deepcopy,4,1,0.0026203562274531578,completed_raw
xlang3,deepcopy,deepcopy,5,0,0.00254985779611161,completed_raw
xlang3,deepcopy,deepcopy,5,1,0.002502849985830835,completed_raw
xlang3,deepcopy,deepcopy,6,0,0.0026081781506945845,completed_raw
xlang3,deepcopy,deepcopy,6,1,0.0026753953334264224,completed_raw
xlang3,deepcopy,deepcopy,7,0,0.0025554359417583328,completed_raw
xlang3,deepcopy,deepcopy,7,1,0.0025422874932701234,completed_raw
xlang3,deepcopy,deepcopy,8,0,0.002561307821451919,completed_raw
xlang3,deepcopy,deepcopy,8,1,0.0026406781316836714,completed_raw
xlang3,deepcopy,deepcopy,9,0,0.002553879675360804,completed_raw
xlang3,deepcopy,deepcopy,9,1,0.002593631229501625,completed_raw
xlang3,deepcopy,deepcopy,10,0,0.0025655093895693426,completed_raw
xlang3,deepcopy,deepcopy,10,1,0.002581271874078084,completed_raw
xlang3,deepcopy,deepcopy_reduce,1,0,2.6845654303997435e-05,completed_raw
xlang3,deepcopy,deepcopy_reduce,1,1,2.731645507481062e-05,completed_raw
xlang3,deepcopy,deepcopy_reduce,2,0,2.8242065425843066e-05,completed_raw
xlang3,deepcopy,deepcopy_reduce,2,1,2.8078466797865076e-05,completed_raw
xlang3,deepcopy,deepcopy_reduce,3,0,2.7850805665252665e-05,completed_raw
xlang3,deepcopy,deepcopy_reduce,3,1,2.733320312131582e-05,completed_raw
xlang3,deepcopy,deepcopy_reduce,4,0,2.8357128897482653e-05,completed_raw
xlang3,deepcopy,deepcopy_reduce,4,1,2.7307104502938273e-05,completed_raw
xlang3,deepcopy,deepcopy_reduce,5,0,2.7882055661621052e-05,completed_raw
xlang3,deepcopy,deepcopy_reduce,5,1,2.7546069333084233e-05,completed_raw
xlang3,deepcopy,deepcopy_reduce,6,0,2.7618774410598235e-05,completed_raw
xlang3,deepcopy,deepcopy_reduce,6,1,2.945993652758716e-05,completed_raw
xlang3,deepcopy,deepcopy_reduce,7,0,2.6947509766728217e-05,completed_raw
xlang3,deepcopy,deepcopy_reduce,7,1,2.7483813482831465e-05,completed_raw
xlang3,deepcopy,deepcopy_reduce,8,0,2.8160693361201083e-05,completed_raw
xlang3,deepcopy,deepcopy_reduce,8,1,2.833347167552347e-05,completed_raw
xlang3,deepcopy,deepcopy_reduce,9,0,2.7750610357202277e-05,completed_raw
xlang3,deepcopy,deepcopy_reduce,9,1,2.7822192379289845e-05,completed_raw
xlang3,deepcopy,deepcopy_reduce,10,0,2.7821679694284285e-05,completed_raw
xlang3,deepcopy,deepcopy_reduce,10,1,2.7127319341957445e-05,completed_raw
xlang3,deepcopy,deepcopy_memo,1,0,0.0002823287109094963,completed_raw
xlang3,deepcopy,deepcopy_memo,1,1,0.0002799863281097714,completed_raw
xlang3,deepcopy,deepcopy_memo,2,0,0.00027708085940503224,completed_raw
xlang3,deepcopy,deepcopy_memo,2,1,0.00028178300783565646,completed_raw
xlang3,deepcopy,deepcopy_memo,3,0,0.0002781939452916049,completed_raw
xlang3,deepcopy,deepcopy_memo,3,1,0.0002793685546294,completed_raw
xlang3,deepcopy,deepcopy_memo,4,0,0.0002756529297585075,completed_raw
xlang3,deepcopy,deepcopy_memo,4,1,0.00028322656260115764,completed_raw
xlang3,deepcopy,deepcopy_memo,5,0,0.0002812681640307346,completed_raw
xlang3,deepcopy,deepcopy_memo,5,1,0.0002906171874883512,completed_raw
xlang3,deepcopy,deepcopy_memo,6,0,0.0002822585937565236,completed_raw
xlang3,deepcopy,deepcopy_memo,6,1,0.0002825085937274707,completed_raw
xlang3,deepcopy,deepcopy_memo,7,0,0.00029210917966793204,completed_raw
xlang3,deepcopy,deepcopy_memo,7,1,0.0002901374999737527,completed_raw
xlang3,deepcopy,deepcopy_memo,8,0,0.0002828427734584693,completed_raw
xlang3,deepcopy,deepcopy_memo,8,1,0.0002875615234643192,completed_raw
xlang3,deepcopy,deepcopy_memo,9,0,0.00027654140626509616,completed_raw
xlang3,deepcopy,deepcopy_memo,9,1,0.0002811669921811699,completed_raw
xlang3,deepcopy,deepcopy_memo,10,0,0.0002787583985082165,completed_raw
xlang3,deepcopy,deepcopy_memo,10,1,0.00027483554686114076,completed_raw
xlang3,deltablue,deltablue,1,0,0.04010274999018293,completed_raw
xlang3,deltablue,deltablue,1,1,0.04026740000699647,completed_raw
xlang3,deltablue,deltablue,2,0,0.03900959999009501,completed_raw
xlang3,deltablue,deltablue,2,1,0.04040369999711402,completed_raw
xlang3,deltablue,deltablue,3,0,0.03988692499115132,completed_raw
xlang3,deltablue,deltablue,3,1,0.03921654999430757,completed_raw
xlang3,deltablue,deltablue,4,0,0.04032664999249391,completed_raw
xlang3,deltablue,deltablue,4,1,0.04007945000194013,completed_raw
xlang3,deltablue,deltablue,5,0,0.040441849996568635,completed_raw
xlang3,deltablue,deltablue,5,1,0.0399606249993667,completed_raw
xlang3,deltablue,deltablue,6,0,0.04039549999288283,completed_raw
xlang3,deltablue,deltablue,6,1,0.040864199996576644,completed_raw
xlang3,deltablue,deltablue,7,0,0.039174874997115694,completed_raw
xlang3,deltablue,deltablue,7,1,0.039723474998027086,completed_raw
xlang3,deltablue,deltablue,8,0,0.03926477499771863,completed_raw
xlang3,deltablue,deltablue,8,1,0.03902557499532122,completed_raw
xlang3,deltablue,deltablue,9,0,0.0397392500017304,completed_raw
xlang3,deltablue,deltablue,9,1,0.04174385000078473,completed_raw
xlang3,deltablue,deltablue,10,0,0.04023027500079479,completed_raw
xlang3,deltablue,deltablue,10,1,0.04042289999779314,completed_raw
xlang3,django_template,django_template,1,0,0.505360999959521,completed_raw
xlang3,django_template,django_template,1,1,0.5038553000194952,completed_raw
xlang3,django_template,django_template,2,0,0.5276808000053279,completed_raw
xlang3,django_template,django_template,2,1,0.5264644999988377,completed_raw
xlang3,django_template,django_template,3,0,0.5160484000225551,completed_raw
xlang3,django_template,django_template,3,1,0.522966800024733,completed_raw
xlang3,django_template,django_template,4,0,0.5284758000052534,completed_raw
xlang3,django_template,django_template,4,1,0.5136733000399545,completed_raw
xlang3,django_template,django_template,5,0,0.5181185000110418,completed_raw
xlang3,django_template,django_template,5,1,0.5397879999945872,completed_raw
xlang3,django_template,django_template,6,0,0.5130388999823481,completed_raw
xlang3,django_template,django_template,6,1,0.5184120000340044,completed_raw
xlang3,django_template,django_template,7,0,0.5577157000079751,completed_raw
xlang3,django_template,django_template,7,1,0.5138687999569811,completed_raw
xlang3,django_template,django_template,8,0,0.5208867999608628,completed_raw
xlang3,django_template,django_template,8,1,0.5328235999913886,completed_raw
xlang3,django_template,django_template,9,0,0.5331819000421092,completed_raw
xlang3,django_template,django_template,9,1,0.5149722000351176,completed_raw
xlang3,django_template,django_template,10,0,0.5270362999872304,completed_raw
xlang3,django_template,django_template,10,1,0.5283533000038005,completed_raw
xlang3,fannkuch,fannkuch,1,0,0.27727219997905195,completed_raw
xlang3,fannkuch,fannkuch,1,1,0.2811097999801859,completed_raw
xlang3,fannkuch,fannkuch,2,0,0.28086460003396496,completed_raw
xlang3,fannkuch,fannkuch,2,1,0.2803790000034496,completed_raw
xlang3,fannkuch,fannkuch,3,0,0.2869339000317268,completed_raw
xlang3,fannkuch,fannkuch,3,1,0.2939871999551542,completed_raw
xlang3,fannkuch,fannkuch,4,0,0.28185680002206936,completed_raw
xlang3,fannkuch,fannkuch,4,1,0.2775537999696098,completed_raw
xlang3,fannkuch,fannkuch,5,0,0.28554800001438707,completed_raw
xlang3,fannkuch,fannkuch,5,1,0.2846498999861069,completed_raw
xlang3,fannkuch,fannkuch,6,0,0.2843362999847159,completed_raw
xlang3,fannkuch,fannkuch,6,1,0.28706549998605624,completed_raw
xlang3,fannkuch,fannkuch,7,0,0.27361589996144176,completed_raw
xlang3,fannkuch,fannkuch,7,1,0.27590810001129285,completed_raw
xlang3,fannkuch,fannkuch,8,0,0.2815066000330262,completed_raw
xlang3,fannkuch,fannkuch,8,1,0.27713819994824007,completed_raw
xlang3,fannkuch,fannkuch,9,0,0.29413940000813454,completed_raw
xlang3,fannkuch,fannkuch,9,1,0.2910021999850869,completed_raw
xlang3,fannkuch,fannkuch,10,0,0.2901539000449702,completed_raw
xlang3,fannkuch,fannkuch,10,1,0.2848969999467954,completed_raw
xlang3,float,float,1,0,0.07767389999935403,completed_raw
xlang3,float,float,1,1,0.08160034997854382,completed_raw
xlang3,float,float,2,0,0.07579184998758137,completed_raw
xlang3,float,float,2,1,0.07636840001214296,completed_raw
xlang3,float,float,3,0,0.08141749998321757,completed_raw
xlang3,float,float,3,1,0.079446799994912,completed_raw
xlang3,float,float,4,0,0.07667579999542795,completed_raw
xlang3,float,float,4,1,0.07812125000054948,completed_raw
xlang3,float,float,5,0,0.07920244999695569,completed_raw
xlang3,float,float,5,1,0.0755559999961406,completed_raw
xlang3,float,float,6,0,0.07767515000887215,completed_raw
xlang3,float,float,6,1,0.07563599999411963,completed_raw
xlang3,float,float,7,0,0.0781962999899406,completed_raw
xlang3,float,float,7,1,0.07650835000094958,completed_raw
xlang3,float,float,8,0,0.07783155000652187,completed_raw
xlang3,float,float,8,1,0.09118074999423698,completed_raw
xlang3,float,float,9,0,0.07668919998104684,completed_raw
xlang3,float,float,9,1,0.07824040000559762,completed_raw
xlang3,float,float,10,0,0.0770595499780029,completed_raw
xlang3,float,float,10,1,0.08122670001466759,completed_raw
xlang3,gc_traversal,gc_traversal,1,0,0.0007070125013797224,workload_unscored
xlang3,gc_traversal,gc_traversal,1,1,0.0006870675788377412,workload_unscored
xlang3,gc_traversal,gc_traversal,2,0,0.0007008820332430332,workload_unscored
xlang3,gc_traversal,gc_traversal,2,1,0.0008410410137003055,workload_unscored
xlang3,gc_traversal,gc_traversal,3,0,0.0006718441418342991,workload_unscored
xlang3,gc_traversal,gc_traversal,3,1,0.0006683324188543338,workload_unscored
xlang3,gc_traversal,gc_traversal,4,0,0.0006758296865427837,workload_unscored
xlang3,gc_traversal,gc_traversal,4,1,0.0006787914053347777,workload_unscored
xlang3,gc_traversal,gc_traversal,5,0,0.000715153124929202,workload_unscored
xlang3,gc_traversal,gc_traversal,5,1,0.0007040671875984117,workload_unscored
xlang3,gc_traversal,gc_traversal,6,0,0.0006809328149302019,workload_unscored
xlang3,gc_traversal,gc_traversal,6,1,0.0006710855466280918,workload_unscored
xlang3,gc_traversal,gc_traversal,7,0,0.0006783363285194355,workload_unscored
xlang3,gc_traversal,gc_traversal,7,1,0.0006990070303345419,workload_unscored
xlang3,gc_traversal,gc_traversal,8,0,0.0006779273469419422,workload_unscored
xlang3,gc_traversal,gc_traversal,8,1,0.0006841347674253484,workload_unscored
xlang3,gc_traversal,gc_traversal,9,0,0.0006761867186924064,workload_unscored
xlang3,gc_traversal,gc_traversal,9,1,0.0006966882813230768,workload_unscored
xlang3,gc_traversal,gc_traversal,10,0,0.0007042113265924854,workload_unscored
xlang3,gc_traversal,gc_traversal,10,1,0.0006898164047015598,workload_unscored
xlang3,generators,generators,1,0,0.3238390000187792,completed_raw
xlang3,generators,generators,1,1,0.32152110000606626,completed_raw
xlang3,generators,generators,2,0,0.3233425000216812,completed_raw
xlang3,generators,generators,2,1,0.323229200032074,completed_raw
xlang3,generators,generators,3,0,0.3832634999998845,completed_raw
xlang3,generators,generators,3,1,0.370500200020615,completed_raw
xlang3,generators,generators,4,0,0.33596279995981604,completed_raw
xlang3,generators,generators,4,1,0.3204871999914758,completed_raw
xlang3,generators,generators,5,0,0.31727220001630485,completed_raw
xlang3,generators,generators,5,1,0.32467290002387017,completed_raw
xlang3,generators,generators,6,0,0.3200766999507323,completed_raw
xlang3,generators,generators,6,1,0.32283010001992807,completed_raw
xlang3,generators,generators,7,0,0.3207587999640964,completed_raw
xlang3,generators,generators,7,1,0.3186365999863483,completed_raw
xlang3,generators,generators,8,0,0.3216567999916151,completed_raw
xlang3,generators,generators,8,1,0.3245179999503307,completed_raw
xlang3,generators,generators,9,0,0.3195300999796018,completed_raw
xlang3,generators,generators,9,1,0.31922090001171455,completed_raw
xlang3,generators,generators,10,0,0.3227630999754183,completed_raw
xlang3,generators,generators,10,1,0.32017939997604117,completed_raw
xlang3,genshi,genshi_text,1,0,0.34061499999370426,completed_raw
xlang3,genshi,genshi_text,1,1,0.34231809998163953,completed_raw
xlang3,genshi,genshi_text,2,0,0.35063140001147985,completed_raw
xlang3,genshi,genshi_text,2,1,0.3301927999709733,completed_raw
xlang3,genshi,genshi_text,3,0,0.3354302999796346,completed_raw
xlang3,genshi,genshi_text,3,1,0.3418854000046849,completed_raw
xlang3,genshi,genshi_text,4,0,0.33635729999514297,completed_raw
xlang3,genshi,genshi_text,4,1,0.3783510999637656,completed_raw
xlang3,genshi,genshi_text,5,0,0.3433268999797292,completed_raw
xlang3,genshi,genshi_text,5,1,0.335886099957861,completed_raw
xlang3,genshi,genshi_text,6,0,0.3379974000272341,completed_raw
xlang3,genshi,genshi_text,6,1,0.3341421000077389,completed_raw
xlang3,genshi,genshi_text,7,0,0.3375157000264153,completed_raw
xlang3,genshi,genshi_text,7,1,0.3362765000201762,completed_raw
xlang3,genshi,genshi_text,8,0,0.337362399965059,completed_raw
xlang3,genshi,genshi_text,8,1,0.33899429999291897,completed_raw
xlang3,genshi,genshi_text,9,0,0.336027399986051,completed_raw
xlang3,genshi,genshi_text,9,1,0.33669900003587827,completed_raw
xlang3,genshi,genshi_text,10,0,0.3373009000206366,completed_raw
xlang3,genshi,genshi_text,10,1,0.337946199986618,completed_raw
xlang3,genshi,genshi_xml,1,0,0.8939907000167295,completed_raw
xlang3,genshi,genshi_xml,1,1,0.9520041000214405,completed_raw
xlang3,genshi,genshi_xml,2,0,0.889528599975165,completed_raw
xlang3,genshi,genshi_xml,2,1,0.9010004000156187,completed_raw
xlang3,genshi,genshi_xml,3,0,0.9361372999846935,completed_raw
xlang3,genshi,genshi_xml,3,1,0.9110044999979436,completed_raw
xlang3,genshi,genshi_xml,4,0,0.9124046000069939,completed_raw
xlang3,genshi,genshi_xml,4,1,0.912397800013423,completed_raw
xlang3,genshi,genshi_xml,5,0,0.9712180999922566,completed_raw
xlang3,genshi,genshi_xml,5,1,0.8930467000463977,completed_raw
xlang3,genshi,genshi_xml,6,0,0.8856723999488167,completed_raw
xlang3,genshi,genshi_xml,6,1,0.9588623999734409,completed_raw
xlang3,genshi,genshi_xml,7,0,0.8855303999735042,completed_raw
xlang3,genshi,genshi_xml,7,1,0.8925124000525102,completed_raw
xlang3,genshi,genshi_xml,8,0,0.876445900008548,completed_raw
xlang3,genshi,genshi_xml,8,1,0.8914081000257283,completed_raw
xlang3,genshi,genshi_xml,9,0,0.8890258999890648,completed_raw
xlang3,genshi,genshi_xml,9,1,0.8897783000138588,completed_raw
xlang3,genshi,genshi_xml,10,0,0.9223868999979459,completed_raw
xlang3,genshi,genshi_xml,10,1,0.895355099986773,completed_raw
xlang3,go,go,1,0,0.9312151999911293,completed_raw
xlang3,go,go,1,1,0.9227719000191428,completed_raw
xlang3,go,go,2,0,0.9238301999866962,completed_raw
xlang3,go,go,2,1,0.9188883999595419,completed_raw
xlang3,go,go,3,0,0.9352969000465237,completed_raw
xlang3,go,go,3,1,0.9208555000368506,completed_raw
xlang3,go,go,4,0,0.9739409000030719,completed_raw
xlang3,go,go,4,1,0.9243630000273697,completed_raw
xlang3,go,go,5,0,0.9180882000364363,completed_raw
xlang3,go,go,5,1,0.9695757000008598,completed_raw
xlang3,go,go,6,0,0.9264387000002898,completed_raw
xlang3,go,go,6,1,0.9366472999681719,completed_raw
xlang3,go,go,7,0,0.9294114999938756,completed_raw
xlang3,go,go,7,1,0.9204723000293598,completed_raw
xlang3,go,go,8,0,0.9298447000328451,completed_raw
xlang3,go,go,8,1,0.9208938999800012,completed_raw
xlang3,go,go,9,0,0.9770977000007406,completed_raw
xlang3,go,go,9,1,0.9141571000218391,completed_raw
xlang3,go,go,10,0,0.9099130000104196,completed_raw
xlang3,go,go,10,1,0.9804163999506272,completed_raw
xlang3,hexiom,hexiom,1,0,0.048877174995141104,completed_raw
xlang3,hexiom,hexiom,1,1,0.047008674999233335,completed_raw
xlang3,hexiom,hexiom,2,0,0.0468691249989206,completed_raw
xlang3,hexiom,hexiom,2,1,0.04761410001083277,completed_raw
xlang3,hexiom,hexiom,3,0,0.048896499996772036,completed_raw
xlang3,hexiom,hexiom,3,1,0.0474099249986466,completed_raw
xlang3,hexiom,hexiom,4,0,0.04753294998954516,completed_raw
xlang3,hexiom,hexiom,4,1,0.050824625010136515,completed_raw
xlang3,hexiom,hexiom,5,0,0.04649559999234043,completed_raw
xlang3,hexiom,hexiom,5,1,0.04704027500702068,completed_raw
xlang3,hexiom,hexiom,6,0,0.048162075006985106,completed_raw
xlang3,hexiom,hexiom,6,1,0.04759529999864753,completed_raw
xlang3,hexiom,hexiom,7,0,0.05374577498878352,completed_raw
xlang3,hexiom,hexiom,7,1,0.048731874994700775,completed_raw
xlang3,hexiom,hexiom,8,0,0.045939600007841364,completed_raw
xlang3,hexiom,hexiom,8,1,0.04654532499262132,completed_raw
xlang3,hexiom,hexiom,9,0,0.047710774990264326,completed_raw
xlang3,hexiom,hexiom,9,1,0.04741919999651145,completed_raw
xlang3,hexiom,hexiom,10,0,0.04737625000416301,completed_raw
xlang3,hexiom,hexiom,10,1,0.04600867499539163,completed_raw
xlang3,html5lib,html5lib,1,0,0.7020877999602817,completed_raw
xlang3,html5lib,html5lib,1,1,0.6600852999836206,completed_raw
xlang3,html5lib,html5lib,2,0,0.6629742000368424,completed_raw
xlang3,html5lib,html5lib,2,1,0.6572295000078157,completed_raw
xlang3,html5lib,html5lib,3,0,0.6646645999862812,completed_raw
xlang3,html5lib,html5lib,3,1,0.6813407000154257,completed_raw
xlang3,html5lib,html5lib,4,0,0.6533824999933131,completed_raw
xlang3,html5lib,html5lib,4,1,0.7307444000034593,completed_raw
xlang3,html5lib,html5lib,5,0,0.6622969000018202,completed_raw
xlang3,html5lib,html5lib,5,1,0.654917599982582,completed_raw
xlang3,html5lib,html5lib,6,0,0.6732517999480478,completed_raw
xlang3,html5lib,html5lib,6,1,0.658314700005576,completed_raw
xlang3,html5lib,html5lib,7,0,0.6511486999806948,completed_raw
xlang3,html5lib,html5lib,7,1,0.6695959999924526,completed_raw
xlang3,html5lib,html5lib,8,0,0.6581160000059754,completed_raw
xlang3,html5lib,html5lib,8,1,0.6757117999950424,completed_raw
xlang3,html5lib,html5lib,9,0,0.6881591999554075,completed_raw
xlang3,html5lib,html5lib,9,1,0.6531583999749273,completed_raw
xlang3,html5lib,html5lib,10,0,0.6573240000288934,completed_raw
xlang3,html5lib,html5lib,10,1,0.6444577999645844,completed_raw
xlang3,json_dumps,json_dumps,1,0,0.03582457499578595,completed_raw
xlang3,json_dumps,json_dumps,1,1,0.035785950007266365,completed_raw
xlang3,json_dumps,json_dumps,2,0,0.036201074995915405,completed_raw
xlang3,json_dumps,json_dumps,2,1,0.0361021749995416,completed_raw
xlang3,json_dumps,json_dumps,3,0,0.03520080000453163,completed_raw
xlang3,json_dumps,json_dumps,3,1,0.036819924993324094,completed_raw
xlang3,json_dumps,json_dumps,4,0,0.0360714749986073,completed_raw
xlang3,json_dumps,json_dumps,4,1,0.036282900007790886,completed_raw
xlang3,json_dumps,json_dumps,5,0,0.03604727500351146,completed_raw
xlang3,json_dumps,json_dumps,5,1,0.034586349996970966,completed_raw
xlang3,json_dumps,json_dumps,6,0,0.035737599988351576,completed_raw
xlang3,json_dumps,json_dumps,6,1,0.03611662499315571,completed_raw
xlang3,json_dumps,json_dumps,7,0,0.03651854999770876,completed_raw
xlang3,json_dumps,json_dumps,7,1,0.035478924997732975,completed_raw
xlang3,json_dumps,json_dumps,8,0,0.035151425006915815,completed_raw
xlang3,json_dumps,json_dumps,8,1,0.035869649989763275,completed_raw
xlang3,json_dumps,json_dumps,9,0,0.035138349994667806,completed_raw
xlang3,json_dumps,json_dumps,9,1,0.03524292500515003,completed_raw
xlang3,json_dumps,json_dumps,10,0,0.03542447499057744,completed_raw
xlang3,json_dumps,json_dumps,10,1,0.03650092500902247,completed_raw
xlang3,json_loads,json_loads,1,0,8.06141406428651e-05,completed_raw
xlang3,json_loads,json_loads,1,1,8.220953127420216e-05,completed_raw
xlang3,json_loads,json_loads,2,0,8.091156250884523e-05,completed_raw
xlang3,json_loads,json_loads,2,1,7.82528125000681e-05,completed_raw
xlang3,json_loads,json_loads,3,0,8.223070312851632e-05,completed_raw
xlang3,json_loads,json_loads,3,1,8.095195312307624e-05,completed_raw
xlang3,json_loads,json_loads,4,0,8.043968750826025e-05,completed_raw
xlang3,json_loads,json_loads,4,1,8.296671871903527e-05,completed_raw
xlang3,json_loads,json_loads,5,0,8.11138281278545e-05,completed_raw
xlang3,json_loads,json_loads,5,1,8.372054689971264e-05,completed_raw
xlang3,json_loads,json_loads,6,0,8.170382811840682e-05,completed_raw
xlang3,json_loads,json_loads,6,1,7.960281250234403e-05,completed_raw
xlang3,json_loads,json_loads,7,0,8.083328120846999e-05,completed_raw
xlang3,json_loads,json_loads,7,1,8.159539061125543e-05,completed_raw
xlang3,json_loads,json_loads,8,0,8.044734377108398e-05,completed_raw
xlang3,json_loads,json_loads,8,1,7.928265627015208e-05,completed_raw
xlang3,json_loads,json_loads,9,0,8.15203125057451e-05,completed_raw
xlang3,json_loads,json_loads,9,1,8.174132813110191e-05,completed_raw
xlang3,json_loads,json_loads,10,0,8.2719062538672e-05,completed_raw
xlang3,json_loads,json_loads,10,1,8.076273434198811e-05,completed_raw
xlang3,logging,logging_format,1,0,9.463085939387383e-05,completed_raw
xlang3,logging,logging_format,1,1,9.448476562283759e-05,completed_raw
xlang3,logging,logging_format,2,0,9.547070308144612e-05,completed_raw
xlang3,logging,logging_format,2,1,9.523093749521649e-05,completed_raw
xlang3,logging,logging_format,3,0,9.396320310770535e-05,completed_raw
xlang3,logging,logging_format,3,1,9.44614843774616e-05,completed_raw
xlang3,logging,logging_format,4,0,0.00010172015627176733,completed_raw
xlang3,logging,logging_format,4,1,9.66619531482138e-05,completed_raw
xlang3,logging,logging_format,5,0,9.373234374834282e-05,completed_raw
xlang3,logging,logging_format,5,1,9.343226561213669e-05,completed_raw
xlang3,logging,logging_format,6,0,9.916859376062348e-05,completed_raw
xlang3,logging,logging_format,6,1,9.316750001744367e-05,completed_raw
xlang3,logging,logging_format,7,0,9.587164063304954e-05,completed_raw
xlang3,logging,logging_format,7,1,9.242140622518491e-05,completed_raw
xlang3,logging,logging_format,8,0,9.530601564620156e-05,completed_raw
xlang3,logging,logging_format,8,1,9.587031249793653e-05,completed_raw
xlang3,logging,logging_format,9,0,0.00015190867188721313,completed_raw
xlang3,logging,logging_format,9,1,9.704624999358202e-05,completed_raw
xlang3,logging,logging_format,10,0,9.39200000175333e-05,completed_raw
xlang3,logging,logging_format,10,1,9.347156246803933e-05,completed_raw
xlang3,logging,logging_silent,1,0,1.0820275878842268e-06,completed_raw
xlang3,logging,logging_silent,1,1,1.0997424318759385e-06,completed_raw
xlang3,logging,logging_silent,2,0,1.130449829034319e-06,completed_raw
xlang3,logging,logging_silent,2,1,1.1127221679174682e-06,completed_raw
xlang3,logging,logging_silent,3,0,1.1094744873929585e-06,completed_raw
xlang3,logging,logging_silent,3,1,1.114663696455409e-06,completed_raw
xlang3,logging,logging_silent,4,0,1.0994836426192478e-06,completed_raw
xlang3,logging,logging_silent,4,1,1.1035174562579187e-06,completed_raw
xlang3,logging,logging_silent,5,0,1.1400439454689604e-06,completed_raw
xlang3,logging,logging_silent,5,1,1.129143676692479e-06,completed_raw
xlang3,logging,logging_silent,6,0,1.4582922361228156e-06,completed_raw
xlang3,logging,logging_silent,6,1,1.1450915526012296e-06,completed_raw
xlang3,logging,logging_silent,7,0,1.110532836889888e-06,completed_raw
xlang3,logging,logging_silent,7,1,1.1457122802482899e-06,completed_raw
xlang3,logging,logging_silent,8,0,1.1147113035292477e-06,completed_raw
xlang3,logging,logging_silent,8,1,1.1824652098368914e-06,completed_raw
xlang3,logging,logging_silent,9,0,1.0818920898714169e-06,completed_raw
xlang3,logging,logging_silent,9,1,1.1616961668181602e-06,completed_raw
xlang3,logging,logging_silent,10,0,1.1113507078164276e-06,completed_raw
xlang3,logging,logging_silent,10,1,1.0927166748331275e-06,completed_raw
xlang3,logging,logging_simple,1,0,9.24689062685502e-05,completed_raw
xlang3,logging,logging_simple,1,1,9.083843747248466e-05,completed_raw
xlang3,logging,logging_simple,2,0,9.06532812223304e-05,completed_raw
xlang3,logging,logging_simple,2,1,9.110562496061902e-05,completed_raw
xlang3,logging,logging_simple,3,0,9.17122656119318e-05,completed_raw
xlang3,logging,logging_simple,3,1,9.120703125518049e-05,completed_raw
xlang3,logging,logging_simple,4,0,8.953312499215826e-05,completed_raw
xlang3,logging,logging_simple,4,1,9.076046876543842e-05,completed_raw
xlang3,logging,logging_simple,5,0,8.975171872407372e-05,completed_raw
xlang3,logging,logging_simple,5,1,8.985804688563804e-05,completed_raw
xlang3,logging,logging_simple,6,0,9.005859374155989e-05,completed_raw
xlang3,logging,logging_simple,6,1,9.018796877171553e-05,completed_raw
xlang3,logging,logging_simple,7,0,8.872273438100819e-05,completed_raw
xlang3,logging,logging_simple,7,1,8.97946094028157e-05,completed_raw
xlang3,logging,logging_simple,8,0,8.92297656264418e-05,completed_raw
xlang3,logging,logging_simple,8,1,8.81498437593109e-05,completed_raw
xlang3,logging,logging_simple,9,0,8.812406249489869e-05,completed_raw
xlang3,logging,logging_simple,9,1,8.790320316620637e-05,completed_raw
xlang3,logging,logging_simple,10,0,8.761148437770316e-05,completed_raw
xlang3,logging,logging_simple,10,1,9.10796093648969e-05,completed_raw
xlang3,meteor_contest,meteor_contest,1,0,1.234257800038904,completed_raw
xlang3,meteor_contest,meteor_contest,1,1,1.212277400016319,completed_raw
xlang3,meteor_contest,meteor_contest,2,0,1.2806991999968886,completed_raw
xlang3,meteor_contest,meteor_contest,2,1,1.2122695000143722,completed_raw
xlang3,meteor_contest,meteor_contest,3,0,1.2345248999772593,completed_raw
xlang3,meteor_contest,meteor_contest,3,1,1.2179379999870434,completed_raw
xlang3,meteor_contest,meteor_contest,4,0,1.2739258999936283,completed_raw
xlang3,meteor_contest,meteor_contest,4,1,1.2159477000241168,completed_raw
xlang3,meteor_contest,meteor_contest,5,0,1.3081868999870494,completed_raw
xlang3,meteor_contest,meteor_contest,5,1,1.2166006999905221,completed_raw
xlang3,meteor_contest,meteor_contest,6,0,1.2071175999590196,completed_raw
xlang3,meteor_contest,meteor_contest,6,1,1.2114833999658003,completed_raw
xlang3,meteor_contest,meteor_contest,7,0,1.2425448999856599,completed_raw
xlang3,meteor_contest,meteor_contest,7,1,1.2172283999971114,completed_raw
xlang3,meteor_contest,meteor_contest,8,0,1.2162261999910697,completed_raw
xlang3,meteor_contest,meteor_contest,8,1,1.2011976999929175,completed_raw
xlang3,meteor_contest,meteor_contest,9,0,1.2153344000107609,completed_raw
xlang3,meteor_contest,meteor_contest,9,1,1.2136877999873832,completed_raw
xlang3,meteor_contest,meteor_contest,10,0,1.2061160000157543,completed_raw
xlang3,meteor_contest,meteor_contest,10,1,1.2385729000088759,completed_raw
xlang3,nbody,nbody,1,0,0.31979400001000613,completed_raw
xlang3,nbody,nbody,1,1,0.3259126999764703,completed_raw
xlang3,nbody,nbody,2,0,0.32174529996700585,completed_raw
xlang3,nbody,nbody,2,1,0.3181175999925472,completed_raw
xlang3,nbody,nbody,3,0,0.3249569999752566,completed_raw
xlang3,nbody,nbody,3,1,0.3276249999762513,completed_raw
xlang3,nbody,nbody,4,0,0.31044930004281923,completed_raw
xlang3,nbody,nbody,4,1,0.32277699996484444,completed_raw
xlang3,nbody,nbody,5,0,0.32662120001623407,completed_raw
xlang3,nbody,nbody,5,1,0.3229435000102967,completed_raw
xlang3,nbody,nbody,6,0,0.35203350003575906,completed_raw
xlang3,nbody,nbody,6,1,0.33674239995889366,completed_raw
xlang3,nbody,nbody,7,0,0.31961250002495944,completed_raw
xlang3,nbody,nbody,7,1,0.321885299985297,completed_raw
xlang3,nbody,nbody,8,0,0.3196708000032231,completed_raw
xlang3,nbody,nbody,8,1,0.3160276999697089,completed_raw
xlang3,nbody,nbody,9,0,0.3676869999617338,completed_raw
xlang3,nbody,nbody,9,1,0.3385441999998875,completed_raw
xlang3,nbody,nbody,10,0,0.32372569997096434,completed_raw
xlang3,nbody,nbody,10,1,0.3203601000132039,completed_raw
xlang3,networkx,shortest_path,1,0,0.9828734999755397,completed_raw
xlang3,networkx,shortest_path,1,1,1.0044116000062786,completed_raw
xlang3,networkx,shortest_path,2,0,1.0008838000358082,completed_raw
xlang3,networkx,shortest_path,2,1,1.007776600017678,completed_raw
xlang3,networkx,shortest_path,3,0,1.0029902000096627,completed_raw
xlang3,networkx,shortest_path,3,1,0.999374299950432,completed_raw
xlang3,networkx,shortest_path,4,0,0.9877483999589458,completed_raw
xlang3,networkx,shortest_path,4,1,1.0323646999895573,completed_raw
xlang3,networkx,shortest_path,5,0,1.0160027000238188,completed_raw
xlang3,networkx,shortest_path,5,1,0.9841284000431187,completed_raw
xlang3,networkx,shortest_path,6,0,1.0015798999811523,completed_raw
xlang3,networkx,shortest_path,6,1,1.064972400024999,completed_raw
xlang3,networkx,shortest_path,7,0,1.0355565000209026,completed_raw
xlang3,networkx,shortest_path,7,1,1.0211511999950744,completed_raw
xlang3,networkx,shortest_path,8,0,0.983619800012093,completed_raw
xlang3,networkx,shortest_path,8,1,1.0223935000249185,completed_raw
xlang3,networkx,shortest_path,9,0,0.9535880000330508,completed_raw
xlang3,networkx,shortest_path,9,1,0.9558269999688491,completed_raw
xlang3,networkx,shortest_path,10,0,1.0278612000402063,completed_raw
xlang3,networkx,shortest_path,10,1,0.9939275999786332,completed_raw
xlang3,networkx_connected_components,connected_components,1,0,0.747580100025516,completed_raw
xlang3,networkx_connected_components,connected_components,1,1,0.687626100028865,completed_raw
xlang3,networkx_connected_components,connected_components,2,0,0.682488500024192,completed_raw
xlang3,networkx_connected_components,connected_components,2,1,0.7409618999809027,completed_raw
xlang3,networkx_connected_components,connected_components,3,0,0.8438396000419743,completed_raw
xlang3,networkx_connected_components,connected_components,3,1,0.7712911000126041,completed_raw
xlang3,networkx_connected_components,connected_components,4,0,0.6593041000305675,completed_raw
xlang3,networkx_connected_components,connected_components,4,1,0.7424145999830216,completed_raw
xlang3,networkx_connected_components,connected_components,5,0,0.7428461999516003,completed_raw
xlang3,networkx_connected_components,connected_components,5,1,0.727914699993562,completed_raw
xlang3,networkx_connected_components,connected_components,6,0,0.7454024999751709,completed_raw
xlang3,networkx_connected_components,connected_components,6,1,0.6972734000300989,completed_raw
xlang3,networkx_connected_components,connected_components,7,0,0.7253017000039108,completed_raw
xlang3,networkx_connected_components,connected_components,7,1,0.7096979999914765,completed_raw
xlang3,networkx_connected_components,connected_components,8,0,0.7594712999998592,completed_raw
xlang3,networkx_connected_components,connected_components,8,1,0.6853764000115916,completed_raw
xlang3,networkx_connected_components,connected_components,9,0,0.7410619999864139,completed_raw
xlang3,networkx_connected_components,connected_components,9,1,0.6951082000159658,completed_raw
xlang3,networkx_connected_components,connected_components,10,0,0.7297926000319421,completed_raw
xlang3,networkx_connected_components,connected_components,10,1,0.8455367999849841,completed_raw
xlang3,networkx_k_core,k_core,1,0,5.923919400025625,completed_raw
xlang3,networkx_k_core,k_core,1,1,5.85020300000906,completed_raw
xlang3,networkx_k_core,k_core,2,0,5.83643830002984,completed_raw
xlang3,networkx_k_core,k_core,2,1,5.770619100017939,completed_raw
xlang3,networkx_k_core,k_core,3,0,5.980673800047953,completed_raw
xlang3,networkx_k_core,k_core,3,1,5.754974899988156,completed_raw
xlang3,networkx_k_core,k_core,4,0,5.75800629996229,completed_raw
xlang3,networkx_k_core,k_core,4,1,5.769622099993285,completed_raw
xlang3,networkx_k_core,k_core,5,0,5.773288999975193,completed_raw
xlang3,networkx_k_core,k_core,5,1,5.787949800025672,completed_raw
xlang3,networkx_k_core,k_core,6,0,5.878559300035704,completed_raw
xlang3,networkx_k_core,k_core,6,1,5.992212400014978,completed_raw
xlang3,networkx_k_core,k_core,7,0,6.039231900009327,completed_raw
xlang3,networkx_k_core,k_core,7,1,5.84080870001344,completed_raw
xlang3,networkx_k_core,k_core,8,0,5.869018699973822,completed_raw
xlang3,networkx_k_core,k_core,8,1,5.835102799988817,completed_raw
xlang3,networkx_k_core,k_core,9,0,5.796080500003882,completed_raw
xlang3,networkx_k_core,k_core,9,1,5.6863110000267625,completed_raw
xlang3,networkx_k_core,k_core,10,0,5.853750000009313,completed_raw
xlang3,networkx_k_core,k_core,10,1,5.757079800008796,completed_raw
xlang3,nqueens,nqueens,1,0,0.9107759000035003,completed_raw
xlang3,nqueens,nqueens,1,1,0.8760322999441996,completed_raw
xlang3,nqueens,nqueens,2,0,0.8757519999635406,completed_raw
xlang3,nqueens,nqueens,2,1,0.8545133000006899,completed_raw
xlang3,nqueens,nqueens,3,0,0.8734740999643691,completed_raw
xlang3,nqueens,nqueens,3,1,0.8970603999914601,completed_raw
xlang3,nqueens,nqueens,4,0,0.865023700054735,completed_raw
xlang3,nqueens,nqueens,4,1,0.8501566000049934,completed_raw
xlang3,nqueens,nqueens,5,0,0.8559961999999359,completed_raw
xlang3,nqueens,nqueens,5,1,0.8529839999973774,completed_raw
xlang3,nqueens,nqueens,6,0,0.9286013999953866,completed_raw
xlang3,nqueens,nqueens,6,1,0.8600415000109933,completed_raw
xlang3,nqueens,nqueens,7,0,0.8544878999819048,completed_raw
xlang3,nqueens,nqueens,7,1,0.8694558999850415,completed_raw
xlang3,nqueens,nqueens,8,0,0.9532798999571241,completed_raw
xlang3,nqueens,nqueens,8,1,0.8671070999698713,completed_raw
xlang3,nqueens,nqueens,9,0,0.8659064999665134,completed_raw
xlang3,nqueens,nqueens,9,1,0.8432294999947771,completed_raw
xlang3,nqueens,nqueens,10,0,0.9060540999635123,completed_raw
xlang3,nqueens,nqueens,10,1,0.8610254999948665,completed_raw
xlang3,pathlib,pathlib,1,0,0.5714788000332192,completed_raw
xlang3,pathlib,pathlib,1,1,0.5576515999855474,completed_raw
xlang3,pathlib,pathlib,2,0,0.5555325000314042,completed_raw
xlang3,pathlib,pathlib,2,1,0.5881576000247151,completed_raw
xlang3,pathlib,pathlib,3,0,0.5675130999879912,completed_raw
xlang3,pathlib,pathlib,3,1,0.5518684000126086,completed_raw
xlang3,pathlib,pathlib,4,0,0.5652194000431336,completed_raw
xlang3,pathlib,pathlib,4,1,0.5550665999762714,completed_raw
xlang3,pathlib,pathlib,5,0,0.5525631999480538,completed_raw
xlang3,pathlib,pathlib,5,1,0.5661964000319131,completed_raw
xlang3,pathlib,pathlib,6,0,0.5503857000148855,completed_raw
xlang3,pathlib,pathlib,6,1,0.5782721000141464,completed_raw
xlang3,pathlib,pathlib,7,0,0.5817169999936596,completed_raw
xlang3,pathlib,pathlib,7,1,0.554586400045082,completed_raw
xlang3,pathlib,pathlib,8,0,0.5788682999555022,completed_raw
xlang3,pathlib,pathlib,8,1,0.55452529998729,completed_raw
xlang3,pathlib,pathlib,9,0,0.5645133000216447,completed_raw
xlang3,pathlib,pathlib,9,1,0.5994456000044011,completed_raw
xlang3,pathlib,pathlib,10,0,0.5739903000066988,completed_raw
xlang3,pathlib,pathlib,10,1,0.591986800020095,completed_raw
xlang3,pickle,pickle,1,0,1.856464843967842e-05,completed_raw
xlang3,pickle,pickle,1,1,1.8503984369999672e-05,completed_raw
xlang3,pickle,pickle,2,0,2.0463613270749193e-05,completed_raw
xlang3,pickle,pickle,2,1,2.048789062882861e-05,completed_raw
xlang3,pickle,pickle,3,0,1.974185546487206e-05,completed_raw
xlang3,pickle,pickle,3,1,2.0034609383401404e-05,completed_raw
xlang3,pickle,pickle,4,0,2.8531347663829364e-05,completed_raw
xlang3,pickle,pickle,4,1,1.794671874222331e-05,completed_raw
xlang3,pickle,pickle,5,0,1.796605467916379e-05,completed_raw
xlang3,pickle,pickle,5,1,1.7767910151178512e-05,completed_raw
xlang3,pickle,pickle,6,0,1.8042968747522536e-05,completed_raw
xlang3,pickle,pickle,6,1,1.804787109449535e-05,completed_raw
xlang3,pickle,pickle,7,0,2.0012890627185697e-05,completed_raw
xlang3,pickle,pickle,7,1,1.995742187546057e-05,completed_raw
xlang3,pickle,pickle,8,0,1.8729062492184313e-05,completed_raw
xlang3,pickle,pickle,8,1,1.784220703484607e-05,completed_raw
xlang3,pickle,pickle,9,0,1.783445312639742e-05,completed_raw
xlang3,pickle,pickle,9,1,1.8368867188200966e-05,completed_raw
xlang3,pickle,pickle,10,0,1.8866367179271036e-05,completed_raw
xlang3,pickle,pickle,10,1,2.1737910151387042e-05,completed_raw
xlang3,pickle_dict,pickle_dict,1,0,2.652080078178187e-05,completed_raw
xlang3,pickle_dict,pickle_dict,1,1,2.398349608938588e-05,completed_raw
xlang3,pickle_dict,pickle_dict,2,0,2.371888672314526e-05,completed_raw
xlang3,pickle_dict,pickle_dict,2,1,2.4534355463856628e-05,completed_raw
xlang3,pickle_dict,pickle_dict,3,0,2.3998613278308768e-05,completed_raw
xlang3,pickle_dict,pickle_dict,3,1,2.4032226565395832e-05,completed_raw
xlang3,pickle_dict,pickle_dict,4,0,3.540142578231098e-05,completed_raw
xlang3,pickle_dict,pickle_dict,4,1,2.5254453134948562e-05,completed_raw
xlang3,pickle_dict,pickle_dict,5,0,2.3229667965551927e-05,completed_raw
xlang3,pickle_dict,pickle_dict,5,1,2.3695117192801263e-05,completed_raw
xlang3,pickle_dict,pickle_dict,6,0,2.4108984382564814e-05,completed_raw
xlang3,pickle_dict,pickle_dict,6,1,2.406419921499037e-05,completed_raw
xlang3,pickle_dict,pickle_dict,7,0,2.471533204015941e-05,completed_raw
xlang3,pickle_dict,pickle_dict,7,1,2.442259765302879e-05,completed_raw
xlang3,pickle_dict,pickle_dict,8,0,2.3355117195933418e-05,completed_raw
xlang3,pickle_dict,pickle_dict,8,1,2.3944238273543304e-05,completed_raw
xlang3,pickle_dict,pickle_dict,9,0,2.4448457031667205e-05,completed_raw
xlang3,pickle_dict,pickle_dict,9,1,2.393988281710335e-05,completed_raw
xlang3,pickle_dict,pickle_dict,10,0,2.881582031477592e-05,completed_raw
xlang3,pickle_dict,pickle_dict,10,1,2.3863242188326694e-05,completed_raw
xlang3,pickle_list,pickle_list,1,0,4.097519531853777e-06,completed_raw
xlang3,pickle_list,pickle_list,1,1,4.027683105789493e-06,completed_raw
xlang3,pickle_list,pickle_list,2,0,3.785534667599677e-06,completed_raw
xlang3,pickle_list,pickle_list,2,1,3.787800292798238e-06,completed_raw
xlang3,pickle_list,pickle_list,3,0,4.132038574766738e-06,completed_raw
xlang3,pickle_list,pickle_list,3,1,4.166311035191938e-06,completed_raw
xlang3,pickle_list,pickle_list,4,0,4.1148217775344165e-06,completed_raw
xlang3,pickle_list,pickle_list,4,1,4.0755029303340965e-06,completed_raw
xlang3,pickle_list,pickle_list,5,0,4.0659814445120904e-06,completed_raw
xlang3,pickle_list,pickle_list,5,1,4.050959472579052e-06,completed_raw
xlang3,pickle_list,pickle_list,6,0,4.159880371901181e-06,completed_raw
xlang3,pickle_list,pickle_list,6,1,4.159199218634058e-06,completed_raw
xlang3,pickle_list,pickle_list,7,0,3.814851073968839e-06,completed_raw
xlang3,pickle_list,pickle_list,7,1,4.750324707458731e-06,completed_raw
xlang3,pickle_list,pickle_list,8,0,4.080358887392776e-06,completed_raw
xlang3,pickle_list,pickle_list,8,1,4.024565429006089e-06,completed_raw
xlang3,pickle_list,pickle_list,9,0,4.187114257092617e-06,completed_raw
xlang3,pickle_list,pickle_list,9,1,4.107951660614617e-06,completed_raw
xlang3,pickle_list,pickle_list,10,0,4.249501952813262e-06,completed_raw
xlang3,pickle_list,pickle_list,10,1,4.079916992338895e-06,completed_raw
xlang3,pickle_pure_python,pickle_pure_python,1,0,0.003964075000840239,completed_raw
xlang3,pickle_pure_python,pickle_pure_python,1,1,0.0039750550000462685,completed_raw
xlang3,pickle_pure_python,pickle_pure_python,2,0,0.004165924999688287,completed_raw
xlang3,pickle_pure_python,pickle_pure_python,2,1,0.004020945000229403,completed_raw
xlang3,pickle_pure_python,pickle_pure_python,3,0,0.003967675000603776,completed_raw
xlang3,pickle_pure_python,pickle_pure_python,3,1,0.003961339998932089,completed_raw
xlang3,pickle_pure_python,pickle_pure_python,4,0,0.0040405474996077825,completed_raw
xlang3,pickle_pure_python,pickle_pure_python,4,1,0.003982487499888521,completed_raw
xlang3,pickle_pure_python,pickle_pure_python,5,0,0.004994067500228993,completed_raw
xlang3,pickle_pure_python,pickle_pure_python,5,1,0.00442036000022199,completed_raw
xlang3,pickle_pure_python,pickle_pure_python,6,0,0.003916615000343881,completed_raw
xlang3,pickle_pure_python,pickle_pure_python,6,1,0.003981704999750946,completed_raw
xlang3,pickle_pure_python,pickle_pure_python,7,0,0.004232199999387376,completed_raw
xlang3,pickle_pure_python,pickle_pure_python,7,1,0.0040222424999228675,completed_raw
xlang3,pickle_pure_python,pickle_pure_python,8,0,0.003940697500365786,completed_raw
xlang3,pickle_pure_python,pickle_pure_python,8,1,0.003971379999711644,completed_raw
xlang3,pickle_pure_python,pickle_pure_python,9,0,0.004102387500461191,completed_raw
xlang3,pickle_pure_python,pickle_pure_python,9,1,0.004039927499252372,completed_raw
xlang3,pickle_pure_python,pickle_pure_python,10,0,0.004082650000054855,completed_raw
xlang3,pickle_pure_python,pickle_pure_python,10,1,0.003962340000725817,completed_raw
xlang3,pidigits,pidigits,1,0,0.22182580002117902,completed_raw
xlang3,pidigits,pidigits,1,1,0.22345900000073016,completed_raw
xlang3,pidigits,pidigits,2,0,0.22739110002294183,completed_raw
xlang3,pidigits,pidigits,2,1,0.2187091000378132,completed_raw
xlang3,pidigits,pidigits,3,0,0.21870420000050217,completed_raw
xlang3,pidigits,pidigits,3,1,0.22325420001288876,completed_raw
xlang3,pidigits,pidigits,4,0,0.22341759997652844,completed_raw
xlang3,pidigits,pidigits,4,1,0.22356929996749386,completed_raw
xlang3,pidigits,pidigits,5,0,0.22592150000855327,completed_raw
xlang3,pidigits,pidigits,5,1,0.22112549998564646,completed_raw
xlang3,pidigits,pidigits,6,0,0.22133800003211945,completed_raw
xlang3,pidigits,pidigits,6,1,0.22413559997221455,completed_raw
xlang3,pidigits,pidigits,7,0,0.2207281999872066,completed_raw
xlang3,pidigits,pidigits,7,1,0.2176323999883607,completed_raw
xlang3,pidigits,pidigits,8,0,0.224426599976141,completed_raw
xlang3,pidigits,pidigits,8,1,0.22303029999602586,completed_raw
xlang3,pidigits,pidigits,9,0,0.2254687999957241,completed_raw
xlang3,pidigits,pidigits,9,1,0.21919579996028915,completed_raw
xlang3,pidigits,pidigits,10,0,0.22408429998904467,completed_raw
xlang3,pidigits,pidigits,10,1,0.23470980004640296,completed_raw
xlang3,pyflate,pyflate,1,0,2.6770621000323445,completed_raw
xlang3,pyflate,pyflate,1,1,2.646232799976133,completed_raw
xlang3,pyflate,pyflate,2,0,2.6137560000061058,completed_raw
xlang3,pyflate,pyflate,2,1,2.676099999982398,completed_raw
xlang3,pyflate,pyflate,3,0,2.634568900044542,completed_raw
xlang3,pyflate,pyflate,3,1,2.6726118000224233,completed_raw
xlang3,pyflate,pyflate,4,0,2.6535389000200666,completed_raw
xlang3,pyflate,pyflate,4,1,2.622119599953294,completed_raw
xlang3,pyflate,pyflate,5,0,2.60623019997729,completed_raw
xlang3,pyflate,pyflate,5,1,2.6759670000174083,completed_raw
xlang3,pyflate,pyflate,6,0,2.626288099971134,completed_raw
xlang3,pyflate,pyflate,6,1,2.6759409999940544,completed_raw
xlang3,pyflate,pyflate,7,0,2.71959870000137,completed_raw
xlang3,pyflate,pyflate,7,1,2.6600887999520637,completed_raw
xlang3,pyflate,pyflate,8,0,2.6132177999825217,completed_raw
xlang3,pyflate,pyflate,8,1,2.610531300015282,completed_raw
xlang3,pyflate,pyflate,9,0,2.6752550000092015,completed_raw
xlang3,pyflate,pyflate,9,1,2.6837489000172354,completed_raw
xlang3,pyflate,pyflate,10,0,2.6656952999765053,completed_raw
xlang3,pyflate,pyflate,10,1,2.6006860000197776,completed_raw
xlang3,python_startup,python_startup,1,0,0.03237124999577645,completed_raw
xlang3,python_startup,python_startup,1,1,0.030598150013247505,completed_raw
xlang3,python_startup,python_startup,1,2,0.03199274999496993,completed_raw
xlang3,python_startup,python_startup,1,3,0.031267375001334585,completed_raw
xlang3,python_startup,python_startup,1,4,0.03103842498967424,completed_raw
xlang3,python_startup,python_startup,1,5,0.03062757500447333,completed_raw
xlang3,python_startup,python_startup,2,0,0.032198424989474006,completed_raw
xlang3,python_startup,python_startup,2,1,0.032293700001901016,completed_raw
xlang3,python_startup,python_startup,2,2,0.03215917499619536,completed_raw
xlang3,python_startup,python_startup,2,3,0.03094835000229068,completed_raw
xlang3,python_startup,python_startup,2,4,0.03171737499360461,completed_raw
xlang3,python_startup,python_startup,2,5,0.03128027499769814,completed_raw
xlang3,python_startup,python_startup,3,0,0.032809074997203425,completed_raw
xlang3,python_startup,python_startup,3,1,0.03175747499335557,completed_raw
xlang3,python_startup,python_startup,3,2,0.03213479999976698,completed_raw
xlang3,python_startup,python_startup,3,3,0.031415300007211044,completed_raw
xlang3,python_startup,python_startup,3,4,0.0312564750056481,completed_raw
xlang3,python_startup,python_startup,3,5,0.03247304999968037,completed_raw
xlang3,python_startup,python_startup,4,0,0.03127259999746457,completed_raw
xlang3,python_startup,python_startup,4,1,0.03217067501100246,completed_raw
xlang3,python_startup,python_startup,4,2,0.0338173500058474,completed_raw
xlang3,python_startup,python_startup,4,3,0.03248680000251625,completed_raw
xlang3,python_startup,python_startup,4,4,0.0308884499972919,completed_raw
xlang3,python_startup,python_startup,4,5,0.03241675000754185,completed_raw
xlang3,python_startup,python_startup,5,0,0.0340065750060603,completed_raw
xlang3,python_startup,python_startup,5,1,0.03286537500389386,completed_raw
xlang3,python_startup,python_startup,5,2,0.032053575007012114,completed_raw
xlang3,python_startup,python_startup,5,3,0.032386225007940084,completed_raw
xlang3,python_startup,python_startup,5,4,0.03203797500464134,completed_raw
xlang3,python_startup,python_startup,5,5,0.03213222500926349,completed_raw
xlang3,python_startup,python_startup,6,0,0.03677317500114441,completed_raw
xlang3,python_startup,python_startup,6,1,0.03539884999918286,completed_raw
xlang3,python_startup,python_startup,6,2,0.033793049995438196,completed_raw
xlang3,python_startup,python_startup,6,3,0.03193374999682419,completed_raw
xlang3,python_startup,python_startup,6,4,0.032148275000508875,completed_raw
xlang3,python_startup,python_startup,6,5,0.03270507500565145,completed_raw
xlang3,python_startup,python_startup,7,0,0.03154224999889266,completed_raw
xlang3,python_startup,python_startup,7,1,0.031550150000839494,completed_raw
xlang3,python_startup,python_startup,7,2,0.03261512500466779,completed_raw
xlang3,python_startup,python_startup,7,3,0.03315424999163952,completed_raw
xlang3,python_startup,python_startup,7,4,0.0389907249918906,completed_raw
xlang3,python_startup,python_startup,7,5,0.041345125006046146,completed_raw
xlang3,python_startup,python_startup,8,0,0.04162037500645965,completed_raw
xlang3,python_startup,python_startup,8,1,0.033671525001409464,completed_raw
xlang3,python_startup,python_startup,8,2,0.03190177500073332,completed_raw
xlang3,python_startup,python_startup,8,3,0.031733650001115166,completed_raw
xlang3,python_startup,python_startup,8,4,0.031091074997675605,completed_raw
xlang3,python_startup,python_startup,8,5,0.030681349991937168,completed_raw
xlang3,python_startup,python_startup,9,0,0.032051349990069866,completed_raw
xlang3,python_startup,python_startup,9,1,0.031201874997350387,completed_raw
xlang3,python_startup,python_startup,9,2,0.030817275008303113,completed_raw
xlang3,python_startup,python_startup,9,3,0.031856225003139116,completed_raw
xlang3,python_startup,python_startup,9,4,0.031166325003141537,completed_raw
xlang3,python_startup,python_startup,9,5,0.03261107500293292,completed_raw
xlang3,python_startup,python_startup,10,0,0.03196499998739455,completed_raw
xlang3,python_startup,python_startup,10,1,0.05161940000834875,completed_raw
xlang3,python_startup,python_startup,10,2,0.03199869999662042,completed_raw
xlang3,python_startup,python_startup,10,3,0.0326959249941865,completed_raw
xlang3,python_startup,python_startup,10,4,0.03354267500981223,completed_raw
xlang3,python_startup,python_startup,10,5,0.030885324988048524,completed_raw
xlang3,python_startup_no_site,python_startup_no_site,1,0,0.019081174999882933,completed_raw
xlang3,python_startup_no_site,python_startup_no_site,1,1,0.020142249995842576,completed_raw
xlang3,python_startup_no_site,python_startup_no_site,1,2,0.019778850000875536,completed_raw
xlang3,python_startup_no_site,python_startup_no_site,1,3,0.01861101249960484,completed_raw
xlang3,python_startup_no_site,python_startup_no_site,1,4,0.018703162495512515,completed_raw
xlang3,python_startup_no_site,python_startup_no_site,1,5,0.01899684999807505,completed_raw
xlang3,python_startup_no_site,python_startup_no_site,2,0,0.01904600000125356,completed_raw
xlang3,python_startup_no_site,python_startup_no_site,2,1,0.01889328750257846,completed_raw
xlang3,python_startup_no_site,python_startup_no_site,2,2,0.019246950003434904,completed_raw
xlang3,python_startup_no_site,python_startup_no_site,2,3,0.019282274995930493,completed_raw
xlang3,python_startup_no_site,python_startup_no_site,2,4,0.019816100000753067,completed_raw
xlang3,python_startup_no_site,python_startup_no_site,2,5,0.021339874998375308,completed_raw
xlang3,python_startup_no_site,python_startup_no_site,3,0,0.01962462500523543,completed_raw
xlang3,python_startup_no_site,python_startup_no_site,3,1,0.01893301249947399,completed_raw
xlang3,python_startup_no_site,python_startup_no_site,3,2,0.01975105000019539,completed_raw
xlang3,python_startup_no_site,python_startup_no_site,3,3,0.019045100001676474,completed_raw
xlang3,python_startup_no_site,python_startup_no_site,3,4,0.019300025000120513,completed_raw
xlang3,python_startup_no_site,python_startup_no_site,3,5,0.01853381250111852,completed_raw
xlang3,python_startup_no_site,python_startup_no_site,4,0,0.0200056624962599,completed_raw
xlang3,python_startup_no_site,python_startup_no_site,4,1,0.019651774993690196,completed_raw
xlang3,python_startup_no_site,python_startup_no_site,4,2,0.018705949994910043,completed_raw
xlang3,python_startup_no_site,python_startup_no_site,4,3,0.018890899998950772,completed_raw
xlang3,python_startup_no_site,python_startup_no_site,4,4,0.019925712498661596,completed_raw
xlang3,python_startup_no_site,python_startup_no_site,4,5,0.019622687497758307,completed_raw
xlang3,python_startup_no_site,python_startup_no_site,5,0,0.019336312499945052,completed_raw
xlang3,python_startup_no_site,python_startup_no_site,5,1,0.01912821250152774,completed_raw
xlang3,python_startup_no_site,python_startup_no_site,5,2,0.01917733750451589,completed_raw
xlang3,python_startup_no_site,python_startup_no_site,5,3,0.019671149995701853,completed_raw
xlang3,python_startup_no_site,python_startup_no_site,5,4,0.02025068749935599,completed_raw
xlang3,python_startup_no_site,python_startup_no_site,5,5,0.018973137499415316,completed_raw
xlang3,python_startup_no_site,python_startup_no_site,6,0,0.01979047500208253,completed_raw
xlang3,python_startup_no_site,python_startup_no_site,6,1,0.020010387503134552,completed_raw
xlang3,python_startup_no_site,python_startup_no_site,6,2,0.01938742500351509,completed_raw
xlang3,python_startup_no_site,python_startup_no_site,6,3,0.018994599995494355,completed_raw
xlang3,python_startup_no_site,python_startup_no_site,6,4,0.020547574997181073,completed_raw
xlang3,python_startup_no_site,python_startup_no_site,6,5,0.019045187502342742,completed_raw
xlang3,python_startup_no_site,python_startup_no_site,7,0,0.018642750001163222,completed_raw
xlang3,python_startup_no_site,python_startup_no_site,7,1,0.01935696250438923,completed_raw
xlang3,python_startup_no_site,python_startup_no_site,7,2,0.018955425002786797,completed_raw
xlang3,python_startup_no_site,python_startup_no_site,7,3,0.019799062501988374,completed_raw
xlang3,python_startup_no_site,python_startup_no_site,7,4,0.020245199993951246,completed_raw
xlang3,python_startup_no_site,python_startup_no_site,7,5,0.01918242499959888,completed_raw
xlang3,python_startup_no_site,python_startup_no_site,8,0,0.019261099994764663,completed_raw
xlang3,python_startup_no_site,python_startup_no_site,8,1,0.020594137502484955,completed_raw
xlang3,python_startup_no_site,python_startup_no_site,8,2,0.02299666249746224,completed_raw
xlang3,python_startup_no_site,python_startup_no_site,8,3,0.020627762503863778,completed_raw
xlang3,python_startup_no_site,python_startup_no_site,8,4,0.018739837505563628,completed_raw
xlang3,python_startup_no_site,python_startup_no_site,8,5,0.01911858750099782,completed_raw
xlang3,python_startup_no_site,python_startup_no_site,9,0,0.018562575001851656,completed_raw
xlang3,python_startup_no_site,python_startup_no_site,9,1,0.01875913749972824,completed_raw
xlang3,python_startup_no_site,python_startup_no_site,9,2,0.01871603749896167,completed_raw
xlang3,python_startup_no_site,python_startup_no_site,9,3,0.01848167500429554,completed_raw
xlang3,python_startup_no_site,python_startup_no_site,9,4,0.019343225001648534,completed_raw
xlang3,python_startup_no_site,python_startup_no_site,9,5,0.01969630000530742,completed_raw
xlang3,python_startup_no_site,python_startup_no_site,10,0,0.018840462500520516,completed_raw
xlang3,python_startup_no_site,python_startup_no_site,10,1,0.01966528750199359,completed_raw
xlang3,python_startup_no_site,python_startup_no_site,10,2,0.022153787496790756,completed_raw
xlang3,python_startup_no_site,python_startup_no_site,10,3,0.019694862501637544,completed_raw
xlang3,python_startup_no_site,python_startup_no_site,10,4,0.01892781249625841,completed_raw
xlang3,python_startup_no_site,python_startup_no_site,10,5,0.019507087497913744,completed_raw
xlang3,raytrace,raytrace,1,0,2.26599330001045,completed_raw
xlang3,raytrace,raytrace,1,1,2.1648818000103347,completed_raw
xlang3,raytrace,raytrace,2,0,2.2967273000394925,completed_raw
xlang3,raytrace,raytrace,2,1,2.25533000001451,completed_raw
xlang3,raytrace,raytrace,3,0,2.2017941000522114,completed_raw
xlang3,raytrace,raytrace,3,1,2.290007699979469,completed_raw
xlang3,raytrace,raytrace,4,0,2.2122385000111535,completed_raw
xlang3,raytrace,raytrace,4,1,2.268487399967853,completed_raw
xlang3,raytrace,raytrace,5,0,2.2603159999707714,completed_raw
xlang3,raytrace,raytrace,5,1,2.1937452999991365,completed_raw
xlang3,raytrace,raytrace,6,0,2.271665000007488,completed_raw
xlang3,raytrace,raytrace,6,1,2.239091700001154,completed_raw
xlang3,raytrace,raytrace,7,0,2.24016779998783,completed_raw
xlang3,raytrace,raytrace,7,1,2.3357462999993004,completed_raw
xlang3,raytrace,raytrace,8,0,2.2480827000108548,completed_raw
xlang3,raytrace,raytrace,8,1,2.2737354999990202,completed_raw
xlang3,raytrace,raytrace,9,0,2.2550790999666788,completed_raw
xlang3,raytrace,raytrace,9,1,2.333915099967271,completed_raw
xlang3,raytrace,raytrace,10,0,2.280819400039036,completed_raw
xlang3,raytrace,raytrace,10,1,2.2022862000158057,completed_raw
xlang3,regex_compile,regex_compile,1,0,1.262359899992589,completed_raw
xlang3,regex_compile,regex_compile,1,1,1.2240464000497013,completed_raw
xlang3,regex_compile,regex_compile,2,0,1.288975700037554,completed_raw
xlang3,regex_compile,regex_compile,2,1,1.2155575000215322,completed_raw
xlang3,regex_compile,regex_compile,3,0,1.2179340000147931,completed_raw
xlang3,regex_compile,regex_compile,3,1,1.2190728000132367,completed_raw
xlang3,regex_compile,regex_compile,4,0,1.209187899949029,completed_raw
xlang3,regex_compile,regex_compile,4,1,1.2155095000052825,completed_raw
xlang3,regex_compile,regex_compile,5,0,1.2044500999618322,completed_raw
xlang3,regex_compile,regex_compile,5,1,1.2087634999770671,completed_raw
xlang3,regex_compile,regex_compile,6,0,1.205206399958115,completed_raw
xlang3,regex_compile,regex_compile,6,1,1.286389600019902,completed_raw
xlang3,regex_compile,regex_compile,7,0,1.2132308000000194,completed_raw
xlang3,regex_compile,regex_compile,7,1,1.2641480999882333,completed_raw
xlang3,regex_compile,regex_compile,8,0,1.2582365000271238,completed_raw
xlang3,regex_compile,regex_compile,8,1,1.2813512000138871,completed_raw
xlang3,regex_compile,regex_compile,9,0,1.2305658999830484,completed_raw
xlang3,regex_compile,regex_compile,9,1,1.2294231999549083,completed_raw
xlang3,regex_compile,regex_compile,10,0,1.2616849999758415,completed_raw
xlang3,regex_compile,regex_compile,10,1,1.2148712999769486,completed_raw
xlang3,regex_dna,regex_dna,1,0,0.20798159996047616,completed_raw
xlang3,regex_dna,regex_dna,1,1,0.20804160000989214,completed_raw
xlang3,regex_dna,regex_dna,2,0,0.21247410000069067,completed_raw
xlang3,regex_dna,regex_dna,2,1,0.20870670001022518,completed_raw
xlang3,regex_dna,regex_dna,3,0,0.2096237000077963,completed_raw
xlang3,regex_dna,regex_dna,3,1,0.22070519998669624,completed_raw
xlang3,regex_dna,regex_dna,4,0,0.20992309995926917,completed_raw
xlang3,regex_dna,regex_dna,4,1,0.2118555000051856,completed_raw
xlang3,regex_dna,regex_dna,5,0,0.2103728000074625,completed_raw
xlang3,regex_dna,regex_dna,5,1,0.21253199997590855,completed_raw
xlang3,regex_dna,regex_dna,6,0,0.22007969999685884,completed_raw
xlang3,regex_dna,regex_dna,6,1,0.22591590002411976,completed_raw
xlang3,regex_dna,regex_dna,7,0,0.213277000002563,completed_raw
xlang3,regex_dna,regex_dna,7,1,0.21467539999866858,completed_raw
xlang3,regex_dna,regex_dna,8,0,0.21298350003780797,completed_raw
xlang3,regex_dna,regex_dna,8,1,0.22144100000150502,completed_raw
xlang3,regex_dna,regex_dna,9,0,0.2139525000238791,completed_raw
xlang3,regex_dna,regex_dna,9,1,0.21190180000849068,completed_raw
xlang3,regex_dna,regex_dna,10,0,0.21366950002266094,completed_raw
xlang3,regex_dna,regex_dna,10,1,0.20897550001973286,completed_raw
xlang3,regex_effbot,regex_effbot,1,0,0.01209859999944456,completed_raw
xlang3,regex_effbot,regex_effbot,1,1,0.012346590001834556,completed_raw
xlang3,regex_effbot,regex_effbot,2,0,0.01190438999910839,completed_raw
xlang3,regex_effbot,regex_effbot,2,1,0.012156460003461688,completed_raw
xlang3,regex_effbot,regex_effbot,3,0,0.012014469999121502,completed_raw
xlang3,regex_effbot,regex_effbot,3,1,0.012368570000398904,completed_raw
xlang3,regex_effbot,regex_effbot,4,0,0.012038920004852117,completed_raw
xlang3,regex_effbot,regex_effbot,4,1,0.012079060001997276,completed_raw
xlang3,regex_effbot,regex_effbot,5,0,0.012521739996736869,completed_raw
xlang3,regex_effbot,regex_effbot,5,1,0.012293620000127703,completed_raw
xlang3,regex_effbot,regex_effbot,6,0,0.012331059999996796,completed_raw
xlang3,regex_effbot,regex_effbot,6,1,0.012588349997531622,completed_raw
xlang3,regex_effbot,regex_effbot,7,0,0.012805719999596477,completed_raw
xlang3,regex_effbot,regex_effbot,7,1,0.012505899998359382,completed_raw
xlang3,regex_effbot,regex_effbot,8,0,0.01220443999627605,completed_raw
xlang3,regex_effbot,regex_effbot,8,1,0.012552070000674575,completed_raw
xlang3,regex_effbot,regex_effbot,9,0,0.012122299999464303,completed_raw
xlang3,regex_effbot,regex_effbot,9,1,0.012366899999324232,completed_raw
xlang3,regex_effbot,regex_effbot,10,0,0.01259940000018105,completed_raw
xlang3,regex_effbot,regex_effbot,10,1,0.012003250000998378,completed_raw
xlang3,regex_v8,regex_v8,1,0,0.06316545000299811,completed_raw
xlang3,regex_v8,regex_v8,1,1,0.06384260000777431,completed_raw
xlang3,regex_v8,regex_v8,2,0,0.06330710000474937,completed_raw
xlang3,regex_v8,regex_v8,2,1,0.06322094998904504,completed_raw
xlang3,regex_v8,regex_v8,3,0,0.06554515002062544,completed_raw
xlang3,regex_v8,regex_v8,3,1,0.06299969999236055,completed_raw
xlang3,regex_v8,regex_v8,4,0,0.06321985000977293,completed_raw
xlang3,regex_v8,regex_v8,4,1,0.06350345001555979,completed_raw
xlang3,regex_v8,regex_v8,5,0,0.06270214999676682,completed_raw
xlang3,regex_v8,regex_v8,5,1,0.06377539999084547,completed_raw
xlang3,regex_v8,regex_v8,6,0,0.06429030001163483,completed_raw
xlang3,regex_v8,regex_v8,6,1,0.06428024999331683,completed_raw
xlang3,regex_v8,regex_v8,7,0,0.06233690000954084,completed_raw
xlang3,regex_v8,regex_v8,7,1,0.06453360000159591,completed_raw
xlang3,regex_v8,regex_v8,8,0,0.06172835000324994,completed_raw
xlang3,regex_v8,regex_v8,8,1,0.06184790001134388,completed_raw
xlang3,regex_v8,regex_v8,9,0,0.06085355000686832,completed_raw
xlang3,regex_v8,regex_v8,9,1,0.06087340001249686,completed_raw
xlang3,regex_v8,regex_v8,10,0,0.061382100015180185,completed_raw
xlang3,regex_v8,regex_v8,10,1,0.06304199999431148,completed_raw
xlang3,richards,richards,1,0,0.35891830001492053,completed_raw
xlang3,richards,richards,1,1,0.36659519997192547,completed_raw
xlang3,richards,richards,2,0,0.3600597000331618,completed_raw
xlang3,richards,richards,2,1,0.354033800016623,completed_raw
xlang3,richards,richards,3,0,0.36364210001192987,completed_raw
xlang3,richards,richards,3,1,0.3602216999861412,completed_raw
xlang3,richards,richards,4,0,0.3709036000072956,completed_raw
xlang3,richards,richards,4,1,0.36062930000480264,completed_raw
xlang3,richards,richards,5,0,0.35558000003220513,completed_raw
xlang3,richards,richards,5,1,0.4221741000073962,completed_raw
xlang3,richards,richards,6,0,0.36129689996596426,completed_raw
xlang3,richards,richards,6,1,0.3641644000308588,completed_raw
xlang3,richards,richards,7,0,0.3560979000176303,completed_raw
xlang3,richards,richards,7,1,0.3579776000115089,completed_raw
xlang3,richards,richards,8,0,0.381135199975688,completed_raw
xlang3,richards,richards,8,1,0.35840249998727813,completed_raw
xlang3,richards,richards,9,0,0.3528292000410147,completed_raw
xlang3,richards,richards,9,1,0.3610155999776907,completed_raw
xlang3,richards,richards,10,0,0.36019520001718774,completed_raw
xlang3,richards,richards,10,1,0.36344119999557734,completed_raw
xlang3,richards_super,richards_super,1,0,0.4365463000140153,completed_raw
xlang3,richards_super,richards_super,1,1,0.439781800028868,completed_raw
xlang3,richards_super,richards_super,2,0,0.48405680002178997,completed_raw
xlang3,richards_super,richards_super,2,1,0.44061049999436364,completed_raw
xlang3,richards_super,richards_super,3,0,0.4473170000128448,completed_raw
xlang3,richards_super,richards_super,3,1,0.437801500025671,completed_raw
xlang3,richards_super,richards_super,4,0,0.44204669998725876,completed_raw
xlang3,richards_super,richards_super,4,1,0.505905999976676,completed_raw
xlang3,richards_super,richards_super,5,0,0.4379285000031814,completed_raw
xlang3,richards_super,richards_super,5,1,0.4397500000195578,completed_raw
xlang3,richards_super,richards_super,6,0,0.447129100037273,completed_raw
xlang3,richards_super,richards_super,6,1,0.43777360004605725,completed_raw
xlang3,richards_super,richards_super,7,0,0.4461421999731101,completed_raw
xlang3,richards_super,richards_super,7,1,0.4387216999894008,completed_raw
xlang3,richards_super,richards_super,8,0,0.4420320000499487,completed_raw
xlang3,richards_super,richards_super,8,1,0.43073500000173226,completed_raw
xlang3,richards_super,richards_super,9,0,0.4738066000281833,completed_raw
xlang3,richards_super,richards_super,9,1,0.4435253000119701,completed_raw
xlang3,richards_super,richards_super,10,0,0.43441380001604557,completed_raw
xlang3,richards_super,richards_super,10,1,0.43981670000357553,completed_raw
xlang3,scimark,scimark_fft,1,0,0.9890015000128187,completed_raw
xlang3,scimark,scimark_fft,1,1,0.964771099970676,completed_raw
xlang3,scimark,scimark_fft,2,0,0.9950914999935776,completed_raw
xlang3,scimark,scimark_fft,2,1,1.0645156999817118,completed_raw
xlang3,scimark,scimark_fft,3,0,0.9835427000070922,completed_raw
xlang3,scimark,scimark_fft,3,1,1.032473300001584,completed_raw
xlang3,scimark,scimark_fft,4,0,0.9969136999570765,completed_raw
xlang3,scimark,scimark_fft,4,1,0.9911527999793179,completed_raw
xlang3,scimark,scimark_fft,5,0,0.9900653000222519,completed_raw
xlang3,scimark,scimark_fft,5,1,0.9874460999853909,completed_raw
xlang3,scimark,scimark_fft,6,0,0.9942589999991469,completed_raw
xlang3,scimark,scimark_fft,6,1,0.9840701000066474,completed_raw
xlang3,scimark,scimark_fft,7,0,1.032532799988985,completed_raw
xlang3,scimark,scimark_fft,7,1,0.9779717000201344,completed_raw
xlang3,scimark,scimark_fft,8,0,1.0699871000251733,completed_raw
xlang3,scimark,scimark_fft,8,1,0.9797435000073165,completed_raw
xlang3,scimark,scimark_fft,9,0,0.998838400002569,completed_raw
xlang3,scimark,scimark_fft,9,1,1.040097099961713,completed_raw
xlang3,scimark,scimark_fft,10,0,0.9805110999732278,completed_raw
xlang3,scimark,scimark_fft,10,1,0.9899888000218198,completed_raw
xlang3,scimark,scimark_lu,1,0,1.3776364999939688,completed_raw
xlang3,scimark,scimark_lu,1,1,1.4116051999735646,completed_raw
xlang3,scimark,scimark_lu,2,0,1.487164699996356,completed_raw
xlang3,scimark,scimark_lu,2,1,1.397751199954655,completed_raw
xlang3,scimark,scimark_lu,3,0,1.4232216000091285,completed_raw
xlang3,scimark,scimark_lu,3,1,1.3736224999884143,completed_raw
xlang3,scimark,scimark_lu,4,0,1.3800737999845296,completed_raw
xlang3,scimark,scimark_lu,4,1,1.3889511000015773,completed_raw
xlang3,scimark,scimark_lu,5,0,1.3843468999839388,completed_raw
xlang3,scimark,scimark_lu,5,1,1.3895854000002146,completed_raw
xlang3,scimark,scimark_lu,6,0,1.359741699998267,completed_raw
xlang3,scimark,scimark_lu,6,1,1.4075244999839924,completed_raw
xlang3,scimark,scimark_lu,7,0,1.4529317999840714,completed_raw
xlang3,scimark,scimark_lu,7,1,1.3966501000104472,completed_raw
xlang3,scimark,scimark_lu,8,0,1.3997165000182576,completed_raw
xlang3,scimark,scimark_lu,8,1,1.3953079000348225,completed_raw
xlang3,scimark,scimark_lu,9,0,1.3929443000233732,completed_raw
xlang3,scimark,scimark_lu,9,1,1.3857490999507718,completed_raw
xlang3,scimark,scimark_lu,10,0,1.394171699997969,completed_raw
xlang3,scimark,scimark_lu,10,1,1.40293089998886,completed_raw
xlang3,scimark,scimark_monte_carlo,1,0,0.5566855000215583,completed_raw
xlang3,scimark,scimark_monte_carlo,1,1,0.5590972999925725,completed_raw
xlang3,scimark,scimark_monte_carlo,2,0,0.5563775999471545,completed_raw
xlang3,scimark,scimark_monte_carlo,2,1,0.5448018999886699,completed_raw
xlang3,scimark,scimark_monte_carlo,3,0,0.5476456999895163,completed_raw
xlang3,scimark,scimark_monte_carlo,3,1,0.5591295999474823,completed_raw
xlang3,scimark,scimark_monte_carlo,4,0,0.5547449000296183,completed_raw
xlang3,scimark,scimark_monte_carlo,4,1,0.5531329000368714,completed_raw
xlang3,scimark,scimark_monte_carlo,5,0,0.5507907000137493,completed_raw
xlang3,scimark,scimark_monte_carlo,5,1,0.5998379999655299,completed_raw
xlang3,scimark,scimark_monte_carlo,6,0,0.5460013000410981,completed_raw
xlang3,scimark,scimark_monte_carlo,6,1,0.5486747999675572,completed_raw
xlang3,scimark,scimark_monte_carlo,7,0,0.5445490999845788,completed_raw
xlang3,scimark,scimark_monte_carlo,7,1,0.6102203000336885,completed_raw
xlang3,scimark,scimark_monte_carlo,8,0,0.5368250000174157,completed_raw
xlang3,scimark,scimark_monte_carlo,8,1,0.5628624000237323,completed_raw
xlang3,scimark,scimark_monte_carlo,9,0,0.5624490999616683,completed_raw
xlang3,scimark,scimark_monte_carlo,9,1,0.5877475999877788,completed_raw
xlang3,scimark,scimark_monte_carlo,10,0,0.5505328999715857,completed_raw
xlang3,scimark,scimark_monte_carlo,10,1,0.5553510999889113,completed_raw
xlang3,scimark,scimark_sor,1,0,0.8643323000287637,completed_raw
xlang3,scimark,scimark_sor,1,1,0.8960219000000507,completed_raw
xlang3,scimark,scimark_sor,2,0,0.8763659000396729,completed_raw
xlang3,scimark,scimark_sor,2,1,0.8670559999882244,completed_raw
xlang3,scimark,scimark_sor,3,0,0.8818059000186622,completed_raw
xlang3,scimark,scimark_sor,3,1,0.8808585999649949,completed_raw
xlang3,scimark,scimark_sor,4,0,0.9127545999945141,completed_raw
xlang3,scimark,scimark_sor,4,1,0.8890951999928802,completed_raw
xlang3,scimark,scimark_sor,5,0,0.8524754000245593,completed_raw
xlang3,scimark,scimark_sor,5,1,0.9122552000335418,completed_raw
xlang3,scimark,scimark_sor,6,0,0.8600919000455178,completed_raw
xlang3,scimark,scimark_sor,6,1,0.8697731000138447,completed_raw
xlang3,scimark,scimark_sor,7,0,0.874256500042975,completed_raw
xlang3,scimark,scimark_sor,7,1,0.8725226999958977,completed_raw
xlang3,scimark,scimark_sor,8,0,0.8929053000174463,completed_raw
xlang3,scimark,scimark_sor,8,1,0.8647568000014871,completed_raw
xlang3,scimark,scimark_sor,9,0,0.8678431999869645,completed_raw
xlang3,scimark,scimark_sor,9,1,0.9203959999722429,completed_raw
xlang3,scimark,scimark_sor,10,0,0.8549747999641113,completed_raw
xlang3,scimark,scimark_sor,10,1,0.8601121000247076,completed_raw
xlang3,scimark,scimark_sparse_mat_mult,1,0,0.018092462501954287,completed_raw
xlang3,scimark,scimark_sparse_mat_mult,1,1,0.018378375003521796,completed_raw
xlang3,scimark,scimark_sparse_mat_mult,2,0,0.018271000000822823,completed_raw
xlang3,scimark,scimark_sparse_mat_mult,2,1,0.020425762500963174,completed_raw
xlang3,scimark,scimark_sparse_mat_mult,3,0,0.018595337503938936,completed_raw
xlang3,scimark,scimark_sparse_mat_mult,3,1,0.01836108750285348,completed_raw
xlang3,scimark,scimark_sparse_mat_mult,4,0,0.018628137499035802,completed_raw
xlang3,scimark,scimark_sparse_mat_mult,4,1,0.0183312625013059,completed_raw
xlang3,scimark,scimark_sparse_mat_mult,5,0,0.021113887501996942,completed_raw
xlang3,scimark,scimark_sparse_mat_mult,5,1,0.018234087503515184,completed_raw
xlang3,scimark,scimark_sparse_mat_mult,6,0,0.0183250250047422,completed_raw
xlang3,scimark,scimark_sparse_mat_mult,6,1,0.017576099999132566,completed_raw
xlang3,scimark,scimark_sparse_mat_mult,7,0,0.01863373749802122,completed_raw
xlang3,scimark,scimark_sparse_mat_mult,7,1,0.018505337502574548,completed_raw
xlang3,scimark,scimark_sparse_mat_mult,8,0,0.01822371249727439,completed_raw
xlang3,scimark,scimark_sparse_mat_mult,8,1,0.018865174999518786,completed_raw
xlang3,scimark,scimark_sparse_mat_mult,9,0,0.018189574999269098,completed_raw
xlang3,scimark,scimark_sparse_mat_mult,9,1,0.01832365000154823,completed_raw
xlang3,scimark,scimark_sparse_mat_mult,10,0,0.017850000003818423,completed_raw
xlang3,scimark,scimark_sparse_mat_mult,10,1,0.018682187495869584,completed_raw
xlang3,spectral_norm,spectral_norm,1,0,0.5806252000038512,completed_raw
xlang3,spectral_norm,spectral_norm,1,1,0.5200362000032328,completed_raw
xlang3,spectral_norm,spectral_norm,2,0,0.5232707999530248,completed_raw
xlang3,spectral_norm,spectral_norm,2,1,0.5313116000033915,completed_raw
xlang3,spectral_norm,spectral_norm,3,0,0.5651685000048019,completed_raw
xlang3,spectral_norm,spectral_norm,3,1,0.5480116999824531,completed_raw
xlang3,spectral_norm,spectral_norm,4,0,0.5299019999802113,completed_raw
xlang3,spectral_norm,spectral_norm,4,1,0.5405743999872357,completed_raw
xlang3,spectral_norm,spectral_norm,5,0,0.5520288000116125,completed_raw
xlang3,spectral_norm,spectral_norm,5,1,0.5448401000467129,completed_raw
xlang3,spectral_norm,spectral_norm,6,0,0.5350403000484221,completed_raw
xlang3,spectral_norm,spectral_norm,6,1,0.5388335000025108,completed_raw
xlang3,spectral_norm,spectral_norm,7,0,0.5379478000104427,completed_raw
xlang3,spectral_norm,spectral_norm,7,1,0.5601758999982849,completed_raw
xlang3,spectral_norm,spectral_norm,8,0,0.528919699951075,completed_raw
xlang3,spectral_norm,spectral_norm,8,1,0.5346859999699518,completed_raw
xlang3,spectral_norm,spectral_norm,9,0,0.5433084999676794,completed_raw
xlang3,spectral_norm,spectral_norm,9,1,0.5739625000278465,completed_raw
xlang3,spectral_norm,spectral_norm,10,0,0.5318972999812104,completed_raw
xlang3,spectral_norm,spectral_norm,10,1,0.5380329999607056,completed_raw
xlang3,sqlglot_v2,sqlglot_v2_normalize,1,0,1.6090361999813467,completed_raw
xlang3,sqlglot_v2,sqlglot_v2_normalize,1,1,1.6111556999967434,completed_raw
xlang3,sqlglot_v2,sqlglot_v2_normalize,2,0,1.5965882000164129,completed_raw
xlang3,sqlglot_v2,sqlglot_v2_normalize,2,1,1.666547000000719,completed_raw
xlang3,sqlglot_v2,sqlglot_v2_normalize,3,0,1.710447799996473,completed_raw
xlang3,sqlglot_v2,sqlglot_v2_normalize,3,1,1.6008575999876484,completed_raw
xlang3,sqlglot_v2,sqlglot_v2_normalize,4,0,1.636063700017985,completed_raw
xlang3,sqlglot_v2,sqlglot_v2_normalize,4,1,1.6254945000400767,completed_raw
xlang3,sqlglot_v2,sqlglot_v2_normalize,5,0,1.6123495000065304,completed_raw
xlang3,sqlglot_v2,sqlglot_v2_normalize,5,1,1.6694613000145182,completed_raw
xlang3,sqlglot_v2,sqlglot_v2_normalize,6,0,1.6775344000197947,completed_raw
xlang3,sqlglot_v2,sqlglot_v2_normalize,6,1,1.6083601000136696,completed_raw
xlang3,sqlglot_v2,sqlglot_v2_normalize,7,0,1.5892700999975204,completed_raw
xlang3,sqlglot_v2,sqlglot_v2_normalize,7,1,1.5751826000050642,completed_raw
xlang3,sqlglot_v2,sqlglot_v2_normalize,8,0,1.6075813000206836,completed_raw
xlang3,sqlglot_v2,sqlglot_v2_normalize,8,1,1.634515999990981,completed_raw
xlang3,sqlglot_v2,sqlglot_v2_normalize,9,0,1.7015773999737576,completed_raw
xlang3,sqlglot_v2,sqlglot_v2_normalize,9,1,1.6458507999777794,completed_raw
xlang3,sqlglot_v2,sqlglot_v2_normalize,10,0,1.6101751999813132,completed_raw
xlang3,sqlglot_v2,sqlglot_v2_normalize,10,1,1.6143570999847725,completed_raw
xlang3,sqlglot_v2_optimize,sqlglot_v2_optimize,1,0,0.7448256000061519,completed_raw
xlang3,sqlglot_v2_optimize,sqlglot_v2_optimize,1,1,0.7231832999968901,completed_raw
xlang3,sqlglot_v2_optimize,sqlglot_v2_optimize,2,0,0.7463132000411861,completed_raw
xlang3,sqlglot_v2_optimize,sqlglot_v2_optimize,2,1,0.7890340000158176,completed_raw
xlang3,sqlglot_v2_optimize,sqlglot_v2_optimize,3,0,0.7409523000242189,completed_raw
xlang3,sqlglot_v2_optimize,sqlglot_v2_optimize,3,1,0.7323072000290267,completed_raw
xlang3,sqlglot_v2_optimize,sqlglot_v2_optimize,4,0,0.7515172999701463,completed_raw
xlang3,sqlglot_v2_optimize,sqlglot_v2_optimize,4,1,0.741988499998115,completed_raw
xlang3,sqlglot_v2_optimize,sqlglot_v2_optimize,5,0,0.7343393999617547,completed_raw
xlang3,sqlglot_v2_optimize,sqlglot_v2_optimize,5,1,0.8370130000403151,completed_raw
xlang3,sqlglot_v2_optimize,sqlglot_v2_optimize,6,0,0.7446692999801598,completed_raw
xlang3,sqlglot_v2_optimize,sqlglot_v2_optimize,6,1,0.7450574999675155,completed_raw
xlang3,sqlglot_v2_optimize,sqlglot_v2_optimize,7,0,0.7403762000030838,completed_raw
xlang3,sqlglot_v2_optimize,sqlglot_v2_optimize,7,1,0.7433376999688335,completed_raw
xlang3,sqlglot_v2_optimize,sqlglot_v2_optimize,8,0,0.8355238999938592,completed_raw
xlang3,sqlglot_v2_optimize,sqlglot_v2_optimize,8,1,0.7543916000286117,completed_raw
xlang3,sqlglot_v2_optimize,sqlglot_v2_optimize,9,0,0.7559491000138223,completed_raw
xlang3,sqlglot_v2_optimize,sqlglot_v2_optimize,9,1,0.7880530999973416,completed_raw
xlang3,sqlglot_v2_optimize,sqlglot_v2_optimize,10,0,0.7436102999490686,completed_raw
xlang3,sqlglot_v2_optimize,sqlglot_v2_optimize,10,1,0.7556385999778286,completed_raw
xlang3,sqlglot_v2_parse,sqlglot_v2_parse,1,0,0.01834317501197802,completed_raw
xlang3,sqlglot_v2_parse,sqlglot_v2_parse,1,1,0.0183639749957365,completed_raw
xlang3,sqlglot_v2_parse,sqlglot_v2_parse,2,0,0.019378149998374283,completed_raw
xlang3,sqlglot_v2_parse,sqlglot_v2_parse,2,1,0.018633487496117596,completed_raw
xlang3,sqlglot_v2_parse,sqlglot_v2_parse,3,0,0.018332912506593857,completed_raw
xlang3,sqlglot_v2_parse,sqlglot_v2_parse,3,1,0.018785837492032442,completed_raw
xlang3,sqlglot_v2_parse,sqlglot_v2_parse,4,0,0.01816089999192627,completed_raw
xlang3,sqlglot_v2_parse,sqlglot_v2_parse,4,1,0.01839650001056725,completed_raw
xlang3,sqlglot_v2_parse,sqlglot_v2_parse,5,0,0.019014162506209686,completed_raw
xlang3,sqlglot_v2_parse,sqlglot_v2_parse,5,1,0.01928669998596888,completed_raw
xlang3,sqlglot_v2_parse,sqlglot_v2_parse,6,0,0.01851888749661157,completed_raw
xlang3,sqlglot_v2_parse,sqlglot_v2_parse,6,1,0.018962587499117944,completed_raw
xlang3,sqlglot_v2_parse,sqlglot_v2_parse,7,0,0.018394850005279295,completed_raw
xlang3,sqlglot_v2_parse,sqlglot_v2_parse,7,1,0.018880500007071532,completed_raw
xlang3,sqlglot_v2_parse,sqlglot_v2_parse,8,0,0.01983950000430923,completed_raw
xlang3,sqlglot_v2_parse,sqlglot_v2_parse,8,1,0.019748962491576094,completed_raw
xlang3,sqlglot_v2_parse,sqlglot_v2_parse,9,0,0.01846981250855606,completed_raw
xlang3,sqlglot_v2_parse,sqlglot_v2_parse,9,1,0.018501275008020457,completed_raw
xlang3,sqlglot_v2_parse,sqlglot_v2_parse,10,0,0.01868931249191519,completed_raw
xlang3,sqlglot_v2_parse,sqlglot_v2_parse,10,1,0.018141162508982234,completed_raw
xlang3,sqlglot_v2_transpile,sqlglot_v2_transpile,1,0,0.022822699997050222,completed_raw
xlang3,sqlglot_v2_transpile,sqlglot_v2_transpile,1,1,0.025558712492056657,completed_raw
xlang3,sqlglot_v2_transpile,sqlglot_v2_transpile,2,0,0.022447237497544847,completed_raw
xlang3,sqlglot_v2_transpile,sqlglot_v2_transpile,2,1,0.023546412521682214,completed_raw
xlang3,sqlglot_v2_transpile,sqlglot_v2_transpile,3,0,0.022236187498492654,completed_raw
xlang3,sqlglot_v2_transpile,sqlglot_v2_transpile,3,1,0.022685249990900047,completed_raw
xlang3,sqlglot_v2_transpile,sqlglot_v2_transpile,4,0,0.022397662505682092,completed_raw
xlang3,sqlglot_v2_transpile,sqlglot_v2_transpile,4,1,0.02160546249797335,completed_raw
xlang3,sqlglot_v2_transpile,sqlglot_v2_transpile,5,0,0.022876737486512866,completed_raw
xlang3,sqlglot_v2_transpile,sqlglot_v2_transpile,5,1,0.029320600006030872,completed_raw
xlang3,sqlglot_v2_transpile,sqlglot_v2_transpile,6,0,0.022111862497695256,completed_raw
xlang3,sqlglot_v2_transpile,sqlglot_v2_transpile,6,1,0.022202674997970462,completed_raw
xlang3,sqlglot_v2_transpile,sqlglot_v2_transpile,7,0,0.022076837507484015,completed_raw
xlang3,sqlglot_v2_transpile,sqlglot_v2_transpile,7,1,0.022206549991096836,completed_raw
xlang3,sqlglot_v2_transpile,sqlglot_v2_transpile,8,0,0.023408412496792153,completed_raw
xlang3,sqlglot_v2_transpile,sqlglot_v2_transpile,8,1,0.022283999998762738,completed_raw
xlang3,sqlglot_v2_transpile,sqlglot_v2_transpile,9,0,0.03034908750851173,completed_raw
xlang3,sqlglot_v2_transpile,sqlglot_v2_transpile,9,1,0.024857462507497985,completed_raw
xlang3,sqlglot_v2_transpile,sqlglot_v2_transpile,10,0,0.022436312501668,completed_raw
xlang3,sqlglot_v2_transpile,sqlglot_v2_transpile,10,1,0.023995375020604115,completed_raw
xlang3,sqlite_synth,sqlite_synth,1,0,6.262063600104284e-06,completed_raw
xlang3,sqlite_synth,sqlite_synth,1,1,6.195452881385677e-06,completed_raw
xlang3,sqlite_synth,sqlite_synth,2,0,6.386618041531733e-06,completed_raw
xlang3,sqlite_synth,sqlite_synth,2,1,6.43318786686109e-06,completed_raw
xlang3,sqlite_synth,sqlite_synth,3,0,6.193035888557574e-06,completed_raw
xlang3,sqlite_synth,sqlite_synth,3,1,6.065066529004071e-06,completed_raw
xlang3,sqlite_synth,sqlite_synth,4,0,6.162026977563073e-06,completed_raw
xlang3,sqlite_synth,sqlite_synth,4,1,6.1231780996706675e-06,completed_raw
xlang3,sqlite_synth,sqlite_synth,5,0,6.3283172622163875e-06,completed_raw
xlang3,sqlite_synth,sqlite_synth,5,1,6.25633544970583e-06,completed_raw
xlang3,sqlite_synth,sqlite_synth,6,0,6.340203857035931e-06,completed_raw
xlang3,sqlite_synth,sqlite_synth,6,1,6.268386840702078e-06,completed_raw
xlang3,sqlite_synth,sqlite_synth,7,0,6.126226807623425e-06,completed_raw
xlang3,sqlite_synth,sqlite_synth,7,1,6.112359617560514e-06,completed_raw
xlang3,sqlite_synth,sqlite_synth,8,0,6.276303100349878e-06,completed_raw
xlang3,sqlite_synth,sqlite_synth,8,1,6.241540527085476e-06,completed_raw
xlang3,sqlite_synth,sqlite_synth,9,0,6.14024963319082e-06,completed_raw
xlang3,sqlite_synth,sqlite_synth,9,1,6.168087768543273e-06,completed_raw
xlang3,sqlite_synth,sqlite_synth,10,0,8.673330688324654e-06,completed_raw
xlang3,sqlite_synth,sqlite_synth,10,1,6.23932800358773e-06,completed_raw
xlang3,telco,telco,1,0,0.043182524997973815,completed_raw
xlang3,telco,telco,1,1,0.056918575006420724,completed_raw
xlang3,telco,telco,2,0,0.04273852499318309,completed_raw
xlang3,telco,telco,2,1,0.04169022499991115,completed_raw
xlang3,telco,telco,3,0,0.043796099998871796,completed_raw
xlang3,telco,telco,3,1,0.04259382499731146,completed_raw
xlang3,telco,telco,4,0,0.040577300009317696,completed_raw
xlang3,telco,telco,4,1,0.04089765000389889,completed_raw
xlang3,telco,telco,5,0,0.040673524999874644,completed_raw
xlang3,telco,telco,5,1,0.04152084999077488,completed_raw
xlang3,telco,telco,6,0,0.045985049990122207,completed_raw
xlang3,telco,telco,6,1,0.04447910000453703,completed_raw
xlang3,telco,telco,7,0,0.04302475000440609,completed_raw
xlang3,telco,telco,7,1,0.040771974992821924,completed_raw
xlang3,telco,telco,8,0,0.042345649999333546,completed_raw
xlang3,telco,telco,8,1,0.04156642498855945,completed_raw
xlang3,telco,telco,9,0,0.04147517500678077,completed_raw
xlang3,telco,telco,9,1,0.041373250001925044,completed_raw
xlang3,telco,telco,10,0,0.04206657499889843,completed_raw
xlang3,telco,telco,10,1,0.055802225004299544,completed_raw
xlang3,tornado_http,tornado_http,1,0,1.4607213999843225,completed_raw
xlang3,tornado_http,tornado_http,1,1,1.4231577000464313,completed_raw
xlang3,tornado_http,tornado_http,2,0,1.425177099998109,completed_raw
xlang3,tornado_http,tornado_http,2,1,1.4056555000133812,completed_raw
xlang3,tornado_http,tornado_http,3,0,1.4517095999908634,completed_raw
xlang3,tornado_http,tornado_http,3,1,1.4311990999849513,completed_raw
xlang3,tornado_http,tornado_http,4,0,1.4248283000197262,completed_raw
xlang3,tornado_http,tornado_http,4,1,1.4681340000242926,completed_raw
xlang3,tornado_http,tornado_http,5,0,1.478714500030037,completed_raw
xlang3,tornado_http,tornado_http,5,1,1.4637690000236034,completed_raw
xlang3,tornado_http,tornado_http,6,0,1.4540187999955378,completed_raw
xlang3,tornado_http,tornado_http,6,1,1.4275561000104062,completed_raw
xlang3,tornado_http,tornado_http,7,0,1.450426499999594,completed_raw
xlang3,tornado_http,tornado_http,7,1,1.4392521000117995,completed_raw
xlang3,tornado_http,tornado_http,8,0,1.5147501999745145,completed_raw
xlang3,tornado_http,tornado_http,8,1,1.476098099956289,completed_raw
xlang3,tornado_http,tornado_http,9,0,1.4518123000161722,completed_raw
xlang3,tornado_http,tornado_http,9,1,1.4282608999637887,completed_raw
xlang3,tornado_http,tornado_http,10,0,1.4512809999869205,completed_raw
xlang3,tornado_http,tornado_http,10,1,1.4332928999792784,completed_raw
xlang3,typing_runtime_protocols,typing_runtime_protocols,1,0,0.002938128125606454,completed_raw
xlang3,typing_runtime_protocols,typing_runtime_protocols,1,1,0.0028548500004035304,completed_raw
xlang3,typing_runtime_protocols,typing_runtime_protocols,2,0,0.002810129686622531,completed_raw
xlang3,typing_runtime_protocols,typing_runtime_protocols,2,1,0.002815093750541564,completed_raw
xlang3,typing_runtime_protocols,typing_runtime_protocols,3,0,0.0028537250000226777,completed_raw
xlang3,typing_runtime_protocols,typing_runtime_protocols,3,1,0.002805768750477,completed_raw
xlang3,typing_runtime_protocols,typing_runtime_protocols,4,0,0.00280167343771609,completed_raw
xlang3,typing_runtime_protocols,typing_runtime_protocols,4,1,0.002864015625164029,completed_raw
xlang3,typing_runtime_protocols,typing_runtime_protocols,5,0,0.0028181453126308043,completed_raw
xlang3,typing_runtime_protocols,typing_runtime_protocols,5,1,0.0028283828123676358,completed_raw
xlang3,typing_runtime_protocols,typing_runtime_protocols,6,0,0.0029255875006128917,completed_raw
xlang3,typing_runtime_protocols,typing_runtime_protocols,6,1,0.002842734375008149,completed_raw
xlang3,typing_runtime_protocols,typing_runtime_protocols,7,0,0.002838889062331873,completed_raw
xlang3,typing_runtime_protocols,typing_runtime_protocols,7,1,0.0028022124997733044,completed_raw
xlang3,typing_runtime_protocols,typing_runtime_protocols,8,0,0.0028751437494065613,completed_raw
xlang3,typing_runtime_protocols,typing_runtime_protocols,8,1,0.0028841578132414725,completed_raw
xlang3,typing_runtime_protocols,typing_runtime_protocols,9,0,0.003084029686760914,completed_raw
xlang3,typing_runtime_protocols,typing_runtime_protocols,9,1,0.0029755781251878943,completed_raw
xlang3,typing_runtime_protocols,typing_runtime_protocols,10,0,0.0027947843746005674,completed_raw
xlang3,typing_runtime_protocols,typing_runtime_protocols,10,1,0.002782981249765726,completed_raw
xlang3,unpack_sequence,unpack_sequence,1,0,1.7402441407909918e-07,completed_raw
xlang3,unpack_sequence,unpack_sequence,1,1,1.6392443853874285e-07,completed_raw
xlang3,unpack_sequence,unpack_sequence,2,0,2.0766430665730696e-07,completed_raw
xlang3,unpack_sequence,unpack_sequence,2,1,1.662027587912007e-07,completed_raw
xlang3,unpack_sequence,unpack_sequence,3,0,1.6526855468157464e-07,completed_raw
xlang3,unpack_sequence,unpack_sequence,3,1,1.621213378655284e-07,completed_raw
xlang3,unpack_sequence,unpack_sequence,4,0,1.669882813359891e-07,completed_raw
xlang3,unpack_sequence,unpack_sequence,4,1,1.69966552761025e-07,completed_raw
xlang3,unpack_sequence,unpack_sequence,5,0,1.5552124025930424e-07,completed_raw
xlang3,unpack_sequence,unpack_sequence,5,1,1.6457287593141246e-07,completed_raw
xlang3,unpack_sequence,unpack_sequence,6,0,1.6004760738042024e-07,completed_raw
xlang3,unpack_sequence,unpack_sequence,6,1,1.6185620118847055e-07,completed_raw
xlang3,unpack_sequence,unpack_sequence,7,0,1.5753381347849426e-07,completed_raw
xlang3,unpack_sequence,unpack_sequence,7,1,1.6207666014622646e-07,completed_raw
xlang3,unpack_sequence,unpack_sequence,8,0,1.5570776362494599e-07,completed_raw
xlang3,unpack_sequence,unpack_sequence,8,1,1.54609741187528e-07,completed_raw
xlang3,unpack_sequence,unpack_sequence,9,0,1.5784533687224213e-07,completed_raw
xlang3,unpack_sequence,unpack_sequence,9,1,1.5889770516253065e-07,completed_raw
xlang3,unpack_sequence,unpack_sequence,10,0,1.5459912106052798e-07,completed_raw
xlang3,unpack_sequence,unpack_sequence,10,1,1.5620043939179595e-07,completed_raw
xlang3,unpickle,unpickle,1,0,6.920605469531437e-05,completed_raw
xlang3,unpickle,unpickle,1,1,6.654101562162396e-05,completed_raw
xlang3,unpickle,unpickle,2,0,6.371796876010194e-05,completed_raw
xlang3,unpickle,unpickle,2,1,6.36575000044104e-05,completed_raw
xlang3,unpickle,unpickle,3,0,6.835335937012132e-05,completed_raw
xlang3,unpickle,unpickle,3,1,6.773054687982948e-05,completed_raw
xlang3,unpickle,unpickle,4,0,6.656039060999319e-05,completed_raw
xlang3,unpickle,unpickle,4,1,6.612249999307095e-05,completed_raw
xlang3,unpickle,unpickle,5,0,6.583617187061463e-05,completed_raw
xlang3,unpickle,unpickle,5,1,6.645957030286809e-05,completed_raw
xlang3,unpickle,unpickle,6,0,6.789808594476199e-05,completed_raw
xlang3,unpickle,unpickle,6,1,6.919015625044267e-05,completed_raw
xlang3,unpickle,unpickle,7,0,6.662492187388125e-05,completed_raw
xlang3,unpickle,unpickle,7,1,6.495507811905554e-05,completed_raw
xlang3,unpickle,unpickle,8,0,6.487789062248339e-05,completed_raw
xlang3,unpickle,unpickle,8,1,6.637683593453403e-05,completed_raw
xlang3,unpickle,unpickle,9,0,6.693300781535072e-05,completed_raw
xlang3,unpickle,unpickle,9,1,6.547539062466967e-05,completed_raw
xlang3,unpickle,unpickle,10,0,7.362652345364041e-05,completed_raw
xlang3,unpickle,unpickle,10,1,7.014089844687987e-05,completed_raw
xlang3,unpickle_list,unpickle_list,1,0,1.1018867189704906e-05,completed_raw
xlang3,unpickle_list,unpickle_list,1,1,1.1081406245239123e-05,completed_raw
xlang3,unpickle_list,unpickle_list,2,0,1.1293330078387954e-05,completed_raw
xlang3,unpickle_list,unpickle_list,2,1,1.1077685547888904e-05,completed_raw
xlang3,unpickle_list,unpickle_list,3,0,1.0932021484677535e-05,completed_raw
xlang3,unpickle_list,unpickle_list,3,1,1.0831708988234822e-05,completed_raw
xlang3,unpickle_list,unpickle_list,4,0,1.2325332033924496e-05,completed_raw
xlang3,unpickle_list,unpickle_list,4,1,1.1505908207709582e-05,completed_raw
xlang3,unpickle_list,unpickle_list,5,0,1.1013359375056097e-05,completed_raw
xlang3,unpickle_list,unpickle_list,5,1,1.096240234232937e-05,completed_raw
xlang3,unpickle_list,unpickle_list,6,0,1.0901171873456405e-05,completed_raw
xlang3,unpickle_list,unpickle_list,6,1,1.1136611328765867e-05,completed_raw
xlang3,unpickle_list,unpickle_list,7,0,1.586113281746293e-05,completed_raw
xlang3,unpickle_list,unpickle_list,7,1,1.2469833984596335e-05,completed_raw
xlang3,unpickle_list,unpickle_list,8,0,1.0772500002076412e-05,completed_raw
xlang3,unpickle_list,unpickle_list,8,1,1.1243339844213552e-05,completed_raw
xlang3,unpickle_list,unpickle_list,9,0,1.1117871093802022e-05,completed_raw
xlang3,unpickle_list,unpickle_list,9,1,1.0759033199292389e-05,completed_raw
xlang3,unpickle_list,unpickle_list,10,0,1.112599609314202e-05,completed_raw
xlang3,unpickle_list,unpickle_list,10,1,1.1306728515592112e-05,completed_raw
xlang3,unpickle_pure_python,unpickle_pure_python,1,0,0.002425166250031907,completed_raw
xlang3,unpickle_pure_python,unpickle_pure_python,1,1,0.0024386512493947523,completed_raw
xlang3,unpickle_pure_python,unpickle_pure_python,2,0,0.0024294762501085644,completed_raw
xlang3,unpickle_pure_python,unpickle_pure_python,2,1,0.0024337387505511286,completed_raw
xlang3,unpickle_pure_python,unpickle_pure_python,3,0,0.0024564437495428137,completed_raw
xlang3,unpickle_pure_python,unpickle_pure_python,3,1,0.002459971249481896,completed_raw
xlang3,unpickle_pure_python,unpickle_pure_python,4,0,0.0024028787498536985,completed_raw
xlang3,unpickle_pure_python,unpickle_pure_python,4,1,0.0024241762497695164,completed_raw
xlang3,unpickle_pure_python,unpickle_pure_python,5,0,0.003299061249708757,completed_raw
xlang3,unpickle_pure_python,unpickle_pure_python,5,1,0.0024608887506474275,completed_raw
xlang3,unpickle_pure_python,unpickle_pure_python,6,0,0.002493278749898309,completed_raw
xlang3,unpickle_pure_python,unpickle_pure_python,6,1,0.0023746212500554975,completed_raw
xlang3,unpickle_pure_python,unpickle_pure_python,7,0,0.0024656337503984106,completed_raw
xlang3,unpickle_pure_python,unpickle_pure_python,7,1,0.002461737500561867,completed_raw
xlang3,unpickle_pure_python,unpickle_pure_python,8,0,0.002495535000343807,completed_raw
xlang3,unpickle_pure_python,unpickle_pure_python,8,1,0.002422701249452075,completed_raw
xlang3,unpickle_pure_python,unpickle_pure_python,9,0,0.002480785000079777,completed_raw
xlang3,unpickle_pure_python,unpickle_pure_python,9,1,0.002412209999602055,completed_raw
xlang3,unpickle_pure_python,unpickle_pure_python,10,0,0.0024507062502379996,completed_raw
xlang3,unpickle_pure_python,unpickle_pure_python,10,1,0.002526858750206884,completed_raw
cpython3147_saved,2to3,2to3,1,0,0.3218895000172779,completed_raw
cpython3147_saved,2to3,2to3,1,1,0.3145014999900013,completed_raw
cpython3147_saved,2to3,2to3,2,0,0.30619649999425747,completed_raw
cpython3147_saved,2to3,2to3,2,1,0.3095095000171568,completed_raw
cpython3147_saved,2to3,2to3,3,0,0.31474059997708537,completed_raw
cpython3147_saved,2to3,2to3,3,1,0.3097849999903701,completed_raw
cpython3147_saved,2to3,2to3,4,0,0.32199409999884665,completed_raw
cpython3147_saved,2to3,2to3,4,1,0.33424809999996796,completed_raw
cpython3147_saved,2to3,2to3,5,0,0.31201739999232814,completed_raw
cpython3147_saved,2to3,2to3,5,1,0.3161631000111811,completed_raw
cpython3147_saved,2to3,2to3,6,0,0.31147499999497086,completed_raw
cpython3147_saved,2to3,2to3,6,1,0.3159548999974504,completed_raw
cpython3147_saved,2to3,2to3,7,0,0.3153386999911163,completed_raw
cpython3147_saved,2to3,2to3,7,1,0.3125430000072811,completed_raw
cpython3147_saved,2to3,2to3,8,0,0.31124819998512976,completed_raw
cpython3147_saved,2to3,2to3,8,1,0.31339480000315234,completed_raw
cpython3147_saved,2to3,2to3,9,0,0.31466920001548715,completed_raw
cpython3147_saved,2to3,2to3,9,1,0.32076859998051077,completed_raw
cpython3147_saved,2to3,2to3,10,0,0.3122035999840591,completed_raw
cpython3147_saved,2to3,2to3,10,1,0.3116992000141181,completed_raw
cpython3147_saved,argparse,many_optionals,1,0,0.0006400105468173933,completed_raw
cpython3147_saved,argparse,many_optionals,1,1,0.0006586476562233656,completed_raw
cpython3147_saved,argparse,many_optionals,2,0,0.0006402179687938769,completed_raw
cpython3147_saved,argparse,many_optionals,2,1,0.0006389800780652877,completed_raw
cpython3147_saved,argparse,many_optionals,3,0,0.0006508144531380822,completed_raw
cpython3147_saved,argparse,many_optionals,3,1,0.0006441687500000626,completed_raw
cpython3147_saved,argparse,many_optionals,4,0,0.000634072656225726,completed_raw
cpython3147_saved,argparse,many_optionals,4,1,0.0006319601562836397,completed_raw
cpython3147_saved,argparse,many_optionals,5,0,0.0006389417968648559,completed_raw
cpython3147_saved,argparse,many_optionals,5,1,0.0006681281249711901,completed_raw
cpython3147_saved,argparse,many_optionals,6,0,0.000635110156281371,completed_raw
cpython3147_saved,argparse,many_optionals,6,1,0.0006414839843955633,completed_raw
cpython3147_saved,argparse,many_optionals,7,0,0.0006214089843297188,completed_raw
cpython3147_saved,argparse,many_optionals,7,1,0.0006292351563388365,completed_raw
cpython3147_saved,argparse,many_optionals,8,0,0.0006277617187606666,completed_raw
cpython3147_saved,argparse,many_optionals,8,1,0.0006419003905193676,completed_raw
cpython3147_saved,argparse,many_optionals,9,0,0.0006363769531390062,completed_raw
cpython3147_saved,argparse,many_optionals,9,1,0.0006258136718315654,completed_raw
cpython3147_saved,argparse,many_optionals,10,0,0.0006282179687104872,completed_raw
cpython3147_saved,argparse,many_optionals,10,1,0.0006277644530428006,completed_raw
cpython3147_saved,argparse_subparsers,subparsers,1,0,0.007979224999871803,completed_raw
cpython3147_saved,argparse_subparsers,subparsers,1,1,0.008177224999599275,completed_raw
cpython3147_saved,argparse_subparsers,subparsers,2,0,0.008031299999856856,completed_raw
cpython3147_saved,argparse_subparsers,subparsers,2,1,0.007635143749212148,completed_raw
cpython3147_saved,argparse_subparsers,subparsers,3,0,0.007809943750544335,completed_raw
cpython3147_saved,argparse_subparsers,subparsers,3,1,0.007654393750271993,completed_raw
cpython3147_saved,argparse_subparsers,subparsers,4,0,0.008014931248908397,completed_raw
cpython3147_saved,argparse_subparsers,subparsers,4,1,0.007733818751148647,completed_raw
cpython3147_saved,argparse_subparsers,subparsers,5,0,0.008036106250074226,completed_raw
cpython3147_saved,argparse_subparsers,subparsers,5,1,0.007755700000416255,completed_raw
cpython3147_saved,argparse_subparsers,subparsers,6,0,0.007747018749796553,completed_raw
cpython3147_saved,argparse_subparsers,subparsers,6,1,0.00754816874905373,completed_raw
cpython3147_saved,argparse_subparsers,subparsers,7,0,0.008033768748646253,completed_raw
cpython3147_saved,argparse_subparsers,subparsers,7,1,0.0077869812503195135,completed_raw
cpython3147_saved,argparse_subparsers,subparsers,8,0,0.007869431250583148,completed_raw
cpython3147_saved,argparse_subparsers,subparsers,8,1,0.007470681250197231,completed_raw
cpython3147_saved,argparse_subparsers,subparsers,9,0,0.007977125000252272,completed_raw
cpython3147_saved,argparse_subparsers,subparsers,9,1,0.007882712499849731,completed_raw
cpython3147_saved,argparse_subparsers,subparsers,10,0,0.008280712499981746,completed_raw
cpython3147_saved,argparse_subparsers,subparsers,10,1,0.008199006249924423,completed_raw
cpython3147_saved,async_generators,async_generators,1,0,0.2877682999824174,completed_raw
cpython3147_saved,async_generators,async_generators,1,1,0.3226213999732863,completed_raw
cpython3147_saved,async_generators,async_generators,2,0,0.2779838999849744,completed_raw
cpython3147_saved,async_generators,async_generators,2,1,0.2920112000138033,completed_raw
cpython3147_saved,async_generators,async_generators,3,0,0.28461639999295585,completed_raw
cpython3147_saved,async_generators,async_generators,3,1,0.2850713999941945,completed_raw
cpython3147_saved,async_generators,async_generators,4,0,0.2848989999911282,completed_raw
cpython3147_saved,async_generators,async_generators,4,1,0.2860762999916915,completed_raw
cpython3147_saved,async_generators,async_generators,5,0,0.2792629999748897,completed_raw
cpython3147_saved,async_generators,async_generators,5,1,0.29377979997661896,completed_raw
cpython3147_saved,async_generators,async_generators,6,0,0.280117699992843,completed_raw
cpython3147_saved,async_generators,async_generators,6,1,0.28478960000211373,completed_raw
cpython3147_saved,async_generators,async_generators,7,0,0.28059169999323785,completed_raw
cpython3147_saved,async_generators,async_generators,7,1,0.2888185999763664,completed_raw
cpython3147_saved,async_generators,async_generators,8,0,0.2823684999893885,completed_raw
cpython3147_saved,async_generators,async_generators,8,1,0.28557160001946613,completed_raw
cpython3147_saved,async_generators,async_generators,9,0,0.2796543999866117,completed_raw
cpython3147_saved,async_generators,async_generators,9,1,0.2836687999952119,completed_raw
cpython3147_saved,async_generators,async_generators,10,0,0.2806177000165917,completed_raw
cpython3147_saved,async_generators,async_generators,10,1,0.28369079998810776,completed_raw
cpython3147_saved,async_tree,async_tree_none,1,0,0.23672580000129528,completed_raw
cpython3147_saved,async_tree,async_tree_none,1,1,0.2115168000163976,completed_raw
cpython3147_saved,async_tree,async_tree_none,2,0,0.2369512000004761,completed_raw
cpython3147_saved,async_tree,async_tree_none,2,1,0.21912840000004508,completed_raw
cpython3147_saved,async_tree,async_tree_none,3,0,0.24089379998622462,completed_raw
cpython3147_saved,async_tree,async_tree_none,3,1,0.219596700015245,completed_raw
cpython3147_saved,async_tree,async_tree_none,4,0,0.2334952999954112,completed_raw
cpython3147_saved,async_tree,async_tree_none,4,1,0.2115400999900885,completed_raw
cpython3147_saved,async_tree,async_tree_none,5,0,0.24072699999669567,completed_raw
cpython3147_saved,async_tree,async_tree_none,5,1,0.2113633000117261,completed_raw
cpython3147_saved,async_tree,async_tree_none,6,0,0.24441279997699894,completed_raw
cpython3147_saved,async_tree,async_tree_none,6,1,0.21685379999689758,completed_raw
cpython3147_saved,async_tree,async_tree_none,7,0,0.2425138000107836,completed_raw
cpython3147_saved,async_tree,async_tree_none,7,1,0.2145377999986522,completed_raw
cpython3147_saved,async_tree,async_tree_none,8,0,0.23723939998308197,completed_raw
cpython3147_saved,async_tree,async_tree_none,8,1,0.21474120000493713,completed_raw
cpython3147_saved,async_tree,async_tree_none,9,0,0.2532714999979362,completed_raw
cpython3147_saved,async_tree,async_tree_none,9,1,0.24275730000226758,completed_raw
cpython3147_saved,async_tree,async_tree_none,10,0,0.23302890002378263,completed_raw
cpython3147_saved,async_tree,async_tree_none,10,1,0.2254835999920033,completed_raw
cpython3147_saved,async_tree_cpu_io_mixed,async_tree_cpu_io_mixed,1,0,0.412282100005541,completed_raw
cpython3147_saved,async_tree_cpu_io_mixed,async_tree_cpu_io_mixed,1,1,0.4375016999838408,completed_raw
cpython3147_saved,async_tree_cpu_io_mixed,async_tree_cpu_io_mixed,2,0,0.4227408000151627,completed_raw
cpython3147_saved,async_tree_cpu_io_mixed,async_tree_cpu_io_mixed,2,1,0.44579679999151267,completed_raw
cpython3147_saved,async_tree_cpu_io_mixed,async_tree_cpu_io_mixed,3,0,0.4181762999796774,completed_raw
cpython3147_saved,async_tree_cpu_io_mixed,async_tree_cpu_io_mixed,3,1,0.4369584000087343,completed_raw
cpython3147_saved,async_tree_cpu_io_mixed,async_tree_cpu_io_mixed,4,0,0.429893099993933,completed_raw
cpython3147_saved,async_tree_cpu_io_mixed,async_tree_cpu_io_mixed,4,1,0.4380595999828074,completed_raw
cpython3147_saved,async_tree_cpu_io_mixed,async_tree_cpu_io_mixed,5,0,0.4216950999980327,completed_raw
cpython3147_saved,async_tree_cpu_io_mixed,async_tree_cpu_io_mixed,5,1,0.43758709999383427,completed_raw
cpython3147_saved,async_tree_cpu_io_mixed,async_tree_cpu_io_mixed,6,0,0.4192932000150904,completed_raw
cpython3147_saved,async_tree_cpu_io_mixed,async_tree_cpu_io_mixed,6,1,0.4301399999822024,completed_raw
cpython3147_saved,async_tree_cpu_io_mixed,async_tree_cpu_io_mixed,7,0,0.4198235999792814,completed_raw
cpython3147_saved,async_tree_cpu_io_mixed,async_tree_cpu_io_mixed,7,1,0.4272847000102047,completed_raw
cpython3147_saved,async_tree_cpu_io_mixed,async_tree_cpu_io_mixed,8,0,0.41609600000083447,completed_raw
cpython3147_saved,async_tree_cpu_io_mixed,async_tree_cpu_io_mixed,8,1,0.4395329999970272,completed_raw
cpython3147_saved,async_tree_cpu_io_mixed,async_tree_cpu_io_mixed,9,0,0.4230839000083506,completed_raw
cpython3147_saved,async_tree_cpu_io_mixed,async_tree_cpu_io_mixed,9,1,0.4299585999979172,completed_raw
cpython3147_saved,async_tree_cpu_io_mixed,async_tree_cpu_io_mixed,10,0,0.414129699987825,completed_raw
cpython3147_saved,async_tree_cpu_io_mixed,async_tree_cpu_io_mixed,10,1,0.4393956999992952,completed_raw
cpython3147_saved,async_tree_cpu_io_mixed_tg,async_tree_cpu_io_mixed_tg,1,0,0.42203390001668595,completed_raw
cpython3147_saved,async_tree_cpu_io_mixed_tg,async_tree_cpu_io_mixed_tg,1,1,0.4341126999934204,completed_raw
cpython3147_saved,async_tree_cpu_io_mixed_tg,async_tree_cpu_io_mixed_tg,2,0,0.4192375999991782,completed_raw
cpython3147_saved,async_tree_cpu_io_mixed_tg,async_tree_cpu_io_mixed_tg,2,1,0.4235756999987643,completed_raw
cpython3147_saved,async_tree_cpu_io_mixed_tg,async_tree_cpu_io_mixed_tg,3,0,0.4273624000197742,completed_raw
cpython3147_saved,async_tree_cpu_io_mixed_tg,async_tree_cpu_io_mixed_tg,3,1,0.44110450000152923,completed_raw
cpython3147_saved,async_tree_cpu_io_mixed_tg,async_tree_cpu_io_mixed_tg,4,0,0.41949870000826195,completed_raw
cpython3147_saved,async_tree_cpu_io_mixed_tg,async_tree_cpu_io_mixed_tg,4,1,0.42668579999008216,completed_raw
cpython3147_saved,async_tree_cpu_io_mixed_tg,async_tree_cpu_io_mixed_tg,5,0,0.41827700001886114,completed_raw
cpython3147_saved,async_tree_cpu_io_mixed_tg,async_tree_cpu_io_mixed_tg,5,1,0.43522059998940676,completed_raw
cpython3147_saved,async_tree_cpu_io_mixed_tg,async_tree_cpu_io_mixed_tg,6,0,0.4155583999818191,completed_raw
cpython3147_saved,async_tree_cpu_io_mixed_tg,async_tree_cpu_io_mixed_tg,6,1,0.42778489997726865,completed_raw
cpython3147_saved,async_tree_cpu_io_mixed_tg,async_tree_cpu_io_mixed_tg,7,0,0.41493879997869954,completed_raw
cpython3147_saved,async_tree_cpu_io_mixed_tg,async_tree_cpu_io_mixed_tg,7,1,0.4295388000027742,completed_raw
cpython3147_saved,async_tree_cpu_io_mixed_tg,async_tree_cpu_io_mixed_tg,8,0,0.41239179999683984,completed_raw
cpython3147_saved,async_tree_cpu_io_mixed_tg,async_tree_cpu_io_mixed_tg,8,1,0.43631969997659326,completed_raw
cpython3147_saved,async_tree_cpu_io_mixed_tg,async_tree_cpu_io_mixed_tg,9,0,0.4177278999995906,completed_raw
cpython3147_saved,async_tree_cpu_io_mixed_tg,async_tree_cpu_io_mixed_tg,9,1,0.42307409999193624,completed_raw
cpython3147_saved,async_tree_cpu_io_mixed_tg,async_tree_cpu_io_mixed_tg,10,0,0.415486099984264,completed_raw
cpython3147_saved,async_tree_cpu_io_mixed_tg,async_tree_cpu_io_mixed_tg,10,1,0.4406922000052873,completed_raw
cpython3147_saved,async_tree_eager,async_tree_eager,1,0,0.08600389999628533,completed_raw
cpython3147_saved,async_tree_eager,async_tree_eager,1,1,0.084757049990003,completed_raw
cpython3147_saved,async_tree_eager,async_tree_eager,2,0,0.08706064999569207,completed_raw
cpython3147_saved,async_tree_eager,async_tree_eager,2,1,0.0836686499969801,completed_raw
cpython3147_saved,async_tree_eager,async_tree_eager,3,0,0.08425385000009555,completed_raw
cpython3147_saved,async_tree_eager,async_tree_eager,3,1,0.08530550000432413,completed_raw
cpython3147_saved,async_tree_eager,async_tree_eager,4,0,0.08638254999823403,completed_raw
cpython3147_saved,async_tree_eager,async_tree_eager,4,1,0.0845930499926908,completed_raw
cpython3147_saved,async_tree_eager,async_tree_eager,5,0,0.08355565000965726,completed_raw
cpython3147_saved,async_tree_eager,async_tree_eager,5,1,0.08357429999159649,completed_raw
cpython3147_saved,async_tree_eager,async_tree_eager,6,0,0.08409124999889173,completed_raw
cpython3147_saved,async_tree_eager,async_tree_eager,6,1,0.08477299999503884,completed_raw
cpython3147_saved,async_tree_eager,async_tree_eager,7,0,0.08635924999543931,completed_raw
cpython3147_saved,async_tree_eager,async_tree_eager,7,1,0.08638799999607727,completed_raw
cpython3147_saved,async_tree_eager,async_tree_eager,8,0,0.08840054999745917,completed_raw
cpython3147_saved,async_tree_eager,async_tree_eager,8,1,0.08864284999435768,completed_raw
cpython3147_saved,async_tree_eager,async_tree_eager,9,0,0.08675534999929368,completed_raw
cpython3147_saved,async_tree_eager,async_tree_eager,9,1,0.08611555000243243,completed_raw
cpython3147_saved,async_tree_eager,async_tree_eager,10,0,0.08661840000422671,completed_raw
cpython3147_saved,async_tree_eager,async_tree_eager,10,1,0.08683905001089443,completed_raw
cpython3147_saved,async_tree_eager_cpu_io_mixed,async_tree_eager_cpu_io_mixed,1,0,0.33748210000339895,completed_raw
cpython3147_saved,async_tree_eager_cpu_io_mixed,async_tree_eager_cpu_io_mixed,1,1,0.3414309000072535,completed_raw
cpython3147_saved,async_tree_eager_cpu_io_mixed,async_tree_eager_cpu_io_mixed,2,0,0.3501047999889124,completed_raw
cpython3147_saved,async_tree_eager_cpu_io_mixed,async_tree_eager_cpu_io_mixed,2,1,0.3280845999834128,completed_raw
cpython3147_saved,async_tree_eager_cpu_io_mixed,async_tree_eager_cpu_io_mixed,3,0,0.3502779999980703,completed_raw
cpython3147_saved,async_tree_eager_cpu_io_mixed,async_tree_eager_cpu_io_mixed,3,1,0.3149560999881942,completed_raw
cpython3147_saved,async_tree_eager_cpu_io_mixed,async_tree_eager_cpu_io_mixed,4,0,0.3481395000126213,completed_raw
cpython3147_saved,async_tree_eager_cpu_io_mixed,async_tree_eager_cpu_io_mixed,4,1,0.3369488999887835,completed_raw
cpython3147_saved,async_tree_eager_cpu_io_mixed,async_tree_eager_cpu_io_mixed,5,0,0.3520896999980323,completed_raw
cpython3147_saved,async_tree_eager_cpu_io_mixed,async_tree_eager_cpu_io_mixed,5,1,0.34436280000954866,completed_raw
cpython3147_saved,async_tree_eager_cpu_io_mixed,async_tree_eager_cpu_io_mixed,6,0,0.3422341999830678,completed_raw
cpython3147_saved,async_tree_eager_cpu_io_mixed,async_tree_eager_cpu_io_mixed,6,1,0.32941330000176094,completed_raw
cpython3147_saved,async_tree_eager_cpu_io_mixed,async_tree_eager_cpu_io_mixed,7,0,0.35158280000905506,completed_raw
cpython3147_saved,async_tree_eager_cpu_io_mixed,async_tree_eager_cpu_io_mixed,7,1,0.32782720000250265,completed_raw
cpython3147_saved,async_tree_eager_cpu_io_mixed,async_tree_eager_cpu_io_mixed,8,0,0.34258900000713766,completed_raw
cpython3147_saved,async_tree_eager_cpu_io_mixed,async_tree_eager_cpu_io_mixed,8,1,0.33147989999270067,completed_raw
cpython3147_saved,async_tree_eager_cpu_io_mixed,async_tree_eager_cpu_io_mixed,9,0,0.34383810000144877,completed_raw
cpython3147_saved,async_tree_eager_cpu_io_mixed,async_tree_eager_cpu_io_mixed,9,1,0.3269912999821827,completed_raw
cpython3147_saved,async_tree_eager_cpu_io_mixed,async_tree_eager_cpu_io_mixed,10,0,0.33714300001156516,completed_raw
cpython3147_saved,async_tree_eager_cpu_io_mixed,async_tree_eager_cpu_io_mixed,10,1,0.3269999999902211,completed_raw
cpython3147_saved,async_tree_eager_cpu_io_mixed_tg,async_tree_eager_cpu_io_mixed_tg,1,0,0.3917600999993738,completed_raw
cpython3147_saved,async_tree_eager_cpu_io_mixed_tg,async_tree_eager_cpu_io_mixed_tg,1,1,0.3708104999968782,completed_raw
cpython3147_saved,async_tree_eager_cpu_io_mixed_tg,async_tree_eager_cpu_io_mixed_tg,2,0,0.39159730001119897,completed_raw
cpython3147_saved,async_tree_eager_cpu_io_mixed_tg,async_tree_eager_cpu_io_mixed_tg,2,1,0.37716989999171346,completed_raw
cpython3147_saved,async_tree_eager_cpu_io_mixed_tg,async_tree_eager_cpu_io_mixed_tg,3,0,0.3923254999972414,completed_raw
cpython3147_saved,async_tree_eager_cpu_io_mixed_tg,async_tree_eager_cpu_io_mixed_tg,3,1,0.38168859999859706,completed_raw
cpython3147_saved,async_tree_eager_cpu_io_mixed_tg,async_tree_eager_cpu_io_mixed_tg,4,0,0.3938954999903217,completed_raw
cpython3147_saved,async_tree_eager_cpu_io_mixed_tg,async_tree_eager_cpu_io_mixed_tg,4,1,0.36908810000750236,completed_raw
cpython3147_saved,async_tree_eager_cpu_io_mixed_tg,async_tree_eager_cpu_io_mixed_tg,5,0,0.39580679999198765,completed_raw
cpython3147_saved,async_tree_eager_cpu_io_mixed_tg,async_tree_eager_cpu_io_mixed_tg,5,1,0.36924860000726767,completed_raw
cpython3147_saved,async_tree_eager_cpu_io_mixed_tg,async_tree_eager_cpu_io_mixed_tg,6,0,0.40188799999305047,completed_raw
cpython3147_saved,async_tree_eager_cpu_io_mixed_tg,async_tree_eager_cpu_io_mixed_tg,6,1,0.3681658999994397,completed_raw
cpython3147_saved,async_tree_eager_cpu_io_mixed_tg,async_tree_eager_cpu_io_mixed_tg,7,0,0.3988117999979295,completed_raw
cpython3147_saved,async_tree_eager_cpu_io_mixed_tg,async_tree_eager_cpu_io_mixed_tg,7,1,0.36620670001138933,completed_raw
cpython3147_saved,async_tree_eager_cpu_io_mixed_tg,async_tree_eager_cpu_io_mixed_tg,8,0,0.38964340000529774,completed_raw
cpython3147_saved,async_tree_eager_cpu_io_mixed_tg,async_tree_eager_cpu_io_mixed_tg,8,1,0.3648272000136785,completed_raw
cpython3147_saved,async_tree_eager_cpu_io_mixed_tg,async_tree_eager_cpu_io_mixed_tg,9,0,0.4004910000076052,completed_raw
cpython3147_saved,async_tree_eager_cpu_io_mixed_tg,async_tree_eager_cpu_io_mixed_tg,9,1,0.3729176000051666,completed_raw
cpython3147_saved,async_tree_eager_cpu_io_mixed_tg,async_tree_eager_cpu_io_mixed_tg,10,0,0.43187400000169873,completed_raw
cpython3147_saved,async_tree_eager_cpu_io_mixed_tg,async_tree_eager_cpu_io_mixed_tg,10,1,0.3789276999887079,completed_raw
cpython3147_saved,async_tree_eager_io,async_tree_eager_io,1,0,0.5695881000137888,completed_raw
cpython3147_saved,async_tree_eager_io,async_tree_eager_io,1,1,0.5632133000181057,completed_raw
cpython3147_saved,async_tree_eager_io,async_tree_eager_io,2,0,0.5546512000146322,completed_raw
cpython3147_saved,async_tree_eager_io,async_tree_eager_io,2,1,0.5390366000065114,completed_raw
cpython3147_saved,async_tree_eager_io,async_tree_eager_io,3,0,0.5709697999991477,completed_raw
cpython3147_saved,async_tree_eager_io,async_tree_eager_io,3,1,0.5403652000240982,completed_raw
cpython3147_saved,async_tree_eager_io,async_tree_eager_io,4,0,0.554196699988097,completed_raw
cpython3147_saved,async_tree_eager_io,async_tree_eager_io,4,1,0.5573863000026904,completed_raw
cpython3147_saved,async_tree_eager_io,async_tree_eager_io,5,0,0.5690082999935839,completed_raw
cpython3147_saved,async_tree_eager_io,async_tree_eager_io,5,1,0.5722800999938045,completed_raw
cpython3147_saved,async_tree_eager_io,async_tree_eager_io,6,0,0.5638560999941546,completed_raw
cpython3147_saved,async_tree_eager_io,async_tree_eager_io,6,1,0.5462579999875743,completed_raw
cpython3147_saved,async_tree_eager_io,async_tree_eager_io,7,0,0.5597380999824964,completed_raw
cpython3147_saved,async_tree_eager_io,async_tree_eager_io,7,1,0.5500681000121403,completed_raw
cpython3147_saved,async_tree_eager_io,async_tree_eager_io,8,0,0.5963700000138488,completed_raw
cpython3147_saved,async_tree_eager_io,async_tree_eager_io,8,1,0.5761490000004414,completed_raw
cpython3147_saved,async_tree_eager_io,async_tree_eager_io,9,0,0.5724878000037279,completed_raw
cpython3147_saved,async_tree_eager_io,async_tree_eager_io,9,1,0.5523102000006475,completed_raw
cpython3147_saved,async_tree_eager_io,async_tree_eager_io,10,0,0.5744381999829784,completed_raw
cpython3147_saved,async_tree_eager_io,async_tree_eager_io,10,1,0.5608787999954075,completed_raw
cpython3147_saved,async_tree_eager_io_tg,async_tree_eager_io_tg,1,0,0.5585365000006277,completed_raw
cpython3147_saved,async_tree_eager_io_tg,async_tree_eager_io_tg,1,1,0.5332234999805223,completed_raw
cpython3147_saved,async_tree_eager_io_tg,async_tree_eager_io_tg,2,0,0.5556853000016417,completed_raw
cpython3147_saved,async_tree_eager_io_tg,async_tree_eager_io_tg,2,1,0.526893200003542,completed_raw
cpython3147_saved,async_tree_eager_io_tg,async_tree_eager_io_tg,3,0,0.5671188000123948,completed_raw
cpython3147_saved,async_tree_eager_io_tg,async_tree_eager_io_tg,3,1,0.5432976000010967,completed_raw
cpython3147_saved,async_tree_eager_io_tg,async_tree_eager_io_tg,4,0,0.5604842000175267,completed_raw
cpython3147_saved,async_tree_eager_io_tg,async_tree_eager_io_tg,4,1,0.5373608999943826,completed_raw
cpython3147_saved,async_tree_eager_io_tg,async_tree_eager_io_tg,5,0,0.5532019000092987,completed_raw
cpython3147_saved,async_tree_eager_io_tg,async_tree_eager_io_tg,5,1,0.5420139000052586,completed_raw
cpython3147_saved,async_tree_eager_io_tg,async_tree_eager_io_tg,6,0,0.5623553000041284,completed_raw
cpython3147_saved,async_tree_eager_io_tg,async_tree_eager_io_tg,6,1,0.5611665000033099,completed_raw
cpython3147_saved,async_tree_eager_io_tg,async_tree_eager_io_tg,7,0,0.5825566999847069,completed_raw
cpython3147_saved,async_tree_eager_io_tg,async_tree_eager_io_tg,7,1,0.5368178999924567,completed_raw
cpython3147_saved,async_tree_eager_io_tg,async_tree_eager_io_tg,8,0,0.5715648000186775,completed_raw
cpython3147_saved,async_tree_eager_io_tg,async_tree_eager_io_tg,8,1,0.5407260000065435,completed_raw
cpython3147_saved,async_tree_eager_io_tg,async_tree_eager_io_tg,9,0,0.5783090000040829,completed_raw
cpython3147_saved,async_tree_eager_io_tg,async_tree_eager_io_tg,9,1,0.5494370000087656,completed_raw
cpython3147_saved,async_tree_eager_io_tg,async_tree_eager_io_tg,10,0,0.5781993000127841,completed_raw
cpython3147_saved,async_tree_eager_io_tg,async_tree_eager_io_tg,10,1,0.5574468999984674,completed_raw
cpython3147_saved,async_tree_eager_memoization,async_tree_eager_memoization,1,0,0.18519769998965785,completed_raw
cpython3147_saved,async_tree_eager_memoization,async_tree_eager_memoization,1,1,0.19233479999820702,completed_raw
cpython3147_saved,async_tree_eager_memoization,async_tree_eager_memoization,2,0,0.18833319999976084,completed_raw
cpython3147_saved,async_tree_eager_memoization,async_tree_eager_memoization,2,1,0.18702400001347996,completed_raw
cpython3147_saved,async_tree_eager_memoization,async_tree_eager_memoization,3,0,0.17778689999249764,completed_raw
cpython3147_saved,async_tree_eager_memoization,async_tree_eager_memoization,3,1,0.18417580000823364,completed_raw
cpython3147_saved,async_tree_eager_memoization,async_tree_eager_memoization,4,0,0.18489709999994375,completed_raw
cpython3147_saved,async_tree_eager_memoization,async_tree_eager_memoization,4,1,0.1892885999986902,completed_raw
cpython3147_saved,async_tree_eager_memoization,async_tree_eager_memoization,5,0,0.18527580000227317,completed_raw
cpython3147_saved,async_tree_eager_memoization,async_tree_eager_memoization,5,1,0.19362499998533167,completed_raw
cpython3147_saved,async_tree_eager_memoization,async_tree_eager_memoization,6,0,0.1793881000194233,completed_raw
cpython3147_saved,async_tree_eager_memoization,async_tree_eager_memoization,6,1,0.18764550000196323,completed_raw
cpython3147_saved,async_tree_eager_memoization,async_tree_eager_memoization,7,0,0.18652700001257472,completed_raw
cpython3147_saved,async_tree_eager_memoization,async_tree_eager_memoization,7,1,0.20419329998549074,completed_raw
cpython3147_saved,async_tree_eager_memoization,async_tree_eager_memoization,8,0,0.19233089999761432,completed_raw
cpython3147_saved,async_tree_eager_memoization,async_tree_eager_memoization,8,1,0.19226020001224242,completed_raw
cpython3147_saved,async_tree_eager_memoization,async_tree_eager_memoization,9,0,0.18111140001565218,completed_raw
cpython3147_saved,async_tree_eager_memoization,async_tree_eager_memoization,9,1,0.18866079999133945,completed_raw
cpython3147_saved,async_tree_eager_memoization,async_tree_eager_memoization,10,0,0.1792964999913238,completed_raw
cpython3147_saved,async_tree_eager_memoization,async_tree_eager_memoization,10,1,0.19137049998971634,completed_raw
cpython3147_saved,async_tree_eager_memoization_tg,async_tree_eager_memoization_tg,1,0,0.24847039999440312,completed_raw
cpython3147_saved,async_tree_eager_memoization_tg,async_tree_eager_memoization_tg,1,1,0.2639068000135012,completed_raw
cpython3147_saved,async_tree_eager_memoization_tg,async_tree_eager_memoization_tg,2,0,0.24893709999741986,completed_raw
cpython3147_saved,async_tree_eager_memoization_tg,async_tree_eager_memoization_tg,2,1,0.27567269999417476,completed_raw
cpython3147_saved,async_tree_eager_memoization_tg,async_tree_eager_memoization_tg,3,0,0.25362430000677705,completed_raw
cpython3147_saved,async_tree_eager_memoization_tg,async_tree_eager_memoization_tg,3,1,0.2660574000037741,completed_raw
cpython3147_saved,async_tree_eager_memoization_tg,async_tree_eager_memoization_tg,4,0,0.26221760001499206,completed_raw
cpython3147_saved,async_tree_eager_memoization_tg,async_tree_eager_memoization_tg,4,1,0.2682484000106342,completed_raw
cpython3147_saved,async_tree_eager_memoization_tg,async_tree_eager_memoization_tg,5,0,0.2457832999934908,completed_raw
cpython3147_saved,async_tree_eager_memoization_tg,async_tree_eager_memoization_tg,5,1,0.2750945000152569,completed_raw
cpython3147_saved,async_tree_eager_memoization_tg,async_tree_eager_memoization_tg,6,0,0.25833400001283735,completed_raw
cpython3147_saved,async_tree_eager_memoization_tg,async_tree_eager_memoization_tg,6,1,0.2647434999817051,completed_raw
cpython3147_saved,async_tree_eager_memoization_tg,async_tree_eager_memoization_tg,7,0,0.31803519997629337,completed_raw
cpython3147_saved,async_tree_eager_memoization_tg,async_tree_eager_memoization_tg,7,1,0.27568680001422763,completed_raw
cpython3147_saved,async_tree_eager_memoization_tg,async_tree_eager_memoization_tg,8,0,0.25248090000241064,completed_raw
cpython3147_saved,async_tree_eager_memoization_tg,async_tree_eager_memoization_tg,8,1,0.2755213000054937,completed_raw
cpython3147_saved,async_tree_eager_memoization_tg,async_tree_eager_memoization_tg,9,0,0.25844099998357706,completed_raw
cpython3147_saved,async_tree_eager_memoization_tg,async_tree_eager_memoization_tg,9,1,0.2854796999890823,completed_raw
cpython3147_saved,async_tree_eager_memoization_tg,async_tree_eager_memoization_tg,10,0,0.2567101000167895,completed_raw
cpython3147_saved,async_tree_eager_memoization_tg,async_tree_eager_memoization_tg,10,1,0.26642529998207465,completed_raw
cpython3147_saved,async_tree_eager_tg,async_tree_eager_tg,1,0,0.20542569999815896,completed_raw
cpython3147_saved,async_tree_eager_tg,async_tree_eager_tg,1,1,0.18296629999531433,completed_raw
cpython3147_saved,async_tree_eager_tg,async_tree_eager_tg,2,0,0.21347819999209605,completed_raw
cpython3147_saved,async_tree_eager_tg,async_tree_eager_tg,2,1,0.18784309999318793,completed_raw
cpython3147_saved,async_tree_eager_tg,async_tree_eager_tg,3,0,0.20070670000859536,completed_raw
cpython3147_saved,async_tree_eager_tg,async_tree_eager_tg,3,1,0.18326790002174675,completed_raw
cpython3147_saved,async_tree_eager_tg,async_tree_eager_tg,4,0,0.20124700001906604,completed_raw
cpython3147_saved,async_tree_eager_tg,async_tree_eager_tg,4,1,0.18157640000572428,completed_raw
cpython3147_saved,async_tree_eager_tg,async_tree_eager_tg,5,0,0.19899940001778305,completed_raw
cpython3147_saved,async_tree_eager_tg,async_tree_eager_tg,5,1,0.18369939998956397,completed_raw
cpython3147_saved,async_tree_eager_tg,async_tree_eager_tg,6,0,0.19957359999534674,completed_raw
cpython3147_saved,async_tree_eager_tg,async_tree_eager_tg,6,1,0.18089299998246133,completed_raw
cpython3147_saved,async_tree_eager_tg,async_tree_eager_tg,7,0,0.20653339999262244,completed_raw
cpython3147_saved,async_tree_eager_tg,async_tree_eager_tg,7,1,0.1824454000161495,completed_raw
cpython3147_saved,async_tree_eager_tg,async_tree_eager_tg,8,0,0.2034888000052888,completed_raw
cpython3147_saved,async_tree_eager_tg,async_tree_eager_tg,8,1,0.1845035000005737,completed_raw
cpython3147_saved,async_tree_eager_tg,async_tree_eager_tg,9,0,0.19968530000187457,completed_raw
cpython3147_saved,async_tree_eager_tg,async_tree_eager_tg,9,1,0.18187649999163114,completed_raw
cpython3147_saved,async_tree_eager_tg,async_tree_eager_tg,10,0,0.19948209999711253,completed_raw
cpython3147_saved,async_tree_eager_tg,async_tree_eager_tg,10,1,0.1838094999839086,completed_raw
cpython3147_saved,async_tree_io,async_tree_io,1,0,0.5563936000107788,completed_raw
cpython3147_saved,async_tree_io,async_tree_io,1,1,0.5626881000061985,completed_raw
cpython3147_saved,async_tree_io,async_tree_io,2,0,0.5941769999917597,completed_raw
cpython3147_saved,async_tree_io,async_tree_io,2,1,0.5691260000166949,completed_raw
cpython3147_saved,async_tree_io,async_tree_io,3,0,0.5882980000169482,completed_raw
cpython3147_saved,async_tree_io,async_tree_io,3,1,0.5612000999972224,completed_raw
cpython3147_saved,async_tree_io,async_tree_io,4,0,0.5709173000068404,completed_raw
cpython3147_saved,async_tree_io,async_tree_io,4,1,0.5465490999922622,completed_raw
cpython3147_saved,async_tree_io,async_tree_io,5,0,0.5699048000096809,completed_raw
cpython3147_saved,async_tree_io,async_tree_io,5,1,0.5496960000018589,completed_raw
cpython3147_saved,async_tree_io,async_tree_io,6,0,0.5723002000013366,completed_raw
cpython3147_saved,async_tree_io,async_tree_io,6,1,0.5438732999900822,completed_raw
cpython3147_saved,async_tree_io,async_tree_io,7,0,0.5745870000100695,completed_raw
cpython3147_saved,async_tree_io,async_tree_io,7,1,0.5462658000178635,completed_raw
cpython3147_saved,async_tree_io,async_tree_io,8,0,0.5520171000098344,completed_raw
cpython3147_saved,async_tree_io,async_tree_io,8,1,0.5455465999839362,completed_raw
cpython3147_saved,async_tree_io,async_tree_io,9,0,0.5551532999961637,completed_raw
cpython3147_saved,async_tree_io,async_tree_io,9,1,0.5511251999996603,completed_raw
cpython3147_saved,async_tree_io,async_tree_io,10,0,0.5731877000071108,completed_raw
cpython3147_saved,async_tree_io,async_tree_io,10,1,0.5602310000103898,completed_raw
cpython3147_saved,async_tree_io_tg,async_tree_io_tg,1,0,0.5690859999740496,completed_raw
cpython3147_saved,async_tree_io_tg,async_tree_io_tg,1,1,0.531400300009409,completed_raw
cpython3147_saved,async_tree_io_tg,async_tree_io_tg,2,0,0.5590420000080485,completed_raw
cpython3147_saved,async_tree_io_tg,async_tree_io_tg,2,1,0.5540697000105865,completed_raw
cpython3147_saved,async_tree_io_tg,async_tree_io_tg,3,0,0.5704846000007819,completed_raw
cpython3147_saved,async_tree_io_tg,async_tree_io_tg,3,1,0.5292054000019561,completed_raw
cpython3147_saved,async_tree_io_tg,async_tree_io_tg,4,0,0.5467940999951679,completed_raw
cpython3147_saved,async_tree_io_tg,async_tree_io_tg,4,1,0.5322855999984313,completed_raw
cpython3147_saved,async_tree_io_tg,async_tree_io_tg,5,0,0.5465630000107922,completed_raw
cpython3147_saved,async_tree_io_tg,async_tree_io_tg,5,1,0.5324521999864373,completed_raw
cpython3147_saved,async_tree_io_tg,async_tree_io_tg,6,0,0.5553918000077829,completed_raw
cpython3147_saved,async_tree_io_tg,async_tree_io_tg,6,1,0.5308003000100143,completed_raw
cpython3147_saved,async_tree_io_tg,async_tree_io_tg,7,0,0.5559070999734104,completed_raw
cpython3147_saved,async_tree_io_tg,async_tree_io_tg,7,1,0.5256663000036497,completed_raw
cpython3147_saved,async_tree_io_tg,async_tree_io_tg,8,0,0.5585823000001255,completed_raw
cpython3147_saved,async_tree_io_tg,async_tree_io_tg,8,1,0.5414487000089139,completed_raw
cpython3147_saved,async_tree_io_tg,async_tree_io_tg,9,0,0.5712906999979168,completed_raw
cpython3147_saved,async_tree_io_tg,async_tree_io_tg,9,1,0.5471262000210118,completed_raw
cpython3147_saved,async_tree_io_tg,async_tree_io_tg,10,0,0.5478956000006292,completed_raw
cpython3147_saved,async_tree_io_tg,async_tree_io_tg,10,1,0.5291826000029687,completed_raw
cpython3147_saved,async_tree_memoization,async_tree_memoization,1,0,0.27885719999903813,completed_raw
cpython3147_saved,async_tree_memoization,async_tree_memoization,1,1,0.28623379999771714,completed_raw
cpython3147_saved,async_tree_memoization,async_tree_memoization,2,0,0.2655101999989711,completed_raw
cpython3147_saved,async_tree_memoization,async_tree_memoization,2,1,0.28427899998496287,completed_raw
cpython3147_saved,async_tree_memoization,async_tree_memoization,3,0,0.27126639999914914,completed_raw
cpython3147_saved,async_tree_memoization,async_tree_memoization,3,1,0.2802975999948103,completed_raw
cpython3147_saved,async_tree_memoization,async_tree_memoization,4,0,0.27148600001237355,completed_raw
cpython3147_saved,async_tree_memoization,async_tree_memoization,4,1,0.2899065999954473,completed_raw
cpython3147_saved,async_tree_memoization,async_tree_memoization,5,0,0.267073299997719,completed_raw
cpython3147_saved,async_tree_memoization,async_tree_memoization,5,1,0.2778409000020474,completed_raw
cpython3147_saved,async_tree_memoization,async_tree_memoization,6,0,0.2695639999874402,completed_raw
cpython3147_saved,async_tree_memoization,async_tree_memoization,6,1,0.28229149998514913,completed_raw
cpython3147_saved,async_tree_memoization,async_tree_memoization,7,0,0.2876230999827385,completed_raw
cpython3147_saved,async_tree_memoization,async_tree_memoization,7,1,0.28912729999865405,completed_raw
cpython3147_saved,async_tree_memoization,async_tree_memoization,8,0,0.29844820001744665,completed_raw
cpython3147_saved,async_tree_memoization,async_tree_memoization,8,1,0.2801869999966584,completed_raw
cpython3147_saved,async_tree_memoization,async_tree_memoization,9,0,0.2675236999930348,completed_raw
cpython3147_saved,async_tree_memoization,async_tree_memoization,9,1,0.2761428999947384,completed_raw
cpython3147_saved,async_tree_memoization,async_tree_memoization,10,0,0.2686532000079751,completed_raw
cpython3147_saved,async_tree_memoization,async_tree_memoization,10,1,0.27845059998799115,completed_raw
cpython3147_saved,async_tree_memoization_tg,async_tree_memoization_tg,1,0,0.26726829999824986,completed_raw
cpython3147_saved,async_tree_memoization_tg,async_tree_memoization_tg,1,1,0.27697589999297634,completed_raw
cpython3147_saved,async_tree_memoization_tg,async_tree_memoization_tg,2,0,0.27036039999802597,completed_raw
cpython3147_saved,async_tree_memoization_tg,async_tree_memoization_tg,2,1,0.2829762000183109,completed_raw
cpython3147_saved,async_tree_memoization_tg,async_tree_memoization_tg,3,0,0.2635794999951031,completed_raw
cpython3147_saved,async_tree_memoization_tg,async_tree_memoization_tg,3,1,0.28286890001618303,completed_raw
cpython3147_saved,async_tree_memoization_tg,async_tree_memoization_tg,4,0,0.2713602999865543,completed_raw
cpython3147_saved,async_tree_memoization_tg,async_tree_memoization_tg,4,1,0.2879236999724526,completed_raw
cpython3147_saved,async_tree_memoization_tg,async_tree_memoization_tg,5,0,0.26545989999431185,completed_raw
cpython3147_saved,async_tree_memoization_tg,async_tree_memoization_tg,5,1,0.2818310000002384,completed_raw
cpython3147_saved,async_tree_memoization_tg,async_tree_memoization_tg,6,0,0.26823099999455735,completed_raw
cpython3147_saved,async_tree_memoization_tg,async_tree_memoization_tg,6,1,0.2823895000037737,completed_raw
cpython3147_saved,async_tree_memoization_tg,async_tree_memoization_tg,7,0,0.2805969000037294,completed_raw
cpython3147_saved,async_tree_memoization_tg,async_tree_memoization_tg,7,1,0.28447589999996126,completed_raw
cpython3147_saved,async_tree_memoization_tg,async_tree_memoization_tg,8,0,0.26579529998707585,completed_raw
cpython3147_saved,async_tree_memoization_tg,async_tree_memoization_tg,8,1,0.27817889998550527,completed_raw
cpython3147_saved,async_tree_memoization_tg,async_tree_memoization_tg,9,0,0.2689601000165567,completed_raw
cpython3147_saved,async_tree_memoization_tg,async_tree_memoization_tg,9,1,0.27920390001963824,completed_raw
cpython3147_saved,async_tree_memoization_tg,async_tree_memoization_tg,10,0,0.27432730002328753,completed_raw
cpython3147_saved,async_tree_memoization_tg,async_tree_memoization_tg,10,1,0.2828919000166934,completed_raw
cpython3147_saved,async_tree_tg,async_tree_none_tg,1,0,0.22865199999068864,completed_raw
cpython3147_saved,async_tree_tg,async_tree_none_tg,1,1,0.2442503000202123,completed_raw
cpython3147_saved,async_tree_tg,async_tree_none_tg,2,0,0.22819789999630302,completed_raw
cpython3147_saved,async_tree_tg,async_tree_none_tg,2,1,0.24109260001569055,completed_raw
cpython3147_saved,async_tree_tg,async_tree_none_tg,3,0,0.23620230000233278,completed_raw
cpython3147_saved,async_tree_tg,async_tree_none_tg,3,1,0.24784149997867644,completed_raw
cpython3147_saved,async_tree_tg,async_tree_none_tg,4,0,0.2436862999747973,completed_raw
cpython3147_saved,async_tree_tg,async_tree_none_tg,4,1,0.2618732000119053,completed_raw
cpython3147_saved,async_tree_tg,async_tree_none_tg,5,0,0.22801950000575744,completed_raw
cpython3147_saved,async_tree_tg,async_tree_none_tg,5,1,0.23952450000797398,completed_raw
cpython3147_saved,async_tree_tg,async_tree_none_tg,6,0,0.23597609999706037,completed_raw
cpython3147_saved,async_tree_tg,async_tree_none_tg,6,1,0.25475659998483025,completed_raw
cpython3147_saved,async_tree_tg,async_tree_none_tg,7,0,0.2334088000061456,completed_raw
cpython3147_saved,async_tree_tg,async_tree_none_tg,7,1,0.24153060000389814,completed_raw
cpython3147_saved,async_tree_tg,async_tree_none_tg,8,0,0.23496269999304786,completed_raw
cpython3147_saved,async_tree_tg,async_tree_none_tg,8,1,0.24031630001263693,completed_raw
cpython3147_saved,async_tree_tg,async_tree_none_tg,9,0,0.22628689999692142,completed_raw
cpython3147_saved,async_tree_tg,async_tree_none_tg,9,1,0.25080790001084097,completed_raw
cpython3147_saved,async_tree_tg,async_tree_none_tg,10,0,0.22664559999248013,completed_raw
cpython3147_saved,async_tree_tg,async_tree_none_tg,10,1,0.2430263999849558,completed_raw
cpython3147_saved,asyncio_tcp,asyncio_tcp,1,0,0.5698770000017248,completed_raw
cpython3147_saved,asyncio_tcp,asyncio_tcp,1,1,0.5735375999938697,completed_raw
cpython3147_saved,asyncio_tcp,asyncio_tcp,2,0,0.5720742999983486,completed_raw
cpython3147_saved,asyncio_tcp,asyncio_tcp,2,1,0.5661808000004385,completed_raw
cpython3147_saved,asyncio_tcp,asyncio_tcp,3,0,0.5970259000023361,completed_raw
cpython3147_saved,asyncio_tcp,asyncio_tcp,3,1,0.5847446999978274,completed_raw
cpython3147_saved,asyncio_tcp,asyncio_tcp,4,0,0.6140788999910001,completed_raw
cpython3147_saved,asyncio_tcp,asyncio_tcp,4,1,0.5743034999759402,completed_raw
cpython3147_saved,asyncio_tcp,asyncio_tcp,5,0,0.574199900001986,completed_raw
cpython3147_saved,asyncio_tcp,asyncio_tcp,5,1,0.5853559999959543,completed_raw
cpython3147_saved,asyncio_tcp,asyncio_tcp,6,0,0.5789994999940973,completed_raw
cpython3147_saved,asyncio_tcp,asyncio_tcp,6,1,0.6252038999809884,completed_raw
cpython3147_saved,asyncio_tcp,asyncio_tcp,7,0,0.5895390000077896,completed_raw
cpython3147_saved,asyncio_tcp,asyncio_tcp,7,1,0.576661500002956,completed_raw
cpython3147_saved,asyncio_tcp,asyncio_tcp,8,0,0.5567890999955125,completed_raw
cpython3147_saved,asyncio_tcp,asyncio_tcp,8,1,0.5632307000050787,completed_raw
cpython3147_saved,asyncio_tcp,asyncio_tcp,9,0,0.6342968999815639,completed_raw
cpython3147_saved,asyncio_tcp,asyncio_tcp,9,1,0.6134603999962565,completed_raw
cpython3147_saved,asyncio_tcp,asyncio_tcp,10,0,0.5764952999888919,completed_raw
cpython3147_saved,asyncio_tcp,asyncio_tcp,10,1,0.5801168000034522,completed_raw
cpython3147_saved,asyncio_tcp_ssl,asyncio_tcp_ssl,1,0,1.5742856000142638,completed_raw
cpython3147_saved,asyncio_tcp_ssl,asyncio_tcp_ssl,1,1,1.587516500003403,completed_raw
cpython3147_saved,asyncio_tcp_ssl,asyncio_tcp_ssl,2,0,1.5561176000046544,completed_raw
cpython3147_saved,asyncio_tcp_ssl,asyncio_tcp_ssl,2,1,1.6324006000068039,completed_raw
cpython3147_saved,asyncio_tcp_ssl,asyncio_tcp_ssl,3,0,1.654313999984879,completed_raw
cpython3147_saved,asyncio_tcp_ssl,asyncio_tcp_ssl,3,1,1.6751574000227265,completed_raw
cpython3147_saved,asyncio_tcp_ssl,asyncio_tcp_ssl,4,0,1.5791697000095155,completed_raw
cpython3147_saved,asyncio_tcp_ssl,asyncio_tcp_ssl,4,1,1.599414299998898,completed_raw
cpython3147_saved,asyncio_tcp_ssl,asyncio_tcp_ssl,5,0,1.5824812000209931,completed_raw
cpython3147_saved,asyncio_tcp_ssl,asyncio_tcp_ssl,5,1,1.5821393000078388,completed_raw
cpython3147_saved,asyncio_tcp_ssl,asyncio_tcp_ssl,6,0,1.557686999993166,completed_raw
cpython3147_saved,asyncio_tcp_ssl,asyncio_tcp_ssl,6,1,1.6263749999925494,completed_raw
cpython3147_saved,asyncio_tcp_ssl,asyncio_tcp_ssl,7,0,1.6201310000033118,completed_raw
cpython3147_saved,asyncio_tcp_ssl,asyncio_tcp_ssl,7,1,1.635506999999052,completed_raw
cpython3147_saved,asyncio_tcp_ssl,asyncio_tcp_ssl,8,0,1.695925999985775,completed_raw
cpython3147_saved,asyncio_tcp_ssl,asyncio_tcp_ssl,8,1,1.7052291000145487,completed_raw
cpython3147_saved,asyncio_tcp_ssl,asyncio_tcp_ssl,9,0,1.592408800002886,completed_raw
cpython3147_saved,asyncio_tcp_ssl,asyncio_tcp_ssl,9,1,1.622283000004245,completed_raw
cpython3147_saved,asyncio_tcp_ssl,asyncio_tcp_ssl,10,0,1.6045436999993399,completed_raw
cpython3147_saved,asyncio_tcp_ssl,asyncio_tcp_ssl,10,1,1.5679594999819528,completed_raw
cpython3147_saved,asyncio_websockets,asyncio_websockets,1,0,0.166538399993442,completed_raw
cpython3147_saved,asyncio_websockets,asyncio_websockets,1,1,0.17968239999026991,completed_raw
cpython3147_saved,asyncio_websockets,asyncio_websockets,2,0,0.17376649999641813,completed_raw
cpython3147_saved,asyncio_websockets,asyncio_websockets,2,1,0.172981300012907,completed_raw
cpython3147_saved,asyncio_websockets,asyncio_websockets,3,0,0.1816145999764558,completed_raw
cpython3147_saved,asyncio_websockets,asyncio_websockets,3,1,0.17267219998757355,completed_raw
cpython3147_saved,asyncio_websockets,asyncio_websockets,4,0,0.1809644000022672,completed_raw
cpython3147_saved,asyncio_websockets,asyncio_websockets,4,1,0.1803868999995757,completed_raw
cpython3147_saved,asyncio_websockets,asyncio_websockets,5,0,0.18375510000623763,completed_raw
cpython3147_saved,asyncio_websockets,asyncio_websockets,5,1,0.1660310000006575,completed_raw
cpython3147_saved,asyncio_websockets,asyncio_websockets,6,0,0.16893790001631714,completed_raw
cpython3147_saved,asyncio_websockets,asyncio_websockets,6,1,0.16989819999434985,completed_raw
cpython3147_saved,asyncio_websockets,asyncio_websockets,7,0,0.1820276000071317,completed_raw
cpython3147_saved,asyncio_websockets,asyncio_websockets,7,1,0.16723370002000593,completed_raw
cpython3147_saved,asyncio_websockets,asyncio_websockets,8,0,0.18408340000314638,completed_raw
cpython3147_saved,asyncio_websockets,asyncio_websockets,8,1,0.17736739999963902,completed_raw
cpython3147_saved,asyncio_websockets,asyncio_websockets,9,0,0.17649559999699704,completed_raw
cpython3147_saved,asyncio_websockets,asyncio_websockets,9,1,0.18406729999696836,completed_raw
cpython3147_saved,asyncio_websockets,asyncio_websockets,10,0,0.18408840001211502,completed_raw
cpython3147_saved,asyncio_websockets,asyncio_websockets,10,1,0.1746751999889966,completed_raw
cpython3147_saved,base64,base64_small,1,0,0.0002725898437461183,completed_raw
cpython3147_saved,base64,base64_small,1,1,0.00027394511715783665,completed_raw
cpython3147_saved,base64,base64_small,2,0,0.00027089765626442386,completed_raw
cpython3147_saved,base64,base64_small,2,1,0.0002706238281007245,completed_raw
cpython3147_saved,base64,base64_small,3,0,0.00027035781249651336,completed_raw
cpython3147_saved,base64,base64_small,3,1,0.0002721441406379199,completed_raw
cpython3147_saved,base64,base64_small,4,0,0.0002730818359282239,completed_raw
cpython3147_saved,base64,base64_small,4,1,0.0002749718750010288,completed_raw
cpython3147_saved,base64,base64_small,5,0,0.0002749777343638016,completed_raw
cpython3147_saved,base64,base64_small,5,1,0.0002703564452986029,completed_raw
cpython3147_saved,base64,base64_small,6,0,0.00027198457030408463,completed_raw
cpython3147_saved,base64,base64_small,6,1,0.00027268242189393277,completed_raw
cpython3147_saved,base64,base64_small,7,0,0.0002668343749974156,completed_raw
cpython3147_saved,base64,base64_small,7,1,0.00026828574220871815,completed_raw
cpython3147_saved,base64,base64_small,8,0,0.00026992578125373257,completed_raw
cpython3147_saved,base64,base64_small,8,1,0.00026490019530456266,completed_raw
cpython3147_saved,base64,base64_small,9,0,0.0002708179687829215,completed_raw
cpython3147_saved,base64,base64_small,9,1,0.0002733925780944446,completed_raw
cpython3147_saved,base64,base64_small,10,0,0.0002743410156540449,completed_raw
cpython3147_saved,base64,base64_small,10,1,0.0002749113281197424,completed_raw
cpython3147_saved,base64,base64_large,1,0,0.008030968750972534,completed_raw
cpython3147_saved,base64,base64_large,1,1,0.007863737500883872,completed_raw
cpython3147_saved,base64,base64_large,2,0,0.007972981249622535,completed_raw
cpython3147_saved,base64,base64_large,2,1,0.007932399999845074,completed_raw
cpython3147_saved,base64,base64_large,3,0,0.007852175000152783,completed_raw
cpython3147_saved,base64,base64_large,3,1,0.007843606248570723,completed_raw
cpython3147_saved,base64,base64_large,4,0,0.00789876249837107,completed_raw
cpython3147_saved,base64,base64_large,4,1,0.007953962500323541,completed_raw
cpython3147_saved,base64,base64_large,5,0,0.007895581249613315,completed_raw
cpython3147_saved,base64,base64_large,5,1,0.008038281250264845,completed_raw
cpython3147_saved,base64,base64_large,6,0,0.007859874998757732,completed_raw
cpython3147_saved,base64,base64_large,6,1,0.007877856251070625,completed_raw
cpython3147_saved,base64,base64_large,7,0,0.00780947499879403,completed_raw
cpython3147_saved,base64,base64_large,7,1,0.007872331249018316,completed_raw
cpython3147_saved,base64,base64_large,8,0,0.007819450000170036,completed_raw
cpython3147_saved,base64,base64_large,8,1,0.007867437499953667,completed_raw
cpython3147_saved,base64,base64_large,9,0,0.007916156249848427,completed_raw
cpython3147_saved,base64,base64_large,9,1,0.007907768749646493,completed_raw
cpython3147_saved,base64,base64_large,10,0,0.00782334374889615,completed_raw
cpython3147_saved,base64,base64_large,10,1,0.007950862500365474,completed_raw
cpython3147_saved,base64,urlsafe_base64_small,1,0,0.0004801253907089631,completed_raw
cpython3147_saved,base64,urlsafe_base64_small,1,1,0.0004153878905981401,completed_raw
cpython3147_saved,base64,urlsafe_base64_small,2,0,0.00041671210942695325,completed_raw
cpython3147_saved,base64,urlsafe_base64_small,2,1,0.000404566015618002,completed_raw
cpython3147_saved,base64,urlsafe_base64_small,3,0,0.0004130304687350872,completed_raw
cpython3147_saved,base64,urlsafe_base64_small,3,1,0.00040263359380787733,completed_raw
cpython3147_saved,base64,urlsafe_base64_small,4,0,0.00040682187500351574,completed_raw
cpython3147_saved,base64,urlsafe_base64_small,4,1,0.00040923710935203417,completed_raw
cpython3147_saved,base64,urlsafe_base64_small,5,0,0.0004094347656291575,completed_raw
cpython3147_saved,base64,urlsafe_base64_small,5,1,0.0004050999999662963,completed_raw
cpython3147_saved,base64,urlsafe_base64_small,6,0,0.00041213789063476725,completed_raw
cpython3147_saved,base64,urlsafe_base64_small,6,1,0.0004104367187665048,completed_raw
cpython3147_saved,base64,urlsafe_base64_small,7,0,0.00041079843742863886,completed_raw
cpython3147_saved,base64,urlsafe_base64_small,7,1,0.00040743125009612413,completed_raw
cpython3147_saved,base64,urlsafe_base64_small,8,0,0.0004157171874794585,completed_raw
cpython3147_saved,base64,urlsafe_base64_small,8,1,0.00040219492188953154,completed_raw
cpython3147_saved,base64,urlsafe_base64_small,9,0,0.0004030500000453685,completed_raw
cpython3147_saved,base64,urlsafe_base64_small,9,1,0.00040578242192168545,completed_raw
cpython3147_saved,base64,urlsafe_base64_small,10,0,0.0004148910155663543,completed_raw
cpython3147_saved,base64,urlsafe_base64_small,10,1,0.0004193789062583164,completed_raw
cpython3147_saved,base64,base32_small,1,0,0.007617968749400461,completed_raw
cpython3147_saved,base64,base32_small,1,1,0.007561399999758578,completed_raw
cpython3147_saved,base64,base32_small,2,0,0.007930674999443,completed_raw
cpython3147_saved,base64,base32_small,2,1,0.00760377500046161,completed_raw
cpython3147_saved,base64,base32_small,3,0,0.00748695000038424,completed_raw
cpython3147_saved,base64,base32_small,3,1,0.007573324999611941,completed_raw
cpython3147_saved,base64,base32_small,4,0,0.007536981249359087,completed_raw
cpython3147_saved,base64,base32_small,4,1,0.007775443749778788,completed_raw
cpython3147_saved,base64,base32_small,5,0,0.007570243749796646,completed_raw
cpython3147_saved,base64,base32_small,5,1,0.007476937498722691,completed_raw
cpython3147_saved,base64,base32_small,6,0,0.007619250000061584,completed_raw
cpython3147_saved,base64,base32_small,6,1,0.007555668751592748,completed_raw
cpython3147_saved,base64,base32_small,7,0,0.00753064999844355,completed_raw
cpython3147_saved,base64,base32_small,7,1,0.007281437499841559,completed_raw
cpython3147_saved,base64,base32_small,8,0,0.0075046000001748325,completed_raw
cpython3147_saved,base64,base32_small,8,1,0.007716306248767069,completed_raw
cpython3147_saved,base64,base32_small,9,0,0.0074917500005540205,completed_raw
cpython3147_saved,base64,base32_small,9,1,0.007609849999425933,completed_raw
cpython3147_saved,base64,base32_small,10,0,0.007532106250437209,completed_raw
cpython3147_saved,base64,base32_small,10,1,0.007539706250099698,completed_raw
cpython3147_saved,base64,base32_large,1,0,0.3784913999843411,completed_raw
cpython3147_saved,base64,base32_large,1,1,0.37969830000656657,completed_raw
cpython3147_saved,base64,base32_large,2,0,0.3840613999927882,completed_raw
cpython3147_saved,base64,base32_large,2,1,0.385875500011025,completed_raw
cpython3147_saved,base64,base32_large,3,0,0.3910916000022553,completed_raw
cpython3147_saved,base64,base32_large,3,1,0.3930586999922525,completed_raw
cpython3147_saved,base64,base32_large,4,0,0.3879072000272572,completed_raw
cpython3147_saved,base64,base32_large,4,1,0.3877710000087973,completed_raw
cpython3147_saved,base64,base32_large,5,0,0.3860807000019122,completed_raw
cpython3147_saved,base64,base32_large,5,1,0.3882138000044506,completed_raw
cpython3147_saved,base64,base32_large,6,0,0.39233420000527985,completed_raw
cpython3147_saved,base64,base32_large,6,1,0.3897530999965966,completed_raw
cpython3147_saved,base64,base32_large,7,0,0.38158020001719706,completed_raw
cpython3147_saved,base64,base32_large,7,1,0.3832090000214521,completed_raw
cpython3147_saved,base64,base32_large,8,0,0.37756609998177737,completed_raw
cpython3147_saved,base64,base32_large,8,1,0.37801059999037534,completed_raw
cpython3147_saved,base64,base32_large,9,0,0.37544139998499304,completed_raw
cpython3147_saved,base64,base32_large,9,1,0.37216080000507645,completed_raw
cpython3147_saved,base64,base32_large,10,0,0.37664880001102574,completed_raw
cpython3147_saved,base64,base32_large,10,1,0.36886950000189245,completed_raw
cpython3147_saved,base64,base16_small,1,0,0.0002926537109715355,completed_raw
cpython3147_saved,base64,base16_small,1,1,0.00028699414065158635,completed_raw
cpython3147_saved,base64,base16_small,2,0,0.0002931613281020873,completed_raw
cpython3147_saved,base64,base16_small,2,1,0.0002947863281406171,completed_raw
cpython3147_saved,base64,base16_small,3,0,0.0002930974609398618,completed_raw
cpython3147_saved,base64,base16_small,3,1,0.00029121835939349694,completed_raw
cpython3147_saved,base64,base16_small,4,0,0.0002955722655997306,completed_raw
cpython3147_saved,base64,base16_small,4,1,0.0002910855469053786,completed_raw
cpython3147_saved,base64,base16_small,5,0,0.0002922968749885513,completed_raw
cpython3147_saved,base64,base16_small,5,1,0.0002956501953121915,completed_raw
cpython3147_saved,base64,base16_small,6,0,0.00029258945312449214,completed_raw
cpython3147_saved,base64,base16_small,6,1,0.00029258632810069685,completed_raw
cpython3147_saved,base64,base16_small,7,0,0.0002897728515449671,completed_raw
cpython3147_saved,base64,base16_small,7,1,0.000290990039047756,completed_raw
cpython3147_saved,base64,base16_small,8,0,0.000291533203153449,completed_raw
cpython3147_saved,base64,base16_small,8,1,0.00029469785158653394,completed_raw
cpython3147_saved,base64,base16_small,9,0,0.00029373359376450026,completed_raw
cpython3147_saved,base64,base16_small,9,1,0.000291653906231204,completed_raw
cpython3147_saved,base64,base16_small,10,0,0.0002932064452920713,completed_raw
cpython3147_saved,base64,base16_small,10,1,0.0002907115234052071,completed_raw
cpython3147_saved,base64,base16_large,1,0,0.00614941562525928,completed_raw
cpython3147_saved,base64,base16_large,1,1,0.006075012499422883,completed_raw
cpython3147_saved,base64,base16_large,2,0,0.006052612499843235,completed_raw
cpython3147_saved,base64,base16_large,2,1,0.006113600000389852,completed_raw
cpython3147_saved,base64,base16_large,3,0,0.006507790625619236,completed_raw
cpython3147_saved,base64,base16_large,3,1,0.006208168749253673,completed_raw
cpython3147_saved,base64,base16_large,4,0,0.0063547843747073784,completed_raw
cpython3147_saved,base64,base16_large,4,1,0.006329281250145868,completed_raw
cpython3147_saved,base64,base16_large,5,0,0.006281768749431649,completed_raw
cpython3147_saved,base64,base16_large,5,1,0.006084190625188057,completed_raw
cpython3147_saved,base64,base16_large,6,0,0.0061593249993165955,completed_raw
cpython3147_saved,base64,base16_large,6,1,0.0059651437504726346,completed_raw
cpython3147_saved,base64,base16_large,7,0,0.006360109375236789,completed_raw
cpython3147_saved,base64,base16_large,7,1,0.006247837500268361,completed_raw
cpython3147_saved,base64,base16_large,8,0,0.006118406249697728,completed_raw
cpython3147_saved,base64,base16_large,8,1,0.006107012500251585,completed_raw
cpython3147_saved,base64,base16_large,9,0,0.006155440624752373,completed_raw
cpython3147_saved,base64,base16_large,9,1,0.006313087499620451,completed_raw
cpython3147_saved,base64,base16_large,10,0,0.00616495312533516,completed_raw
cpython3147_saved,base64,base16_large,10,1,0.006217928124897298,completed_raw
cpython3147_saved,base64,ascii85_small,1,0,0.01572334999946179,completed_raw
cpython3147_saved,base64,ascii85_small,1,1,0.015531837500020629,completed_raw
cpython3147_saved,base64,ascii85_small,2,0,0.0162139375024708,completed_raw
cpython3147_saved,base64,ascii85_small,2,1,0.016080262499599485,completed_raw
cpython3147_saved,base64,ascii85_small,3,0,0.016072900001745438,completed_raw
cpython3147_saved,base64,ascii85_small,3,1,0.016198150002310285,completed_raw
cpython3147_saved,base64,ascii85_small,4,0,0.016113537498313235,completed_raw
cpython3147_saved,base64,ascii85_small,4,1,0.016130575000715908,completed_raw
cpython3147_saved,base64,ascii85_small,5,0,0.01609230000030948,completed_raw
cpython3147_saved,base64,ascii85_small,5,1,0.015849299998080824,completed_raw
cpython3147_saved,base64,ascii85_small,6,0,0.01576718749856809,completed_raw
cpython3147_saved,base64,ascii85_small,6,1,0.015697462502430426,completed_raw
cpython3147_saved,base64,ascii85_small,7,0,0.0159931999987748,completed_raw
cpython3147_saved,base64,ascii85_small,7,1,0.01616749999811873,completed_raw
cpython3147_saved,base64,ascii85_small,8,0,0.016210887501074467,completed_raw
cpython3147_saved,base64,ascii85_small,8,1,0.016183625000849133,completed_raw
cpython3147_saved,base64,ascii85_small,9,0,0.01612548750199494,completed_raw
cpython3147_saved,base64,ascii85_small,9,1,0.016188312500162283,completed_raw
cpython3147_saved,base64,ascii85_small,10,0,0.0162629750011547,completed_raw
cpython3147_saved,base64,ascii85_small,10,1,0.016220762499870034,completed_raw
cpython3147_saved,base64,ascii85_large,1,0,0.8520980000030249,completed_raw
cpython3147_saved,base64,ascii85_large,1,1,0.8582142999803182,completed_raw
cpython3147_saved,base64,ascii85_large,2,0,0.8534880000224803,completed_raw
cpython3147_saved,base64,ascii85_large,2,1,0.8427534000074957,completed_raw
cpython3147_saved,base64,ascii85_large,3,0,0.8587319999933243,completed_raw
cpython3147_saved,base64,ascii85_large,3,1,0.8576152000168804,completed_raw
cpython3147_saved,base64,ascii85_large,4,0,0.852162800001679,completed_raw
cpython3147_saved,base64,ascii85_large,4,1,0.8465108999807853,completed_raw
cpython3147_saved,base64,ascii85_large,5,0,0.8487693000060972,completed_raw
cpython3147_saved,base64,ascii85_large,5,1,0.8524338999995962,completed_raw
cpython3147_saved,base64,ascii85_large,6,0,0.8436220000148751,completed_raw
cpython3147_saved,base64,ascii85_large,6,1,0.8454479000065476,completed_raw
cpython3147_saved,base64,ascii85_large,7,0,0.848876800009748,completed_raw
cpython3147_saved,base64,ascii85_large,7,1,0.8509849999973085,completed_raw
cpython3147_saved,base64,ascii85_large,8,0,0.8462977999879513,completed_raw
cpython3147_saved,base64,ascii85_large,8,1,0.8507253999996465,completed_raw
cpython3147_saved,base64,ascii85_large,9,0,0.8604626999876928,completed_raw
cpython3147_saved,base64,ascii85_large,9,1,0.8599352999881376,completed_raw
cpython3147_saved,base64,ascii85_large,10,0,0.8533682999841403,completed_raw
cpython3147_saved,base64,ascii85_large,10,1,0.8527866000076756,completed_raw
cpython3147_saved,base64,base85_small,1,0,0.005576684375228069,completed_raw
cpython3147_saved,base64,base85_small,1,1,0.005563209374486178,completed_raw
cpython3147_saved,base64,base85_small,2,0,0.005393806250140187,completed_raw
cpython3147_saved,base64,base85_small,2,1,0.0053703156245319406,completed_raw
cpython3147_saved,base64,base85_small,3,0,0.005324731249856995,completed_raw
cpython3147_saved,base64,base85_small,3,1,0.005336690624972107,completed_raw
cpython3147_saved,base64,base85_small,4,0,0.005443215624836739,completed_raw
cpython3147_saved,base64,base85_small,4,1,0.005401534374868788,completed_raw
cpython3147_saved,base64,base85_small,5,0,0.005607393750324263,completed_raw
cpython3147_saved,base64,base85_small,5,1,0.005610574999991513,completed_raw
cpython3147_saved,base64,base85_small,6,0,0.005501065625139745,completed_raw
cpython3147_saved,base64,base85_small,6,1,0.00546048437445279,completed_raw
cpython3147_saved,base64,base85_small,7,0,0.00553230312470987,completed_raw
cpython3147_saved,base64,base85_small,7,1,0.0055351406253976165,completed_raw
cpython3147_saved,base64,base85_small,8,0,0.005502431249624351,completed_raw
cpython3147_saved,base64,base85_small,8,1,0.00547321562498837,completed_raw
cpython3147_saved,base64,base85_small,9,0,0.005440896875370527,completed_raw
cpython3147_saved,base64,base85_small,9,1,0.005502490625076462,completed_raw
cpython3147_saved,base64,base85_small,10,0,0.005545328124753723,completed_raw
cpython3147_saved,base64,base85_small,10,1,0.005550824999772885,completed_raw
cpython3147_saved,base64,base85_large,1,0,0.2992515999940224,completed_raw
cpython3147_saved,base64,base85_large,1,1,0.30099820002214983,completed_raw
cpython3147_saved,base64,base85_large,2,0,0.2987431000219658,completed_raw
cpython3147_saved,base64,base85_large,2,1,0.29347010000492446,completed_raw
cpython3147_saved,base64,base85_large,3,0,0.29746800000430085,completed_raw
cpython3147_saved,base64,base85_large,3,1,0.2987315999926068,completed_raw
cpython3147_saved,base64,base85_large,4,0,0.29702590001397766,completed_raw
cpython3147_saved,base64,base85_large,4,1,0.2990335999929812,completed_raw
cpython3147_saved,base64,base85_large,5,0,0.30022219999227673,completed_raw
cpython3147_saved,base64,base85_large,5,1,0.30730580000090413,completed_raw
cpython3147_saved,base64,base85_large,6,0,0.30017669999506325,completed_raw
cpython3147_saved,base64,base85_large,6,1,0.3026300999918021,completed_raw
cpython3147_saved,base64,base85_large,7,0,0.3013712000101805,completed_raw
cpython3147_saved,base64,base85_large,7,1,0.30072599998675287,completed_raw
cpython3147_saved,base64,base85_large,8,0,0.29762870000558905,completed_raw
cpython3147_saved,base64,base85_large,8,1,0.29742840002290905,completed_raw
cpython3147_saved,base64,base85_large,9,0,0.29616210001404397,completed_raw
cpython3147_saved,base64,base85_large,9,1,0.3005260000063572,completed_raw
cpython3147_saved,base64,base85_large,10,0,0.30396509999991395,completed_raw
cpython3147_saved,base64,base85_large,10,1,0.2987999999895692,completed_raw
cpython3147_saved,bpe_tokeniser,bpe_tokeniser,1,0,3.578314499987755,completed_raw
cpython3147_saved,bpe_tokeniser,bpe_tokeniser,1,1,3.612936899997294,completed_raw
cpython3147_saved,bpe_tokeniser,bpe_tokeniser,2,0,3.5679693999991287,completed_raw
cpython3147_saved,bpe_tokeniser,bpe_tokeniser,2,1,3.5640276999911293,completed_raw
cpython3147_saved,bpe_tokeniser,bpe_tokeniser,3,0,3.5583781999885105,completed_raw
cpython3147_saved,bpe_tokeniser,bpe_tokeniser,3,1,3.574381299986271,completed_raw
cpython3147_saved,bpe_tokeniser,bpe_tokeniser,4,0,3.600639999989653,completed_raw
cpython3147_saved,bpe_tokeniser,bpe_tokeniser,4,1,3.6048579000052996,completed_raw
cpython3147_saved,bpe_tokeniser,bpe_tokeniser,5,0,3.595690000016475,completed_raw
cpython3147_saved,bpe_tokeniser,bpe_tokeniser,5,1,3.61182820002432,completed_raw
cpython3147_saved,bpe_tokeniser,bpe_tokeniser,6,0,3.5969562999962363,completed_raw
cpython3147_saved,bpe_tokeniser,bpe_tokeniser,6,1,3.6043862999940757,completed_raw
cpython3147_saved,bpe_tokeniser,bpe_tokeniser,7,0,3.5866313999868,completed_raw
cpython3147_saved,bpe_tokeniser,bpe_tokeniser,7,1,3.6057578999898396,completed_raw
cpython3147_saved,bpe_tokeniser,bpe_tokeniser,8,0,3.6098004000086803,completed_raw
cpython3147_saved,bpe_tokeniser,bpe_tokeniser,8,1,3.5948808999964967,completed_raw
cpython3147_saved,bpe_tokeniser,bpe_tokeniser,9,0,3.588763400010066,completed_raw
cpython3147_saved,bpe_tokeniser,bpe_tokeniser,9,1,3.5518881999887526,completed_raw
cpython3147_saved,bpe_tokeniser,bpe_tokeniser,10,0,3.5393397999869194,completed_raw
cpython3147_saved,bpe_tokeniser,bpe_tokeniser,10,1,3.5710232999990694,completed_raw
cpython3147_saved,chameleon,chameleon,1,0,0.01180001875036396,completed_raw
cpython3147_saved,chameleon,chameleon,1,1,0.0118235874997481,completed_raw
cpython3147_saved,chameleon,chameleon,2,0,0.011626487499597715,completed_raw
cpython3147_saved,chameleon,chameleon,2,1,0.011733956249372568,completed_raw
cpython3147_saved,chameleon,chameleon,3,0,0.012027862499962794,completed_raw
cpython3147_saved,chameleon,chameleon,3,1,0.011670362500808551,completed_raw
cpython3147_saved,chameleon,chameleon,4,0,0.011635487500825548,completed_raw
cpython3147_saved,chameleon,chameleon,4,1,0.011818324999694596,completed_raw
cpython3147_saved,chameleon,chameleon,5,0,0.011681993750244146,completed_raw
cpython3147_saved,chameleon,chameleon,5,1,0.011352762501701363,completed_raw
cpython3147_saved,chameleon,chameleon,6,0,0.011459418748927419,completed_raw
cpython3147_saved,chameleon,chameleon,6,1,0.011744156250642845,completed_raw
cpython3147_saved,chameleon,chameleon,7,0,0.01172051249886863,completed_raw
cpython3147_saved,chameleon,chameleon,7,1,0.011463881250165286,completed_raw
cpython3147_saved,chameleon,chameleon,8,0,0.011335625000356231,completed_raw
cpython3147_saved,chameleon,chameleon,8,1,0.01120053124941478,completed_raw
cpython3147_saved,chameleon,chameleon,9,0,0.011436574999606819,completed_raw
cpython3147_saved,chameleon,chameleon,9,1,0.01140092500099854,completed_raw
cpython3147_saved,chameleon,chameleon,10,0,0.011535237501448137,completed_raw
cpython3147_saved,chameleon,chameleon,10,1,0.011539299999640207,completed_raw
cpython3147_saved,chaos,chaos,1,0,0.04834984999615699,completed_raw
cpython3147_saved,chaos,chaos,1,1,0.04679272499924991,completed_raw
cpython3147_saved,chaos,chaos,2,0,0.046597175001807045,completed_raw
cpython3147_saved,chaos,chaos,2,1,0.046762600002693944,completed_raw
cpython3147_saved,chaos,chaos,3,0,0.04669094999553636,completed_raw
cpython3147_saved,chaos,chaos,3,1,0.04877482499432517,completed_raw
cpython3147_saved,chaos,chaos,4,0,0.04805717500130413,completed_raw
cpython3147_saved,chaos,chaos,4,1,0.04976922499918146,completed_raw
cpython3147_saved,chaos,chaos,5,0,0.049041799997212365,completed_raw
cpython3147_saved,chaos,chaos,5,1,0.05072137499519158,completed_raw
cpython3147_saved,chaos,chaos,6,0,0.047177050000755116,completed_raw
cpython3147_saved,chaos,chaos,6,1,0.04830204999598209,completed_raw
cpython3147_saved,chaos,chaos,7,0,0.04999702500208514,completed_raw
cpython3147_saved,chaos,chaos,7,1,0.048945000002277084,completed_raw
cpython3147_saved,chaos,chaos,8,0,0.047121150004386436,completed_raw
cpython3147_saved,chaos,chaos,8,1,0.04895950000354787,completed_raw
cpython3147_saved,chaos,chaos,9,0,0.0479102250028518,completed_raw
cpython3147_saved,chaos,chaos,9,1,0.04945004999899538,completed_raw
cpython3147_saved,chaos,chaos,10,0,0.047426775003259536,completed_raw
cpython3147_saved,chaos,chaos,10,1,0.04661607500020182,completed_raw
cpython3147_saved,comprehensions,comprehensions,1,0,1.3592126467898424e-05,completed_raw
cpython3147_saved,comprehensions,comprehensions,1,1,1.343745117310391e-05,completed_raw
cpython3147_saved,comprehensions,comprehensions,2,0,1.4370922851725254e-05,completed_raw
cpython3147_saved,comprehensions,comprehensions,2,1,1.4467749025470766e-05,completed_raw
cpython3147_saved,comprehensions,comprehensions,3,0,1.4606054687504866e-05,completed_raw
cpython3147_saved,comprehensions,comprehensions,3,1,1.3949621582298732e-05,completed_raw
cpython3147_saved,comprehensions,comprehensions,4,0,1.3659997556203507e-05,completed_raw
cpython3147_saved,comprehensions,comprehensions,4,1,1.3601818846353808e-05,completed_raw
cpython3147_saved,comprehensions,comprehensions,5,0,1.3895483398584929e-05,completed_raw
cpython3147_saved,comprehensions,comprehensions,5,1,1.3901416014761026e-05,completed_raw
cpython3147_saved,comprehensions,comprehensions,6,0,1.4495422362870158e-05,completed_raw
cpython3147_saved,comprehensions,comprehensions,6,1,1.434887695239695e-05,completed_raw
cpython3147_saved,comprehensions,comprehensions,7,0,1.3772497556630015e-05,completed_raw
cpython3147_saved,comprehensions,comprehensions,7,1,1.3702880860222422e-05,completed_raw
cpython3147_saved,comprehensions,comprehensions,8,0,1.3519409179707509e-05,completed_raw
cpython3147_saved,comprehensions,comprehensions,8,1,1.3908007812091228e-05,completed_raw
cpython3147_saved,comprehensions,comprehensions,9,0,1.4024218749852935e-05,completed_raw
cpython3147_saved,comprehensions,comprehensions,9,1,1.3507824704106497e-05,completed_raw
cpython3147_saved,comprehensions,comprehensions,10,0,1.403382568199163e-05,completed_raw
cpython3147_saved,comprehensions,comprehensions,10,1,1.4445959472197956e-05,completed_raw
cpython3147_saved,concurrent_imap,bench_mp_pool,1,0,0.1438810999970883,completed_raw
cpython3147_saved,concurrent_imap,bench_mp_pool,1,1,0.14195079999626614,completed_raw
cpython3147_saved,concurrent_imap,bench_mp_pool,2,0,0.14211720001185313,completed_raw
cpython3147_saved,concurrent_imap,bench_mp_pool,2,1,0.14608289999887347,completed_raw
cpython3147_saved,concurrent_imap,bench_mp_pool,3,0,0.1481041999941226,completed_raw
cpython3147_saved,concurrent_imap,bench_mp_pool,3,1,0.13855569998850115,completed_raw
cpython3147_saved,concurrent_imap,bench_mp_pool,4,0,0.13988220001920126,completed_raw
cpython3147_saved,concurrent_imap,bench_mp_pool,4,1,0.15322780000860803,completed_raw
cpython3147_saved,concurrent_imap,bench_mp_pool,5,0,0.14271040001767687,completed_raw
cpython3147_saved,concurrent_imap,bench_mp_pool,5,1,0.1487831999838818,completed_raw
cpython3147_saved,concurrent_imap,bench_mp_pool,6,0,0.14149839998572133,completed_raw
cpython3147_saved,concurrent_imap,bench_mp_pool,6,1,0.14812979998532683,completed_raw
cpython3147_saved,concurrent_imap,bench_mp_pool,7,0,0.16295430000172928,completed_raw
cpython3147_saved,concurrent_imap,bench_mp_pool,7,1,0.2975735999934841,completed_raw
cpython3147_saved,concurrent_imap,bench_mp_pool,8,0,0.14290820001042448,completed_raw
cpython3147_saved,concurrent_imap,bench_mp_pool,8,1,0.1460359999909997,completed_raw
cpython3147_saved,concurrent_imap,bench_mp_pool,9,0,0.15044279998983257,completed_raw
cpython3147_saved,concurrent_imap,bench_mp_pool,9,1,0.14760419999947771,completed_raw
cpython3147_saved,concurrent_imap,bench_mp_pool,10,0,0.15150029998039827,completed_raw
cpython3147_saved,concurrent_imap,bench_mp_pool,10,1,0.14321780001046136,completed_raw
cpython3147_saved,concurrent_imap,bench_thread_pool,1,0,0.000978416406269389,completed_raw
cpython3147_saved,concurrent_imap,bench_thread_pool,1,1,0.0010317710937215452,completed_raw
cpython3147_saved,concurrent_imap,bench_thread_pool,2,0,0.0011059367186589952,completed_raw
cpython3147_saved,concurrent_imap,bench_thread_pool,2,1,0.0010736765623278188,completed_raw
cpython3147_saved,concurrent_imap,bench_thread_pool,3,0,0.0010661617188816308,completed_raw
cpython3147_saved,concurrent_imap,bench_thread_pool,3,1,0.0010944812499928958,completed_raw
cpython3147_saved,concurrent_imap,bench_thread_pool,4,0,0.0010999351561622461,completed_raw
cpython3147_saved,concurrent_imap,bench_thread_pool,4,1,0.0009778242188076547,completed_raw
cpython3147_saved,concurrent_imap,bench_thread_pool,5,0,0.0010245640623907093,completed_raw
cpython3147_saved,concurrent_imap,bench_thread_pool,5,1,0.0009694234374819644,completed_raw
cpython3147_saved,concurrent_imap,bench_thread_pool,6,0,0.0010490195313650474,completed_raw
cpython3147_saved,concurrent_imap,bench_thread_pool,6,1,0.0010472843748630112,completed_raw
cpython3147_saved,concurrent_imap,bench_thread_pool,7,0,0.0009581632812114549,completed_raw
cpython3147_saved,concurrent_imap,bench_thread_pool,7,1,0.0009629750002204673,completed_raw
cpython3147_saved,concurrent_imap,bench_thread_pool,8,0,0.0009891070312733063,completed_raw
cpython3147_saved,concurrent_imap,bench_thread_pool,8,1,0.0009545320313009142,completed_raw
cpython3147_saved,concurrent_imap,bench_thread_pool,9,0,0.0009559874999922613,completed_raw
cpython3147_saved,concurrent_imap,bench_thread_pool,9,1,0.000924207031403057,completed_raw
cpython3147_saved,concurrent_imap,bench_thread_pool,10,0,0.0009389734373144165,completed_raw
cpython3147_saved,concurrent_imap,bench_thread_pool,10,1,0.0009295945312715048,completed_raw
cpython3147_saved,coroutines,coroutines,1,0,0.016755262498918455,completed_raw
cpython3147_saved,coroutines,coroutines,1,1,0.01727184999981546,completed_raw
cpython3147_saved,coroutines,coroutines,2,0,0.017376262501784367,completed_raw
cpython3147_saved,coroutines,coroutines,2,1,0.017941149999387562,completed_raw
cpython3147_saved,coroutines,coroutines,3,0,0.017496950000349898,completed_raw
cpython3147_saved,coroutines,coroutines,3,1,0.017053687501174863,completed_raw
cpython3147_saved,coroutines,coroutines,4,0,0.01730557500195573,completed_raw
cpython3147_saved,coroutines,coroutines,4,1,0.016757024997787084,completed_raw
cpython3147_saved,coroutines,coroutines,5,0,0.017486787499365164,completed_raw
cpython3147_saved,coroutines,coroutines,5,1,0.01751479999802541,completed_raw
cpython3147_saved,coroutines,coroutines,6,0,0.01721055000234628,completed_raw
cpython3147_saved,coroutines,coroutines,6,1,0.01679715000136639,completed_raw
cpython3147_saved,coroutines,coroutines,7,0,0.017046012500941288,completed_raw
cpython3147_saved,coroutines,coroutines,7,1,0.018267237501277123,completed_raw
cpython3147_saved,coroutines,coroutines,8,0,0.01791858749857056,completed_raw
cpython3147_saved,coroutines,coroutines,8,1,0.017212374998052837,completed_raw
cpython3147_saved,coroutines,coroutines,9,0,0.018218212499050424,completed_raw
cpython3147_saved,coroutines,coroutines,9,1,0.017009374998451676,completed_raw
cpython3147_saved,coroutines,coroutines,10,0,0.017646062500716653,completed_raw
cpython3147_saved,coroutines,coroutines,10,1,0.01792800000112038,completed_raw
cpython3147_saved,coverage,coverage,1,0,0.06668220000574365,completed_raw
cpython3147_saved,coverage,coverage,1,1,0.06754545000148937,completed_raw
cpython3147_saved,coverage,coverage,2,0,0.06395200001134071,completed_raw
cpython3147_saved,coverage,coverage,2,1,0.0652952000091318,completed_raw
cpython3147_saved,coverage,coverage,3,0,0.06626899998809677,completed_raw
cpython3147_saved,coverage,coverage,3,1,0.06766809998953249,completed_raw
cpython3147_saved,coverage,coverage,4,0,0.06489855000108946,completed_raw
cpython3147_saved,coverage,coverage,4,1,0.06414015000336803,completed_raw
cpython3147_saved,coverage,coverage,5,0,0.06175934999191668,completed_raw
cpython3147_saved,coverage,coverage,5,1,0.06573124999704305,completed_raw
cpython3147_saved,coverage,coverage,6,0,0.0641983999958029,completed_raw
cpython3147_saved,coverage,coverage,6,1,0.06397035000554752,completed_raw
cpython3147_saved,coverage,coverage,7,0,0.06461464999301825,completed_raw
cpython3147_saved,coverage,coverage,7,1,0.06672565000189934,completed_raw
cpython3147_saved,coverage,coverage,8,0,0.06640310000511818,completed_raw
cpython3147_saved,coverage,coverage,8,1,0.06705800000054296,completed_raw
cpython3147_saved,coverage,coverage,9,0,0.06554134999169037,completed_raw
cpython3147_saved,coverage,coverage,9,1,0.06660705000103917,completed_raw
cpython3147_saved,coverage,coverage,10,0,0.06456944999808911,completed_raw
cpython3147_saved,coverage,coverage,10,1,0.06663154999841936,completed_raw
cpython3147_saved,crypto_pyaes,crypto_pyaes,1,0,0.05941845000779722,completed_raw
cpython3147_saved,crypto_pyaes,crypto_pyaes,1,1,0.05857105000177398,completed_raw
cpython3147_saved,crypto_pyaes,crypto_pyaes,2,0,0.05726854999375064,completed_raw
cpython3147_saved,crypto_pyaes,crypto_pyaes,2,1,0.05801054999756161,completed_raw
cpython3147_saved,crypto_pyaes,crypto_pyaes,3,0,0.0557377500081202,completed_raw
cpython3147_saved,crypto_pyaes,crypto_pyaes,3,1,0.05493974999990314,completed_raw
cpython3147_saved,crypto_pyaes,crypto_pyaes,4,0,0.05915115000971127,completed_raw
cpython3147_saved,crypto_pyaes,crypto_pyaes,4,1,0.05823490000329912,completed_raw
cpython3147_saved,crypto_pyaes,crypto_pyaes,5,0,0.05741629999829456,completed_raw
cpython3147_saved,crypto_pyaes,crypto_pyaes,5,1,0.05790369999886025,completed_raw
cpython3147_saved,crypto_pyaes,crypto_pyaes,6,0,0.05772670000442304,completed_raw
cpython3147_saved,crypto_pyaes,crypto_pyaes,6,1,0.0584291499981191,completed_raw
cpython3147_saved,crypto_pyaes,crypto_pyaes,7,0,0.05557940001017414,completed_raw
cpython3147_saved,crypto_pyaes,crypto_pyaes,7,1,0.05712330000824295,completed_raw
cpython3147_saved,crypto_pyaes,crypto_pyaes,8,0,0.05832744999497663,completed_raw
cpython3147_saved,crypto_pyaes,crypto_pyaes,8,1,0.057716549999895506,completed_raw
cpython3147_saved,crypto_pyaes,crypto_pyaes,9,0,0.057049700000789016,completed_raw
cpython3147_saved,crypto_pyaes,crypto_pyaes,9,1,0.057481050011119805,completed_raw
cpython3147_saved,crypto_pyaes,crypto_pyaes,10,0,0.056909200007794425,completed_raw
cpython3147_saved,crypto_pyaes,crypto_pyaes,10,1,0.05809345000307076,completed_raw
cpython3147_saved,dask,dask,1,0,0.958531700016465,completed_raw
cpython3147_saved,dask,dask,1,1,0.8867180999950506,completed_raw
cpython3147_saved,dask,dask,2,0,0.9280923999904189,completed_raw
cpython3147_saved,dask,dask,2,1,0.9570209000085015,completed_raw
cpython3147_saved,dask,dask,3,0,0.9110792000137735,completed_raw
cpython3147_saved,dask,dask,3,1,0.9749668999866117,completed_raw
cpython3147_saved,dask,dask,4,0,0.9128849000262562,completed_raw
cpython3147_saved,dask,dask,4,1,0.8702976000204217,completed_raw
cpython3147_saved,dask,dask,5,0,1.012929799995618,completed_raw
cpython3147_saved,dask,dask,5,1,0.9372138000035193,completed_raw
cpython3147_saved,dask,dask,6,0,0.9653774999896996,completed_raw
cpython3147_saved,dask,dask,6,1,0.8602150999940932,completed_raw
cpython3147_saved,dask,dask,7,0,0.9166260000201873,completed_raw
cpython3147_saved,dask,dask,7,1,0.9526894000009634,completed_raw
cpython3147_saved,dask,dask,8,0,0.9296616000065114,completed_raw
cpython3147_saved,dask,dask,8,1,0.8702110000012908,completed_raw
cpython3147_saved,dask,dask,9,0,0.9264399000094272,completed_raw
cpython3147_saved,dask,dask,9,1,0.8956194999918807,completed_raw
cpython3147_saved,dask,dask,10,0,0.9339279000123497,completed_raw
cpython3147_saved,dask,dask,10,1,0.9159642000158783,completed_raw
cpython3147_saved,deepcopy,deepcopy,1,0,0.00021017206972828717,completed_raw
cpython3147_saved,deepcopy,deepcopy,1,1,0.0002200654286639292,completed_raw
cpython3147_saved,deepcopy,deepcopy,2,0,0.00021533007816287864,completed_raw
cpython3147_saved,deepcopy,deepcopy,2,1,0.0002185540989216861,completed_raw
cpython3147_saved,deepcopy,deepcopy,3,0,0.00020660605088096418,completed_raw
cpython3147_saved,deepcopy,deepcopy,3,1,0.0002142162102813927,completed_raw
cpython3147_saved,deepcopy,deepcopy,4,0,0.00021322695317849139,completed_raw
cpython3147_saved,deepcopy,deepcopy,4,1,0.000213368753065879,completed_raw
cpython3147_saved,deepcopy,deepcopy,5,0,0.0001977789077614034,completed_raw
cpython3147_saved,deepcopy,deepcopy,5,1,0.00019926113338897267,completed_raw
cpython3147_saved,deepcopy,deepcopy,6,0,0.00020853808399579066,completed_raw
cpython3147_saved,deepcopy,deepcopy,6,1,0.00021007695301022977,completed_raw
cpython3147_saved,deepcopy,deepcopy,7,0,0.00020299922164213058,completed_raw
cpython3147_saved,deepcopy,deepcopy,7,1,0.00021675663793985223,completed_raw
cpython3147_saved,deepcopy,deepcopy,8,0,0.00020580488245514061,completed_raw
cpython3147_saved,deepcopy,deepcopy,8,1,0.00021344862898331485,completed_raw
cpython3147_saved,deepcopy,deepcopy,9,0,0.00020628379098752703,completed_raw
cpython3147_saved,deepcopy,deepcopy,9,1,0.00022212109178099126,completed_raw
cpython3147_saved,deepcopy,deepcopy,10,0,0.00020806386862659565,completed_raw
cpython3147_saved,deepcopy,deepcopy,10,1,0.00021378769667990127,completed_raw
cpython3147_saved,deepcopy,deepcopy_reduce,1,0,2.1370407106147127e-06,completed_raw
cpython3147_saved,deepcopy,deepcopy_reduce,1,1,2.2172683715737662e-06,completed_raw
cpython3147_saved,deepcopy,deepcopy_reduce,2,0,2.2433517457010055e-06,completed_raw
cpython3147_saved,deepcopy,deepcopy_reduce,2,1,2.306164550436307e-06,completed_raw
cpython3147_saved,deepcopy,deepcopy_reduce,3,0,2.177020263616214e-06,completed_raw
cpython3147_saved,deepcopy,deepcopy_reduce,3,1,2.1202499387307228e-06,completed_raw
cpython3147_saved,deepcopy,deepcopy_reduce,4,0,2.1548400876980622e-06,completed_raw
cpython3147_saved,deepcopy,deepcopy_reduce,4,1,2.186442566110003e-06,completed_raw
cpython3147_saved,deepcopy,deepcopy_reduce,5,0,2.1225357054177607e-06,completed_raw
cpython3147_saved,deepcopy,deepcopy_reduce,5,1,2.236045837378242e-06,completed_raw
cpython3147_saved,deepcopy,deepcopy_reduce,6,0,2.2426071168979433e-06,completed_raw
cpython3147_saved,deepcopy,deepcopy_reduce,6,1,2.2637985228612933e-06,completed_raw
cpython3147_saved,deepcopy,deepcopy_reduce,7,0,2.231498718252567e-06,completed_raw
cpython3147_saved,deepcopy,deepcopy_reduce,7,1,2.2181335448401285e-06,completed_raw
cpython3147_saved,deepcopy,deepcopy_reduce,8,0,2.490737915028518e-06,completed_raw
cpython3147_saved,deepcopy,deepcopy_reduce,8,1,2.3479980471030615e-06,completed_raw
cpython3147_saved,deepcopy,deepcopy_reduce,9,0,2.141017150680824e-06,completed_raw
cpython3147_saved,deepcopy,deepcopy_reduce,9,1,2.1538711547641753e-06,completed_raw
cpython3147_saved,deepcopy,deepcopy_reduce,10,0,2.1498489379823127e-06,completed_raw
cpython3147_saved,deepcopy,deepcopy_reduce,10,1,2.1180130005404862e-06,completed_raw
cpython3147_saved,deepcopy,deepcopy_memo,1,0,2.2647436523470788e-05,completed_raw
cpython3147_saved,deepcopy,deepcopy_memo,1,1,2.2735607910107092e-05,completed_raw
cpython3147_saved,deepcopy,deepcopy_memo,2,0,2.2865734862875797e-05,completed_raw
cpython3147_saved,deepcopy,deepcopy_memo,2,1,2.176464843728354e-05,completed_raw
cpython3147_saved,deepcopy,deepcopy_memo,3,0,2.159241943289203e-05,completed_raw
cpython3147_saved,deepcopy,deepcopy_memo,3,1,2.124528808522541e-05,completed_raw
cpython3147_saved,deepcopy,deepcopy_memo,4,0,2.183497314334204e-05,completed_raw
cpython3147_saved,deepcopy,deepcopy_memo,4,1,2.221320800899207e-05,completed_raw
cpython3147_saved,deepcopy,deepcopy_memo,5,0,2.1431433108176634e-05,completed_raw
cpython3147_saved,deepcopy,deepcopy_memo,5,1,2.163101806829104e-05,completed_raw
cpython3147_saved,deepcopy,deepcopy_memo,6,0,2.1355688478053025e-05,completed_raw
cpython3147_saved,deepcopy,deepcopy_memo,6,1,2.152644042752172e-05,completed_raw
cpython3147_saved,deepcopy,deepcopy_memo,7,0,2.1588586424314826e-05,completed_raw
cpython3147_saved,deepcopy,deepcopy_memo,7,1,2.189118652395905e-05,completed_raw
cpython3147_saved,deepcopy,deepcopy_memo,8,0,2.1600146485667437e-05,completed_raw
cpython3147_saved,deepcopy,deepcopy_memo,8,1,2.190793457046425e-05,completed_raw
cpython3147_saved,deepcopy,deepcopy_memo,9,0,2.134261474395771e-05,completed_raw
cpython3147_saved,deepcopy,deepcopy_memo,9,1,2.1567077634898624e-05,completed_raw
cpython3147_saved,deepcopy,deepcopy_memo,10,0,2.178824463072715e-05,completed_raw
cpython3147_saved,deepcopy,deepcopy_memo,10,1,2.2067639157796748e-05,completed_raw
cpython3147_saved,deltablue,deltablue,1,0,0.0024918296876421664,completed_raw
cpython3147_saved,deltablue,deltablue,1,1,0.002469354687491432,completed_raw
cpython3147_saved,deltablue,deltablue,2,0,0.002550198437347717,completed_raw
cpython3147_saved,deltablue,deltablue,2,1,0.002434279687349772,completed_raw
cpython3147_saved,deltablue,deltablue,3,0,0.0024602203125141386,completed_raw
cpython3147_saved,deltablue,deltablue,3,1,0.002501584374840604,completed_raw
cpython3147_saved,deltablue,deltablue,4,0,0.0024959484376267937,completed_raw
cpython3147_saved,deltablue,deltablue,4,1,0.0024738109373174666,completed_raw
cpython3147_saved,deltablue,deltablue,5,0,0.0025281578123212967,completed_raw
cpython3147_saved,deltablue,deltablue,5,1,0.0026018656249107153,completed_raw
cpython3147_saved,deltablue,deltablue,6,0,0.0025390281248292013,completed_raw
cpython3147_saved,deltablue,deltablue,6,1,0.0026689906253523077,completed_raw
cpython3147_saved,deltablue,deltablue,7,0,0.002632718750191998,completed_raw
cpython3147_saved,deltablue,deltablue,7,1,0.0026097437498719955,completed_raw
cpython3147_saved,deltablue,deltablue,8,0,0.0025315234374829743,completed_raw
cpython3147_saved,deltablue,deltablue,8,1,0.00251460625031541,completed_raw
cpython3147_saved,deltablue,deltablue,9,0,0.0024399296876254084,completed_raw
cpython3147_saved,deltablue,deltablue,9,1,0.002410171874998923,completed_raw
cpython3147_saved,deltablue,deltablue,10,0,0.0025236484375454893,completed_raw
cpython3147_saved,deltablue,deltablue,10,1,0.002435135937503219,completed_raw
cpython3147_saved,django_template,django_template,1,0,0.029292974999407306,completed_raw
cpython3147_saved,django_template,django_template,1,1,0.030142300005536526,completed_raw
cpython3147_saved,django_template,django_template,2,0,0.027805500001704786,completed_raw
cpython3147_saved,django_template,django_template,2,1,0.02783462499792222,completed_raw
cpython3147_saved,django_template,django_template,3,0,0.02787137500126846,completed_raw
cpython3147_saved,django_template,django_template,3,1,0.02801957500196295,completed_raw
cpython3147_saved,django_template,django_template,4,0,0.028103600001486484,completed_raw
cpython3147_saved,django_template,django_template,4,1,0.027919149993977044,completed_raw
cpython3147_saved,django_template,django_template,5,0,0.029975799996464048,completed_raw
cpython3147_saved,django_template,django_template,5,1,0.03008159999444615,completed_raw
cpython3147_saved,django_template,django_template,6,0,0.028888250002637506,completed_raw
cpython3147_saved,django_template,django_template,6,1,0.029744399995252024,completed_raw
cpython3147_saved,django_template,django_template,7,0,0.029213825000624638,completed_raw
cpython3147_saved,django_template,django_template,7,1,0.030097174996626563,completed_raw
cpython3147_saved,django_template,django_template,8,0,0.02837849999923492,completed_raw
cpython3147_saved,django_template,django_template,8,1,0.02846424999734154,completed_raw
cpython3147_saved,django_template,django_template,9,0,0.030479999993985984,completed_raw
cpython3147_saved,django_template,django_template,9,1,0.029568975005531684,completed_raw
cpython3147_saved,django_template,django_template,10,0,0.027588250006374437,completed_raw
cpython3147_saved,django_template,django_template,10,1,0.027965650006080978,completed_raw
cpython3147_saved,docutils,docutils,1,0,1.7983377999917138,completed_raw
cpython3147_saved,docutils,docutils,1,1,1.841041899897391,completed_raw
cpython3147_saved,docutils,docutils,2,0,1.7694937000633217,completed_raw
cpython3147_saved,docutils,docutils,2,1,1.822794699924998,completed_raw
cpython3147_saved,docutils,docutils,3,0,1.7808850000146776,completed_raw
cpython3147_saved,docutils,docutils,3,1,1.8061674998898525,completed_raw
cpython3147_saved,docutils,docutils,4,0,1.8222999999125022,completed_raw
cpython3147_saved,docutils,docutils,4,1,1.8118214999558404,completed_raw
cpython3147_saved,docutils,docutils,5,0,1.7871970999403857,completed_raw
cpython3147_saved,docutils,docutils,5,1,1.8538082999293692,completed_raw
cpython3147_saved,docutils,docutils,6,0,1.7958219000138342,completed_raw
cpython3147_saved,docutils,docutils,6,1,1.8248562000517268,completed_raw
cpython3147_saved,docutils,docutils,7,0,1.815120899991598,completed_raw
cpython3147_saved,docutils,docutils,7,1,1.8442305999924429,completed_raw
cpython3147_saved,docutils,docutils,8,0,1.8318288000591565,completed_raw
cpython3147_saved,docutils,docutils,8,1,1.8198658000910655,completed_raw
cpython3147_saved,docutils,docutils,9,0,1.7895770000177436,completed_raw
cpython3147_saved,docutils,docutils,9,1,1.826090699993074,completed_raw
cpython3147_saved,docutils,docutils,10,0,1.7853306999022607,completed_raw
cpython3147_saved,docutils,docutils,10,1,1.8862876999482978,completed_raw
cpython3147_saved,dulwich_log,dulwich_log,1,0,0.05084020000504097,completed_raw
cpython3147_saved,dulwich_log,dulwich_log,1,1,0.05112725000071805,completed_raw
cpython3147_saved,dulwich_log,dulwich_log,2,0,0.05159392499626847,completed_raw
cpython3147_saved,dulwich_log,dulwich_log,2,1,0.05153279999649385,completed_raw
cpython3147_saved,dulwich_log,dulwich_log,3,0,0.05162637500325218,completed_raw
cpython3147_saved,dulwich_log,dulwich_log,3,1,0.05158894999476615,completed_raw
cpython3147_saved,dulwich_log,dulwich_log,4,0,0.05192697500024224,completed_raw
cpython3147_saved,dulwich_log,dulwich_log,4,1,0.05111142500390997,completed_raw
cpython3147_saved,dulwich_log,dulwich_log,5,0,0.05050019999907818,completed_raw
cpython3147_saved,dulwich_log,dulwich_log,5,1,0.0515654499977245,completed_raw
cpython3147_saved,dulwich_log,dulwich_log,6,0,0.050337674998445436,completed_raw
cpython3147_saved,dulwich_log,dulwich_log,6,1,0.05022544999519596,completed_raw
cpython3147_saved,dulwich_log,dulwich_log,7,0,0.05108062499493826,completed_raw
cpython3147_saved,dulwich_log,dulwich_log,7,1,0.05038679999415763,completed_raw
cpython3147_saved,dulwich_log,dulwich_log,8,0,0.05076977499993518,completed_raw
cpython3147_saved,dulwich_log,dulwich_log,8,1,0.050372074998449534,completed_raw
cpython3147_saved,dulwich_log,dulwich_log,9,0,0.05122999999730382,completed_raw
cpython3147_saved,dulwich_log,dulwich_log,9,1,0.05073327499849256,completed_raw
cpython3147_saved,dulwich_log,dulwich_log,10,0,0.05095230000006268,completed_raw
cpython3147_saved,dulwich_log,dulwich_log,10,1,0.05064262499945471,completed_raw
cpython3147_saved,fannkuch,fannkuch,1,0,0.31773499998962507,completed_raw
cpython3147_saved,fannkuch,fannkuch,1,1,0.3166864000086207,completed_raw
cpython3147_saved,fannkuch,fannkuch,2,0,0.3177183000079822,completed_raw
cpython3147_saved,fannkuch,fannkuch,2,1,0.3134571999835316,completed_raw
cpython3147_saved,fannkuch,fannkuch,3,0,0.3168545000080485,completed_raw
cpython3147_saved,fannkuch,fannkuch,3,1,0.3173556000110693,completed_raw
cpython3147_saved,fannkuch,fannkuch,4,0,0.32187400001566857,completed_raw
cpython3147_saved,fannkuch,fannkuch,4,1,0.3211192000017036,completed_raw
cpython3147_saved,fannkuch,fannkuch,5,0,0.3136765999952331,completed_raw
cpython3147_saved,fannkuch,fannkuch,5,1,0.3168098000169266,completed_raw
cpython3147_saved,fannkuch,fannkuch,6,0,0.31381180000607856,completed_raw
cpython3147_saved,fannkuch,fannkuch,6,1,0.31842659998801537,completed_raw
cpython3147_saved,fannkuch,fannkuch,7,0,0.31447250000201166,completed_raw
cpython3147_saved,fannkuch,fannkuch,7,1,0.31752730000880547,completed_raw
cpython3147_saved,fannkuch,fannkuch,8,0,0.3171712000039406,completed_raw
cpython3147_saved,fannkuch,fannkuch,8,1,0.3179377999913413,completed_raw
cpython3147_saved,fannkuch,fannkuch,9,0,0.31713480001781136,completed_raw
cpython3147_saved,fannkuch,fannkuch,9,1,0.3170929000189062,completed_raw
cpython3147_saved,fannkuch,fannkuch,10,0,0.31974279999849387,completed_raw
cpython3147_saved,fannkuch,fannkuch,10,1,0.31691970000974834,completed_raw
cpython3147_saved,fastapi,fastapi_http,1,0,0.3521992999885697,completed_raw
cpython3147_saved,fastapi,fastapi_http,1,1,0.36493050001445226,completed_raw
cpython3147_saved,fastapi,fastapi_http,2,0,0.35867699998198077,completed_raw
cpython3147_saved,fastapi,fastapi_http,2,1,0.3608708000101615,completed_raw
cpython3147_saved,fastapi,fastapi_http,3,0,0.36065119999693707,completed_raw
cpython3147_saved,fastapi,fastapi_http,3,1,0.3888098000024911,completed_raw
cpython3147_saved,fastapi,fastapi_http,4,0,0.3613873000140302,completed_raw
cpython3147_saved,fastapi,fastapi_http,4,1,0.3625317999976687,completed_raw
cpython3147_saved,fastapi,fastapi_http,5,0,0.35883370001101866,completed_raw
cpython3147_saved,fastapi,fastapi_http,5,1,0.36032529998919927,completed_raw
cpython3147_saved,fastapi,fastapi_http,6,0,0.36096759999054484,completed_raw
cpython3147_saved,fastapi,fastapi_http,6,1,0.3681475000048522,completed_raw
cpython3147_saved,fastapi,fastapi_http,7,0,0.35403560000122525,completed_raw
cpython3147_saved,fastapi,fastapi_http,7,1,0.3663191999949049,completed_raw
cpython3147_saved,fastapi,fastapi_http,8,0,0.3680970999994315,completed_raw
cpython3147_saved,fastapi,fastapi_http,8,1,0.3921567000215873,completed_raw
cpython3147_saved,fastapi,fastapi_http,9,0,0.37115009999251924,completed_raw
cpython3147_saved,fastapi,fastapi_http,9,1,0.36877220001770183,completed_raw
cpython3147_saved,fastapi,fastapi_http,10,0,0.3682676000171341,completed_raw
cpython3147_saved,fastapi,fastapi_http,10,1,0.3670358000090346,completed_raw
cpython3147_saved,float,float,1,0,0.05623845000809524,completed_raw
cpython3147_saved,float,float,1,1,0.055606050009373575,completed_raw
cpython3147_saved,float,float,2,0,0.05903264999506064,completed_raw
cpython3147_saved,float,float,2,1,0.055140149997896515,completed_raw
cpython3147_saved,float,float,3,0,0.05551779999223072,completed_raw
cpython3147_saved,float,float,3,1,0.05448575000627898,completed_raw
cpython3147_saved,float,float,4,0,0.055736499998602085,completed_raw
cpython3147_saved,float,float,4,1,0.05494849999377038,completed_raw
cpython3147_saved,float,float,5,0,0.055414899994502775,completed_raw
cpython3147_saved,float,float,5,1,0.05411564999667462,completed_raw
cpython3147_saved,float,float,6,0,0.05553985000005923,completed_raw
cpython3147_saved,float,float,6,1,0.05439565000415314,completed_raw
cpython3147_saved,float,float,7,0,0.05519099999219179,completed_raw
cpython3147_saved,float,float,7,1,0.05416384999989532,completed_raw
cpython3147_saved,float,float,8,0,0.05423290000180714,completed_raw
cpython3147_saved,float,float,8,1,0.054291049993480556,completed_raw
cpython3147_saved,float,float,9,0,0.05526469998585526,completed_raw
cpython3147_saved,float,float,9,1,0.05416265000530984,completed_raw
cpython3147_saved,float,float,10,0,0.05655734999163542,completed_raw
cpython3147_saved,float,float,10,1,0.0540455500013195,completed_raw
cpython3147_saved,gc_collect,create_gc_cycles,1,0,0.0014217429668406112,completed_raw
cpython3147_saved,gc_collect,create_gc_cycles,1,1,0.0014493132823645283,completed_raw
cpython3147_saved,gc_collect,create_gc_cycles,2,0,0.0014809617193805025,completed_raw
cpython3147_saved,gc_collect,create_gc_cycles,2,1,0.0014396031240266893,completed_raw
cpython3147_saved,gc_collect,create_gc_cycles,3,0,0.001457496093962618,completed_raw
cpython3147_saved,gc_collect,create_gc_cycles,3,1,0.0014499171870738792,completed_raw
cpython3147_saved,gc_collect,create_gc_cycles,4,0,0.0015178007806753158,completed_raw
cpython3147_saved,gc_collect,create_gc_cycles,4,1,0.001440068750298451,completed_raw
cpython3147_saved,gc_collect,create_gc_cycles,5,0,0.0015365406245564373,completed_raw
cpython3147_saved,gc_collect,create_gc_cycles,5,1,0.0014748687510746095,completed_raw
cpython3147_saved,gc_collect,create_gc_cycles,6,0,0.0014487742171240825,completed_raw
cpython3147_saved,gc_collect,create_gc_cycles,6,1,0.0014366062516728562,completed_raw
cpython3147_saved,gc_collect,create_gc_cycles,7,0,0.0015574625006138376,completed_raw
cpython3147_saved,gc_collect,create_gc_cycles,7,1,0.0015672585921038262,completed_raw
cpython3147_saved,gc_collect,create_gc_cycles,8,0,0.0014439874987601797,completed_raw
cpython3147_saved,gc_collect,create_gc_cycles,8,1,0.00145712578137136,completed_raw
cpython3147_saved,gc_collect,create_gc_cycles,9,0,0.001430469530987466,completed_raw
cpython3147_saved,gc_collect,create_gc_cycles,9,1,0.0014331765623865067,completed_raw
cpython3147_saved,gc_collect,create_gc_cycles,10,0,0.0014703820297654602,completed_raw
cpython3147_saved,gc_collect,create_gc_cycles,10,1,0.0014571101532965258,completed_raw
cpython3147_saved,gc_traversal,gc_traversal,1,0,0.002085332812384877,workload_unscored
cpython3147_saved,gc_traversal,gc_traversal,1,1,0.0021225015607342357,workload_unscored
cpython3147_saved,gc_traversal,gc_traversal,2,0,0.0020938125016982667,workload_unscored
cpython3147_saved,gc_traversal,gc_traversal,2,1,0.002131946876488655,workload_unscored
cpython3147_saved,gc_traversal,gc_traversal,3,0,0.0022096062484706636,workload_unscored
cpython3147_saved,gc_traversal,gc_traversal,3,1,0.0021339562522371125,workload_unscored
cpython3147_saved,gc_traversal,gc_traversal,4,0,0.0022935640604373475,workload_unscored
cpython3147_saved,gc_traversal,gc_traversal,4,1,0.0021490124991032644,workload_unscored
cpython3147_saved,gc_traversal,gc_traversal,5,0,0.002153817187718232,workload_unscored
cpython3147_saved,gc_traversal,gc_traversal,5,1,0.002172924998376402,workload_unscored
cpython3147_saved,gc_traversal,gc_traversal,6,0,0.002075459377920197,workload_unscored
cpython3147_saved,gc_traversal,gc_traversal,6,1,0.0021233515640233236,workload_unscored
cpython3147_saved,gc_traversal,gc_traversal,7,0,0.0021274374998938583,workload_unscored
cpython3147_saved,gc_traversal,gc_traversal,7,1,0.002165234375752334,workload_unscored
cpython3147_saved,gc_traversal,gc_traversal,8,0,0.002124729687693616,workload_unscored
cpython3147_saved,gc_traversal,gc_traversal,8,1,0.002114748440362746,workload_unscored
cpython3147_saved,gc_traversal,gc_traversal,9,0,0.002119387502261816,workload_unscored
cpython3147_saved,gc_traversal,gc_traversal,9,1,0.002164110939247621,workload_unscored
cpython3147_saved,gc_traversal,gc_traversal,10,0,0.0021204187505645677,workload_unscored
cpython3147_saved,gc_traversal,gc_traversal,10,1,0.0021210999984759837,workload_unscored
cpython3147_saved,generators,generators,1,0,0.026390825005364604,completed_raw
cpython3147_saved,generators,generators,1,1,0.026560924998193514,completed_raw
cpython3147_saved,generators,generators,2,0,0.027070074997027405,completed_raw
cpython3147_saved,generators,generators,2,1,0.027481950004585087,completed_raw
cpython3147_saved,generators,generators,3,0,0.027114949996757787,completed_raw
cpython3147_saved,generators,generators,3,1,0.027650024996546563,completed_raw
cpython3147_saved,generators,generators,4,0,0.026836949997232296,completed_raw
cpython3147_saved,generators,generators,4,1,0.026935724999930244,completed_raw
cpython3147_saved,generators,generators,5,0,0.0262908249933389,completed_raw
cpython3147_saved,generators,generators,5,1,0.02638107500388287,completed_raw
cpython3147_saved,generators,generators,6,0,0.026081250005518086,completed_raw
cpython3147_saved,generators,generators,6,1,0.026851474998693448,completed_raw
cpython3147_saved,generators,generators,7,0,0.02621542500128271,completed_raw
cpython3147_saved,generators,generators,7,1,0.02648257500550244,completed_raw
cpython3147_saved,generators,generators,8,0,0.02671997500146972,completed_raw
cpython3147_saved,generators,generators,8,1,0.026067150000017136,completed_raw
cpython3147_saved,generators,generators,9,0,0.025725424995471258,completed_raw
cpython3147_saved,generators,generators,9,1,0.02639972500037402,completed_raw
cpython3147_saved,generators,generators,10,0,0.026648799997929018,completed_raw
cpython3147_saved,generators,generators,10,1,0.026657024995074607,completed_raw
cpython3147_saved,genshi,genshi_text,1,0,0.019665537500259234,completed_raw
cpython3147_saved,genshi,genshi_text,1,1,0.019760499999392778,completed_raw
cpython3147_saved,genshi,genshi_text,2,0,0.019068575002165744,completed_raw
cpython3147_saved,genshi,genshi_text,2,1,0.01914740000211168,completed_raw
cpython3147_saved,genshi,genshi_text,3,0,0.019623637497716118,completed_raw
cpython3147_saved,genshi,genshi_text,3,1,0.019357737499376526,completed_raw
cpython3147_saved,genshi,genshi_text,4,0,0.019391649999306537,completed_raw
cpython3147_saved,genshi,genshi_text,4,1,0.01984137500039651,completed_raw
cpython3147_saved,genshi,genshi_text,5,0,0.019375474999833386,completed_raw
cpython3147_saved,genshi,genshi_text,5,1,0.01914873750138213,completed_raw
cpython3147_saved,genshi,genshi_text,6,0,0.018984737500431947,completed_raw
cpython3147_saved,genshi,genshi_text,6,1,0.019064950000029057,completed_raw
cpython3147_saved,genshi,genshi_text,7,0,0.019365312498848652,completed_raw
cpython3147_saved,genshi,genshi_text,7,1,0.019502849998389138,completed_raw
cpython3147_saved,genshi,genshi_text,8,0,0.019181687501259148,completed_raw
cpython3147_saved,genshi,genshi_text,8,1,0.019125862501823576,completed_raw
cpython3147_saved,genshi,genshi_text,9,0,0.018963499998790212,completed_raw
cpython3147_saved,genshi,genshi_text,9,1,0.01908416250080336,completed_raw
cpython3147_saved,genshi,genshi_text,10,0,0.01947979999749805,completed_raw
cpython3147_saved,genshi,genshi_text,10,1,0.02019456249763607,completed_raw
cpython3147_saved,genshi,genshi_xml,1,0,0.043494900004589,completed_raw
cpython3147_saved,genshi,genshi_xml,1,1,0.04290909999690484,completed_raw
cpython3147_saved,genshi,genshi_xml,2,0,0.04283042500173906,completed_raw
cpython3147_saved,genshi,genshi_xml,2,1,0.04201827499491628,completed_raw
cpython3147_saved,genshi,genshi_xml,3,0,0.043115574997500516,completed_raw
cpython3147_saved,genshi,genshi_xml,3,1,0.04233352500159526,completed_raw
cpython3147_saved,genshi,genshi_xml,4,0,0.04081777499959571,completed_raw
cpython3147_saved,genshi,genshi_xml,4,1,0.04183125000417931,completed_raw
cpython3147_saved,genshi,genshi_xml,5,0,0.04330865000520134,completed_raw
cpython3147_saved,genshi,genshi_xml,5,1,0.043577450000157114,completed_raw
cpython3147_saved,genshi,genshi_xml,6,0,0.042930125004204456,completed_raw
cpython3147_saved,genshi,genshi_xml,6,1,0.04258217500319006,completed_raw
cpython3147_saved,genshi,genshi_xml,7,0,0.042839349996938836,completed_raw
cpython3147_saved,genshi,genshi_xml,7,1,0.042388074994960334,completed_raw
cpython3147_saved,genshi,genshi_xml,8,0,0.042235200002323836,completed_raw
cpython3147_saved,genshi,genshi_xml,8,1,0.0420451999962097,completed_raw
cpython3147_saved,genshi,genshi_xml,9,0,0.043456350002088584,completed_raw
cpython3147_saved,genshi,genshi_xml,9,1,0.04147917500085896,completed_raw
cpython3147_saved,genshi,genshi_xml,10,0,0.042327925002609845,completed_raw
cpython3147_saved,genshi,genshi_xml,10,1,0.041533474999596365,completed_raw
cpython3147_saved,go,go,1,0,0.09580814999935683,completed_raw
cpython3147_saved,go,go,1,1,0.0946894000080647,completed_raw
cpython3147_saved,go,go,2,0,0.09627565000846516,completed_raw
cpython3147_saved,go,go,2,1,0.09408814999915194,completed_raw
cpython3147_saved,go,go,3,0,0.09524229999806266,completed_raw
cpython3147_saved,go,go,3,1,0.09679814999981318,completed_raw
cpython3147_saved,go,go,4,0,0.09469690000696573,completed_raw
cpython3147_saved,go,go,4,1,0.09735989999899175,completed_raw
cpython3147_saved,go,go,5,0,0.09435284999199212,completed_raw
cpython3147_saved,go,go,5,1,0.09520130000601057,completed_raw
cpython3147_saved,go,go,6,0,0.09615160000976175,completed_raw
cpython3147_saved,go,go,6,1,0.09802940000372473,completed_raw
cpython3147_saved,go,go,7,0,0.09451594999700319,completed_raw
cpython3147_saved,go,go,7,1,0.095925100002205,completed_raw
cpython3147_saved,go,go,8,0,0.09446300000126939,completed_raw
cpython3147_saved,go,go,8,1,0.09609289999934845,completed_raw
cpython3147_saved,go,go,9,0,0.09723469999153167,completed_raw
cpython3147_saved,go,go,9,1,0.09569039999041706,completed_raw
cpython3147_saved,go,go,10,0,0.094210249997559,completed_raw
cpython3147_saved,go,go,10,1,0.09784654999384657,completed_raw
cpython3147_saved,hexiom,hexiom,1,0,0.005157815625352669,completed_raw
cpython3147_saved,hexiom,hexiom,1,1,0.005158593749911233,completed_raw
cpython3147_saved,hexiom,hexiom,2,0,0.005125165625031514,completed_raw
cpython3147_saved,hexiom,hexiom,2,1,0.005104981250042329,completed_raw
cpython3147_saved,hexiom,hexiom,3,0,0.005033475000345788,completed_raw
cpython3147_saved,hexiom,hexiom,3,1,0.00498493437498837,completed_raw
cpython3147_saved,hexiom,hexiom,4,0,0.00497054062452662,completed_raw
cpython3147_saved,hexiom,hexiom,4,1,0.005051756250395556,completed_raw
cpython3147_saved,hexiom,hexiom,5,0,0.004967303124431055,completed_raw
cpython3147_saved,hexiom,hexiom,5,1,0.005049571875133552,completed_raw
cpython3147_saved,hexiom,hexiom,6,0,0.005027968750255241,completed_raw
cpython3147_saved,hexiom,hexiom,6,1,0.005159621874554432,completed_raw
cpython3147_saved,hexiom,hexiom,7,0,0.005295124999975087,completed_raw
cpython3147_saved,hexiom,hexiom,7,1,0.005041459375206614,completed_raw
cpython3147_saved,hexiom,hexiom,8,0,0.005062193749836297,completed_raw
cpython3147_saved,hexiom,hexiom,8,1,0.005035365625190025,completed_raw
cpython3147_saved,hexiom,hexiom,9,0,0.005133528125043085,completed_raw
cpython3147_saved,hexiom,hexiom,9,1,0.005145518749486655,completed_raw
cpython3147_saved,hexiom,hexiom,10,0,0.0051953656247860636,completed_raw
cpython3147_saved,hexiom,hexiom,10,1,0.005126296875459957,completed_raw
cpython3147_saved,html5lib,html5lib,1,0,0.043909200001508,completed_raw
cpython3147_saved,html5lib,html5lib,1,1,0.0424991250038147,completed_raw
cpython3147_saved,html5lib,html5lib,2,0,0.04371517500112532,completed_raw
cpython3147_saved,html5lib,html5lib,2,1,0.04359945000032894,completed_raw
cpython3147_saved,html5lib,html5lib,3,0,0.043939399998635054,completed_raw
cpython3147_saved,html5lib,html5lib,3,1,0.0422565500048222,completed_raw
cpython3147_saved,html5lib,html5lib,4,0,0.04173642499517882,completed_raw
cpython3147_saved,html5lib,html5lib,4,1,0.041711325000505894,completed_raw
cpython3147_saved,html5lib,html5lib,5,0,0.04226265000033891,completed_raw
cpython3147_saved,html5lib,html5lib,5,1,0.04208995000226423,completed_raw
cpython3147_saved,html5lib,html5lib,6,0,0.04298710000148276,completed_raw
cpython3147_saved,html5lib,html5lib,6,1,0.04324882500077365,completed_raw
cpython3147_saved,html5lib,html5lib,7,0,0.04327322499739239,completed_raw
cpython3147_saved,html5lib,html5lib,7,1,0.04285974999947939,completed_raw
cpython3147_saved,html5lib,html5lib,8,0,0.04250709999905666,completed_raw
cpython3147_saved,html5lib,html5lib,8,1,0.042162999998254236,completed_raw
cpython3147_saved,html5lib,html5lib,9,0,0.042407000000821427,completed_raw
cpython3147_saved,html5lib,html5lib,9,1,0.04187390000151936,completed_raw
cpython3147_saved,html5lib,html5lib,10,0,0.04154625000228407,completed_raw
cpython3147_saved,html5lib,html5lib,10,1,0.04175412499898812,completed_raw
cpython3147_saved,json_dumps,json_dumps,1,0,0.007417374999931781,completed_raw
cpython3147_saved,json_dumps,json_dumps,1,1,0.0074954812498617684,completed_raw
cpython3147_saved,json_dumps,json_dumps,2,0,0.007831818749764352,completed_raw
cpython3147_saved,json_dumps,json_dumps,2,1,0.007692937500905828,completed_raw
cpython3147_saved,json_dumps,json_dumps,3,0,0.007547087499915506,completed_raw
cpython3147_saved,json_dumps,json_dumps,3,1,0.007350387500991928,completed_raw
cpython3147_saved,json_dumps,json_dumps,4,0,0.007634531250005239,completed_raw
cpython3147_saved,json_dumps,json_dumps,4,1,0.007506787498641643,completed_raw
cpython3147_saved,json_dumps,json_dumps,5,0,0.007209125000372296,completed_raw
cpython3147_saved,json_dumps,json_dumps,5,1,0.007323018749957555,completed_raw
cpython3147_saved,json_dumps,json_dumps,6,0,0.007956737499625888,completed_raw
cpython3147_saved,json_dumps,json_dumps,6,1,0.007799762499416829,completed_raw
cpython3147_saved,json_dumps,json_dumps,7,0,0.0076985124997008825,completed_raw
cpython3147_saved,json_dumps,json_dumps,7,1,0.007498881250285194,completed_raw
cpython3147_saved,json_dumps,json_dumps,8,0,0.007894612499512732,completed_raw
cpython3147_saved,json_dumps,json_dumps,8,1,0.007834568750695325,completed_raw
cpython3147_saved,json_dumps,json_dumps,9,0,0.007580168750791927,completed_raw
cpython3147_saved,json_dumps,json_dumps,9,1,0.0075252499991620425,completed_raw
cpython3147_saved,json_dumps,json_dumps,10,0,0.007983118750416907,completed_raw
cpython3147_saved,json_dumps,json_dumps,10,1,0.007936443751532352,completed_raw
cpython3147_saved,json_loads,json_loads,1,0,1.8306152344393923e-05,completed_raw
cpython3147_saved,json_loads,json_loads,1,1,1.8073427733611423e-05,completed_raw
cpython3147_saved,json_loads,json_loads,2,0,1.807399414133215e-05,completed_raw
cpython3147_saved,json_loads,json_loads,2,1,1.809605468565678e-05,completed_raw
cpython3147_saved,json_loads,json_loads,3,0,1.7793671872823325e-05,completed_raw
cpython3147_saved,json_loads,json_loads,3,1,1.7908486327655737e-05,completed_raw
cpython3147_saved,json_loads,json_loads,4,0,1.8469472655624487e-05,completed_raw
cpython3147_saved,json_loads,json_loads,4,1,1.830975585903616e-05,completed_raw
cpython3147_saved,json_loads,json_loads,5,0,1.8005048826807978e-05,completed_raw
cpython3147_saved,json_loads,json_loads,5,1,1.797535156242702e-05,completed_raw
cpython3147_saved,json_loads,json_loads,6,0,1.823269531371352e-05,completed_raw
cpython3147_saved,json_loads,json_loads,6,1,1.8210820311992392e-05,completed_raw
cpython3147_saved,json_loads,json_loads,7,0,1.8821455077500106e-05,completed_raw
cpython3147_saved,json_loads,json_loads,7,1,1.928099609358469e-05,completed_raw
cpython3147_saved,json_loads,json_loads,8,0,1.784124023345157e-05,completed_raw
cpython3147_saved,json_loads,json_loads,8,1,1.7485498048586123e-05,completed_raw
cpython3147_saved,json_loads,json_loads,9,0,1.7995224609990146e-05,completed_raw
cpython3147_saved,json_loads,json_loads,9,1,1.7732675780735006e-05,completed_raw
cpython3147_saved,json_loads,json_loads,10,0,1.7937998046591018e-05,completed_raw
cpython3147_saved,json_loads,json_loads,10,1,1.7504550780245153e-05,completed_raw
cpython3147_saved,logging,logging_format,1,0,7.4090624991640656e-06,completed_raw
cpython3147_saved,logging,logging_format,1,1,7.4046142572115056e-06,completed_raw
cpython3147_saved,logging,logging_format,2,0,7.3724658207652284e-06,completed_raw
cpython3147_saved,logging,logging_format,2,1,7.605068358884637e-06,completed_raw
cpython3147_saved,logging,logging_format,3,0,7.98555664118794e-06,completed_raw
cpython3147_saved,logging,logging_format,3,1,7.5992578118189155e-06,completed_raw
cpython3147_saved,logging,logging_format,4,0,7.586459960862157e-06,completed_raw
cpython3147_saved,logging,logging_format,4,1,7.578256835927278e-06,completed_raw
cpython3147_saved,logging,logging_format,5,0,7.352495117629587e-06,completed_raw
cpython3147_saved,logging,logging_format,5,1,7.233505859005618e-06,completed_raw
cpython3147_saved,logging,logging_format,6,0,7.838891600897569e-06,completed_raw
cpython3147_saved,logging,logging_format,6,1,7.85106933562929e-06,completed_raw
cpython3147_saved,logging,logging_format,7,0,7.5896240232964375e-06,completed_raw
cpython3147_saved,logging,logging_format,7,1,7.585791014719234e-06,completed_raw
cpython3147_saved,logging,logging_format,8,0,7.48726562420643e-06,completed_raw
cpython3147_saved,logging,logging_format,8,1,7.5348632819327575e-06,completed_raw
cpython3147_saved,logging,logging_format,9,0,7.4721826180734755e-06,completed_raw
cpython3147_saved,logging,logging_format,9,1,7.43419921889199e-06,completed_raw
cpython3147_saved,logging,logging_format,10,0,7.5868457031447175e-06,completed_raw
cpython3147_saved,logging,logging_format,10,1,7.52083007711235e-06,completed_raw
cpython3147_saved,logging,logging_silent,1,0,7.001399993100677e-08,completed_raw
cpython3147_saved,logging,logging_silent,1,1,6.72467803997101e-08,completed_raw
cpython3147_saved,logging,logging_silent,2,0,6.884647368865515e-08,completed_raw
cpython3147_saved,logging,logging_silent,2,1,6.953578948198925e-08,completed_raw
cpython3147_saved,logging,logging_silent,3,0,7.010765075143866e-08,completed_raw
cpython3147_saved,logging,logging_silent,3,1,6.983078002509301e-08,completed_raw
cpython3147_saved,logging,logging_silent,4,0,6.98248672437174e-08,completed_raw
cpython3147_saved,logging,logging_silent,4,1,6.83350753760692e-08,completed_raw
cpython3147_saved,logging,logging_silent,5,0,7.043094635283964e-08,completed_raw
cpython3147_saved,logging,logging_silent,5,1,7.001029967979022e-08,completed_raw
cpython3147_saved,logging,logging_silent,6,0,6.770259857180605e-08,completed_raw
cpython3147_saved,logging,logging_silent,6,1,6.952377319402459e-08,completed_raw
cpython3147_saved,logging,logging_silent,7,0,6.883140564184487e-08,completed_raw
cpython3147_saved,logging,logging_silent,7,1,6.996162414951712e-08,completed_raw
cpython3147_saved,logging,logging_silent,8,0,7.012393951066898e-08,completed_raw
cpython3147_saved,logging,logging_silent,8,1,6.956413268754958e-08,completed_raw
cpython3147_saved,logging,logging_silent,9,0,6.747360229431009e-08,completed_raw
cpython3147_saved,logging,logging_silent,9,1,6.920188904135926e-08,completed_raw
cpython3147_saved,logging,logging_silent,10,0,6.838794708308171e-08,completed_raw
cpython3147_saved,logging,logging_silent,10,1,6.739517212084323e-08,completed_raw
cpython3147_saved,logging,logging_simple,1,0,6.931069336246765e-06,completed_raw
cpython3147_saved,logging,logging_simple,1,1,6.8462207025277165e-06,completed_raw
cpython3147_saved,logging,logging_simple,2,0,6.912968750327764e-06,completed_raw
cpython3147_saved,logging,logging_simple,2,1,6.9798095694295625e-06,completed_raw
cpython3147_saved,logging,logging_simple,3,0,6.897138672457004e-06,completed_raw
cpython3147_saved,logging,logging_simple,3,1,6.919702148877605e-06,completed_raw
cpython3147_saved,logging,logging_simple,4,0,6.849926758434321e-06,completed_raw
cpython3147_saved,logging,logging_simple,4,1,6.785722656843518e-06,completed_raw
cpython3147_saved,logging,logging_simple,5,0,7.00668457085385e-06,completed_raw
cpython3147_saved,logging,logging_simple,5,1,7.137392579181778e-06,completed_raw
cpython3147_saved,logging,logging_simple,6,0,7.050585936951848e-06,completed_raw
cpython3147_saved,logging,logging_simple,6,1,6.974775391199728e-06,completed_raw
cpython3147_saved,logging,logging_simple,7,0,6.872402343560679e-06,completed_raw
cpython3147_saved,logging,logging_simple,7,1,6.967221681009051e-06,completed_raw
cpython3147_saved,logging,logging_simple,8,0,6.897495117641483e-06,completed_raw
cpython3147_saved,logging,logging_simple,8,1,7.015161132528647e-06,completed_raw
cpython3147_saved,logging,logging_simple,9,0,6.853300780562676e-06,completed_raw
cpython3147_saved,logging,logging_simple,9,1,6.981386718507565e-06,completed_raw
cpython3147_saved,logging,logging_simple,10,0,6.966479492120925e-06,completed_raw
cpython3147_saved,logging,logging_simple,10,1,6.8959179685634805e-06,completed_raw
cpython3147_saved,mako,mako,1,0,0.007723725000687409,completed_raw
cpython3147_saved,mako,mako,1,1,0.007933268751003197,completed_raw
cpython3147_saved,mako,mako,2,0,0.007791643749442301,completed_raw
cpython3147_saved,mako,mako,2,1,0.007983931251146714,completed_raw
cpython3147_saved,mako,mako,3,0,0.007856081250793068,completed_raw
cpython3147_saved,mako,mako,3,1,0.007822587500413647,completed_raw
cpython3147_saved,mako,mako,4,0,0.008059693749601138,completed_raw
cpython3147_saved,mako,mako,4,1,0.007880837500124471,completed_raw
cpython3147_saved,mako,mako,5,0,0.007798968750648783,completed_raw
cpython3147_saved,mako,mako,5,1,0.007887262501753867,completed_raw
cpython3147_saved,mako,mako,6,0,0.007896287499534083,completed_raw
cpython3147_saved,mako,mako,6,1,0.007866093750635628,completed_raw
cpython3147_saved,mako,mako,7,0,0.007938000000649481,completed_raw
cpython3147_saved,mako,mako,7,1,0.007735643750493182,completed_raw
cpython3147_saved,mako,mako,8,0,0.007954506249006954,completed_raw
cpython3147_saved,mako,mako,8,1,0.007902850000391481,completed_raw
cpython3147_saved,mako,mako,9,0,0.007656806250452064,completed_raw
cpython3147_saved,mako,mako,9,1,0.007820656248441082,completed_raw
cpython3147_saved,mako,mako,10,0,0.00789241250095074,completed_raw
cpython3147_saved,mako,mako,10,1,0.007530974999099271,completed_raw
cpython3147_saved,mdp,mdp,1,0,0.9866221999982372,completed_raw
cpython3147_saved,mdp,mdp,1,1,0.9809615999984089,completed_raw
cpython3147_saved,mdp,mdp,2,0,0.977599600009853,completed_raw
cpython3147_saved,mdp,mdp,2,1,0.9686694999982137,completed_raw
cpython3147_saved,mdp,mdp,3,0,0.9741408999834675,completed_raw
cpython3147_saved,mdp,mdp,3,1,0.9799206999887247,completed_raw
cpython3147_saved,mdp,mdp,4,0,0.9852946000173688,completed_raw
cpython3147_saved,mdp,mdp,4,1,0.9835870999959297,completed_raw
cpython3147_saved,mdp,mdp,5,0,0.9869154999905732,completed_raw
cpython3147_saved,mdp,mdp,5,1,0.9898826999997254,completed_raw
cpython3147_saved,mdp,mdp,6,0,0.9703113999858033,completed_raw
cpython3147_saved,mdp,mdp,6,1,0.9785453999938909,completed_raw
cpython3147_saved,mdp,mdp,7,0,0.9920778999803588,completed_raw
cpython3147_saved,mdp,mdp,7,1,0.9929822999984026,completed_raw
cpython3147_saved,mdp,mdp,8,0,0.974499800009653,completed_raw
cpython3147_saved,mdp,mdp,8,1,0.9823325999896042,completed_raw
cpython3147_saved,mdp,mdp,9,0,0.9803613999974914,completed_raw
cpython3147_saved,mdp,mdp,9,1,0.980775400006678,completed_raw
cpython3147_saved,mdp,mdp,10,0,0.972632999997586,completed_raw
cpython3147_saved,mdp,mdp,10,1,0.9699951000220608,completed_raw
cpython3147_saved,meteor_contest,meteor_contest,1,0,0.09040664999338333,completed_raw
cpython3147_saved,meteor_contest,meteor_contest,1,1,0.089845399998012,completed_raw
cpython3147_saved,meteor_contest,meteor_contest,2,0,0.08980714999779593,completed_raw
cpython3147_saved,meteor_contest,meteor_contest,2,1,0.08980600000359118,completed_raw
cpython3147_saved,meteor_contest,meteor_contest,3,0,0.09026534999429714,completed_raw
cpython3147_saved,meteor_contest,meteor_contest,3,1,0.08942035000654869,completed_raw
cpython3147_saved,meteor_contest,meteor_contest,4,0,0.08978589999605902,completed_raw
cpython3147_saved,meteor_contest,meteor_contest,4,1,0.08825309999519959,completed_raw
cpython3147_saved,meteor_contest,meteor_contest,5,0,0.08880149999458808,completed_raw
cpython3147_saved,meteor_contest,meteor_contest,5,1,0.08968205000564922,completed_raw
cpython3147_saved,meteor_contest,meteor_contest,6,0,0.09002719999989495,completed_raw
cpython3147_saved,meteor_contest,meteor_contest,6,1,0.08833075000438839,completed_raw
cpython3147_saved,meteor_contest,meteor_contest,7,0,0.08963129999756347,completed_raw
cpython3147_saved,meteor_contest,meteor_contest,7,1,0.08980239999073092,completed_raw
cpython3147_saved,meteor_contest,meteor_contest,8,0,0.08840849999978673,completed_raw
cpython3147_saved,meteor_contest,meteor_contest,8,1,0.0901809999922989,completed_raw
cpython3147_saved,meteor_contest,meteor_contest,9,0,0.08869330000015907,completed_raw
cpython3147_saved,meteor_contest,meteor_contest,9,1,0.08926740000606515,completed_raw
cpython3147_saved,meteor_contest,meteor_contest,10,0,0.08911845000693575,completed_raw
cpython3147_saved,meteor_contest,meteor_contest,10,1,0.08976104999601375,completed_raw
cpython3147_saved,nbody,nbody,1,0,0.08192120000603609,completed_raw
cpython3147_saved,nbody,nbody,1,1,0.08125464999466203,completed_raw
cpython3147_saved,nbody,nbody,2,0,0.08262799998919945,completed_raw
cpython3147_saved,nbody,nbody,2,1,0.08305330001167022,completed_raw
cpython3147_saved,nbody,nbody,3,0,0.0848824999993667,completed_raw
cpython3147_saved,nbody,nbody,3,1,0.08585664999554865,completed_raw
cpython3147_saved,nbody,nbody,4,0,0.08340200000384357,completed_raw
cpython3147_saved,nbody,nbody,4,1,0.0825448499963386,completed_raw
cpython3147_saved,nbody,nbody,5,0,0.08254185000259895,completed_raw
cpython3147_saved,nbody,nbody,5,1,0.08305529999779537,completed_raw
cpython3147_saved,nbody,nbody,6,0,0.08230225001170766,completed_raw
cpython3147_saved,nbody,nbody,6,1,0.08317200001329184,completed_raw
cpython3147_saved,nbody,nbody,7,0,0.08113214999320917,completed_raw
cpython3147_saved,nbody,nbody,7,1,0.08360119999269955,completed_raw
cpython3147_saved,nbody,nbody,8,0,0.08358159998897463,completed_raw
cpython3147_saved,nbody,nbody,8,1,0.08299614999850746,completed_raw
cpython3147_saved,nbody,nbody,9,0,0.0831694999942556,completed_raw
cpython3147_saved,nbody,nbody,9,1,0.08231024999986403,completed_raw
cpython3147_saved,nbody,nbody,10,0,0.08323324999946635,completed_raw
cpython3147_saved,nbody,nbody,10,1,0.08036634999734815,completed_raw
cpython3147_saved,networkx,shortest_path,1,0,0.4322069000045303,completed_raw
cpython3147_saved,networkx,shortest_path,1,1,0.43473209999501705,completed_raw
cpython3147_saved,networkx,shortest_path,2,0,0.4220925999979954,completed_raw
cpython3147_saved,networkx,shortest_path,2,1,0.43570470000850037,completed_raw
cpython3147_saved,networkx,shortest_path,3,0,0.41288979997625574,completed_raw
cpython3147_saved,networkx,shortest_path,3,1,0.42422369998530485,completed_raw
cpython3147_saved,networkx,shortest_path,4,0,0.4101327999960631,completed_raw
cpython3147_saved,networkx,shortest_path,4,1,0.4284429000108503,completed_raw
cpython3147_saved,networkx,shortest_path,5,0,0.4308949999976903,completed_raw
cpython3147_saved,networkx,shortest_path,5,1,0.45191519998479635,completed_raw
cpython3147_saved,networkx,shortest_path,6,0,0.423127599991858,completed_raw
cpython3147_saved,networkx,shortest_path,6,1,0.42245320000802167,completed_raw
cpython3147_saved,networkx,shortest_path,7,0,0.41182050001225434,completed_raw
cpython3147_saved,networkx,shortest_path,7,1,0.4240993999992497,completed_raw
cpython3147_saved,networkx,shortest_path,8,0,0.44063749999622814,completed_raw
cpython3147_saved,networkx,shortest_path,8,1,0.42797809999319725,completed_raw
cpython3147_saved,networkx,shortest_path,9,0,0.4170866000058595,completed_raw
cpython3147_saved,networkx,shortest_path,9,1,0.42802220000885427,completed_raw
cpython3147_saved,networkx,shortest_path,10,0,0.41719859998556785,completed_raw
cpython3147_saved,networkx,shortest_path,10,1,0.41967730000033043,completed_raw
cpython3147_saved,networkx_connected_components,connected_components,1,0,0.37529969998286106,completed_raw
cpython3147_saved,networkx_connected_components,connected_components,1,1,0.3724148999899626,completed_raw
cpython3147_saved,networkx_connected_components,connected_components,2,0,0.3747608999838121,completed_raw
cpython3147_saved,networkx_connected_components,connected_components,2,1,0.36536600001272745,completed_raw
cpython3147_saved,networkx_connected_components,connected_components,3,0,0.38033710001036525,completed_raw
cpython3147_saved,networkx_connected_components,connected_components,3,1,0.3676313000032678,completed_raw
cpython3147_saved,networkx_connected_components,connected_components,4,0,0.3833937000017613,completed_raw
cpython3147_saved,networkx_connected_components,connected_components,4,1,0.3781936999876052,completed_raw
cpython3147_saved,networkx_connected_components,connected_components,5,0,0.3804791999864392,completed_raw
cpython3147_saved,networkx_connected_components,connected_components,5,1,0.38237649999791756,completed_raw
cpython3147_saved,networkx_connected_components,connected_components,6,0,0.3604384000063874,completed_raw
cpython3147_saved,networkx_connected_components,connected_components,6,1,0.3851892000238877,completed_raw
cpython3147_saved,networkx_connected_components,connected_components,7,0,0.3864850999962073,completed_raw
cpython3147_saved,networkx_connected_components,connected_components,7,1,0.38936880000983365,completed_raw
cpython3147_saved,networkx_connected_components,connected_components,8,0,0.3852601999824401,completed_raw
cpython3147_saved,networkx_connected_components,connected_components,8,1,0.3846087999991141,completed_raw
cpython3147_saved,networkx_connected_components,connected_components,9,0,0.37741259997710586,completed_raw
cpython3147_saved,networkx_connected_components,connected_components,9,1,0.38548810000065714,completed_raw
cpython3147_saved,networkx_connected_components,connected_components,10,0,0.4304646000091452,completed_raw
cpython3147_saved,networkx_connected_components,connected_components,10,1,0.3736211000068579,completed_raw
cpython3147_saved,networkx_k_core,k_core,1,0,1.9769795000029262,completed_raw
cpython3147_saved,networkx_k_core,k_core,1,1,2.1077302000194322,completed_raw
cpython3147_saved,networkx_k_core,k_core,2,0,1.9527339999913238,completed_raw
cpython3147_saved,networkx_k_core,k_core,2,1,2.3300292999774683,completed_raw
cpython3147_saved,networkx_k_core,k_core,3,0,1.9593383999890648,completed_raw
cpython3147_saved,networkx_k_core,k_core,3,1,2.1073204000131227,completed_raw
cpython3147_saved,networkx_k_core,k_core,4,0,2.0010176000068896,completed_raw
cpython3147_saved,networkx_k_core,k_core,4,1,2.1335811000026297,completed_raw
cpython3147_saved,networkx_k_core,k_core,5,0,2.0541299000033177,completed_raw
cpython3147_saved,networkx_k_core,k_core,5,1,2.150854400009848,completed_raw
cpython3147_saved,networkx_k_core,k_core,6,0,1.9696223000064492,completed_raw
cpython3147_saved,networkx_k_core,k_core,6,1,2.096366499987198,completed_raw
cpython3147_saved,networkx_k_core,k_core,7,0,1.9422054000024218,completed_raw
cpython3147_saved,networkx_k_core,k_core,7,1,2.1531318000052124,completed_raw
cpython3147_saved,networkx_k_core,k_core,8,0,1.9637333000137005,completed_raw
cpython3147_saved,networkx_k_core,k_core,8,1,2.1492000999860466,completed_raw
cpython3147_saved,networkx_k_core,k_core,9,0,2.003785200009588,completed_raw
cpython3147_saved,networkx_k_core,k_core,9,1,2.284211399994092,completed_raw
cpython3147_saved,networkx_k_core,k_core,10,0,2.0881834999891,completed_raw
cpython3147_saved,networkx_k_core,k_core,10,1,2.268257099989569,completed_raw
cpython3147_saved,nqueens,nqueens,1,0,0.07696710000163876,completed_raw
cpython3147_saved,nqueens,nqueens,1,1,0.07578944999841042,completed_raw
cpython3147_saved,nqueens,nqueens,2,0,0.07656950000091456,completed_raw
cpython3147_saved,nqueens,nqueens,2,1,0.07529459999932442,completed_raw
cpython3147_saved,nqueens,nqueens,3,0,0.07673154999793041,completed_raw
cpython3147_saved,nqueens,nqueens,3,1,0.07775505000608973,completed_raw
cpython3147_saved,nqueens,nqueens,4,0,0.07784700000775047,completed_raw
cpython3147_saved,nqueens,nqueens,4,1,0.07435840000107419,completed_raw
cpython3147_saved,nqueens,nqueens,5,0,0.07513679999101441,completed_raw
cpython3147_saved,nqueens,nqueens,5,1,0.07583195000188425,completed_raw
cpython3147_saved,nqueens,nqueens,6,0,0.07715224999992643,completed_raw
cpython3147_saved,nqueens,nqueens,6,1,0.07759590000205208,completed_raw
cpython3147_saved,nqueens,nqueens,7,0,0.07600105000892654,completed_raw
cpython3147_saved,nqueens,nqueens,7,1,0.07850875001167879,completed_raw
cpython3147_saved,nqueens,nqueens,8,0,0.075072050007293,completed_raw
cpython3147_saved,nqueens,nqueens,8,1,0.07657099999778438,completed_raw
cpython3147_saved,nqueens,nqueens,9,0,0.07611215001088567,completed_raw
cpython3147_saved,nqueens,nqueens,9,1,0.07639329999801703,completed_raw
cpython3147_saved,nqueens,nqueens,10,0,0.08702740000444464,completed_raw
cpython3147_saved,nqueens,nqueens,10,1,0.07496904999425169,completed_raw
cpython3147_saved,pathlib,pathlib,1,0,0.0418710000012652,completed_raw
cpython3147_saved,pathlib,pathlib,1,1,0.04150037499493919,completed_raw
cpython3147_saved,pathlib,pathlib,2,0,0.041310449996672105,completed_raw
cpython3147_saved,pathlib,pathlib,2,1,0.042300049994082656,completed_raw
cpython3147_saved,pathlib,pathlib,3,0,0.04246969999803696,completed_raw
cpython3147_saved,pathlib,pathlib,3,1,0.041379499998583924,completed_raw
cpython3147_saved,pathlib,pathlib,4,0,0.045996225002454594,completed_raw
cpython3147_saved,pathlib,pathlib,4,1,0.04265914999996312,completed_raw
cpython3147_saved,pathlib,pathlib,5,0,0.04345027499948628,completed_raw
cpython3147_saved,pathlib,pathlib,5,1,0.04117769999720622,completed_raw
cpython3147_saved,pathlib,pathlib,6,0,0.04136382499564206,completed_raw
cpython3147_saved,pathlib,pathlib,6,1,0.04334212500543799,completed_raw
cpython3147_saved,pathlib,pathlib,7,0,0.0418065000048955,completed_raw
cpython3147_saved,pathlib,pathlib,7,1,0.04139609999401728,completed_raw
cpython3147_saved,pathlib,pathlib,8,0,0.04231637500197394,completed_raw
cpython3147_saved,pathlib,pathlib,8,1,0.04339389999950072,completed_raw
cpython3147_saved,pathlib,pathlib,9,0,0.0421862000002875,completed_raw
cpython3147_saved,pathlib,pathlib,9,1,0.04236175000551157,completed_raw
cpython3147_saved,pathlib,pathlib,10,0,0.04156985000008717,completed_raw
cpython3147_saved,pathlib,pathlib,10,1,0.042403949999425095,completed_raw
cpython3147_saved,pickle,pickle,1,0,9.236860351791165e-06,completed_raw
cpython3147_saved,pickle,pickle,1,1,9.061010742072994e-06,completed_raw
cpython3147_saved,pickle,pickle,2,0,9.275541992792569e-06,completed_raw
cpython3147_saved,pickle,pickle,2,1,9.204951172137044e-06,completed_raw
cpython3147_saved,pickle,pickle,3,0,9.206274413031679e-06,completed_raw
cpython3147_saved,pickle,pickle,3,1,9.292207032274291e-06,completed_raw
cpython3147_saved,pickle,pickle,4,0,1.1606904297423171e-05,completed_raw
cpython3147_saved,pickle,pickle,4,1,9.071293945339676e-06,completed_raw
cpython3147_saved,pickle,pickle,5,0,9.134658202469837e-06,completed_raw
cpython3147_saved,pickle,pickle,5,1,9.098032225551834e-06,completed_raw
cpython3147_saved,pickle,pickle,6,0,9.415849609695215e-06,completed_raw
cpython3147_saved,pickle,pickle,6,1,9.813979492889757e-06,completed_raw
cpython3147_saved,pickle,pickle,7,0,9.186425781138042e-06,completed_raw
cpython3147_saved,pickle,pickle,7,1,9.209165038726042e-06,completed_raw
cpython3147_saved,pickle,pickle,8,0,9.02303710859087e-06,completed_raw
cpython3147_saved,pickle,pickle,8,1,9.03272460845983e-06,completed_raw
cpython3147_saved,pickle,pickle,9,0,9.125336913484716e-06,completed_raw
cpython3147_saved,pickle,pickle,9,1,9.086464844187958e-06,completed_raw
cpython3147_saved,pickle,pickle,10,0,9.99144042879152e-06,completed_raw
cpython3147_saved,pickle,pickle,10,1,1.0436123045565181e-05,completed_raw
cpython3147_saved,pickle_dict,pickle_dict,1,0,2.446138671530207e-05,completed_raw
cpython3147_saved,pickle_dict,pickle_dict,1,1,2.4292441406714715e-05,completed_raw
cpython3147_saved,pickle_dict,pickle_dict,2,0,2.350316406136699e-05,completed_raw
cpython3147_saved,pickle_dict,pickle_dict,2,1,2.310724609060344e-05,completed_raw
cpython3147_saved,pickle_dict,pickle_dict,3,0,2.365140625215645e-05,completed_raw
cpython3147_saved,pickle_dict,pickle_dict,3,1,2.3459335938014193e-05,completed_raw
cpython3147_saved,pickle_dict,pickle_dict,4,0,2.3505976560045384e-05,completed_raw
cpython3147_saved,pickle_dict,pickle_dict,4,1,2.3164003903275442e-05,completed_raw
cpython3147_saved,pickle_dict,pickle_dict,5,0,2.316160156397018e-05,completed_raw
cpython3147_saved,pickle_dict,pickle_dict,5,1,2.303648437305128e-05,completed_raw
cpython3147_saved,pickle_dict,pickle_dict,6,0,2.4445566407393925e-05,completed_raw
cpython3147_saved,pickle_dict,pickle_dict,6,1,2.440179687255295e-05,completed_raw
cpython3147_saved,pickle_dict,pickle_dict,7,0,2.4072656248108615e-05,completed_raw
cpython3147_saved,pickle_dict,pickle_dict,7,1,2.306886718770329e-05,completed_raw
cpython3147_saved,pickle_dict,pickle_dict,8,0,2.40437499996915e-05,completed_raw
cpython3147_saved,pickle_dict,pickle_dict,8,1,2.3785371098483665e-05,completed_raw
cpython3147_saved,pickle_dict,pickle_dict,9,0,2.317466796739609e-05,completed_raw
cpython3147_saved,pickle_dict,pickle_dict,9,1,2.3212050780330174e-05,completed_raw
cpython3147_saved,pickle_dict,pickle_dict,10,0,2.3165957031778817e-05,completed_raw
cpython3147_saved,pickle_dict,pickle_dict,10,1,2.3146230466863928e-05,completed_raw
cpython3147_saved,pickle_list,pickle_list,1,0,3.96881835982299e-06,completed_raw
cpython3147_saved,pickle_list,pickle_list,1,1,4.041520995912151e-06,completed_raw
cpython3147_saved,pickle_list,pickle_list,2,0,3.99723144539621e-06,completed_raw
cpython3147_saved,pickle_list,pickle_list,2,1,3.957089843709127e-06,completed_raw
cpython3147_saved,pickle_list,pickle_list,3,0,4.111496581771234e-06,completed_raw
cpython3147_saved,pickle_list,pickle_list,3,1,4.01252441406541e-06,completed_raw
cpython3147_saved,pickle_list,pickle_list,4,0,3.902438965042165e-06,completed_raw
cpython3147_saved,pickle_list,pickle_list,4,1,3.961582031308808e-06,completed_raw
cpython3147_saved,pickle_list,pickle_list,5,0,4.068999023587594e-06,completed_raw
cpython3147_saved,pickle_list,pickle_list,5,1,4.121909179133354e-06,completed_raw
cpython3147_saved,pickle_list,pickle_list,6,0,3.967050781028547e-06,completed_raw
cpython3147_saved,pickle_list,pickle_list,6,1,4.110297851411815e-06,completed_raw
cpython3147_saved,pickle_list,pickle_list,7,0,3.882951660472145e-06,completed_raw
cpython3147_saved,pickle_list,pickle_list,7,1,3.898430175297562e-06,completed_raw
cpython3147_saved,pickle_list,pickle_list,8,0,4.083725585957154e-06,completed_raw
cpython3147_saved,pickle_list,pickle_list,8,1,4.1610986329487785e-06,completed_raw
cpython3147_saved,pickle_list,pickle_list,9,0,4.0376733394964505e-06,completed_raw
cpython3147_saved,pickle_list,pickle_list,9,1,4.046120605494252e-06,completed_raw
cpython3147_saved,pickle_list,pickle_list,10,0,4.060500488378694e-06,completed_raw
cpython3147_saved,pickle_list,pickle_list,10,1,4.089606933632695e-06,completed_raw
cpython3147_saved,pickle_pure_python,pickle_pure_python,1,0,0.0002515720312658232,completed_raw
cpython3147_saved,pickle_pure_python,pickle_pure_python,1,1,0.0002605060937185044,completed_raw
cpython3147_saved,pickle_pure_python,pickle_pure_python,2,0,0.00025329281247650216,completed_raw
cpython3147_saved,pickle_pure_python,pickle_pure_python,2,1,0.0002544553125062521,completed_raw
cpython3147_saved,pickle_pure_python,pickle_pure_python,3,0,0.00025673687500784583,completed_raw
cpython3147_saved,pickle_pure_python,pickle_pure_python,3,1,0.00026033484373328976,completed_raw
cpython3147_saved,pickle_pure_python,pickle_pure_python,4,0,0.0002557564062499296,completed_raw
cpython3147_saved,pickle_pure_python,pickle_pure_python,4,1,0.00025517062499602616,completed_raw
cpython3147_saved,pickle_pure_python,pickle_pure_python,5,0,0.0002535726562655327,completed_raw
cpython3147_saved,pickle_pure_python,pickle_pure_python,5,1,0.00026530296877353977,completed_raw
cpython3147_saved,pickle_pure_python,pickle_pure_python,6,0,0.0002659401562596031,completed_raw
cpython3147_saved,pickle_pure_python,pickle_pure_python,6,1,0.00026363968750047205,completed_raw
cpython3147_saved,pickle_pure_python,pickle_pure_python,7,0,0.000258402656254475,completed_raw
cpython3147_saved,pickle_pure_python,pickle_pure_python,7,1,0.00025738906247170236,completed_raw
cpython3147_saved,pickle_pure_python,pickle_pure_python,8,0,0.00025557765625308095,completed_raw
cpython3147_saved,pickle_pure_python,pickle_pure_python,8,1,0.00025482921873845046,completed_raw
cpython3147_saved,pickle_pure_python,pickle_pure_python,9,0,0.0002587896874956641,completed_raw
cpython3147_saved,pickle_pure_python,pickle_pure_python,9,1,0.00025911546872521286,completed_raw
cpython3147_saved,pickle_pure_python,pickle_pure_python,10,0,0.00025515515626466366,completed_raw
cpython3147_saved,pickle_pure_python,pickle_pure_python,10,1,0.00025441796874474675,completed_raw
cpython3147_saved,pidigits,pidigits,1,0,0.16339699999662116,completed_raw
cpython3147_saved,pidigits,pidigits,1,1,0.16425000000162981,completed_raw
cpython3147_saved,pidigits,pidigits,2,0,0.16403440001886338,completed_raw
cpython3147_saved,pidigits,pidigits,2,1,0.16081380000105128,completed_raw
cpython3147_saved,pidigits,pidigits,3,0,0.16347339999629185,completed_raw
cpython3147_saved,pidigits,pidigits,3,1,0.162772000010591,completed_raw
cpython3147_saved,pidigits,pidigits,4,0,0.16558689999510534,completed_raw
cpython3147_saved,pidigits,pidigits,4,1,0.16347629998927005,completed_raw
cpython3147_saved,pidigits,pidigits,5,0,0.164353400003165,completed_raw
cpython3147_saved,pidigits,pidigits,5,1,0.16195110001717694,completed_raw
cpython3147_saved,pidigits,pidigits,6,0,0.16225480000139214,completed_raw
cpython3147_saved,pidigits,pidigits,6,1,0.16132030001608655,completed_raw
cpython3147_saved,pidigits,pidigits,7,0,0.16151150001678616,completed_raw
cpython3147_saved,pidigits,pidigits,7,1,0.16233370002009906,completed_raw
cpython3147_saved,pidigits,pidigits,8,0,0.1619324999919627,completed_raw
cpython3147_saved,pidigits,pidigits,8,1,0.16462529997806996,completed_raw
cpython3147_saved,pidigits,pidigits,9,0,0.1648482000164222,completed_raw
cpython3147_saved,pidigits,pidigits,9,1,0.16285010002320632,completed_raw
cpython3147_saved,pidigits,pidigits,10,0,0.16227640002034605,completed_raw
cpython3147_saved,pidigits,pidigits,10,1,0.16145389998564497,completed_raw
cpython3147_saved,pprint,pprint_safe_repr,1,0,0.5908768999797758,completed_raw
cpython3147_saved,pprint,pprint_safe_repr,1,1,0.5963330999948084,completed_raw
cpython3147_saved,pprint,pprint_safe_repr,2,0,0.5924341999925673,completed_raw
cpython3147_saved,pprint,pprint_safe_repr,2,1,0.596361000003526,completed_raw
cpython3147_saved,pprint,pprint_safe_repr,3,0,0.5934974999981932,completed_raw
cpython3147_saved,pprint,pprint_safe_repr,3,1,0.6048989999981131,completed_raw
cpython3147_saved,pprint,pprint_safe_repr,4,0,0.6125143000099342,completed_raw
cpython3147_saved,pprint,pprint_safe_repr,4,1,0.6121909000212327,completed_raw
cpython3147_saved,pprint,pprint_safe_repr,5,0,0.5929010999971069,completed_raw
cpython3147_saved,pprint,pprint_safe_repr,5,1,0.5890579000115395,completed_raw
cpython3147_saved,pprint,pprint_safe_repr,6,0,0.5980094000115059,completed_raw
cpython3147_saved,pprint,pprint_safe_repr,6,1,0.5993867999932263,completed_raw
cpython3147_saved,pprint,pprint_safe_repr,7,0,0.600302400009241,completed_raw
cpython3147_saved,pprint,pprint_safe_repr,7,1,0.6014040000154637,completed_raw
cpython3147_saved,pprint,pprint_safe_repr,8,0,0.6035291999869514,completed_raw
cpython3147_saved,pprint,pprint_safe_repr,8,1,0.6065656999999192,completed_raw
cpython3147_saved,pprint,pprint_safe_repr,9,0,0.5992509999778122,completed_raw
cpython3147_saved,pprint,pprint_safe_repr,9,1,0.5986396000080276,completed_raw
cpython3147_saved,pprint,pprint_safe_repr,10,0,0.5914971999882255,completed_raw
cpython3147_saved,pprint,pprint_safe_repr,10,1,0.5944201000093017,completed_raw
cpython3147_saved,pprint,pprint_pformat,1,0,1.2280841000028886,completed_raw
cpython3147_saved,pprint,pprint_pformat,1,1,1.2262265000026673,completed_raw
cpython3147_saved,pprint,pprint_pformat,2,0,1.2444732000003569,completed_raw
cpython3147_saved,pprint,pprint_pformat,2,1,1.2512983999913558,completed_raw
cpython3147_saved,pprint,pprint_pformat,3,0,1.2263687000086065,completed_raw
cpython3147_saved,pprint,pprint_pformat,3,1,1.229865500004962,completed_raw
cpython3147_saved,pprint,pprint_pformat,4,0,1.231465399992885,completed_raw
cpython3147_saved,pprint,pprint_pformat,4,1,1.2305080000078306,completed_raw
cpython3147_saved,pprint,pprint_pformat,5,0,1.2566005999979097,completed_raw
cpython3147_saved,pprint,pprint_pformat,5,1,1.222683700005291,completed_raw
cpython3147_saved,pprint,pprint_pformat,6,0,1.2851344000082463,completed_raw
cpython3147_saved,pprint,pprint_pformat,6,1,1.2199080999998841,completed_raw
cpython3147_saved,pprint,pprint_pformat,7,0,1.233580100000836,completed_raw
cpython3147_saved,pprint,pprint_pformat,7,1,1.2298784999875352,completed_raw
cpython3147_saved,pprint,pprint_pformat,8,0,1.221528300025966,completed_raw
cpython3147_saved,pprint,pprint_pformat,8,1,1.2254446000151802,completed_raw
cpython3147_saved,pprint,pprint_pformat,9,0,1.2358472000050824,completed_raw
cpython3147_saved,pprint,pprint_pformat,9,1,1.228047200012952,completed_raw
cpython3147_saved,pprint,pprint_pformat,10,0,1.2255105999938678,completed_raw
cpython3147_saved,pprint,pprint_pformat,10,1,1.2136375000118278,completed_raw
cpython3147_saved,pyflate,pyflate,1,0,0.3520159999898169,completed_raw
cpython3147_saved,pyflate,pyflate,1,1,0.34471440000925213,completed_raw
cpython3147_saved,pyflate,pyflate,2,0,0.33795699998154305,completed_raw
cpython3147_saved,pyflate,pyflate,2,1,0.3363433000049554,completed_raw
cpython3147_saved,pyflate,pyflate,3,0,0.3543530000024475,completed_raw
cpython3147_saved,pyflate,pyflate,3,1,0.34613489999901503,completed_raw
cpython3147_saved,pyflate,pyflate,4,0,0.3341731999826152,completed_raw
cpython3147_saved,pyflate,pyflate,4,1,0.33490360001451336,completed_raw
cpython3147_saved,pyflate,pyflate,5,0,0.3681529000168666,completed_raw
cpython3147_saved,pyflate,pyflate,5,1,0.3487099999911152,completed_raw
cpython3147_saved,pyflate,pyflate,6,0,0.33480909999343567,completed_raw
cpython3147_saved,pyflate,pyflate,6,1,0.33761889999732375,completed_raw
cpython3147_saved,pyflate,pyflate,7,0,0.33700890000909567,completed_raw
cpython3147_saved,pyflate,pyflate,7,1,0.36431630002334714,completed_raw
cpython3147_saved,pyflate,pyflate,8,0,0.3385126999928616,completed_raw
cpython3147_saved,pyflate,pyflate,8,1,0.33721960001275875,completed_raw
cpython3147_saved,pyflate,pyflate,9,0,0.3575894999958109,completed_raw
cpython3147_saved,pyflate,pyflate,9,1,0.3559170999797061,completed_raw
cpython3147_saved,pyflate,pyflate,10,0,0.33598289999645203,completed_raw
cpython3147_saved,pyflate,pyflate,10,1,0.3421375000034459,completed_raw
cpython3147_saved,python_startup,python_startup,1,0,0.01822777499910444,completed_raw
cpython3147_saved,python_startup,python_startup,1,1,0.018622125000547385,completed_raw
cpython3147_saved,python_startup,python_startup,1,2,0.017809625001973473,completed_raw
cpython3147_saved,python_startup,python_startup,1,3,0.018451975000061793,completed_raw
cpython3147_saved,python_startup,python_startup,1,4,0.01892258750012843,completed_raw
cpython3147_saved,python_startup,python_startup,1,5,0.01870876249813591,completed_raw
cpython3147_saved,python_startup,python_startup,2,0,0.018418949999613687,completed_raw
cpython3147_saved,python_startup,python_startup,2,1,0.01907572500203969,completed_raw
cpython3147_saved,python_startup,python_startup,2,2,0.01839163749900763,completed_raw
cpython3147_saved,python_startup,python_startup,2,3,0.018482524999853922,completed_raw
cpython3147_saved,python_startup,python_startup,2,4,0.01861320000170963,completed_raw
cpython3147_saved,python_startup,python_startup,2,5,0.018538550000812393,completed_raw
cpython3147_saved,python_startup,python_startup,3,0,0.018221350001113024,completed_raw
cpython3147_saved,python_startup,python_startup,3,1,0.017927012500877026,completed_raw
cpython3147_saved,python_startup,python_startup,3,2,0.01801581250037998,completed_raw
cpython3147_saved,python_startup,python_startup,3,3,0.018071987502480624,completed_raw
cpython3147_saved,python_startup,python_startup,3,4,0.018757550002192147,completed_raw
cpython3147_saved,python_startup,python_startup,3,5,0.018980112501594704,completed_raw
cpython3147_saved,python_startup,python_startup,4,0,0.017997287501202663,completed_raw
cpython3147_saved,python_startup,python_startup,4,1,0.017766062501323177,completed_raw
cpython3147_saved,python_startup,python_startup,4,2,0.01886170000216225,completed_raw
cpython3147_saved,python_startup,python_startup,4,3,0.020190437502606073,completed_raw
cpython3147_saved,python_startup,python_startup,4,4,0.017931400001543807,completed_raw
cpython3147_saved,python_startup,python_startup,4,5,0.018467437501385575,completed_raw
cpython3147_saved,python_startup,python_startup,5,0,0.01891256250019069,completed_raw
cpython3147_saved,python_startup,python_startup,5,1,0.018727987499005394,completed_raw
cpython3147_saved,python_startup,python_startup,5,2,0.0186537750014395,completed_raw
cpython3147_saved,python_startup,python_startup,5,3,0.01830883750153589,completed_raw
cpython3147_saved,python_startup,python_startup,5,4,0.01782354999886593,completed_raw
cpython3147_saved,python_startup,python_startup,5,5,0.019101924997812603,completed_raw
cpython3147_saved,python_startup,python_startup,6,0,0.018496524997317465,completed_raw
cpython3147_saved,python_startup,python_startup,6,1,0.018554599999333732,completed_raw
cpython3147_saved,python_startup,python_startup,6,2,0.018518562501412816,completed_raw
cpython3147_saved,python_startup,python_startup,6,3,0.01906988750124583,completed_raw
cpython3147_saved,python_startup,python_startup,6,4,0.018731162501353538,completed_raw
cpython3147_saved,python_startup,python_startup,6,5,0.01815956249993178,completed_raw
cpython3147_saved,python_startup,python_startup,7,0,0.018733025000983616,completed_raw
cpython3147_saved,python_startup,python_startup,7,1,0.01990988749821554,completed_raw
cpython3147_saved,python_startup,python_startup,7,2,0.019940587499149842,completed_raw
cpython3147_saved,python_startup,python_startup,7,3,0.019715312500920845,completed_raw
cpython3147_saved,python_startup,python_startup,7,4,0.018079199999192497,completed_raw
cpython3147_saved,python_startup,python_startup,7,5,0.019081837497651577,completed_raw
cpython3147_saved,python_startup,python_startup,8,0,0.018077012500725687,completed_raw
cpython3147_saved,python_startup,python_startup,8,1,0.018465149998519337,completed_raw
cpython3147_saved,python_startup,python_startup,8,2,0.018628699999680975,completed_raw
cpython3147_saved,python_startup,python_startup,8,3,0.018587400001706555,completed_raw
cpython3147_saved,python_startup,python_startup,8,4,0.018159212500904687,completed_raw
cpython3147_saved,python_startup,python_startup,8,5,0.01788958749966696,completed_raw
cpython3147_saved,python_startup,python_startup,9,0,0.018409050000627758,completed_raw
cpython3147_saved,python_startup,python_startup,9,1,0.018926125001598848,completed_raw
cpython3147_saved,python_startup,python_startup,9,2,0.018346762499277247,completed_raw
cpython3147_saved,python_startup,python_startup,9,3,0.018689312499191146,completed_raw
cpython3147_saved,python_startup,python_startup,9,4,0.018527625001297565,completed_raw
cpython3147_saved,python_startup,python_startup,9,5,0.018893637497967575,completed_raw
cpython3147_saved,python_startup,python_startup,10,0,0.018426425001962343,completed_raw
cpython3147_saved,python_startup,python_startup,10,1,0.018738825001491932,completed_raw
cpython3147_saved,python_startup,python_startup,10,2,0.018433400000503752,completed_raw
cpython3147_saved,python_startup,python_startup,10,3,0.019592812499467982,completed_raw
cpython3147_saved,python_startup,python_startup,10,4,0.018624299998919014,completed_raw
cpython3147_saved,python_startup,python_startup,10,5,0.01840123749934719,completed_raw
cpython3147_saved,python_startup_no_site,python_startup_no_site,1,0,0.016287875001580687,completed_raw
cpython3147_saved,python_startup_no_site,python_startup_no_site,1,1,0.015566925001621712,completed_raw
cpython3147_saved,python_startup_no_site,python_startup_no_site,1,2,0.016025987497414462,completed_raw
cpython3147_saved,python_startup_no_site,python_startup_no_site,1,3,0.015828137500648154,completed_raw
cpython3147_saved,python_startup_no_site,python_startup_no_site,1,4,0.01641181249942747,completed_raw
cpython3147_saved,python_startup_no_site,python_startup_no_site,1,5,0.01612091249990044,completed_raw
cpython3147_saved,python_startup_no_site,python_startup_no_site,2,0,0.015190474998235004,completed_raw
cpython3147_saved,python_startup_no_site,python_startup_no_site,2,1,0.015416449998156168,completed_raw
cpython3147_saved,python_startup_no_site,python_startup_no_site,2,2,0.01712488749762997,completed_raw
cpython3147_saved,python_startup_no_site,python_startup_no_site,2,3,0.01556188749964349,completed_raw
cpython3147_saved,python_startup_no_site,python_startup_no_site,2,4,0.015068799999426119,completed_raw
cpython3147_saved,python_startup_no_site,python_startup_no_site,2,5,0.015885649998381268,completed_raw
cpython3147_saved,python_startup_no_site,python_startup_no_site,3,0,0.015140137500566198,completed_raw
cpython3147_saved,python_startup_no_site,python_startup_no_site,3,1,0.015677287501603132,completed_raw
cpython3147_saved,python_startup_no_site,python_startup_no_site,3,2,0.01489648750066408,completed_raw
cpython3147_saved,python_startup_no_site,python_startup_no_site,3,3,0.01470288749987958,completed_raw
cpython3147_saved,python_startup_no_site,python_startup_no_site,3,4,0.015234087499266025,completed_raw
cpython3147_saved,python_startup_no_site,python_startup_no_site,3,5,0.01548594999985653,completed_raw
cpython3147_saved,python_startup_no_site,python_startup_no_site,4,0,0.015580012499412987,completed_raw
cpython3147_saved,python_startup_no_site,python_startup_no_site,4,1,0.014897674998792354,completed_raw
cpython3147_saved,python_startup_no_site,python_startup_no_site,4,2,0.01514527499966789,completed_raw
cpython3147_saved,python_startup_no_site,python_startup_no_site,4,3,0.015620262500306126,completed_raw
cpython3147_saved,python_startup_no_site,python_startup_no_site,4,4,0.015973574998497497,completed_raw
cpython3147_saved,python_startup_no_site,python_startup_no_site,4,5,0.016629149999062065,completed_raw
cpython3147_saved,python_startup_no_site,python_startup_no_site,5,0,0.015603675001329975,completed_raw
cpython3147_saved,python_startup_no_site,python_startup_no_site,5,1,0.016275025001959875,completed_raw
cpython3147_saved,python_startup_no_site,python_startup_no_site,5,2,0.015021787497971673,completed_raw
cpython3147_saved,python_startup_no_site,python_startup_no_site,5,3,0.015331924998463364,completed_raw
cpython3147_saved,python_startup_no_site,python_startup_no_site,5,4,0.014785275001486298,completed_raw
cpython3147_saved,python_startup_no_site,python_startup_no_site,5,5,0.015848487499170005,completed_raw
cpython3147_saved,python_startup_no_site,python_startup_no_site,6,0,0.015167450001172256,completed_raw
cpython3147_saved,python_startup_no_site,python_startup_no_site,6,1,0.015887099998508347,completed_raw
cpython3147_saved,python_startup_no_site,python_startup_no_site,6,2,0.01567477500066161,completed_raw
cpython3147_saved,python_startup_no_site,python_startup_no_site,6,3,0.01763310000023921,completed_raw
cpython3147_saved,python_startup_no_site,python_startup_no_site,6,4,0.015212424998026108,completed_raw
cpython3147_saved,python_startup_no_site,python_startup_no_site,6,5,0.015423612498125294,completed_raw
cpython3147_saved,python_startup_no_site,python_startup_no_site,7,0,0.014910037501977058,completed_raw
cpython3147_saved,python_startup_no_site,python_startup_no_site,7,1,0.01511313749870169,completed_raw
cpython3147_saved,python_startup_no_site,python_startup_no_site,7,2,0.014885237498674542,completed_raw
cpython3147_saved,python_startup_no_site,python_startup_no_site,7,3,0.015127624999877298,completed_raw
cpython3147_saved,python_startup_no_site,python_startup_no_site,7,4,0.015247337501932634,completed_raw
cpython3147_saved,python_startup_no_site,python_startup_no_site,7,5,0.018003799999860348,completed_raw
cpython3147_saved,python_startup_no_site,python_startup_no_site,8,0,0.016600062499492196,completed_raw
cpython3147_saved,python_startup_no_site,python_startup_no_site,8,1,0.018303374999959487,completed_raw
cpython3147_saved,python_startup_no_site,python_startup_no_site,8,2,0.016881075000128476,completed_raw
cpython3147_saved,python_startup_no_site,python_startup_no_site,8,3,0.01702413750172127,completed_raw
cpython3147_saved,python_startup_no_site,python_startup_no_site,8,4,0.017382162499416154,completed_raw
cpython3147_saved,python_startup_no_site,python_startup_no_site,8,5,0.01910887499980163,completed_raw
cpython3147_saved,python_startup_no_site,python_startup_no_site,9,0,0.01552622500094003,completed_raw
cpython3147_saved,python_startup_no_site,python_startup_no_site,9,1,0.015609487501933472,completed_raw
cpython3147_saved,python_startup_no_site,python_startup_no_site,9,2,0.01537226250002277,completed_raw
cpython3147_saved,python_startup_no_site,python_startup_no_site,9,3,0.014805875001911772,completed_raw
cpython3147_saved,python_startup_no_site,python_startup_no_site,9,4,0.015217287498671794,completed_raw
cpython3147_saved,python_startup_no_site,python_startup_no_site,9,5,0.01515944999846397,completed_raw
cpython3147_saved,python_startup_no_site,python_startup_no_site,10,0,0.015264724999724422,completed_raw
cpython3147_saved,python_startup_no_site,python_startup_no_site,10,1,0.014899124998919433,completed_raw
cpython3147_saved,python_startup_no_site,python_startup_no_site,10,2,0.014995037501648767,completed_raw
cpython3147_saved,python_startup_no_site,python_startup_no_site,10,3,0.01538048749716836,completed_raw
cpython3147_saved,python_startup_no_site,python_startup_no_site,10,4,0.0152832749990921,completed_raw
cpython3147_saved,python_startup_no_site,python_startup_no_site,10,5,0.01570585000081337,completed_raw
cpython3147_saved,raytrace,raytrace,1,0,0.22575330000836402,completed_raw
cpython3147_saved,raytrace,raytrace,1,1,0.2276756000064779,completed_raw
cpython3147_saved,raytrace,raytrace,2,0,0.2263774999883026,completed_raw
cpython3147_saved,raytrace,raytrace,2,1,0.22969739997643046,completed_raw
cpython3147_saved,raytrace,raytrace,3,0,0.2276551999966614,completed_raw
cpython3147_saved,raytrace,raytrace,3,1,0.22750940002151765,completed_raw
cpython3147_saved,raytrace,raytrace,4,0,0.22655679998570122,completed_raw
cpython3147_saved,raytrace,raytrace,4,1,0.22959390000323765,completed_raw
cpython3147_saved,raytrace,raytrace,5,0,0.22860790000413544,completed_raw
cpython3147_saved,raytrace,raytrace,5,1,0.22689360001822934,completed_raw
cpython3147_saved,raytrace,raytrace,6,0,0.2222512999724131,completed_raw
cpython3147_saved,raytrace,raytrace,6,1,0.22739349998300895,completed_raw
cpython3147_saved,raytrace,raytrace,7,0,0.22789889998966828,completed_raw
cpython3147_saved,raytrace,raytrace,7,1,0.22694459999911487,completed_raw
cpython3147_saved,raytrace,raytrace,8,0,0.22884720002184622,completed_raw
cpython3147_saved,raytrace,raytrace,8,1,0.22989799999049865,completed_raw
cpython3147_saved,raytrace,raytrace,9,0,0.2268499000056181,completed_raw
cpython3147_saved,raytrace,raytrace,9,1,0.22991110000293702,completed_raw
cpython3147_saved,raytrace,raytrace,10,0,0.22232800000347197,completed_raw
cpython3147_saved,raytrace,raytrace,10,1,0.22713770001428202,completed_raw
cpython3147_saved,regex_compile,regex_compile,1,0,0.09875189999002032,completed_raw
cpython3147_saved,regex_compile,regex_compile,1,1,0.09963850000349339,completed_raw
cpython3147_saved,regex_compile,regex_compile,2,0,0.09953709998808336,completed_raw
cpython3147_saved,regex_compile,regex_compile,2,1,0.09936034999554977,completed_raw
cpython3147_saved,regex_compile,regex_compile,3,0,0.09728375000122469,completed_raw
cpython3147_saved,regex_compile,regex_compile,3,1,0.1054322999989381,completed_raw
cpython3147_saved,regex_compile,regex_compile,4,0,0.09630180000385735,completed_raw
cpython3147_saved,regex_compile,regex_compile,4,1,0.09795910000684671,completed_raw
cpython3147_saved,regex_compile,regex_compile,5,0,0.09583765000570565,completed_raw
cpython3147_saved,regex_compile,regex_compile,5,1,0.09709745000873227,completed_raw
cpython3147_saved,regex_compile,regex_compile,6,0,0.09716854999714997,completed_raw
cpython3147_saved,regex_compile,regex_compile,6,1,0.09834450000198558,completed_raw
cpython3147_saved,regex_compile,regex_compile,7,0,0.09838720000698231,completed_raw
cpython3147_saved,regex_compile,regex_compile,7,1,0.09656824999547098,completed_raw
cpython3147_saved,regex_compile,regex_compile,8,0,0.09578709999914281,completed_raw
cpython3147_saved,regex_compile,regex_compile,8,1,0.09727149999525864,completed_raw
cpython3147_saved,regex_compile,regex_compile,9,0,0.09875190000457224,completed_raw
cpython3147_saved,regex_compile,regex_compile,9,1,0.09884779999265447,completed_raw
cpython3147_saved,regex_compile,regex_compile,10,0,0.09655740000016522,completed_raw
cpython3147_saved,regex_compile,regex_compile,10,1,0.09650349999719765,completed_raw
cpython3147_saved,regex_dna,regex_dna,1,0,0.13666610000655055,completed_raw
cpython3147_saved,regex_dna,regex_dna,1,1,0.1383551999751944,completed_raw
cpython3147_saved,regex_dna,regex_dna,2,0,0.1357576999871526,completed_raw
cpython3147_saved,regex_dna,regex_dna,2,1,0.13528660000883974,completed_raw
cpython3147_saved,regex_dna,regex_dna,3,0,0.14132819999940693,completed_raw
cpython3147_saved,regex_dna,regex_dna,3,1,0.1399344999808818,completed_raw
cpython3147_saved,regex_dna,regex_dna,4,0,0.13727440001093782,completed_raw
cpython3147_saved,regex_dna,regex_dna,4,1,0.1391654000035487,completed_raw
cpython3147_saved,regex_dna,regex_dna,5,0,0.13855070000863634,completed_raw
cpython3147_saved,regex_dna,regex_dna,5,1,0.13845820000278763,completed_raw
cpython3147_saved,regex_dna,regex_dna,6,0,0.13868340000044554,completed_raw
cpython3147_saved,regex_dna,regex_dna,6,1,0.13747149999835528,completed_raw
cpython3147_saved,regex_dna,regex_dna,7,0,0.13643660000525415,completed_raw
cpython3147_saved,regex_dna,regex_dna,7,1,0.13519699999596924,completed_raw
cpython3147_saved,regex_dna,regex_dna,8,0,0.13648320001084358,completed_raw
cpython3147_saved,regex_dna,regex_dna,8,1,0.13898130002780817,completed_raw
cpython3147_saved,regex_dna,regex_dna,9,0,0.1354122000047937,completed_raw
cpython3147_saved,regex_dna,regex_dna,9,1,0.13611990000936203,completed_raw
cpython3147_saved,regex_dna,regex_dna,10,0,0.1358098000055179,completed_raw
cpython3147_saved,regex_dna,regex_dna,10,1,0.13696179998805746,completed_raw
cpython3147_saved,regex_effbot,regex_effbot,1,0,0.0018808112501574215,completed_raw
cpython3147_saved,regex_effbot,regex_effbot,1,1,0.0018494112497137393,completed_raw
cpython3147_saved,regex_effbot,regex_effbot,2,0,0.001871281249987078,completed_raw
cpython3147_saved,regex_effbot,regex_effbot,2,1,0.001864357500016922,completed_raw
cpython3147_saved,regex_effbot,regex_effbot,3,0,0.0018749237500742312,completed_raw
cpython3147_saved,regex_effbot,regex_effbot,3,1,0.0018656750002264745,completed_raw
cpython3147_saved,regex_effbot,regex_effbot,4,0,0.0018665937499463326,completed_raw
cpython3147_saved,regex_effbot,regex_effbot,4,1,0.0018534200000431156,completed_raw
cpython3147_saved,regex_effbot,regex_effbot,5,0,0.0018752237501757918,completed_raw
cpython3147_saved,regex_effbot,regex_effbot,5,1,0.001850032499714871,completed_raw
cpython3147_saved,regex_effbot,regex_effbot,6,0,0.0018347149998589884,completed_raw
cpython3147_saved,regex_effbot,regex_effbot,6,1,0.0018452837499353335,completed_raw
cpython3147_saved,regex_effbot,regex_effbot,7,0,0.0018703775000176392,completed_raw
cpython3147_saved,regex_effbot,regex_effbot,7,1,0.0018578499999421182,completed_raw
cpython3147_saved,regex_effbot,regex_effbot,8,0,0.0018585012501716846,completed_raw
cpython3147_saved,regex_effbot,regex_effbot,8,1,0.0018490275000658586,completed_raw
cpython3147_saved,regex_effbot,regex_effbot,9,0,0.0018449562499881721,completed_raw
cpython3147_saved,regex_effbot,regex_effbot,9,1,0.001880023749981774,completed_raw
cpython3147_saved,regex_effbot,regex_effbot,10,0,0.0018597262500406942,completed_raw
cpython3147_saved,regex_effbot,regex_effbot,10,1,0.0018501887501770399,completed_raw
cpython3147_saved,regex_v8,regex_v8,1,0,0.015965487498760922,completed_raw
cpython3147_saved,regex_v8,regex_v8,1,1,0.016206774998863693,completed_raw
cpython3147_saved,regex_v8,regex_v8,2,0,0.01604818750274717,completed_raw
cpython3147_saved,regex_v8,regex_v8,2,1,0.016236949999438366,completed_raw
cpython3147_saved,regex_v8,regex_v8,3,0,0.015577387501252815,completed_raw
cpython3147_saved,regex_v8,regex_v8,3,1,0.01546434999909252,completed_raw
cpython3147_saved,regex_v8,regex_v8,4,0,0.01555562499925145,completed_raw
cpython3147_saved,regex_v8,regex_v8,4,1,0.015440650000527967,completed_raw
cpython3147_saved,regex_v8,regex_v8,5,0,0.015641712499927962,completed_raw
cpython3147_saved,regex_v8,regex_v8,5,1,0.015410862499265932,completed_raw
cpython3147_saved,regex_v8,regex_v8,6,0,0.015554962501482805,completed_raw
cpython3147_saved,regex_v8,regex_v8,6,1,0.015670925000449643,completed_raw
cpython3147_saved,regex_v8,regex_v8,7,0,0.0156083125002624,completed_raw
cpython3147_saved,regex_v8,regex_v8,7,1,0.01589047500237939,completed_raw
cpython3147_saved,regex_v8,regex_v8,8,0,0.01565221249984461,completed_raw
cpython3147_saved,regex_v8,regex_v8,8,1,0.01570177499888814,completed_raw
cpython3147_saved,regex_v8,regex_v8,9,0,0.015425500001583714,completed_raw
cpython3147_saved,regex_v8,regex_v8,9,1,0.01538227499986533,completed_raw
cpython3147_saved,regex_v8,regex_v8,10,0,0.015733050000562798,completed_raw
cpython3147_saved,regex_v8,regex_v8,10,1,0.01617709999845829,completed_raw
cpython3147_saved,richards,richards,1,0,0.03427350000129081,completed_raw
cpython3147_saved,richards,richards,1,1,0.03445717500289902,completed_raw
cpython3147_saved,richards,richards,2,0,0.034319325000979006,completed_raw
cpython3147_saved,richards,richards,2,1,0.034224600000015926,completed_raw
cpython3147_saved,richards,richards,3,0,0.0330814749977435,completed_raw
cpython3147_saved,richards,richards,3,1,0.033308224999927916,completed_raw
cpython3147_saved,richards,richards,4,0,0.033946174997254275,completed_raw
cpython3147_saved,richards,richards,4,1,0.03378477500518784,completed_raw
cpython3147_saved,richards,richards,5,0,0.034351649999734946,completed_raw
cpython3147_saved,richards,richards,5,1,0.034323175001190975,completed_raw
cpython3147_saved,richards,richards,6,0,0.034692950001044665,completed_raw
cpython3147_saved,richards,richards,6,1,0.03462959999887971,completed_raw
cpython3147_saved,richards,richards,7,0,0.034128750005038455,completed_raw
cpython3147_saved,richards,richards,7,1,0.03430059999664081,completed_raw
cpython3147_saved,richards,richards,8,0,0.033804325001256075,completed_raw
cpython3147_saved,richards,richards,8,1,0.034541599998192396,completed_raw
cpython3147_saved,richards,richards,9,0,0.03420997500506928,completed_raw
cpython3147_saved,richards,richards,9,1,0.03426404999481747,completed_raw
cpython3147_saved,richards,richards,10,0,0.03395279999676859,completed_raw
cpython3147_saved,richards,richards,10,1,0.03419289999874309,completed_raw
cpython3147_saved,richards_super,richards_super,1,0,0.03816407499834895,completed_raw
cpython3147_saved,richards_super,richards_super,1,1,0.038253099999565165,completed_raw
cpython3147_saved,richards_super,richards_super,2,0,0.038101975005702116,completed_raw
cpython3147_saved,richards_super,richards_super,2,1,0.03835840000101598,completed_raw
cpython3147_saved,richards_super,richards_super,3,0,0.03845592500147177,completed_raw
cpython3147_saved,richards_super,richards_super,3,1,0.03799752500344766,completed_raw
cpython3147_saved,richards_super,richards_super,4,0,0.038550474993826356,completed_raw
cpython3147_saved,richards_super,richards_super,4,1,0.038988275002338924,completed_raw
cpython3147_saved,richards_super,richards_super,5,0,0.038631650000752416,completed_raw
cpython3147_saved,richards_super,richards_super,5,1,0.038881349995790515,completed_raw
cpython3147_saved,richards_super,richards_super,6,0,0.03798357499908889,completed_raw
cpython3147_saved,richards_super,richards_super,6,1,0.03895209999609506,completed_raw
cpython3147_saved,richards_super,richards_super,7,0,0.038723425001080614,completed_raw
cpython3147_saved,richards_super,richards_super,7,1,0.03849877500033472,completed_raw
cpython3147_saved,richards_super,richards_super,8,0,0.0382850000023609,completed_raw
cpython3147_saved,richards_super,richards_super,8,1,0.03734429999894928,completed_raw
cpython3147_saved,richards_super,richards_super,9,0,0.03855189999740105,completed_raw
cpython3147_saved,richards_super,richards_super,9,1,0.03863640000054147,completed_raw
cpython3147_saved,richards_super,richards_super,10,0,0.0387172249975265,completed_raw
cpython3147_saved,richards_super,richards_super,10,1,0.038212949999433476,completed_raw
cpython3147_saved,scimark,scimark_fft,1,0,0.22981669998262078,completed_raw
cpython3147_saved,scimark,scimark_fft,1,1,0.22486479999497533,completed_raw
cpython3147_saved,scimark,scimark_fft,2,0,0.22058100000140257,completed_raw
cpython3147_saved,scimark,scimark_fft,2,1,0.221974100015359,completed_raw
cpython3147_saved,scimark,scimark_fft,3,0,0.22168270000838675,completed_raw
cpython3147_saved,scimark,scimark_fft,3,1,0.2270822999998927,completed_raw
cpython3147_saved,scimark,scimark_fft,4,0,0.2233321999956388,completed_raw
cpython3147_saved,scimark,scimark_fft,4,1,0.22862790001090616,completed_raw
cpython3147_saved,scimark,scimark_fft,5,0,0.22672109998529777,completed_raw
cpython3147_saved,scimark,scimark_fft,5,1,0.2297738999768626,completed_raw
cpython3147_saved,scimark,scimark_fft,6,0,0.22630010001012124,completed_raw
cpython3147_saved,scimark,scimark_fft,6,1,0.2278134000080172,completed_raw
cpython3147_saved,scimark,scimark_fft,7,0,0.2294292000005953,completed_raw
cpython3147_saved,scimark,scimark_fft,7,1,0.22765340001205914,completed_raw
cpython3147_saved,scimark,scimark_fft,8,0,0.2315113999939058,completed_raw
cpython3147_saved,scimark,scimark_fft,8,1,0.22873810000601225,completed_raw
cpython3147_saved,scimark,scimark_fft,9,0,0.22631550001096912,completed_raw
cpython3147_saved,scimark,scimark_fft,9,1,0.23071010000421666,completed_raw
cpython3147_saved,scimark,scimark_fft,10,0,0.23386179999215528,completed_raw
cpython3147_saved,scimark,scimark_fft,10,1,0.2306619999872055,completed_raw
cpython3147_saved,scimark,scimark_lu,1,0,0.07685915000911336,completed_raw
cpython3147_saved,scimark,scimark_lu,1,1,0.07484250000561588,completed_raw
cpython3147_saved,scimark,scimark_lu,2,0,0.07309649999660905,completed_raw
cpython3147_saved,scimark,scimark_lu,2,1,0.07454744999995455,completed_raw
cpython3147_saved,scimark,scimark_lu,3,0,0.07261429999198299,completed_raw
cpython3147_saved,scimark,scimark_lu,3,1,0.07409305000328459,completed_raw
cpython3147_saved,scimark,scimark_lu,4,0,0.073657999993884,completed_raw
cpython3147_saved,scimark,scimark_lu,4,1,0.07420955000270624,completed_raw
cpython3147_saved,scimark,scimark_lu,5,0,0.07558879999851342,completed_raw
cpython3147_saved,scimark,scimark_lu,5,1,0.07691435000742786,completed_raw
cpython3147_saved,scimark,scimark_lu,6,0,0.07664450000447687,completed_raw
cpython3147_saved,scimark,scimark_lu,6,1,0.0750065500033088,completed_raw
cpython3147_saved,scimark,scimark_lu,7,0,0.0767442999931518,completed_raw
cpython3147_saved,scimark,scimark_lu,7,1,0.07609210000373423,completed_raw
cpython3147_saved,scimark,scimark_lu,8,0,0.07535465000546537,completed_raw
cpython3147_saved,scimark,scimark_lu,8,1,0.07622180000180379,completed_raw
cpython3147_saved,scimark,scimark_lu,9,0,0.07484234998992179,completed_raw
cpython3147_saved,scimark,scimark_lu,9,1,0.07598744999268092,completed_raw
cpython3147_saved,scimark,scimark_lu,10,0,0.07604144999640994,completed_raw
cpython3147_saved,scimark,scimark_lu,10,1,0.07651245000306517,completed_raw
cpython3147_saved,scimark,scimark_monte_carlo,1,0,0.052511100002448075,completed_raw
cpython3147_saved,scimark,scimark_monte_carlo,1,1,0.05312354999477975,completed_raw
cpython3147_saved,scimark,scimark_monte_carlo,2,0,0.05352639999182429,completed_raw
cpython3147_saved,scimark,scimark_monte_carlo,2,1,0.05342560001008678,completed_raw
cpython3147_saved,scimark,scimark_monte_carlo,3,0,0.0522023499943316,completed_raw
cpython3147_saved,scimark,scimark_monte_carlo,3,1,0.05291505000786856,completed_raw
cpython3147_saved,scimark,scimark_monte_carlo,4,0,0.05296880000969395,completed_raw
cpython3147_saved,scimark,scimark_monte_carlo,4,1,0.052905699994880706,completed_raw
cpython3147_saved,scimark,scimark_monte_carlo,5,0,0.05213759999605827,completed_raw
cpython3147_saved,scimark,scimark_monte_carlo,5,1,0.052752700008568354,completed_raw
cpython3147_saved,scimark,scimark_monte_carlo,6,0,0.052569350009434856,completed_raw
cpython3147_saved,scimark,scimark_monte_carlo,6,1,0.05218610000156332,completed_raw
cpython3147_saved,scimark,scimark_monte_carlo,7,0,0.05337254999903962,completed_raw
cpython3147_saved,scimark,scimark_monte_carlo,7,1,0.05243835000146646,completed_raw
cpython3147_saved,scimark,scimark_monte_carlo,8,0,0.053982950004865415,completed_raw
cpython3147_saved,scimark,scimark_monte_carlo,8,1,0.05277735000709072,completed_raw
cpython3147_saved,scimark,scimark_monte_carlo,9,0,0.05209774999821093,completed_raw
cpython3147_saved,scimark,scimark_monte_carlo,9,1,0.053336500001023524,completed_raw
cpython3147_saved,scimark,scimark_monte_carlo,10,0,0.05263795000792015,completed_raw
cpython3147_saved,scimark,scimark_monte_carlo,10,1,0.05279240000527352,completed_raw
cpython3147_saved,scimark,scimark_sor,1,0,0.09925295000721235,completed_raw
cpython3147_saved,scimark,scimark_sor,1,1,0.09847285000432748,completed_raw
cpython3147_saved,scimark,scimark_sor,2,0,0.09819084999617189,completed_raw
cpython3147_saved,scimark,scimark_sor,2,1,0.09762980000232346,completed_raw
cpython3147_saved,scimark,scimark_sor,3,0,0.09849599999142811,completed_raw
cpython3147_saved,scimark,scimark_sor,3,1,0.09803735000605229,completed_raw
cpython3147_saved,scimark,scimark_sor,4,0,0.09817754999676254,completed_raw
cpython3147_saved,scimark,scimark_sor,4,1,0.09657085000071675,completed_raw
cpython3147_saved,scimark,scimark_sor,5,0,0.09814119999646209,completed_raw
cpython3147_saved,scimark,scimark_sor,5,1,0.09790600000997074,completed_raw
cpython3147_saved,scimark,scimark_sor,6,0,0.09763495001243427,completed_raw
cpython3147_saved,scimark,scimark_sor,6,1,0.09784095000941306,completed_raw
cpython3147_saved,scimark,scimark_sor,7,0,0.09851044999959413,completed_raw
cpython3147_saved,scimark,scimark_sor,7,1,0.09799130000465084,completed_raw
cpython3147_saved,scimark,scimark_sor,8,0,0.09730525000486523,completed_raw
cpython3147_saved,scimark,scimark_sor,8,1,0.09547770000062883,completed_raw
cpython3147_saved,scimark,scimark_sor,9,0,0.09599450000678189,completed_raw
cpython3147_saved,scimark,scimark_sor,9,1,0.0963599999959115,completed_raw
cpython3147_saved,scimark,scimark_sor,10,0,0.09646319999592379,completed_raw
cpython3147_saved,scimark,scimark_sor,10,1,0.09612899999774527,completed_raw
cpython3147_saved,scimark,scimark_sparse_mat_mult,1,0,0.0031177500000012515,completed_raw
cpython3147_saved,scimark,scimark_sparse_mat_mult,1,1,0.0031108031248550105,completed_raw
cpython3147_saved,scimark,scimark_sparse_mat_mult,2,0,0.003097020312452514,completed_raw
cpython3147_saved,scimark,scimark_sparse_mat_mult,2,1,0.003134645312456996,completed_raw
cpython3147_saved,scimark,scimark_sparse_mat_mult,3,0,0.0031389953123834857,completed_raw
cpython3147_saved,scimark,scimark_sparse_mat_mult,3,1,0.0030649812497358653,completed_raw
cpython3147_saved,scimark,scimark_sparse_mat_mult,4,0,0.0030405218749365304,completed_raw
cpython3147_saved,scimark,scimark_sparse_mat_mult,4,1,0.0030011859375917993,completed_raw
cpython3147_saved,scimark,scimark_sparse_mat_mult,5,0,0.003604190624628245,completed_raw
cpython3147_saved,scimark,scimark_sparse_mat_mult,5,1,0.0033753359375623404,completed_raw
cpython3147_saved,scimark,scimark_sparse_mat_mult,6,0,0.0031729625002299144,completed_raw
cpython3147_saved,scimark,scimark_sparse_mat_mult,6,1,0.003219289062599273,completed_raw
cpython3147_saved,scimark,scimark_sparse_mat_mult,7,0,0.0029905203127782443,completed_raw
cpython3147_saved,scimark,scimark_sparse_mat_mult,7,1,0.003034085937542841,completed_raw
cpython3147_saved,scimark,scimark_sparse_mat_mult,8,0,0.003170546875026048,completed_raw
cpython3147_saved,scimark,scimark_sparse_mat_mult,8,1,0.0031046421877363173,completed_raw
cpython3147_saved,scimark,scimark_sparse_mat_mult,9,0,0.0031623328122805106,completed_raw
cpython3147_saved,scimark,scimark_sparse_mat_mult,9,1,0.003059443749862112,completed_raw
cpython3147_saved,scimark,scimark_sparse_mat_mult,10,0,0.003100482812442351,completed_raw
cpython3147_saved,scimark,scimark_sparse_mat_mult,10,1,0.003178242187914293,completed_raw
cpython3147_saved,spectral_norm,spectral_norm,1,0,0.07627799999318086,completed_raw
cpython3147_saved,spectral_norm,spectral_norm,1,1,0.07623740000417456,completed_raw
cpython3147_saved,spectral_norm,spectral_norm,2,0,0.07488825000473298,completed_raw
cpython3147_saved,spectral_norm,spectral_norm,2,1,0.07608810000238009,completed_raw
cpython3147_saved,spectral_norm,spectral_norm,3,0,0.07731609999609645,completed_raw
cpython3147_saved,spectral_norm,spectral_norm,3,1,0.07624729999224655,completed_raw
cpython3147_saved,spectral_norm,spectral_norm,4,0,0.07419675000710413,completed_raw
cpython3147_saved,spectral_norm,spectral_norm,4,1,0.07511299999896437,completed_raw
cpython3147_saved,spectral_norm,spectral_norm,5,0,0.07558694999897853,completed_raw
cpython3147_saved,spectral_norm,spectral_norm,5,1,0.07494320000114385,completed_raw
cpython3147_saved,spectral_norm,spectral_norm,6,0,0.07507160000386648,completed_raw
cpython3147_saved,spectral_norm,spectral_norm,6,1,0.07556839998869691,completed_raw
cpython3147_saved,spectral_norm,spectral_norm,7,0,0.07586650000303052,completed_raw
cpython3147_saved,spectral_norm,spectral_norm,7,1,0.0770755499979714,completed_raw
cpython3147_saved,spectral_norm,spectral_norm,8,0,0.07602784999471623,completed_raw
cpython3147_saved,spectral_norm,spectral_norm,8,1,0.07647835000534542,completed_raw
cpython3147_saved,spectral_norm,spectral_norm,9,0,0.07649579999269918,completed_raw
cpython3147_saved,spectral_norm,spectral_norm,9,1,0.0752063500112854,completed_raw
cpython3147_saved,spectral_norm,spectral_norm,10,0,0.0752329500101041,completed_raw
cpython3147_saved,spectral_norm,spectral_norm,10,1,0.07593520000227727,completed_raw
cpython3147_saved,sphinx,sphinx,1,0,0.7795437999884598,completed_raw
cpython3147_saved,sphinx,sphinx,1,1,0.7126252000161912,completed_raw
cpython3147_saved,sphinx,sphinx,2,0,0.7690042000031099,completed_raw
cpython3147_saved,sphinx,sphinx,2,1,0.7128954000072554,completed_raw
cpython3147_saved,sphinx,sphinx,3,0,0.7700363000039943,completed_raw
cpython3147_saved,sphinx,sphinx,3,1,0.7051438000053167,completed_raw
cpython3147_saved,sphinx,sphinx,4,0,0.7679667999909725,completed_raw
cpython3147_saved,sphinx,sphinx,4,1,0.7096561999933328,completed_raw
cpython3147_saved,sphinx,sphinx,5,0,0.7768544999998994,completed_raw
cpython3147_saved,sphinx,sphinx,5,1,0.718164899997646,completed_raw
cpython3147_saved,sphinx,sphinx,6,0,0.7796250999963377,completed_raw
cpython3147_saved,sphinx,sphinx,6,1,0.7264884000178427,completed_raw
cpython3147_saved,sphinx,sphinx,7,0,0.7724664999986999,completed_raw
cpython3147_saved,sphinx,sphinx,7,1,0.7100856000033673,completed_raw
cpython3147_saved,sphinx,sphinx,8,0,0.7704133999941405,completed_raw
cpython3147_saved,sphinx,sphinx,8,1,0.7110010999895167,completed_raw
cpython3147_saved,sphinx,sphinx,9,0,0.7681774999946356,completed_raw
cpython3147_saved,sphinx,sphinx,9,1,0.7158027999976184,completed_raw
cpython3147_saved,sphinx,sphinx,10,0,0.7649467999872286,completed_raw
cpython3147_saved,sphinx,sphinx,10,1,0.7072435999871232,completed_raw
cpython3147_saved,sqlalchemy_declarative,sqlalchemy_declarative,1,0,0.0873015000106534,completed_raw
cpython3147_saved,sqlalchemy_declarative,sqlalchemy_declarative,1,1,0.08875070000067353,completed_raw
cpython3147_saved,sqlalchemy_declarative,sqlalchemy_declarative,2,0,0.09026110000559129,completed_raw
cpython3147_saved,sqlalchemy_declarative,sqlalchemy_declarative,2,1,0.08838534999813419,completed_raw
cpython3147_saved,sqlalchemy_declarative,sqlalchemy_declarative,3,0,0.08778055000584573,completed_raw
cpython3147_saved,sqlalchemy_declarative,sqlalchemy_declarative,3,1,0.08806540000659879,completed_raw
cpython3147_saved,sqlalchemy_declarative,sqlalchemy_declarative,4,0,0.08787334999942686,completed_raw
cpython3147_saved,sqlalchemy_declarative,sqlalchemy_declarative,4,1,0.08749820000957698,completed_raw
cpython3147_saved,sqlalchemy_declarative,sqlalchemy_declarative,5,0,0.09357224999985192,completed_raw
cpython3147_saved,sqlalchemy_declarative,sqlalchemy_declarative,5,1,0.09277850000944454,completed_raw
cpython3147_saved,sqlalchemy_declarative,sqlalchemy_declarative,6,0,0.08895064999524038,completed_raw
cpython3147_saved,sqlalchemy_declarative,sqlalchemy_declarative,6,1,0.08861655001237523,completed_raw
cpython3147_saved,sqlalchemy_declarative,sqlalchemy_declarative,7,0,0.08924435000517406,completed_raw
cpython3147_saved,sqlalchemy_declarative,sqlalchemy_declarative,7,1,0.08992544998181984,completed_raw
cpython3147_saved,sqlalchemy_declarative,sqlalchemy_declarative,8,0,0.08836615001200698,completed_raw
cpython3147_saved,sqlalchemy_declarative,sqlalchemy_declarative,8,1,0.08889970001473557,completed_raw
cpython3147_saved,sqlalchemy_declarative,sqlalchemy_declarative,9,0,0.08947345000342466,completed_raw
cpython3147_saved,sqlalchemy_declarative,sqlalchemy_declarative,9,1,0.09011000000464264,completed_raw
cpython3147_saved,sqlalchemy_declarative,sqlalchemy_declarative,10,0,0.09019525001349393,completed_raw
cpython3147_saved,sqlalchemy_declarative,sqlalchemy_declarative,10,1,0.08862439999938942,completed_raw
cpython3147_saved,sqlalchemy_imperative,sqlalchemy_imperative,1,0,0.011082687500675092,completed_raw
cpython3147_saved,sqlalchemy_imperative,sqlalchemy_imperative,1,1,0.011102181248134002,completed_raw
cpython3147_saved,sqlalchemy_imperative,sqlalchemy_imperative,2,0,0.011362400000507478,completed_raw
cpython3147_saved,sqlalchemy_imperative,sqlalchemy_imperative,2,1,0.011255549999987124,completed_raw
cpython3147_saved,sqlalchemy_imperative,sqlalchemy_imperative,3,0,0.011973175000093761,completed_raw
cpython3147_saved,sqlalchemy_imperative,sqlalchemy_imperative,3,1,0.011128856252980768,completed_raw
cpython3147_saved,sqlalchemy_imperative,sqlalchemy_imperative,4,0,0.01107870625128271,completed_raw
cpython3147_saved,sqlalchemy_imperative,sqlalchemy_imperative,4,1,0.01139507500192849,completed_raw
cpython3147_saved,sqlalchemy_imperative,sqlalchemy_imperative,5,0,0.01163582499975746,completed_raw
cpython3147_saved,sqlalchemy_imperative,sqlalchemy_imperative,5,1,0.011767650001274887,completed_raw
cpython3147_saved,sqlalchemy_imperative,sqlalchemy_imperative,6,0,0.010876681250010733,completed_raw
cpython3147_saved,sqlalchemy_imperative,sqlalchemy_imperative,6,1,0.010956168749544304,completed_raw
cpython3147_saved,sqlalchemy_imperative,sqlalchemy_imperative,7,0,0.011372425000445219,completed_raw
cpython3147_saved,sqlalchemy_imperative,sqlalchemy_imperative,7,1,0.010839375003342866,completed_raw
cpython3147_saved,sqlalchemy_imperative,sqlalchemy_imperative,8,0,0.010982331245031673,completed_raw
cpython3147_saved,sqlalchemy_imperative,sqlalchemy_imperative,8,1,0.01122767500419286,completed_raw
cpython3147_saved,sqlalchemy_imperative,sqlalchemy_imperative,9,0,0.011238824999963981,completed_raw
cpython3147_saved,sqlalchemy_imperative,sqlalchemy_imperative,9,1,0.011138231249788078,completed_raw
cpython3147_saved,sqlalchemy_imperative,sqlalchemy_imperative,10,0,0.011113918755654595,completed_raw
cpython3147_saved,sqlalchemy_imperative,sqlalchemy_imperative,10,1,0.011206418752408354,completed_raw
cpython3147_saved,sqlglot_v2,sqlglot_v2_normalize,1,0,0.08782780000183266,completed_raw
cpython3147_saved,sqlglot_v2,sqlglot_v2_normalize,1,1,0.08797174999199342,completed_raw
cpython3147_saved,sqlglot_v2,sqlglot_v2_normalize,2,0,0.08858640000107698,completed_raw
cpython3147_saved,sqlglot_v2,sqlglot_v2_normalize,2,1,0.08665794999978971,completed_raw
cpython3147_saved,sqlglot_v2,sqlglot_v2_normalize,3,0,0.08843119999801274,completed_raw
cpython3147_saved,sqlglot_v2,sqlglot_v2_normalize,3,1,0.08774629999243189,completed_raw
cpython3147_saved,sqlglot_v2,sqlglot_v2_normalize,4,0,0.09074574998521712,completed_raw
cpython3147_saved,sqlglot_v2,sqlglot_v2_normalize,4,1,0.09030999999959022,completed_raw
cpython3147_saved,sqlglot_v2,sqlglot_v2_normalize,5,0,0.08903015000396408,completed_raw
cpython3147_saved,sqlglot_v2,sqlglot_v2_normalize,5,1,0.10391750000417233,completed_raw
cpython3147_saved,sqlglot_v2,sqlglot_v2_normalize,6,0,0.08994199997687247,completed_raw
cpython3147_saved,sqlglot_v2,sqlglot_v2_normalize,6,1,0.1132814500015229,completed_raw
cpython3147_saved,sqlglot_v2,sqlglot_v2_normalize,7,0,0.08747859999130014,completed_raw
cpython3147_saved,sqlglot_v2,sqlglot_v2_normalize,7,1,0.0877133500034688,completed_raw
cpython3147_saved,sqlglot_v2,sqlglot_v2_normalize,8,0,0.08702799999446142,completed_raw
cpython3147_saved,sqlglot_v2,sqlglot_v2_normalize,8,1,0.0884065999998711,completed_raw
cpython3147_saved,sqlglot_v2,sqlglot_v2_normalize,9,0,0.08789724999223836,completed_raw
cpython3147_saved,sqlglot_v2,sqlglot_v2_normalize,9,1,0.08904285001335666,completed_raw
cpython3147_saved,sqlglot_v2,sqlglot_v2_normalize,10,0,0.08797629999753553,completed_raw
cpython3147_saved,sqlglot_v2,sqlglot_v2_normalize,10,1,0.08819674998812843,completed_raw
cpython3147_saved,sqlglot_v2_optimize,sqlglot_v2_optimize,1,0,0.04198062499926891,completed_raw
cpython3147_saved,sqlglot_v2_optimize,sqlglot_v2_optimize,1,1,0.04271832500671735,completed_raw
cpython3147_saved,sqlglot_v2_optimize,sqlglot_v2_optimize,2,0,0.041018025010998826,completed_raw
cpython3147_saved,sqlglot_v2_optimize,sqlglot_v2_optimize,2,1,0.04293632500775857,completed_raw
cpython3147_saved,sqlglot_v2_optimize,sqlglot_v2_optimize,3,0,0.04245424999680836,completed_raw
cpython3147_saved,sqlglot_v2_optimize,sqlglot_v2_optimize,3,1,0.04256097500183387,completed_raw
cpython3147_saved,sqlglot_v2_optimize,sqlglot_v2_optimize,4,0,0.04371615000127349,completed_raw
cpython3147_saved,sqlglot_v2_optimize,sqlglot_v2_optimize,4,1,0.042869999997492414,completed_raw
cpython3147_saved,sqlglot_v2_optimize,sqlglot_v2_optimize,5,0,0.04290607500297483,completed_raw
cpython3147_saved,sqlglot_v2_optimize,sqlglot_v2_optimize,5,1,0.04320487499353476,completed_raw
cpython3147_saved,sqlglot_v2_optimize,sqlglot_v2_optimize,6,0,0.04209430000628345,completed_raw
cpython3147_saved,sqlglot_v2_optimize,sqlglot_v2_optimize,6,1,0.042534975000307895,completed_raw
cpython3147_saved,sqlglot_v2_optimize,sqlglot_v2_optimize,7,0,0.04238404999341583,completed_raw
cpython3147_saved,sqlglot_v2_optimize,sqlglot_v2_optimize,7,1,0.04309942499821773,completed_raw
cpython3147_saved,sqlglot_v2_optimize,sqlglot_v2_optimize,8,0,0.042349174997070804,completed_raw
cpython3147_saved,sqlglot_v2_optimize,sqlglot_v2_optimize,8,1,0.041694399995321874,completed_raw
cpython3147_saved,sqlglot_v2_optimize,sqlglot_v2_optimize,9,0,0.04141557500406634,completed_raw
cpython3147_saved,sqlglot_v2_optimize,sqlglot_v2_optimize,9,1,0.042126599997573067,completed_raw
cpython3147_saved,sqlglot_v2_optimize,sqlglot_v2_optimize,10,0,0.042736000003060326,completed_raw
cpython3147_saved,sqlglot_v2_optimize,sqlglot_v2_optimize,10,1,0.04266089999873657,completed_raw
cpython3147_saved,sqlglot_v2_parse,sqlglot_v2_parse,1,0,0.0009840914060532668,completed_raw
cpython3147_saved,sqlglot_v2_parse,sqlglot_v2_parse,1,1,0.0009905929684919101,completed_raw
cpython3147_saved,sqlglot_v2_parse,sqlglot_v2_parse,2,0,0.0009911406243645615,completed_raw
cpython3147_saved,sqlglot_v2_parse,sqlglot_v2_parse,2,1,0.0009875429682324466,completed_raw
cpython3147_saved,sqlglot_v2_parse,sqlglot_v2_parse,3,0,0.0009910421874792519,completed_raw
cpython3147_saved,sqlglot_v2_parse,sqlglot_v2_parse,3,1,0.0009878429696073,completed_raw
cpython3147_saved,sqlglot_v2_parse,sqlglot_v2_parse,4,0,0.0009866804698503984,completed_raw
cpython3147_saved,sqlglot_v2_parse,sqlglot_v2_parse,4,1,0.001004994531513148,completed_raw
cpython3147_saved,sqlglot_v2_parse,sqlglot_v2_parse,5,0,0.0009726718751608132,completed_raw
cpython3147_saved,sqlglot_v2_parse,sqlglot_v2_parse,5,1,0.0009794499994768557,completed_raw
cpython3147_saved,sqlglot_v2_parse,sqlglot_v2_parse,6,0,0.0010022523433690367,completed_raw
cpython3147_saved,sqlglot_v2_parse,sqlglot_v2_parse,6,1,0.0009943273441876954,completed_raw
cpython3147_saved,sqlglot_v2_parse,sqlglot_v2_parse,7,0,0.0009881515618417325,completed_raw
cpython3147_saved,sqlglot_v2_parse,sqlglot_v2_parse,7,1,0.0009842171880336537,completed_raw
cpython3147_saved,sqlglot_v2_parse,sqlglot_v2_parse,8,0,0.0009927046871780476,completed_raw
cpython3147_saved,sqlglot_v2_parse,sqlglot_v2_parse,8,1,0.0009873890619473968,completed_raw
cpython3147_saved,sqlglot_v2_parse,sqlglot_v2_parse,9,0,0.0009911398440181074,completed_raw
cpython3147_saved,sqlglot_v2_parse,sqlglot_v2_parse,9,1,0.001002941407250546,completed_raw
cpython3147_saved,sqlglot_v2_parse,sqlglot_v2_parse,10,0,0.0009909187501762062,completed_raw
cpython3147_saved,sqlglot_v2_parse,sqlglot_v2_parse,10,1,0.0009556726561186224,completed_raw
cpython3147_saved,sqlglot_v2_transpile,sqlglot_v2_transpile,1,0,0.0012235851561399613,completed_raw
cpython3147_saved,sqlglot_v2_transpile,sqlglot_v2_transpile,1,1,0.0012162914065356745,completed_raw
cpython3147_saved,sqlglot_v2_transpile,sqlglot_v2_transpile,2,0,0.0012322312495598453,completed_raw
cpython3147_saved,sqlglot_v2_transpile,sqlglot_v2_transpile,2,1,0.0012332335941209749,completed_raw
cpython3147_saved,sqlglot_v2_transpile,sqlglot_v2_transpile,3,0,0.0012504070311933901,completed_raw
cpython3147_saved,sqlglot_v2_transpile,sqlglot_v2_transpile,3,1,0.001221557031840348,completed_raw
cpython3147_saved,sqlglot_v2_transpile,sqlglot_v2_transpile,4,0,0.0011962070311710704,completed_raw
cpython3147_saved,sqlglot_v2_transpile,sqlglot_v2_transpile,4,1,0.0012093601562810363,completed_raw
cpython3147_saved,sqlglot_v2_transpile,sqlglot_v2_transpile,5,0,0.0012161531246874802,completed_raw
cpython3147_saved,sqlglot_v2_transpile,sqlglot_v2_transpile,5,1,0.0012198617175727122,completed_raw
cpython3147_saved,sqlglot_v2_transpile,sqlglot_v2_transpile,6,0,0.0012302156255827867,completed_raw
cpython3147_saved,sqlglot_v2_transpile,sqlglot_v2_transpile,6,1,0.0012220249993788457,completed_raw
cpython3147_saved,sqlglot_v2_transpile,sqlglot_v2_transpile,7,0,0.0012305929690228368,completed_raw
cpython3147_saved,sqlglot_v2_transpile,sqlglot_v2_transpile,7,1,0.0012350531251286156,completed_raw
cpython3147_saved,sqlglot_v2_transpile,sqlglot_v2_transpile,8,0,0.001230011719144386,completed_raw
cpython3147_saved,sqlglot_v2_transpile,sqlglot_v2_transpile,8,1,0.001234701561543261,completed_raw
cpython3147_saved,sqlglot_v2_transpile,sqlglot_v2_transpile,9,0,0.0012277781252123532,completed_raw
cpython3147_saved,sqlglot_v2_transpile,sqlglot_v2_transpile,9,1,0.001233868750887268,completed_raw
cpython3147_saved,sqlglot_v2_transpile,sqlglot_v2_transpile,10,0,0.001230248436513648,completed_raw
cpython3147_saved,sqlglot_v2_transpile,sqlglot_v2_transpile,10,1,0.001216817968270334,completed_raw
cpython3147_saved,sqlite_synth,sqlite_synth,1,0,1.833352661240184e-06,completed_raw
cpython3147_saved,sqlite_synth,sqlite_synth,1,1,1.8230575560274076e-06,completed_raw
cpython3147_saved,sqlite_synth,sqlite_synth,2,0,1.821472168206384e-06,completed_raw
cpython3147_saved,sqlite_synth,sqlite_synth,2,1,1.8161895751767076e-06,completed_raw
cpython3147_saved,sqlite_synth,sqlite_synth,3,0,1.8349014281326959e-06,completed_raw
cpython3147_saved,sqlite_synth,sqlite_synth,3,1,1.845039367509571e-06,completed_raw
cpython3147_saved,sqlite_synth,sqlite_synth,4,0,1.8254898073166714e-06,completed_raw
cpython3147_saved,sqlite_synth,sqlite_synth,4,1,1.8369064331835716e-06,completed_raw
cpython3147_saved,sqlite_synth,sqlite_synth,5,0,1.8587966921224108e-06,completed_raw
cpython3147_saved,sqlite_synth,sqlite_synth,5,1,1.844335937306596e-06,completed_raw
cpython3147_saved,sqlite_synth,sqlite_synth,6,0,1.8303695679122711e-06,completed_raw
cpython3147_saved,sqlite_synth,sqlite_synth,6,1,1.8415405276250851e-06,completed_raw
cpython3147_saved,sqlite_synth,sqlite_synth,7,0,1.832424926462295e-06,completed_raw
cpython3147_saved,sqlite_synth,sqlite_synth,7,1,1.8379959105807586e-06,completed_raw
cpython3147_saved,sqlite_synth,sqlite_synth,8,0,1.8341125489484966e-06,completed_raw
cpython3147_saved,sqlite_synth,sqlite_synth,8,1,1.8388519285039706e-06,completed_raw
cpython3147_saved,sqlite_synth,sqlite_synth,9,0,1.8128158569830077e-06,completed_raw
cpython3147_saved,sqlite_synth,sqlite_synth,9,1,1.82136840809477e-06,completed_raw
cpython3147_saved,sqlite_synth,sqlite_synth,10,0,1.831021118281484e-06,completed_raw
cpython3147_saved,sqlite_synth,sqlite_synth,10,1,1.8397018433091716e-06,completed_raw
cpython3147_saved,sympy,sympy_expand,1,0,0.3433060999959707,completed_raw
cpython3147_saved,sympy,sympy_expand,1,1,0.3452679000038188,completed_raw
cpython3147_saved,sympy,sympy_expand,2,0,0.35117980002542026,completed_raw
cpython3147_saved,sympy,sympy_expand,2,1,0.3440254000015557,completed_raw
cpython3147_saved,sympy,sympy_expand,3,0,0.3511156000022311,completed_raw
cpython3147_saved,sympy,sympy_expand,3,1,0.3548037000000477,completed_raw
cpython3147_saved,sympy,sympy_expand,4,0,0.35515770001802593,completed_raw
cpython3147_saved,sympy,sympy_expand,4,1,0.35142110000015236,completed_raw
cpython3147_saved,sympy,sympy_expand,5,0,0.3507184999762103,completed_raw
cpython3147_saved,sympy,sympy_expand,5,1,0.3506819999893196,completed_raw
cpython3147_saved,sympy,sympy_expand,6,0,0.34022660000482574,completed_raw
cpython3147_saved,sympy,sympy_expand,6,1,0.34624080001958646,completed_raw
cpython3147_saved,sympy,sympy_expand,7,0,0.3536160000076052,completed_raw
cpython3147_saved,sympy,sympy_expand,7,1,0.349262900010217,completed_raw
cpython3147_saved,sympy,sympy_expand,8,0,0.35166700000991113,completed_raw
cpython3147_saved,sympy,sympy_expand,8,1,0.34826450000400655,completed_raw
cpython3147_saved,sympy,sympy_expand,9,0,0.34800040000118315,completed_raw
cpython3147_saved,sympy,sympy_expand,9,1,0.3483124000194948,completed_raw
cpython3147_saved,sympy,sympy_expand,10,0,0.3513851000170689,completed_raw
cpython3147_saved,sympy,sympy_expand,10,1,0.35002919999533333,completed_raw
cpython3147_saved,sympy,sympy_integrate,1,0,0.014577674995962298,completed_raw
cpython3147_saved,sympy,sympy_integrate,1,1,0.014524512494972441,completed_raw
cpython3147_saved,sympy,sympy_integrate,2,0,0.014666449995274888,completed_raw
cpython3147_saved,sympy,sympy_integrate,2,1,0.014619899997342145,completed_raw
cpython3147_saved,sympy,sympy_integrate,3,0,0.014671312503196532,completed_raw
cpython3147_saved,sympy,sympy_integrate,3,1,0.014449562495428836,completed_raw
cpython3147_saved,sympy,sympy_integrate,4,0,0.01474242499898537,completed_raw
cpython3147_saved,sympy,sympy_integrate,4,1,0.014609375000873115,completed_raw
cpython3147_saved,sympy,sympy_integrate,5,0,0.014513099999021506,completed_raw
cpython3147_saved,sympy,sympy_integrate,5,1,0.014653012502094498,completed_raw
cpython3147_saved,sympy,sympy_integrate,6,0,0.014801337500102818,completed_raw
cpython3147_saved,sympy,sympy_integrate,6,1,0.01457307501550531,completed_raw
cpython3147_saved,sympy,sympy_integrate,7,0,0.0144237374952354,completed_raw
cpython3147_saved,sympy,sympy_integrate,7,1,0.014569174996722722,completed_raw
cpython3147_saved,sympy,sympy_integrate,8,0,0.014549812502082204,completed_raw
cpython3147_saved,sympy,sympy_integrate,8,1,0.01445493749997695,completed_raw
cpython3147_saved,sympy,sympy_integrate,9,0,0.01489597500403761,completed_raw
cpython3147_saved,sympy,sympy_integrate,9,1,0.01516078749409644,completed_raw
cpython3147_saved,sympy,sympy_integrate,10,0,0.01474114999291487,completed_raw
cpython3147_saved,sympy,sympy_integrate,10,1,0.014746137498150347,completed_raw
cpython3147_saved,sympy,sympy_sum,1,0,0.10163119999924675,completed_raw
cpython3147_saved,sympy,sympy_sum,1,1,0.10469050001120195,completed_raw
cpython3147_saved,sympy,sympy_sum,2,0,0.10164129998884164,completed_raw
cpython3147_saved,sympy,sympy_sum,2,1,0.10183659999165684,completed_raw
cpython3147_saved,sympy,sympy_sum,3,0,0.10549150002771057,completed_raw
cpython3147_saved,sympy,sympy_sum,3,1,0.10711410001385957,completed_raw
cpython3147_saved,sympy,sympy_sum,4,0,0.10460849999799393,completed_raw
cpython3147_saved,sympy,sympy_sum,4,1,0.10472390000359155,completed_raw
cpython3147_saved,sympy,sympy_sum,5,0,0.10185889998683706,completed_raw
cpython3147_saved,sympy,sympy_sum,5,1,0.10172350000357255,completed_raw
cpython3147_saved,sympy,sympy_sum,6,0,0.10282500000903383,completed_raw
cpython3147_saved,sympy,sympy_sum,6,1,0.10484139999607578,completed_raw
cpython3147_saved,sympy,sympy_sum,7,0,0.10129910000250675,completed_raw
cpython3147_saved,sympy,sympy_sum,7,1,0.10106279997853562,completed_raw
cpython3147_saved,sympy,sympy_sum,8,0,0.10504729999229312,completed_raw
cpython3147_saved,sympy,sympy_sum,8,1,0.10431759999482892,completed_raw
cpython3147_saved,sympy,sympy_sum,9,0,0.10615410000900738,completed_raw
cpython3147_saved,sympy,sympy_sum,9,1,0.11583759999484755,completed_raw
cpython3147_saved,sympy,sympy_sum,10,0,0.10516340000322089,completed_raw
cpython3147_saved,sympy,sympy_sum,10,1,0.10215839999727905,completed_raw
cpython3147_saved,sympy,sympy_str,1,0,0.20250789998681284,completed_raw
cpython3147_saved,sympy,sympy_str,1,1,0.20203179999953136,completed_raw
cpython3147_saved,sympy,sympy_str,2,0,0.19899219999206252,completed_raw
cpython3147_saved,sympy,sympy_str,2,1,0.20016839998424985,completed_raw
cpython3147_saved,sympy,sympy_str,3,0,0.20376500001293607,completed_raw
cpython3147_saved,sympy,sympy_str,3,1,0.20597229999839328,completed_raw
cpython3147_saved,sympy,sympy_str,4,0,0.2033528999891132,completed_raw
cpython3147_saved,sympy,sympy_str,4,1,0.20107089998782612,completed_raw
cpython3147_saved,sympy,sympy_str,5,0,0.2018083999864757,completed_raw
cpython3147_saved,sympy,sympy_str,5,1,0.20417299997643568,completed_raw
cpython3147_saved,sympy,sympy_str,6,0,0.1984851000015624,completed_raw
cpython3147_saved,sympy,sympy_str,6,1,0.20355400000698864,completed_raw
cpython3147_saved,sympy,sympy_str,7,0,0.2025595000013709,completed_raw
cpython3147_saved,sympy,sympy_str,7,1,0.2039746000082232,completed_raw
cpython3147_saved,sympy,sympy_str,8,0,0.20406580000417307,completed_raw
cpython3147_saved,sympy,sympy_str,8,1,0.2046062999870628,completed_raw
cpython3147_saved,sympy,sympy_str,9,0,0.2034787000156939,completed_raw
cpython3147_saved,sympy,sympy_str,9,1,0.20649949999642558,completed_raw
cpython3147_saved,sympy,sympy_str,10,0,0.20144219999201596,completed_raw
cpython3147_saved,sympy,sympy_str,10,1,0.202492100012023,completed_raw
cpython3147_saved,telco,telco,1,0,0.005543512499571079,completed_raw
cpython3147_saved,telco,telco,1,1,0.005513034375326242,completed_raw
cpython3147_saved,telco,telco,2,0,0.005760990625276463,completed_raw
cpython3147_saved,telco,telco,2,1,0.005691087500053982,completed_raw
cpython3147_saved,telco,telco,3,0,0.005848831250659714,completed_raw
cpython3147_saved,telco,telco,3,1,0.005809806249999383,completed_raw
cpython3147_saved,telco,telco,4,0,0.005759349999607366,completed_raw
cpython3147_saved,telco,telco,4,1,0.005857125000147789,completed_raw
cpython3147_saved,telco,telco,5,0,0.005638137499772711,completed_raw
cpython3147_saved,telco,telco,5,1,0.005681656250089873,completed_raw
cpython3147_saved,telco,telco,6,0,0.005829071874359215,completed_raw
cpython3147_saved,telco,telco,6,1,0.005803118750009162,completed_raw
cpython3147_saved,telco,telco,7,0,0.0056282468749486725,completed_raw
cpython3147_saved,telco,telco,7,1,0.005672087499988265,completed_raw
cpython3147_saved,telco,telco,8,0,0.005708706250516116,completed_raw
cpython3147_saved,telco,telco,8,1,0.005681893750079325,completed_raw
cpython3147_saved,telco,telco,9,0,0.005693224999959057,completed_raw
cpython3147_saved,telco,telco,9,1,0.00562451875066472,completed_raw
cpython3147_saved,telco,telco,10,0,0.005761243750384892,completed_raw
cpython3147_saved,telco,telco,10,1,0.005692840625670215,completed_raw
cpython3147_saved,tomli_loads,tomli_loads,1,0,1.7513735000102315,completed_raw
cpython3147_saved,tomli_loads,tomli_loads,1,1,1.7615213000099175,completed_raw
cpython3147_saved,tomli_loads,tomli_loads,2,0,1.770919899980072,completed_raw
cpython3147_saved,tomli_loads,tomli_loads,2,1,1.7661329999973532,completed_raw
cpython3147_saved,tomli_loads,tomli_loads,3,0,1.7408458999998402,completed_raw
cpython3147_saved,tomli_loads,tomli_loads,3,1,1.7523949000169523,completed_raw
cpython3147_saved,tomli_loads,tomli_loads,4,0,1.7516628000012133,completed_raw
cpython3147_saved,tomli_loads,tomli_loads,4,1,1.7880514999851584,completed_raw
cpython3147_saved,tomli_loads,tomli_loads,5,0,1.7691327999928035,completed_raw
cpython3147_saved,tomli_loads,tomli_loads,5,1,1.7647293000190984,completed_raw
cpython3147_saved,tomli_loads,tomli_loads,6,0,1.7391128999879584,completed_raw
cpython3147_saved,tomli_loads,tomli_loads,6,1,1.7494713999913074,completed_raw
cpython3147_saved,tomli_loads,tomli_loads,7,0,1.7393671000027098,completed_raw
cpython3147_saved,tomli_loads,tomli_loads,7,1,1.7495832000277005,completed_raw
cpython3147_saved,tomli_loads,tomli_loads,8,0,1.7649160000146367,completed_raw
cpython3147_saved,tomli_loads,tomli_loads,8,1,1.772871599998325,completed_raw
cpython3147_saved,tomli_loads,tomli_loads,9,0,1.736666899989359,completed_raw
cpython3147_saved,tomli_loads,tomli_loads,9,1,1.7412537000200246,completed_raw
cpython3147_saved,tomli_loads,tomli_loads,10,0,1.7133794999972451,completed_raw
cpython3147_saved,tomli_loads,tomli_loads,10,1,1.7687881999881938,completed_raw
cpython3147_saved,tornado_http,tornado_http,1,0,0.13904370000818744,completed_raw
cpython3147_saved,tornado_http,tornado_http,1,1,0.1327097000030335,completed_raw
cpython3147_saved,tornado_http,tornado_http,2,0,0.13692509999964386,completed_raw
cpython3147_saved,tornado_http,tornado_http,2,1,0.13434779999079183,completed_raw
cpython3147_saved,tornado_http,tornado_http,3,0,0.13866450000205077,completed_raw
cpython3147_saved,tornado_http,tornado_http,3,1,0.14053030000650324,completed_raw
cpython3147_saved,tornado_http,tornado_http,4,0,0.13877199997659773,completed_raw
cpython3147_saved,tornado_http,tornado_http,4,1,0.13769769997452386,completed_raw
cpython3147_saved,tornado_http,tornado_http,5,0,0.1347628000075929,completed_raw
cpython3147_saved,tornado_http,tornado_http,5,1,0.13175369999953546,completed_raw
cpython3147_saved,tornado_http,tornado_http,6,0,0.14167909999378026,completed_raw
cpython3147_saved,tornado_http,tornado_http,6,1,0.13407420000294223,completed_raw
cpython3147_saved,tornado_http,tornado_http,7,0,0.13439979997929186,completed_raw
cpython3147_saved,tornado_http,tornado_http,7,1,0.14687530000810511,completed_raw
cpython3147_saved,tornado_http,tornado_http,8,0,0.14683490002062172,completed_raw
cpython3147_saved,tornado_http,tornado_http,8,1,0.1639943000045605,completed_raw
cpython3147_saved,tornado_http,tornado_http,9,0,0.14653980001457967,completed_raw
cpython3147_saved,tornado_http,tornado_http,9,1,0.14014869998209178,completed_raw
cpython3147_saved,tornado_http,tornado_http,10,0,0.13465580000774935,completed_raw
cpython3147_saved,tornado_http,tornado_http,10,1,0.1483058999874629,completed_raw
cpython3147_saved,typing_runtime_protocols,typing_runtime_protocols,1,0,0.00012365644533929299,completed_raw
cpython3147_saved,typing_runtime_protocols,typing_runtime_protocols,1,1,0.0001253969726633386,completed_raw
cpython3147_saved,typing_runtime_protocols,typing_runtime_protocols,2,0,0.00012605371094309703,completed_raw
cpython3147_saved,typing_runtime_protocols,typing_runtime_protocols,2,1,0.0001280083007770827,completed_raw
cpython3147_saved,typing_runtime_protocols,typing_runtime_protocols,3,0,0.00012563779296215216,completed_raw
cpython3147_saved,typing_runtime_protocols,typing_runtime_protocols,3,1,0.00012676210937456744,completed_raw
cpython3147_saved,typing_runtime_protocols,typing_runtime_protocols,4,0,0.0001298487304666196,completed_raw
cpython3147_saved,typing_runtime_protocols,typing_runtime_protocols,4,1,0.00013220107422284855,completed_raw
cpython3147_saved,typing_runtime_protocols,typing_runtime_protocols,5,0,0.00013163916014491406,completed_raw
cpython3147_saved,typing_runtime_protocols,typing_runtime_protocols,5,1,0.0001314993164100997,completed_raw
cpython3147_saved,typing_runtime_protocols,typing_runtime_protocols,6,0,0.00012623818361134909,completed_raw
cpython3147_saved,typing_runtime_protocols,typing_runtime_protocols,6,1,0.0001276548828172963,completed_raw
cpython3147_saved,typing_runtime_protocols,typing_runtime_protocols,7,0,0.00013107617186847165,completed_raw
cpython3147_saved,typing_runtime_protocols,typing_runtime_protocols,7,1,0.00013144121092523164,completed_raw
cpython3147_saved,typing_runtime_protocols,typing_runtime_protocols,8,0,0.0001280762695046178,completed_raw
cpython3147_saved,typing_runtime_protocols,typing_runtime_protocols,8,1,0.00013039775390666364,completed_raw
cpython3147_saved,typing_runtime_protocols,typing_runtime_protocols,9,0,0.0001267608398336506,completed_raw
cpython3147_saved,typing_runtime_protocols,typing_runtime_protocols,9,1,0.00012496552733409771,completed_raw
cpython3147_saved,typing_runtime_protocols,typing_runtime_protocols,10,0,0.00012665517576238017,completed_raw
cpython3147_saved,typing_runtime_protocols,typing_runtime_protocols,10,1,0.00012855166013991948,completed_raw
cpython3147_saved,unpack_sequence,unpack_sequence,1,0,3.6712615969491934e-08,completed_raw
cpython3147_saved,unpack_sequence,unpack_sequence,1,1,3.651748657240716e-08,completed_raw
cpython3147_saved,unpack_sequence,unpack_sequence,2,0,3.695764160482895e-08,completed_raw
cpython3147_saved,unpack_sequence,unpack_sequence,2,1,3.687338256952444e-08,completed_raw
cpython3147_saved,unpack_sequence,unpack_sequence,3,0,3.674108886464467e-08,completed_raw
cpython3147_saved,unpack_sequence,unpack_sequence,3,1,3.661859130588141e-08,completed_raw
cpython3147_saved,unpack_sequence,unpack_sequence,4,0,3.6836639401016666e-08,completed_raw
cpython3147_saved,unpack_sequence,unpack_sequence,4,1,3.653778075651815e-08,completed_raw
cpython3147_saved,unpack_sequence,unpack_sequence,5,0,3.586471557959214e-08,completed_raw
cpython3147_saved,unpack_sequence,unpack_sequence,5,1,3.585516356707785e-08,completed_raw
cpython3147_saved,unpack_sequence,unpack_sequence,6,0,3.6806060776939374e-08,completed_raw
cpython3147_saved,unpack_sequence,unpack_sequence,6,1,3.6674316401530406e-08,completed_raw
cpython3147_saved,unpack_sequence,unpack_sequence,7,0,3.6773864753314454e-08,completed_raw
cpython3147_saved,unpack_sequence,unpack_sequence,7,1,3.6770294187249417e-08,completed_raw
cpython3147_saved,unpack_sequence,unpack_sequence,8,0,3.6203247066879385e-08,completed_raw
cpython3147_saved,unpack_sequence,unpack_sequence,8,1,3.6039306632318355e-08,completed_raw
cpython3147_saved,unpack_sequence,unpack_sequence,9,0,3.647952270924293e-08,completed_raw
cpython3147_saved,unpack_sequence,unpack_sequence,9,1,3.647695923092442e-08,completed_raw
cpython3147_saved,unpack_sequence,unpack_sequence,10,0,3.6483673095943914e-08,completed_raw
cpython3147_saved,unpack_sequence,unpack_sequence,10,1,3.738650512730146e-08,completed_raw
cpython3147_saved,unpickle,unpickle,1,0,1.0486093748340863e-05,completed_raw
cpython3147_saved,unpickle,unpickle,1,1,1.0036611328700928e-05,completed_raw
cpython3147_saved,unpickle,unpickle,2,0,9.566015626205626e-06,completed_raw
cpython3147_saved,unpickle,unpickle,2,1,9.733291017255397e-06,completed_raw
cpython3147_saved,unpickle,unpickle,3,0,9.802490234278594e-06,completed_raw
cpython3147_saved,unpickle,unpickle,3,1,9.834833983290992e-06,completed_raw
cpython3147_saved,unpickle,unpickle,4,0,9.881572265157956e-06,completed_raw
cpython3147_saved,unpickle,unpickle,4,1,9.924013670570276e-06,completed_raw
cpython3147_saved,unpickle,unpickle,5,0,9.682539061373064e-06,completed_raw
cpython3147_saved,unpickle,unpickle,5,1,9.647753904573619e-06,completed_raw
cpython3147_saved,unpickle,unpickle,6,0,9.70737304726299e-06,completed_raw
cpython3147_saved,unpickle,unpickle,6,1,9.855527343916037e-06,completed_raw
cpython3147_saved,unpickle,unpickle,7,0,9.833310548401641e-06,completed_raw
cpython3147_saved,unpickle,unpickle,7,1,9.990996093733884e-06,completed_raw
cpython3147_saved,unpickle,unpickle,8,0,9.717138672726832e-06,completed_raw
cpython3147_saved,unpickle,unpickle,8,1,9.457890624275932e-06,completed_raw
cpython3147_saved,unpickle,unpickle,9,0,9.775214846285962e-06,completed_raw
cpython3147_saved,unpickle,unpickle,9,1,9.556416014788737e-06,completed_raw
cpython3147_saved,unpickle,unpickle,10,0,1.0125566407737097e-05,completed_raw
cpython3147_saved,unpickle,unpickle,10,1,1.0019062500532527e-05,completed_raw
cpython3147_saved,unpickle_list,unpickle_list,1,0,3.2470458990019322e-06,completed_raw
cpython3147_saved,unpickle_list,unpickle_list,1,1,3.2037817376817657e-06,completed_raw
cpython3147_saved,unpickle_list,unpickle_list,2,0,3.27658935503905e-06,completed_raw
cpython3147_saved,unpickle_list,unpickle_list,2,1,3.1940991213730284e-06,completed_raw
cpython3147_saved,unpickle_list,unpickle_list,3,0,3.2232250980257503e-06,completed_raw
cpython3147_saved,unpickle_list,unpickle_list,3,1,3.1903076177286493e-06,completed_raw
cpython3147_saved,unpickle_list,unpickle_list,4,0,3.256130371198651e-06,completed_raw
cpython3147_saved,unpickle_list,unpickle_list,4,1,3.2236816402075875e-06,completed_raw
cpython3147_saved,unpickle_list,unpickle_list,5,0,3.263979492373892e-06,completed_raw
cpython3147_saved,unpickle_list,unpickle_list,5,1,3.2664550779770707e-06,completed_raw
cpython3147_saved,unpickle_list,unpickle_list,6,0,3.2040405272937276e-06,completed_raw
cpython3147_saved,unpickle_list,unpickle_list,6,1,3.207124023418828e-06,completed_raw
cpython3147_saved,unpickle_list,unpickle_list,7,0,3.2641430664170913e-06,completed_raw
cpython3147_saved,unpickle_list,unpickle_list,7,1,3.2447998044915493e-06,completed_raw
cpython3147_saved,unpickle_list,unpickle_list,8,0,3.176008300442845e-06,completed_raw
cpython3147_saved,unpickle_list,unpickle_list,8,1,3.1912719727245077e-06,completed_raw
cpython3147_saved,unpickle_list,unpickle_list,9,0,3.2070483399593284e-06,completed_raw
cpython3147_saved,unpickle_list,unpickle_list,9,1,3.2187622075241506e-06,completed_raw
cpython3147_saved,unpickle_list,unpickle_list,10,0,3.133984375125465e-06,completed_raw
cpython3147_saved,unpickle_list,unpickle_list,10,1,3.1133422851326033e-06,completed_raw
cpython3147_saved,unpickle_pure_python,unpickle_pure_python,1,0,0.00016942734373515123,completed_raw
cpython3147_saved,unpickle_pure_python,unpickle_pure_python,1,1,0.00016402406249653722,completed_raw
cpython3147_saved,unpickle_pure_python,unpickle_pure_python,2,0,0.0001701634374967398,completed_raw
cpython3147_saved,unpickle_pure_python,unpickle_pure_python,2,1,0.00016985906249828987,completed_raw
cpython3147_saved,unpickle_pure_python,unpickle_pure_python,3,0,0.0001686562499799038,completed_raw
cpython3147_saved,unpickle_pure_python,unpickle_pure_python,3,1,0.00017033734375218045,completed_raw
cpython3147_saved,unpickle_pure_python,unpickle_pure_python,4,0,0.000165043906235951,completed_raw
cpython3147_saved,unpickle_pure_python,unpickle_pure_python,4,1,0.00016657578125887085,completed_raw
cpython3147_saved,unpickle_pure_python,unpickle_pure_python,5,0,0.00016947624999374966,completed_raw
cpython3147_saved,unpickle_pure_python,unpickle_pure_python,5,1,0.00017116968751906825,completed_raw
cpython3147_saved,unpickle_pure_python,unpickle_pure_python,6,0,0.00016714124999452906,completed_raw
cpython3147_saved,unpickle_pure_python,unpickle_pure_python,6,1,0.00016868171878741122,completed_raw
cpython3147_saved,unpickle_pure_python,unpickle_pure_python,7,0,0.00016401359375777246,completed_raw
cpython3147_saved,unpickle_pure_python,unpickle_pure_python,7,1,0.00016924718752306945,completed_raw
cpython3147_saved,unpickle_pure_python,unpickle_pure_python,8,0,0.00016677500002515444,completed_raw
cpython3147_saved,unpickle_pure_python,unpickle_pure_python,8,1,0.00016822000002321148,completed_raw
cpython3147_saved,unpickle_pure_python,unpickle_pure_python,9,0,0.0001709332812424691,completed_raw
cpython3147_saved,unpickle_pure_python,unpickle_pure_python,9,1,0.0001700414062725031,completed_raw
cpython3147_saved,unpickle_pure_python,unpickle_pure_python,10,0,0.00016784015624580207,completed_raw
cpython3147_saved,unpickle_pure_python,unpickle_pure_python,10,1,0.00016767375000199537,completed_raw
cpython3147_saved,xdsl,xdsl_constant_fold,1,0,0.03355937499873107,completed_raw
cpython3147_saved,xdsl,xdsl_constant_fold,1,1,0.03346204999979818,completed_raw
cpython3147_saved,xdsl,xdsl_constant_fold,2,0,0.03418959999544313,completed_raw
cpython3147_saved,xdsl,xdsl_constant_fold,2,1,0.03368452499853447,completed_raw
cpython3147_saved,xdsl,xdsl_constant_fold,3,0,0.03376392499922076,completed_raw
cpython3147_saved,xdsl,xdsl_constant_fold,3,1,0.032876149998628534,completed_raw
cpython3147_saved,xdsl,xdsl_constant_fold,4,0,0.03374405000067782,completed_raw
cpython3147_saved,xdsl,xdsl_constant_fold,4,1,0.03409642499900656,completed_raw
cpython3147_saved,xdsl,xdsl_constant_fold,5,0,0.03408267500344664,completed_raw
cpython3147_saved,xdsl,xdsl_constant_fold,5,1,0.0335613750066841,completed_raw
cpython3147_saved,xdsl,xdsl_constant_fold,6,0,0.033882250005262904,completed_raw
cpython3147_saved,xdsl,xdsl_constant_fold,6,1,0.033561174997885246,completed_raw
cpython3147_saved,xdsl,xdsl_constant_fold,7,0,0.033962674999202136,completed_raw
cpython3147_saved,xdsl,xdsl_constant_fold,7,1,0.03328745000180788,completed_raw
cpython3147_saved,xdsl,xdsl_constant_fold,8,0,0.03374387499934528,completed_raw
cpython3147_saved,xdsl,xdsl_constant_fold,8,1,0.03346014999988256,completed_raw
cpython3147_saved,xdsl,xdsl_constant_fold,9,0,0.03376482499879785,completed_raw
cpython3147_saved,xdsl,xdsl_constant_fold,9,1,0.03323022500262596,completed_raw
cpython3147_saved,xdsl,xdsl_constant_fold,10,0,0.03359527500288095,completed_raw
cpython3147_saved,xdsl,xdsl_constant_fold,10,1,0.03340970000135712,completed_raw
cpython3147_saved,xml_etree,xml_etree_parse,1,0,0.12354030000278726,completed_raw
cpython3147_saved,xml_etree,xml_etree_parse,1,1,0.119796499988297,completed_raw
cpython3147_saved,xml_etree,xml_etree_parse,2,0,0.12378119997447357,completed_raw
cpython3147_saved,xml_etree,xml_etree_parse,2,1,0.12028440000722185,completed_raw
cpython3147_saved,xml_etree,xml_etree_parse,3,0,0.12388410000130534,completed_raw
cpython3147_saved,xml_etree,xml_etree_parse,3,1,0.12094530000467785,completed_raw
cpython3147_saved,xml_etree,xml_etree_parse,4,0,0.12155100001837127,completed_raw
cpython3147_saved,xml_etree,xml_etree_parse,4,1,0.1175144000153523,completed_raw
cpython3147_saved,xml_etree,xml_etree_parse,5,0,0.11851289999322034,completed_raw
cpython3147_saved,xml_etree,xml_etree_parse,5,1,0.12019700001110323,completed_raw
cpython3147_saved,xml_etree,xml_etree_parse,6,0,0.11840830001165159,completed_raw
cpython3147_saved,xml_etree,xml_etree_parse,6,1,0.11934810000821017,completed_raw
cpython3147_saved,xml_etree,xml_etree_parse,7,0,0.12002729999949224,completed_raw
cpython3147_saved,xml_etree,xml_etree_parse,7,1,0.1157785999821499,completed_raw
cpython3147_saved,xml_etree,xml_etree_parse,8,0,0.1580035999941174,completed_raw
cpython3147_saved,xml_etree,xml_etree_parse,8,1,0.19574219998321496,completed_raw
cpython3147_saved,xml_etree,xml_etree_parse,9,0,0.12693729999591596,completed_raw
cpython3147_saved,xml_etree,xml_etree_parse,9,1,0.12986819999059662,completed_raw
cpython3147_saved,xml_etree,xml_etree_parse,10,0,0.11804179998580366,completed_raw
cpython3147_saved,xml_etree,xml_etree_parse,10,1,0.12147470001946203,completed_raw
cpython3147_saved,xml_etree,xml_etree_iterparse,1,0,0.07551714999135584,completed_raw
cpython3147_saved,xml_etree,xml_etree_iterparse,1,1,0.07484950000070967,completed_raw
cpython3147_saved,xml_etree,xml_etree_iterparse,2,0,0.07937730000412557,completed_raw
cpython3147_saved,xml_etree,xml_etree_iterparse,2,1,0.0754875999991782,completed_raw
cpython3147_saved,xml_etree,xml_etree_iterparse,3,0,0.07501510001020506,completed_raw
cpython3147_saved,xml_etree,xml_etree_iterparse,3,1,0.07688505000260193,completed_raw
cpython3147_saved,xml_etree,xml_etree_iterparse,4,0,0.07357179999235086,completed_raw
cpython3147_saved,xml_etree,xml_etree_iterparse,4,1,0.073003699988476,completed_raw
cpython3147_saved,xml_etree,xml_etree_iterparse,5,0,0.0758798500028206,completed_raw
cpython3147_saved,xml_etree,xml_etree_iterparse,5,1,0.07678514999861363,completed_raw
cpython3147_saved,xml_etree,xml_etree_iterparse,6,0,0.07482784999592695,completed_raw
cpython3147_saved,xml_etree,xml_etree_iterparse,6,1,0.07587719999719411,completed_raw
cpython3147_saved,xml_etree,xml_etree_iterparse,7,0,0.07412010000552982,completed_raw
cpython3147_saved,xml_etree,xml_etree_iterparse,7,1,0.07532509999873582,completed_raw
cpython3147_saved,xml_etree,xml_etree_iterparse,8,0,0.07509990000107791,completed_raw
cpython3147_saved,xml_etree,xml_etree_iterparse,8,1,0.07294540001021232,completed_raw
cpython3147_saved,xml_etree,xml_etree_iterparse,9,0,0.0738402999995742,completed_raw
cpython3147_saved,xml_etree,xml_etree_iterparse,9,1,0.07351734999974724,completed_raw
cpython3147_saved,xml_etree,xml_etree_iterparse,10,0,0.07849475000693928,completed_raw
cpython3147_saved,xml_etree,xml_etree_iterparse,10,1,0.07307240000227466,completed_raw
cpython3147_saved,xml_etree,xml_etree_generate,1,0,0.0682680000027176,completed_raw
cpython3147_saved,xml_etree,xml_etree_generate,1,1,0.06778199999826029,completed_raw
cpython3147_saved,xml_etree,xml_etree_generate,2,0,0.06797670001105871,completed_raw
cpython3147_saved,xml_etree,xml_etree_generate,2,1,0.06867710000369698,completed_raw
cpython3147_saved,xml_etree,xml_etree_generate,3,0,0.06714369999826886,completed_raw
cpython3147_saved,xml_etree,xml_etree_generate,3,1,0.07077949999074917,completed_raw
cpython3147_saved,xml_etree,xml_etree_generate,4,0,0.06677320000017062,completed_raw
cpython3147_saved,xml_etree,xml_etree_generate,4,1,0.06975185000919737,completed_raw
cpython3147_saved,xml_etree,xml_etree_generate,5,0,0.06939570000395179,completed_raw
cpython3147_saved,xml_etree,xml_etree_generate,5,1,0.07245965000765864,completed_raw
cpython3147_saved,xml_etree,xml_etree_generate,6,0,0.06935770000563934,completed_raw
cpython3147_saved,xml_etree,xml_etree_generate,6,1,0.07060920000367332,completed_raw
cpython3147_saved,xml_etree,xml_etree_generate,7,0,0.06772224999440368,completed_raw
cpython3147_saved,xml_etree,xml_etree_generate,7,1,0.06995984999230132,completed_raw
cpython3147_saved,xml_etree,xml_etree_generate,8,0,0.06857245000719558,completed_raw
cpython3147_saved,xml_etree,xml_etree_generate,8,1,0.07122425000125077,completed_raw
cpython3147_saved,xml_etree,xml_etree_generate,9,0,0.06881174999580253,completed_raw
cpython3147_saved,xml_etree,xml_etree_generate,9,1,0.07025735000206623,completed_raw
cpython3147_saved,xml_etree,xml_etree_generate,10,0,0.0717422500019893,completed_raw
cpython3147_saved,xml_etree,xml_etree_generate,10,1,0.07155325000348967,completed_raw
cpython3147_saved,xml_etree,xml_etree_process,1,0,0.049258700004429556,completed_raw
cpython3147_saved,xml_etree,xml_etree_process,1,1,0.04847054999845568,completed_raw
cpython3147_saved,xml_etree,xml_etree_process,2,0,0.048677250000764616,completed_raw
cpython3147_saved,xml_etree,xml_etree_process,2,1,0.04971967500023311,completed_raw
cpython3147_saved,xml_etree,xml_etree_process,3,0,0.04775964999862481,completed_raw
cpython3147_saved,xml_etree,xml_etree_process,3,1,0.04780162499810103,completed_raw
cpython3147_saved,xml_etree,xml_etree_process,4,0,0.04911934999836376,completed_raw
cpython3147_saved,xml_etree,xml_etree_process,4,1,0.04895620000024792,completed_raw
cpython3147_saved,xml_etree,xml_etree_process,5,0,0.04887474999850383,completed_raw
cpython3147_saved,xml_etree,xml_etree_process,5,1,0.0493736499993247,completed_raw
cpython3147_saved,xml_etree,xml_etree_process,6,0,0.04930232500191778,completed_raw
cpython3147_saved,xml_etree,xml_etree_process,6,1,0.047553899996273685,completed_raw
cpython3147_saved,xml_etree,xml_etree_process,7,0,0.04928749999817228,completed_raw
cpython3147_saved,xml_etree,xml_etree_process,7,1,0.04804472499381518,completed_raw
cpython3147_saved,xml_etree,xml_etree_process,8,0,0.04873070000030566,completed_raw
cpython3147_saved,xml_etree,xml_etree_process,8,1,0.04754110000067158,completed_raw
cpython3147_saved,xml_etree,xml_etree_process,9,0,0.04852674999710871,completed_raw
cpython3147_saved,xml_etree,xml_etree_process,9,1,0.04796119999809889,completed_raw
cpython3147_saved,xml_etree,xml_etree_process,10,0,0.04841034999844851,completed_raw
cpython3147_saved,xml_etree,xml_etree_process,10,1,0.04793035000329837,completed_raw
