Benchmark dependency sites: D:\CantorAI\xlang3\venv\cpython3.14-a6792301b742-compat-31b33d68c68a\Lib\site-packages
Python benchmark suite 1.14.0


==================================================
( 1/97) creating venv for benchmark (2to3)

(trying common venv first)

==================================================
( 2/97) creating venv for benchmark (argparse)

(trying common venv first)

==================================================
( 3/97) creating venv for benchmark (argparse_subparsers)

(trying common venv first)

==================================================
( 4/97) creating venv for benchmark (async_generators)

(trying common venv first)

==================================================
( 5/97) creating venv for benchmark (async_tree)

(trying common venv first)

==================================================
( 6/97) creating venv for benchmark (async_tree_cpu_io_mixed)

(trying common venv first)

==================================================
( 7/97) creating venv for benchmark (async_tree_cpu_io_mixed_tg)

(trying common venv first)

==================================================
( 8/97) creating venv for benchmark (async_tree_eager)

(trying common venv first)

==================================================
( 9/97) creating venv for benchmark (async_tree_eager_cpu_io_mixed)

(trying common venv first)

==================================================
(10/97) creating venv for benchmark (async_tree_eager_cpu_io_mixed_tg)

(trying common venv first)

==================================================
(11/97) creating venv for benchmark (async_tree_eager_io)

(trying common venv first)

==================================================
(12/97) creating venv for benchmark (async_tree_eager_io_tg)

(trying common venv first)

==================================================
(13/97) creating venv for benchmark (async_tree_eager_memoization)

(trying common venv first)

==================================================
(14/97) creating venv for benchmark (async_tree_eager_memoization_tg)

(trying common venv first)

==================================================
(15/97) creating venv for benchmark (async_tree_eager_tg)

(trying common venv first)

==================================================
(16/97) creating venv for benchmark (async_tree_io)

(trying common venv first)

==================================================
(17/97) creating venv for benchmark (async_tree_io_tg)

(trying common venv first)

==================================================
(18/97) creating venv for benchmark (async_tree_memoization)

(trying common venv first)

==================================================
(19/97) creating venv for benchmark (async_tree_memoization_tg)

(trying common venv first)

==================================================
(20/97) creating venv for benchmark (async_tree_tg)

(trying common venv first)

==================================================
(21/97) creating venv for benchmark (asyncio_tcp)

(trying common venv first)

==================================================
(22/97) creating venv for benchmark (asyncio_tcp_ssl)

(trying common venv first)

==================================================
(23/97) creating venv for benchmark (asyncio_websockets)

(trying common venv first)

==================================================
(24/97) creating venv for benchmark (base64)

(trying common venv first)

==================================================
(25/97) creating venv for benchmark (bpe_tokeniser)

(trying common venv first)

==================================================
(26/97) creating venv for benchmark (chameleon)

(trying common venv first)

==================================================
(27/97) creating venv for benchmark (chaos)

(trying common venv first)

==================================================
(28/97) creating venv for benchmark (comprehensions)

(trying common venv first)

==================================================
(29/97) creating venv for benchmark (concurrent_imap)

(trying common venv first)

==================================================
(30/97) creating venv for benchmark (coroutines)

(trying common venv first)

==================================================
(31/97) creating venv for benchmark (coverage)

(trying common venv first)

==================================================
(32/97) creating venv for benchmark (crypto_pyaes)

(trying common venv first)

==================================================
(33/97) creating venv for benchmark (dask)

(trying common venv first)

==================================================
(34/97) creating venv for benchmark (deepcopy)

(trying common venv first)

==================================================
(35/97) creating venv for benchmark (deltablue)

(trying common venv first)

==================================================
(36/97) creating venv for benchmark (django_template)

(trying common venv first)

==================================================
(37/97) creating venv for benchmark (docutils)

(trying common venv first)

==================================================
(38/97) creating venv for benchmark (dulwich_log)

(trying common venv first)

==================================================
(39/97) creating venv for benchmark (fannkuch)

(trying common venv first)

==================================================
(40/97) creating venv for benchmark (fastapi)

(trying common venv first)

==================================================
(41/97) creating venv for benchmark (float)

(trying common venv first)

==================================================
(42/97) creating venv for benchmark (gc_collect)

(trying common venv first)

==================================================
(43/97) creating venv for benchmark (gc_traversal)

(trying common venv first)

==================================================
(44/97) creating venv for benchmark (generators)

(trying common venv first)

==================================================
(45/97) creating venv for benchmark (genshi)

(trying common venv first)

==================================================
(46/97) creating venv for benchmark (go)

(trying common venv first)

==================================================
(47/97) creating venv for benchmark (hexiom)

(trying common venv first)

==================================================
(48/97) creating venv for benchmark (html5lib)

(trying common venv first)

==================================================
(49/97) creating venv for benchmark (json_dumps)

(trying common venv first)

==================================================
(50/97) creating venv for benchmark (json_loads)

(trying common venv first)

==================================================
(51/97) creating venv for benchmark (logging)

(trying common venv first)

==================================================
(52/97) creating venv for benchmark (mako)

(trying common venv first)

==================================================
(53/97) creating venv for benchmark (mdp)

(trying common venv first)

==================================================
(54/97) creating venv for benchmark (meteor_contest)

(trying common venv first)

==================================================
(55/97) creating venv for benchmark (nbody)

(trying common venv first)

==================================================
(56/97) creating venv for benchmark (networkx)

(trying common venv first)

==================================================
(57/97) creating venv for benchmark (networkx_connected_components)

(trying common venv first)

==================================================
(58/97) creating venv for benchmark (networkx_k_core)

(trying common venv first)

==================================================
(59/97) creating venv for benchmark (nqueens)

(trying common venv first)

==================================================
(60/97) creating venv for benchmark (pathlib)

(trying common venv first)

==================================================
(61/97) creating venv for benchmark (pickle)

(trying common venv first)

==================================================
(62/97) creating venv for benchmark (pickle_dict)

(trying common venv first)

==================================================
(63/97) creating venv for benchmark (pickle_list)

(trying common venv first)

==================================================
(64/97) creating venv for benchmark (pickle_pure_python)

(trying common venv first)

==================================================
(65/97) creating venv for benchmark (pidigits)

(trying common venv first)

==================================================
(66/97) creating venv for benchmark (pprint)

(trying common venv first)

==================================================
(67/97) creating venv for benchmark (pyflate)

(trying common venv first)

==================================================
(68/97) creating venv for benchmark (python_startup)

(trying common venv first)

==================================================
(69/97) creating venv for benchmark (python_startup_no_site)

(trying common venv first)

==================================================
(70/97) creating venv for benchmark (raytrace)

(trying common venv first)

==================================================
(71/97) creating venv for benchmark (regex_compile)

(trying common venv first)

==================================================
(72/97) creating venv for benchmark (regex_dna)

(trying common venv first)

==================================================
(73/97) creating venv for benchmark (regex_effbot)

(trying common venv first)

==================================================
(74/97) creating venv for benchmark (regex_v8)

(trying common venv first)

==================================================
(75/97) creating venv for benchmark (richards)

(trying common venv first)

==================================================
(76/97) creating venv for benchmark (richards_super)

(trying common venv first)

==================================================
(77/97) creating venv for benchmark (scimark)

(trying common venv first)

==================================================
(78/97) creating venv for benchmark (spectral_norm)

(trying common venv first)

==================================================
(79/97) creating venv for benchmark (sphinx)

(trying common venv first)

==================================================
(80/97) creating venv for benchmark (sqlalchemy_declarative)

(trying common venv first)

==================================================
(81/97) creating venv for benchmark (sqlalchemy_imperative)

(trying common venv first)

==================================================
(82/97) creating venv for benchmark (sqlglot_v2)

(trying common venv first)

==================================================
(83/97) creating venv for benchmark (sqlglot_v2_optimize)

(trying common venv first)

==================================================
(84/97) creating venv for benchmark (sqlglot_v2_parse)

(trying common venv first)

==================================================
(85/97) creating venv for benchmark (sqlglot_v2_transpile)

(trying common venv first)

==================================================
(86/97) creating venv for benchmark (sqlite_synth)

(trying common venv first)

==================================================
(87/97) creating venv for benchmark (sympy)

(trying common venv first)

==================================================
(88/97) creating venv for benchmark (telco)

(trying common venv first)

==================================================
(89/97) creating venv for benchmark (tomli_loads)

(trying common venv first)

==================================================
(90/97) creating venv for benchmark (tornado_http)

(trying common venv first)

==================================================
(91/97) creating venv for benchmark (typing_runtime_protocols)

(trying common venv first)

==================================================
(92/97) creating venv for benchmark (unpack_sequence)

(trying common venv first)

==================================================
(93/97) creating venv for benchmark (unpickle)

(trying common venv first)

==================================================
(94/97) creating venv for benchmark (unpickle_list)

(trying common venv first)

==================================================
(95/97) creating venv for benchmark (unpickle_pure_python)

(trying common venv first)

==================================================
(96/97) creating venv for benchmark (xdsl)

(trying common venv first)

==================================================
(97/97) creating venv for benchmark (xml_etree)

(trying common venv first)

[ 1/97] 2to3...
Traceback (most recent call last):
  File "D:\CantorAI\xlang3\venv\cpython3.14-a6792301b742-compat-31b33d68c68a\Lib\site-packages\pyperformance\data-files\benchmarks\bm_2to3\run_benchmark.py", line 25, in <module>
    runner.bench_command('2to3', command)
    ~~~~~~~~~~~~~~~~~~~~^^^^^^^^^^^^^^^^^
  File "D:\CantorAI\xlang3\venv\cpython3.14-a6792301b742-compat-31b33d68c68a\Lib\site-packages\pyperf\_runner.py", line 750, in bench_command
    return self._main(task)
           ~~~~~~~~~~^^^^^^
  File "D:\CantorAI\xlang3\venv\cpython3.14-a6792301b742-compat-31b33d68c68a\Lib\site-packages\pyperf\_runner.py", line 463, in _main
    bench = self._worker(task)
  File "D:\CantorAI\xlang3\venv\cpython3.14-a6792301b742-compat-31b33d68c68a\Lib\site-packages\pyperf\_runner.py", line 437, in _worker
    run = task.create_run()
  File "D:\CantorAI\xlang3\venv\cpython3.14-a6792301b742-compat-31b33d68c68a\Lib\site-packages\pyperf\_worker.py", line 300, in create_run
    self.compute()
    ~~~~~~~~~~~~^^
  File "D:\CantorAI\xlang3\venv\cpython3.14-a6792301b742-compat-31b33d68c68a\Lib\site-packages\pyperf\_command.py", line 66, in compute
    WorkerTask.compute(self)
    ~~~~~~~~~~~~~~~~~~^^^^^^
  File "D:\CantorAI\xlang3\venv\cpython3.14-a6792301b742-compat-31b33d68c68a\Lib\site-packages\pyperf\_worker.py", line 287, in compute
    self.calibrate_loops()
    ~~~~~~~~~~~~~~~~~~~~^^
  File "D:\CantorAI\xlang3\venv\cpython3.14-a6792301b742-compat-31b33d68c68a\Lib\site-packages\pyperf\_worker.py", line 250, in calibrate_loops
    self._compute_values(self.warmups, nvalue,
    ~~~~~~~~~~~~~~~~~~~~^^^^^^^^^^^^^^^^^^^^^^
                         is_warmup=True,
                         ^^^^^^^^^^^^^^^
                         calibrate_loops=True)
                         ^^^^^^^^^^^^^^^^^^^^^
  File "D:\CantorAI\xlang3\venv\cpython3.14-a6792301b742-compat-31b33d68c68a\Lib\site-packages\pyperf\_worker.py", line 76, in _compute_values
    with contextlib.ExitStack() as stack:
    ^^^^^^^^^^^^^^^^^^^^^^^^^^^^^^^^^^^^^
    ...<4 lines>...
    raw_value = float(raw_value)
    
  File "D:\CantorAI\xlang3\venv\cpython3.14-a6792301b742-compat-31b33d68c68a\Lib\site-packages\pyperf\_worker.py", line 79, in _compute_values
    raw_value = task_func(self, self.loops)
  File "C:\Python\Python313\Lib\functools.py", line 304, in __call__
    return self.func(*self.args, *args, **keywords)
           ~~~~~~~~~^^^^^^^^^^^^^^^^^^^^^^^^^^^^^^^
  File "D:\CantorAI\xlang3\venv\cpython3.14-a6792301b742-compat-31b33d68c68a\Lib\site-packages\pyperf\_command.py", line 43, in bench_command
    raise Exception("Command failed with exit code %s"
                    % proc.returncode)
Exception: Command failed with exit code 1
Traceback (most recent call last):
  File "D:\CantorAI\xlang3\venv\cpython3.14-a6792301b742-compat-31b33d68c68a\Lib\site-packages\pyperformance\data-files\benchmarks\bm_2to3\run_benchmark.py", line 25, in <module>
    runner.bench_command('2to3', command)
    ~~~~~~~~~~~~~~~~~~~~^^^^^^^^^^^^^^^^^
  File "D:\CantorAI\xlang3\venv\cpython3.14-a6792301b742-compat-31b33d68c68a\Lib\site-packages\pyperf\_runner.py", line 750, in bench_command
    return self._main(task)
           ~~~~~~~~~~^^^^^^
  File "D:\CantorAI\xlang3\venv\cpython3.14-a6792301b742-compat-31b33d68c68a\Lib\site-packages\pyperf\_runner.py", line 468, in _main
    bench = self._manager()
  File "D:\CantorAI\xlang3\venv\cpython3.14-a6792301b742-compat-31b33d68c68a\Lib\site-packages\pyperf\_runner.py", line 681, in _manager
    bench = Manager(self).create_bench()
  File "D:\CantorAI\xlang3\venv\cpython3.14-a6792301b742-compat-31b33d68c68a\Lib\site-packages\pyperf\_manager.py", line 243, in create_bench
    worker_bench, run = self.create_worker_bench()
                        ~~~~~~~~~~~~~~~~~~~~~~~~^^
  File "D:\CantorAI\xlang3\venv\cpython3.14-a6792301b742-compat-31b33d68c68a\Lib\site-packages\pyperf\_manager.py", line 142, in create_worker_bench
    suite = self.create_suite()
  File "D:\CantorAI\xlang3\venv\cpython3.14-a6792301b742-compat-31b33d68c68a\Lib\site-packages\pyperf\_manager.py", line 132, in create_suite
    suite = self.spawn_worker(self.calibrate_loops, 0)
  File "D:\CantorAI\xlang3\venv\cpython3.14-a6792301b742-compat-31b33d68c68a\Lib\site-packages\pyperf\_manager.py", line 118, in spawn_worker
    raise RuntimeError("%s failed with exit code %s"
                       % (cmd[0], exitcode))
RuntimeError: D:\CantorAI\xlang3\build-repro\Release\xlang3.exe failed with exit code 1
Traceback (most recent call last):
  File "D:\CantorAI\xlang3\venv\cpython3.14-a6792301b742-compat-31b33d68c68a\Lib\site-packages\pyperformance\run.py", line 171, in run_benchmarks
    result = bench.run(
        bench_venv.python,
    ...<3 lines>...
        verbose=options.verbose,
    )
  File "D:\CantorAI\xlang3\benchmarks\diagnostics\run_pyperformance_xlang3_shimmed.py", line 81, in run_named_benchmark
    return original_benchmark_run(benchmark, *positional, **keywords)
  File "D:\CantorAI\xlang3\venv\cpython3.14-a6792301b742-compat-31b33d68c68a\Lib\site-packages\pyperformance\_benchmark.py", line 193, in run
    bench = _run_perf_script(
        python,
    ...<4 lines>...
        verbose=verbose,
    )
  File "D:\CantorAI\xlang3\venv\cpython3.14-a6792301b742-compat-31b33d68c68a\Lib\site-packages\pyperformance\_benchmark.py", line 250, in _run_perf_script
    raise RuntimeError("Benchmark died")
RuntimeError: Benchmark died
ERROR: Benchmark 2to3 failed: Benchmark died
[ 2/97] argparse...
...........
WARNING: the benchmark result may be unstable
* Not enough samples to get a stable result (95% certainly of less than 1% variation)

Try to rerun the benchmark with more runs, values and/or loops.
Run 'xlang3.exe -m pyperf system tune' command to reduce the system jitter.
Use pyperf stats, pyperf dump and pyperf hist to analyze results.
Use --quiet option to hide these warnings.

many_optionals: Mean +- std dev: 7.91 ms +- 0.12 ms
[ 3/97] argparse_subparsers...
...........
WARNING: the benchmark result may be unstable
* Not enough samples to get a stable result (95% certainly of less than 1% variation)

Try to rerun the benchmark with more runs, values and/or loops.
Run 'xlang3.exe -m pyperf system tune' command to reduce the system jitter.
Use pyperf stats, pyperf dump and pyperf hist to analyze results.
Use --quiet option to hide these warnings.

subparsers: Mean +- std dev: 251 ms +- 6 ms
[ 4/97] async_generators...
...........
WARNING: the benchmark result may be unstable
* Not enough samples to get a stable result (95% certainly of less than 1% variation)

Try to rerun the benchmark with more runs, values and/or loops.
Run 'xlang3.exe -m pyperf system tune' command to reduce the system jitter.
Use pyperf stats, pyperf dump and pyperf hist to analyze results.
Use --quiet option to hide these warnings.

async_generators: Mean +- std dev: 2.53 sec +- 0.04 sec
[ 5/97] async_tree...
Full-case timeout: async_tree exceeded 120 seconds
Traceback (most recent call last):
  File "D:\CantorAI\xlang3\venv\cpython3.14-a6792301b742-compat-31b33d68c68a\Lib\site-packages\pyperformance\data-files\benchmarks\bm_async_tree\run_benchmark.py", line 201, in <module>
    runner.bench_async_func(bench_name, async_tree.run)
    ~~~~~~~~~~~~~~~~~~~~~~~^^^^^^^^^^^^^^^^^^^^^^^^^^^^
  File "D:\CantorAI\xlang3\venv\cpython3.14-a6792301b742-compat-31b33d68c68a\Lib\site-packages\pyperf\_runner.py", line 613, in bench_async_func
    result = self._main(task)
  File "D:\CantorAI\xlang3\venv\cpython3.14-a6792301b742-compat-31b33d68c68a\Lib\site-packages\pyperf\_runner.py", line 468, in _main
    bench = self._manager()
  File "D:\CantorAI\xlang3\venv\cpython3.14-a6792301b742-compat-31b33d68c68a\Lib\site-packages\pyperf\_runner.py", line 681, in _manager
    bench = Manager(self).create_bench()
  File "D:\CantorAI\xlang3\venv\cpython3.14-a6792301b742-compat-31b33d68c68a\Lib\site-packages\pyperf\_manager.py", line 243, in create_bench
    worker_bench, run = self.create_worker_bench()
                        ~~~~~~~~~~~~~~~~~~~~~~~~^^
  File "D:\CantorAI\xlang3\venv\cpython3.14-a6792301b742-compat-31b33d68c68a\Lib\site-packages\pyperf\_manager.py", line 142, in create_worker_bench
    suite = self.create_suite()
  File "D:\CantorAI\xlang3\venv\cpython3.14-a6792301b742-compat-31b33d68c68a\Lib\site-packages\pyperf\_manager.py", line 136, in create_suite
    suite = self.spawn_worker(0, 0)
  File "D:\CantorAI\xlang3\venv\cpython3.14-a6792301b742-compat-31b33d68c68a\Lib\site-packages\pyperf\_manager.py", line 118, in spawn_worker
    raise RuntimeError("%s failed with exit code %s"
                       % (cmd[0], exitcode))
RuntimeError: D:\CantorAI\xlang3\build-repro\Release\xlang3.exe failed with exit code 4294967295
.ERROR: Benchmark async_tree timed out
[ 6/97] async_tree_cpu_io_mixed...
Full-case timeout: async_tree_cpu_io_mixed exceeded 120 seconds
Traceback (most recent call last):
  File "D:\CantorAI\xlang3\venv\cpython3.14-a6792301b742-compat-31b33d68c68a\Lib\site-packages\pyperformance\data-files\benchmarks\bm_async_tree\run_benchmark.py", line 201, in <module>
    runner.bench_async_func(bench_name, async_tree.run)
    ~~~~~~~~~~~~~~~~~~~~~~~^^^^^^^^^^^^^^^^^^^^^^^^^^^^
  File "D:\CantorAI\xlang3\venv\cpython3.14-a6792301b742-compat-31b33d68c68a\Lib\site-packages\pyperf\_runner.py", line 613, in bench_async_func
    result = self._main(task)
  File "D:\CantorAI\xlang3\venv\cpython3.14-a6792301b742-compat-31b33d68c68a\Lib\site-packages\pyperf\_runner.py", line 468, in _main
    bench = self._manager()
  File "D:\CantorAI\xlang3\venv\cpython3.14-a6792301b742-compat-31b33d68c68a\Lib\site-packages\pyperf\_runner.py", line 681, in _manager
    bench = Manager(self).create_bench()
  File "D:\CantorAI\xlang3\venv\cpython3.14-a6792301b742-compat-31b33d68c68a\Lib\site-packages\pyperf\_manager.py", line 243, in create_bench
    worker_bench, run = self.create_worker_bench()
                        ~~~~~~~~~~~~~~~~~~~~~~~~^^
  File "D:\CantorAI\xlang3\venv\cpython3.14-a6792301b742-compat-31b33d68c68a\Lib\site-packages\pyperf\_manager.py", line 142, in create_worker_bench
    suite = self.create_suite()
  File "D:\CantorAI\xlang3\venv\cpython3.14-a6792301b742-compat-31b33d68c68a\Lib\site-packages\pyperf\_manager.py", line 132, in create_suite
    suite = self.spawn_worker(self.calibrate_loops, 0)
  File "D:\CantorAI\xlang3\venv\cpython3.14-a6792301b742-compat-31b33d68c68a\Lib\site-packages\pyperf\_manager.py", line 118, in spawn_worker
    raise RuntimeError("%s failed with exit code %s"
                       % (cmd[0], exitcode))
RuntimeError: D:\CantorAI\xlang3\build-repro\Release\xlang3.exe failed with exit code 4294967295
ERROR: Benchmark async_tree_cpu_io_mixed timed out
[ 7/97] async_tree_cpu_io_mixed_tg...
Full-case timeout: async_tree_cpu_io_mixed_tg exceeded 120 seconds
Traceback (most recent call last):
  File "D:\CantorAI\xlang3\venv\cpython3.14-a6792301b742-compat-31b33d68c68a\Lib\site-packages\pyperformance\data-files\benchmarks\bm_async_tree\run_benchmark.py", line 201, in <module>
    runner.bench_async_func(bench_name, async_tree.run)
    ~~~~~~~~~~~~~~~~~~~~~~~^^^^^^^^^^^^^^^^^^^^^^^^^^^^
  File "D:\CantorAI\xlang3\venv\cpython3.14-a6792301b742-compat-31b33d68c68a\Lib\site-packages\pyperf\_runner.py", line 613, in bench_async_func
    result = self._main(task)
  File "D:\CantorAI\xlang3\venv\cpython3.14-a6792301b742-compat-31b33d68c68a\Lib\site-packages\pyperf\_runner.py", line 468, in _main
    bench = self._manager()
  File "D:\CantorAI\xlang3\venv\cpython3.14-a6792301b742-compat-31b33d68c68a\Lib\site-packages\pyperf\_runner.py", line 681, in _manager
    bench = Manager(self).create_bench()
  File "D:\CantorAI\xlang3\venv\cpython3.14-a6792301b742-compat-31b33d68c68a\Lib\site-packages\pyperf\_manager.py", line 243, in create_bench
    worker_bench, run = self.create_worker_bench()
                        ~~~~~~~~~~~~~~~~~~~~~~~~^^
  File "D:\CantorAI\xlang3\venv\cpython3.14-a6792301b742-compat-31b33d68c68a\Lib\site-packages\pyperf\_manager.py", line 142, in create_worker_bench
    suite = self.create_suite()
  File "D:\CantorAI\xlang3\venv\cpython3.14-a6792301b742-compat-31b33d68c68a\Lib\site-packages\pyperf\_manager.py", line 132, in create_suite
    suite = self.spawn_worker(self.calibrate_loops, 0)
  File "D:\CantorAI\xlang3\venv\cpython3.14-a6792301b742-compat-31b33d68c68a\Lib\site-packages\pyperf\_manager.py", line 118, in spawn_worker
    raise RuntimeError("%s failed with exit code %s"
                       % (cmd[0], exitcode))
RuntimeError: D:\CantorAI\xlang3\build-repro\Release\xlang3.exe failed with exit code 4294967295
ERROR: Benchmark async_tree_cpu_io_mixed_tg timed out
[ 8/97] async_tree_eager...
.........Full-case timeout: async_tree_eager exceeded 120 seconds
..
WARNING: the benchmark result may be unstable
* Not enough samples to get a stable result (95% certainly of less than 1% variation)

Try to rerun the benchmark with more runs, values and/or loops.
Run 'xlang3.exe -m pyperf system tune' command to reduce the system jitter.
Use pyperf stats, pyperf dump and pyperf hist to analyze results.
Use --quiet option to hide these warnings.

async_tree_eager: Mean +- std dev: 3.64 sec +- 0.13 sec
ERROR: Benchmark async_tree_eager timed out
[ 9/97] async_tree_eager_cpu_io_mixed...
.Full-case timeout: async_tree_eager_cpu_io_mixed exceeded 120 seconds
Traceback (most recent call last):
  File "D:\CantorAI\xlang3\venv\cpython3.14-a6792301b742-compat-31b33d68c68a\Lib\site-packages\pyperformance\data-files\benchmarks\bm_async_tree\run_benchmark.py", line 201, in <module>
    runner.bench_async_func(bench_name, async_tree.run)
    ~~~~~~~~~~~~~~~~~~~~~~~^^^^^^^^^^^^^^^^^^^^^^^^^^^^
  File "D:\CantorAI\xlang3\venv\cpython3.14-a6792301b742-compat-31b33d68c68a\Lib\site-packages\pyperf\_runner.py", line 613, in bench_async_func
    result = self._main(task)
  File "D:\CantorAI\xlang3\venv\cpython3.14-a6792301b742-compat-31b33d68c68a\Lib\site-packages\pyperf\_runner.py", line 468, in _main
    bench = self._manager()
  File "D:\CantorAI\xlang3\venv\cpython3.14-a6792301b742-compat-31b33d68c68a\Lib\site-packages\pyperf\_runner.py", line 681, in _manager
    bench = Manager(self).create_bench()
  File "D:\CantorAI\xlang3\venv\cpython3.14-a6792301b742-compat-31b33d68c68a\Lib\site-packages\pyperf\_manager.py", line 243, in create_bench
    worker_bench, run = self.create_worker_bench()
                        ~~~~~~~~~~~~~~~~~~~~~~~~^^
  File "D:\CantorAI\xlang3\venv\cpython3.14-a6792301b742-compat-31b33d68c68a\Lib\site-packages\pyperf\_manager.py", line 142, in create_worker_bench
    suite = self.create_suite()
  File "D:\CantorAI\xlang3\venv\cpython3.14-a6792301b742-compat-31b33d68c68a\Lib\site-packages\pyperf\_manager.py", line 136, in create_suite
    suite = self.spawn_worker(0, 0)
  File "D:\CantorAI\xlang3\venv\cpython3.14-a6792301b742-compat-31b33d68c68a\Lib\site-packages\pyperf\_manager.py", line 118, in spawn_worker
    raise RuntimeError("%s failed with exit code %s"
                       % (cmd[0], exitcode))
RuntimeError: D:\CantorAI\xlang3\build-repro\Release\xlang3.exe failed with exit code 4294967295
ERROR: Benchmark async_tree_eager_cpu_io_mixed timed out
[10/97] async_tree_eager_cpu_io_mixed_tg...
Full-case timeout: async_tree_eager_cpu_io_mixed_tg exceeded 120 seconds
Traceback (most recent call last):
  File "D:\CantorAI\xlang3\venv\cpython3.14-a6792301b742-compat-31b33d68c68a\Lib\site-packages\pyperformance\data-files\benchmarks\bm_async_tree\run_benchmark.py", line 201, in <module>
    runner.bench_async_func(bench_name, async_tree.run)
    ~~~~~~~~~~~~~~~~~~~~~~~^^^^^^^^^^^^^^^^^^^^^^^^^^^^
  File "D:\CantorAI\xlang3\venv\cpython3.14-a6792301b742-compat-31b33d68c68a\Lib\site-packages\pyperf\_runner.py", line 613, in bench_async_func
    result = self._main(task)
  File "D:\CantorAI\xlang3\venv\cpython3.14-a6792301b742-compat-31b33d68c68a\Lib\site-packages\pyperf\_runner.py", line 468, in _main
    bench = self._manager()
  File "D:\CantorAI\xlang3\venv\cpython3.14-a6792301b742-compat-31b33d68c68a\Lib\site-packages\pyperf\_runner.py", line 681, in _manager
    bench = Manager(self).create_bench()
  File "D:\CantorAI\xlang3\venv\cpython3.14-a6792301b742-compat-31b33d68c68a\Lib\site-packages\pyperf\_manager.py", line 243, in create_bench
    worker_bench, run = self.create_worker_bench()
                        ~~~~~~~~~~~~~~~~~~~~~~~~^^
  File "D:\CantorAI\xlang3\venv\cpython3.14-a6792301b742-compat-31b33d68c68a\Lib\site-packages\pyperf\_manager.py", line 142, in create_worker_bench
    suite = self.create_suite()
  File "D:\CantorAI\xlang3\venv\cpython3.14-a6792301b742-compat-31b33d68c68a\Lib\site-packages\pyperf\_manager.py", line 136, in create_suite
    suite = self.spawn_worker(0, 0)
  File "D:\CantorAI\xlang3\venv\cpython3.14-a6792301b742-compat-31b33d68c68a\Lib\site-packages\pyperf\_manager.py", line 118, in spawn_worker
    raise RuntimeError("%s failed with exit code %s"
                       % (cmd[0], exitcode))
RuntimeError: D:\CantorAI\xlang3\build-repro\Release\xlang3.exe failed with exit code 4294967295
.ERROR: Benchmark async_tree_eager_cpu_io_mixed_tg timed out
[11/97] async_tree_eager_io...
Full-case timeout: async_tree_eager_io exceeded 120 seconds
Traceback (most recent call last):
  File "D:\CantorAI\xlang3\venv\cpython3.14-a6792301b742-compat-31b33d68c68a\Lib\site-packages\pyperformance\data-files\benchmarks\bm_async_tree\run_benchmark.py", line 201, in <module>
    runner.bench_async_func(bench_name, async_tree.run)
    ~~~~~~~~~~~~~~~~~~~~~~~^^^^^^^^^^^^^^^^^^^^^^^^^^^^
  File "D:\CantorAI\xlang3\venv\cpython3.14-a6792301b742-compat-31b33d68c68a\Lib\site-packages\pyperf\_runner.py", line 613, in bench_async_func
    result = self._main(task)
  File "D:\CantorAI\xlang3\venv\cpython3.14-a6792301b742-compat-31b33d68c68a\Lib\site-packages\pyperf\_runner.py", line 468, in _main
    bench = self._manager()
  File "D:\CantorAI\xlang3\venv\cpython3.14-a6792301b742-compat-31b33d68c68a\Lib\site-packages\pyperf\_runner.py", line 681, in _manager
    bench = Manager(self).create_bench()
  File "D:\CantorAI\xlang3\venv\cpython3.14-a6792301b742-compat-31b33d68c68a\Lib\site-packages\pyperf\_manager.py", line 243, in create_bench
    worker_bench, run = self.create_worker_bench()
                        ~~~~~~~~~~~~~~~~~~~~~~~~^^
  File "D:\CantorAI\xlang3\venv\cpython3.14-a6792301b742-compat-31b33d68c68a\Lib\site-packages\pyperf\_manager.py", line 142, in create_worker_bench
    suite = self.create_suite()
  File "D:\CantorAI\xlang3\venv\cpython3.14-a6792301b742-compat-31b33d68c68a\Lib\site-packages\pyperf\_manager.py", line 132, in create_suite
    suite = self.spawn_worker(self.calibrate_loops, 0)
  File "D:\CantorAI\xlang3\venv\cpython3.14-a6792301b742-compat-31b33d68c68a\Lib\site-packages\pyperf\_manager.py", line 118, in spawn_worker
    raise RuntimeError("%s failed with exit code %s"
                       % (cmd[0], exitcode))
RuntimeError: D:\CantorAI\xlang3\build-repro\Release\xlang3.exe failed with exit code 4294967295
ERROR: Benchmark async_tree_eager_io timed out
[12/97] async_tree_eager_io_tg...
Full-case timeout: async_tree_eager_io_tg exceeded 120 seconds
Traceback (most recent call last):
  File "D:\CantorAI\xlang3\venv\cpython3.14-a6792301b742-compat-31b33d68c68a\Lib\site-packages\pyperformance\data-files\benchmarks\bm_async_tree\run_benchmark.py", line 201, in <module>
    runner.bench_async_func(bench_name, async_tree.run)
    ~~~~~~~~~~~~~~~~~~~~~~~^^^^^^^^^^^^^^^^^^^^^^^^^^^^
  File "D:\CantorAI\xlang3\venv\cpython3.14-a6792301b742-compat-31b33d68c68a\Lib\site-packages\pyperf\_runner.py", line 613, in bench_async_func
    result = self._main(task)
  File "D:\CantorAI\xlang3\venv\cpython3.14-a6792301b742-compat-31b33d68c68a\Lib\site-packages\pyperf\_runner.py", line 468, in _main
    bench = self._manager()
  File "D:\CantorAI\xlang3\venv\cpython3.14-a6792301b742-compat-31b33d68c68a\Lib\site-packages\pyperf\_runner.py", line 681, in _manager
    bench = Manager(self).create_bench()
  File "D:\CantorAI\xlang3\venv\cpython3.14-a6792301b742-compat-31b33d68c68a\Lib\site-packages\pyperf\_manager.py", line 243, in create_bench
    worker_bench, run = self.create_worker_bench()
                        ~~~~~~~~~~~~~~~~~~~~~~~~^^
  File "D:\CantorAI\xlang3\venv\cpython3.14-a6792301b742-compat-31b33d68c68a\Lib\site-packages\pyperf\_manager.py", line 142, in create_worker_bench
    suite = self.create_suite()
  File "D:\CantorAI\xlang3\venv\cpython3.14-a6792301b742-compat-31b33d68c68a\Lib\site-packages\pyperf\_manager.py", line 132, in create_suite
    suite = self.spawn_worker(self.calibrate_loops, 0)
  File "D:\CantorAI\xlang3\venv\cpython3.14-a6792301b742-compat-31b33d68c68a\Lib\site-packages\pyperf\_manager.py", line 118, in spawn_worker
    raise RuntimeError("%s failed with exit code %s"
                       % (cmd[0], exitcode))
RuntimeError: D:\CantorAI\xlang3\build-repro\Release\xlang3.exe failed with exit code 4294967295
ERROR: Benchmark async_tree_eager_io_tg timed out
[13/97] async_tree_eager_memoization...
.Full-case timeout: async_tree_eager_memoization exceeded 120 seconds
Traceback (most recent call last):
  File "D:\CantorAI\xlang3\venv\cpython3.14-a6792301b742-compat-31b33d68c68a\Lib\site-packages\pyperformance\data-files\benchmarks\bm_async_tree\run_benchmark.py", line 201, in <module>
    runner.bench_async_func(bench_name, async_tree.run)
    ~~~~~~~~~~~~~~~~~~~~~~~^^^^^^^^^^^^^^^^^^^^^^^^^^^^
  File "D:\CantorAI\xlang3\venv\cpython3.14-a6792301b742-compat-31b33d68c68a\Lib\site-packages\pyperf\_runner.py", line 613, in bench_async_func
    result = self._main(task)
  File "D:\CantorAI\xlang3\venv\cpython3.14-a6792301b742-compat-31b33d68c68a\Lib\site-packages\pyperf\_runner.py", line 468, in _main
    bench = self._manager()
  File "D:\CantorAI\xlang3\venv\cpython3.14-a6792301b742-compat-31b33d68c68a\Lib\site-packages\pyperf\_runner.py", line 681, in _manager
    bench = Manager(self).create_bench()
  File "D:\CantorAI\xlang3\venv\cpython3.14-a6792301b742-compat-31b33d68c68a\Lib\site-packages\pyperf\_manager.py", line 243, in create_bench
    worker_bench, run = self.create_worker_bench()
                        ~~~~~~~~~~~~~~~~~~~~~~~~^^
  File "D:\CantorAI\xlang3\venv\cpython3.14-a6792301b742-compat-31b33d68c68a\Lib\site-packages\pyperf\_manager.py", line 142, in create_worker_bench
    suite = self.create_suite()
  File "D:\CantorAI\xlang3\venv\cpython3.14-a6792301b742-compat-31b33d68c68a\Lib\site-packages\pyperf\_manager.py", line 136, in create_suite
    suite = self.spawn_worker(0, 0)
  File "D:\CantorAI\xlang3\venv\cpython3.14-a6792301b742-compat-31b33d68c68a\Lib\site-packages\pyperf\_manager.py", line 118, in spawn_worker
    raise RuntimeError("%s failed with exit code %s"
                       % (cmd[0], exitcode))
RuntimeError: D:\CantorAI\xlang3\build-repro\Release\xlang3.exe failed with exit code 4294967295
ERROR: Benchmark async_tree_eager_memoization timed out
[14/97] async_tree_eager_memoization_tg...
Full-case timeout: async_tree_eager_memoization_tg exceeded 120 seconds
Traceback (most recent call last):
  File "D:\CantorAI\xlang3\venv\cpython3.14-a6792301b742-compat-31b33d68c68a\Lib\site-packages\pyperformance\data-files\benchmarks\bm_async_tree\run_benchmark.py", line 201, in <module>
    runner.bench_async_func(bench_name, async_tree.run)
    ~~~~~~~~~~~~~~~~~~~~~~~^^^^^^^^^^^^^^^^^^^^^^^^^^^^
  File "D:\CantorAI\xlang3\venv\cpython3.14-a6792301b742-compat-31b33d68c68a\Lib\site-packages\pyperf\_runner.py", line 613, in bench_async_func
    result = self._main(task)
  File "D:\CantorAI\xlang3\venv\cpython3.14-a6792301b742-compat-31b33d68c68a\Lib\site-packages\pyperf\_runner.py", line 468, in _main
    bench = self._manager()
  File "D:\CantorAI\xlang3\venv\cpython3.14-a6792301b742-compat-31b33d68c68a\Lib\site-packages\pyperf\_runner.py", line 681, in _manager
    bench = Manager(self).create_bench()
  File "D:\CantorAI\xlang3\venv\cpython3.14-a6792301b742-compat-31b33d68c68a\Lib\site-packages\pyperf\_manager.py", line 243, in create_bench
    worker_bench, run = self.create_worker_bench()
                        ~~~~~~~~~~~~~~~~~~~~~~~~^^
  File "D:\CantorAI\xlang3\venv\cpython3.14-a6792301b742-compat-31b33d68c68a\Lib\site-packages\pyperf\_manager.py", line 142, in create_worker_bench
    suite = self.create_suite()
  File "D:\CantorAI\xlang3\venv\cpython3.14-a6792301b742-compat-31b33d68c68a\Lib\site-packages\pyperf\_manager.py", line 136, in create_suite
    suite = self.spawn_worker(0, 0)
  File "D:\CantorAI\xlang3\venv\cpython3.14-a6792301b742-compat-31b33d68c68a\Lib\site-packages\pyperf\_manager.py", line 118, in spawn_worker
    raise RuntimeError("%s failed with exit code %s"
                       % (cmd[0], exitcode))
RuntimeError: D:\CantorAI\xlang3\build-repro\Release\xlang3.exe failed with exit code 4294967295
.ERROR: Benchmark async_tree_eager_memoization_tg timed out
[15/97] async_tree_eager_tg...
Full-case timeout: async_tree_eager_tg exceeded 120 seconds
Traceback (most recent call last):
  File "D:\CantorAI\xlang3\venv\cpython3.14-a6792301b742-compat-31b33d68c68a\Lib\site-packages\pyperformance\data-files\benchmarks\bm_async_tree\run_benchmark.py", line 201, in <module>
    runner.bench_async_func(bench_name, async_tree.run)
    ~~~~~~~~~~~~~~~~~~~~~~~^^^^^^^^^^^^^^^^^^^^^^^^^^^^
  File "D:\CantorAI\xlang3\venv\cpython3.14-a6792301b742-compat-31b33d68c68a\Lib\site-packages\pyperf\_runner.py", line 613, in bench_async_func
    result = self._main(task)
  File "D:\CantorAI\xlang3\venv\cpython3.14-a6792301b742-compat-31b33d68c68a\Lib\site-packages\pyperf\_runner.py", line 468, in _main
    bench = self._manager()
  File "D:\CantorAI\xlang3\venv\cpython3.14-a6792301b742-compat-31b33d68c68a\Lib\site-packages\pyperf\_runner.py", line 681, in _manager
    bench = Manager(self).create_bench()
  File "D:\CantorAI\xlang3\venv\cpython3.14-a6792301b742-compat-31b33d68c68a\Lib\site-packages\pyperf\_manager.py", line 243, in create_bench
    worker_bench, run = self.create_worker_bench()
                        ~~~~~~~~~~~~~~~~~~~~~~~~^^
  File "D:\CantorAI\xlang3\venv\cpython3.14-a6792301b742-compat-31b33d68c68a\Lib\site-packages\pyperf\_manager.py", line 142, in create_worker_bench
    suite = self.create_suite()
  File "D:\CantorAI\xlang3\venv\cpython3.14-a6792301b742-compat-31b33d68c68a\Lib\site-packages\pyperf\_manager.py", line 136, in create_suite
    suite = self.spawn_worker(0, 0)
  File "D:\CantorAI\xlang3\venv\cpython3.14-a6792301b742-compat-31b33d68c68a\Lib\site-packages\pyperf\_manager.py", line 118, in spawn_worker
    raise RuntimeError("%s failed with exit code %s"
                       % (cmd[0], exitcode))
RuntimeError: D:\CantorAI\xlang3\build-repro\Release\xlang3.exe failed with exit code 4294967295
.ERROR: Benchmark async_tree_eager_tg timed out
[16/97] async_tree_io...
Full-case timeout: async_tree_io exceeded 120 seconds
Traceback (most recent call last):
  File "D:\CantorAI\xlang3\venv\cpython3.14-a6792301b742-compat-31b33d68c68a\Lib\site-packages\pyperformance\data-files\benchmarks\bm_async_tree\run_benchmark.py", line 201, in <module>
    runner.bench_async_func(bench_name, async_tree.run)
    ~~~~~~~~~~~~~~~~~~~~~~~^^^^^^^^^^^^^^^^^^^^^^^^^^^^
  File "D:\CantorAI\xlang3\venv\cpython3.14-a6792301b742-compat-31b33d68c68a\Lib\site-packages\pyperf\_runner.py", line 613, in bench_async_func
    result = self._main(task)
  File "D:\CantorAI\xlang3\venv\cpython3.14-a6792301b742-compat-31b33d68c68a\Lib\site-packages\pyperf\_runner.py", line 468, in _main
    bench = self._manager()
  File "D:\CantorAI\xlang3\venv\cpython3.14-a6792301b742-compat-31b33d68c68a\Lib\site-packages\pyperf\_runner.py", line 681, in _manager
    bench = Manager(self).create_bench()
  File "D:\CantorAI\xlang3\venv\cpython3.14-a6792301b742-compat-31b33d68c68a\Lib\site-packages\pyperf\_manager.py", line 243, in create_bench
    worker_bench, run = self.create_worker_bench()
                        ~~~~~~~~~~~~~~~~~~~~~~~~^^
  File "D:\CantorAI\xlang3\venv\cpython3.14-a6792301b742-compat-31b33d68c68a\Lib\site-packages\pyperf\_manager.py", line 142, in create_worker_bench
    suite = self.create_suite()
  File "D:\CantorAI\xlang3\venv\cpython3.14-a6792301b742-compat-31b33d68c68a\Lib\site-packages\pyperf\_manager.py", line 132, in create_suite
    suite = self.spawn_worker(self.calibrate_loops, 0)
  File "D:\CantorAI\xlang3\venv\cpython3.14-a6792301b742-compat-31b33d68c68a\Lib\site-packages\pyperf\_manager.py", line 118, in spawn_worker
    raise RuntimeError("%s failed with exit code %s"
                       % (cmd[0], exitcode))
RuntimeError: D:\CantorAI\xlang3\build-repro\Release\xlang3.exe failed with exit code 4294967295
ERROR: Benchmark async_tree_io timed out
[17/97] async_tree_io_tg...
Full-case timeout: async_tree_io_tg exceeded 120 seconds
Traceback (most recent call last):
  File "D:\CantorAI\xlang3\venv\cpython3.14-a6792301b742-compat-31b33d68c68a\Lib\site-packages\pyperformance\data-files\benchmarks\bm_async_tree\run_benchmark.py", line 201, in <module>
    runner.bench_async_func(bench_name, async_tree.run)
    ~~~~~~~~~~~~~~~~~~~~~~~^^^^^^^^^^^^^^^^^^^^^^^^^^^^
  File "D:\CantorAI\xlang3\venv\cpython3.14-a6792301b742-compat-31b33d68c68a\Lib\site-packages\pyperf\_runner.py", line 613, in bench_async_func
    result = self._main(task)
  File "D:\CantorAI\xlang3\venv\cpython3.14-a6792301b742-compat-31b33d68c68a\Lib\site-packages\pyperf\_runner.py", line 468, in _main
    bench = self._manager()
  File "D:\CantorAI\xlang3\venv\cpython3.14-a6792301b742-compat-31b33d68c68a\Lib\site-packages\pyperf\_runner.py", line 681, in _manager
    bench = Manager(self).create_bench()
  File "D:\CantorAI\xlang3\venv\cpython3.14-a6792301b742-compat-31b33d68c68a\Lib\site-packages\pyperf\_manager.py", line 243, in create_bench
    worker_bench, run = self.create_worker_bench()
                        ~~~~~~~~~~~~~~~~~~~~~~~~^^
  File "D:\CantorAI\xlang3\venv\cpython3.14-a6792301b742-compat-31b33d68c68a\Lib\site-packages\pyperf\_manager.py", line 142, in create_worker_bench
    suite = self.create_suite()
  File "D:\CantorAI\xlang3\venv\cpython3.14-a6792301b742-compat-31b33d68c68a\Lib\site-packages\pyperf\_manager.py", line 132, in create_suite
    suite = self.spawn_worker(self.calibrate_loops, 0)
  File "D:\CantorAI\xlang3\venv\cpython3.14-a6792301b742-compat-31b33d68c68a\Lib\site-packages\pyperf\_manager.py", line 118, in spawn_worker
    raise RuntimeError("%s failed with exit code %s"
                       % (cmd[0], exitcode))
RuntimeError: D:\CantorAI\xlang3\build-repro\Release\xlang3.exe failed with exit code 4294967295
ERROR: Benchmark async_tree_io_tg timed out
[18/97] async_tree_memoization...
Full-case timeout: async_tree_memoization exceeded 120 seconds
Traceback (most recent call last):
  File "D:\CantorAI\xlang3\venv\cpython3.14-a6792301b742-compat-31b33d68c68a\Lib\site-packages\pyperformance\data-files\benchmarks\bm_async_tree\run_benchmark.py", line 201, in <module>
    runner.bench_async_func(bench_name, async_tree.run)
    ~~~~~~~~~~~~~~~~~~~~~~~^^^^^^^^^^^^^^^^^^^^^^^^^^^^
  File "D:\CantorAI\xlang3\venv\cpython3.14-a6792301b742-compat-31b33d68c68a\Lib\site-packages\pyperf\_runner.py", line 613, in bench_async_func
    result = self._main(task)
  File "D:\CantorAI\xlang3\venv\cpython3.14-a6792301b742-compat-31b33d68c68a\Lib\site-packages\pyperf\_runner.py", line 468, in _main
    bench = self._manager()
  File "D:\CantorAI\xlang3\venv\cpython3.14-a6792301b742-compat-31b33d68c68a\Lib\site-packages\pyperf\_runner.py", line 681, in _manager
    bench = Manager(self).create_bench()
  File "D:\CantorAI\xlang3\venv\cpython3.14-a6792301b742-compat-31b33d68c68a\Lib\site-packages\pyperf\_manager.py", line 243, in create_bench
    worker_bench, run = self.create_worker_bench()
                        ~~~~~~~~~~~~~~~~~~~~~~~~^^
  File "D:\CantorAI\xlang3\venv\cpython3.14-a6792301b742-compat-31b33d68c68a\Lib\site-packages\pyperf\_manager.py", line 142, in create_worker_bench
    suite = self.create_suite()
  File "D:\CantorAI\xlang3\venv\cpython3.14-a6792301b742-compat-31b33d68c68a\Lib\site-packages\pyperf\_manager.py", line 136, in create_suite
    suite = self.spawn_worker(0, 0)
  File "D:\CantorAI\xlang3\venv\cpython3.14-a6792301b742-compat-31b33d68c68a\Lib\site-packages\pyperf\_manager.py", line 118, in spawn_worker
    raise RuntimeError("%s failed with exit code %s"
                       % (cmd[0], exitcode))
RuntimeError: D:\CantorAI\xlang3\build-repro\Release\xlang3.exe failed with exit code 4294967295
.ERROR: Benchmark async_tree_memoization timed out
[19/97] async_tree_memoization_tg...
Full-case timeout: async_tree_memoization_tg exceeded 120 seconds
Traceback (most recent call last):
  File "D:\CantorAI\xlang3\venv\cpython3.14-a6792301b742-compat-31b33d68c68a\Lib\site-packages\pyperformance\data-files\benchmarks\bm_async_tree\run_benchmark.py", line 201, in <module>
    runner.bench_async_func(bench_name, async_tree.run)
    ~~~~~~~~~~~~~~~~~~~~~~~^^^^^^^^^^^^^^^^^^^^^^^^^^^^
  File "D:\CantorAI\xlang3\venv\cpython3.14-a6792301b742-compat-31b33d68c68a\Lib\site-packages\pyperf\_runner.py", line 613, in bench_async_func
    result = self._main(task)
  File "D:\CantorAI\xlang3\venv\cpython3.14-a6792301b742-compat-31b33d68c68a\Lib\site-packages\pyperf\_runner.py", line 468, in _main
    bench = self._manager()
  File "D:\CantorAI\xlang3\venv\cpython3.14-a6792301b742-compat-31b33d68c68a\Lib\site-packages\pyperf\_runner.py", line 681, in _manager
    bench = Manager(self).create_bench()
  File "D:\CantorAI\xlang3\venv\cpython3.14-a6792301b742-compat-31b33d68c68a\Lib\site-packages\pyperf\_manager.py", line 243, in create_bench
    worker_bench, run = self.create_worker_bench()
                        ~~~~~~~~~~~~~~~~~~~~~~~~^^
  File "D:\CantorAI\xlang3\venv\cpython3.14-a6792301b742-compat-31b33d68c68a\Lib\site-packages\pyperf\_manager.py", line 142, in create_worker_bench
    suite = self.create_suite()
  File "D:\CantorAI\xlang3\venv\cpython3.14-a6792301b742-compat-31b33d68c68a\Lib\site-packages\pyperf\_manager.py", line 136, in create_suite
    suite = self.spawn_worker(0, 0)
  File "D:\CantorAI\xlang3\venv\cpython3.14-a6792301b742-compat-31b33d68c68a\Lib\site-packages\pyperf\_manager.py", line 118, in spawn_worker
    raise RuntimeError("%s failed with exit code %s"
                       % (cmd[0], exitcode))
RuntimeError: D:\CantorAI\xlang3\build-repro\Release\xlang3.exe failed with exit code 4294967295
.ERROR: Benchmark async_tree_memoization_tg timed out
[20/97] async_tree_tg...
Full-case timeout: async_tree_tg exceeded 120 seconds
Traceback (most recent call last):
  File "D:\CantorAI\xlang3\venv\cpython3.14-a6792301b742-compat-31b33d68c68a\Lib\site-packages\pyperformance\data-files\benchmarks\bm_async_tree\run_benchmark.py", line 201, in <module>
    runner.bench_async_func(bench_name, async_tree.run)
    ~~~~~~~~~~~~~~~~~~~~~~~^^^^^^^^^^^^^^^^^^^^^^^^^^^^
  File "D:\CantorAI\xlang3\venv\cpython3.14-a6792301b742-compat-31b33d68c68a\Lib\site-packages\pyperf\_runner.py", line 613, in bench_async_func
    result = self._main(task)
  File "D:\CantorAI\xlang3\venv\cpython3.14-a6792301b742-compat-31b33d68c68a\Lib\site-packages\pyperf\_runner.py", line 468, in _main
    bench = self._manager()
  File "D:\CantorAI\xlang3\venv\cpython3.14-a6792301b742-compat-31b33d68c68a\Lib\site-packages\pyperf\_runner.py", line 681, in _manager
    bench = Manager(self).create_bench()
  File "D:\CantorAI\xlang3\venv\cpython3.14-a6792301b742-compat-31b33d68c68a\Lib\site-packages\pyperf\_manager.py", line 243, in create_bench
    worker_bench, run = self.create_worker_bench()
                        ~~~~~~~~~~~~~~~~~~~~~~~~^^
  File "D:\CantorAI\xlang3\venv\cpython3.14-a6792301b742-compat-31b33d68c68a\Lib\site-packages\pyperf\_manager.py", line 142, in create_worker_bench
    suite = self.create_suite()
  File "D:\CantorAI\xlang3\venv\cpython3.14-a6792301b742-compat-31b33d68c68a\Lib\site-packages\pyperf\_manager.py", line 136, in create_suite
    suite = self.spawn_worker(0, 0)
  File "D:\CantorAI\xlang3\venv\cpython3.14-a6792301b742-compat-31b33d68c68a\Lib\site-packages\pyperf\_manager.py", line 118, in spawn_worker
    raise RuntimeError("%s failed with exit code %s"
                       % (cmd[0], exitcode))
RuntimeError: D:\CantorAI\xlang3\build-repro\Release\xlang3.exe failed with exit code 4294967295
.ERROR: Benchmark async_tree_tg timed out
[21/97] asyncio_tcp...
........Full-case timeout: asyncio_tcp exceeded 120 seconds
...
WARNING: the benchmark result may be unstable
* Not enough samples to get a stable result (95% certainly of less than 1% variation)

Try to rerun the benchmark with more runs, values and/or loops.
Run 'xlang3.exe -m pyperf system tune' command to reduce the system jitter.
Use pyperf stats, pyperf dump and pyperf hist to analyze results.
Use --quiet option to hide these warnings.

asyncio_tcp: Mean +- std dev: 4.47 sec +- 0.17 sec
ERROR: Benchmark asyncio_tcp timed out
[22/97] asyncio_tcp_ssl...
...Full-case timeout: asyncio_tcp_ssl exceeded 120 seconds
Traceback (most recent call last):
  File "D:\CantorAI\xlang3\venv\cpython3.14-a6792301b742-compat-31b33d68c68a\Lib\site-packages\pyperformance\data-files\benchmarks\bm_asyncio_tcp\run_benchmark.py", line 72, in <module>
    runner.bench_async_func(name, main, args.ssl)
    ~~~~~~~~~~~~~~~~~~~~~~~^^^^^^^^^^^^^^^^^^^^^^
  File "D:\CantorAI\xlang3\venv\cpython3.14-a6792301b742-compat-31b33d68c68a\Lib\site-packages\pyperf\_runner.py", line 613, in bench_async_func
    result = self._main(task)
  File "D:\CantorAI\xlang3\venv\cpython3.14-a6792301b742-compat-31b33d68c68a\Lib\site-packages\pyperf\_runner.py", line 468, in _main
    bench = self._manager()
  File "D:\CantorAI\xlang3\venv\cpython3.14-a6792301b742-compat-31b33d68c68a\Lib\site-packages\pyperf\_runner.py", line 681, in _manager
    bench = Manager(self).create_bench()
  File "D:\CantorAI\xlang3\venv\cpython3.14-a6792301b742-compat-31b33d68c68a\Lib\site-packages\pyperf\_manager.py", line 243, in create_bench
    worker_bench, run = self.create_worker_bench()
                        ~~~~~~~~~~~~~~~~~~~~~~~~^^
  File "D:\CantorAI\xlang3\venv\cpython3.14-a6792301b742-compat-31b33d68c68a\Lib\site-packages\pyperf\_manager.py", line 142, in create_worker_bench
    suite = self.create_suite()
  File "D:\CantorAI\xlang3\venv\cpython3.14-a6792301b742-compat-31b33d68c68a\Lib\site-packages\pyperf\_manager.py", line 136, in create_suite
    suite = self.spawn_worker(0, 0)
  File "D:\CantorAI\xlang3\venv\cpython3.14-a6792301b742-compat-31b33d68c68a\Lib\site-packages\pyperf\_manager.py", line 118, in spawn_worker
    raise RuntimeError("%s failed with exit code %s"
                       % (cmd[0], exitcode))
RuntimeError: D:\CantorAI\xlang3\build-repro\Release\xlang3.exe failed with exit code 4294967295
...ERROR: Benchmark asyncio_tcp_ssl timed out
[23/97] asyncio_websockets...
Traceback (most recent call last):
  File "D:\CantorAI\xlang3\venv\cpython3.14-a6792301b742-compat-31b33d68c68a\Lib\site-packages\pyperformance\data-files\benchmarks\bm_asyncio_websockets\run_benchmark.py", line 9, in <module>
    import websockets.server
  File "D:\CantorAI\xlang3\venv\cpython3.14-a6792301b742-compat-31b33d68c68a\Lib\site-packages\websockets\server.py", line 11, in <module>
    from .exceptions import (
    ...<7 lines>...
    )
  File "D:\CantorAI\xlang3\venv\cpython3.14-a6792301b742-compat-31b33d68c68a\Lib\site-packages\websockets\exceptions.py", line 36, in <module>
    from . import datastructures, frames, http11
  File "D:\CantorAI\xlang3\venv\cpython3.14-a6792301b742-compat-31b33d68c68a\Lib\site-packages\websockets\frames.py", line 3, in <module>
    import dataclasses
  File "C:\Python\Python313\Lib\dataclasses.py", line 3, in <module>
    import copy
  File "C:\Python\Python313\Lib\copy.py", line 115, in <module>
    d[bytearray] = bytearray.copy
                   ^^^^^^^^^^^^^^
AttributeError: type object 'bytearray' has no attribute 'copy'
Traceback (most recent call last):
  File "D:\CantorAI\xlang3\venv\cpython3.14-a6792301b742-compat-31b33d68c68a\Lib\site-packages\pyperformance\run.py", line 171, in run_benchmarks
    result = bench.run(
        bench_venv.python,
    ...<3 lines>...
        verbose=options.verbose,
    )
  File "D:\CantorAI\xlang3\benchmarks\diagnostics\run_pyperformance_xlang3_shimmed.py", line 81, in run_named_benchmark
    return original_benchmark_run(benchmark, *positional, **keywords)
  File "D:\CantorAI\xlang3\venv\cpython3.14-a6792301b742-compat-31b33d68c68a\Lib\site-packages\pyperformance\_benchmark.py", line 193, in run
    bench = _run_perf_script(
        python,
    ...<4 lines>...
        verbose=verbose,
    )
  File "D:\CantorAI\xlang3\venv\cpython3.14-a6792301b742-compat-31b33d68c68a\Lib\site-packages\pyperformance\_benchmark.py", line 250, in _run_perf_script
    raise RuntimeError("Benchmark died")
RuntimeError: Benchmark died
ERROR: Benchmark asyncio_websockets failed: Benchmark died
[24/97] base64...
..Full-case timeout: base64 exceeded 120 seconds
Traceback (most recent call last):
  File "D:\CantorAI\xlang3\venv\cpython3.14-a6792301b742-compat-31b33d68c68a\Lib\site-packages\pyperformance\data-files\benchmarks\bm_base64\run_benchmark.py", line 262, in <module>
    runner.bench_time_func('base64_small', bench_b64_small)
    ~~~~~~~~~~~~~~~~~~~~~~^^^^^^^^^^^^^^^^^^^^^^^^^^^^^^^^^
  File "D:\CantorAI\xlang3\venv\cpython3.14-a6792301b742-compat-31b33d68c68a\Lib\site-packages\pyperf\_runner.py", line 502, in bench_time_func
    result = self._main(task)
  File "D:\CantorAI\xlang3\venv\cpython3.14-a6792301b742-compat-31b33d68c68a\Lib\site-packages\pyperf\_runner.py", line 468, in _main
    bench = self._manager()
  File "D:\CantorAI\xlang3\venv\cpython3.14-a6792301b742-compat-31b33d68c68a\Lib\site-packages\pyperf\_runner.py", line 681, in _manager
    bench = Manager(self).create_bench()
  File "D:\CantorAI\xlang3\venv\cpython3.14-a6792301b742-compat-31b33d68c68a\Lib\site-packages\pyperf\_manager.py", line 243, in create_bench
    worker_bench, run = self.create_worker_bench()
                        ~~~~~~~~~~~~~~~~~~~~~~~~^^
  File "D:\CantorAI\xlang3\venv\cpython3.14-a6792301b742-compat-31b33d68c68a\Lib\site-packages\pyperf\_manager.py", line 142, in create_worker_bench
    suite = self.create_suite()
  File "D:\CantorAI\xlang3\venv\cpython3.14-a6792301b742-compat-31b33d68c68a\Lib\site-packages\pyperf\_manager.py", line 136, in create_suite
    suite = self.spawn_worker(0, 0)
  File "D:\CantorAI\xlang3\venv\cpython3.14-a6792301b742-compat-31b33d68c68a\Lib\site-packages\pyperf\_manager.py", line 118, in spawn_worker
    raise RuntimeError("%s failed with exit code %s"
                       % (cmd[0], exitcode))
RuntimeError: D:\CantorAI\xlang3\build-repro\Release\xlang3.exe failed with exit code 4294967295
.ERROR: Benchmark base64 timed out
[25/97] bpe_tokeniser...
Full-case timeout: bpe_tokeniser exceeded 120 seconds
Traceback (most recent call last):
  File "D:\CantorAI\xlang3\venv\cpython3.14-a6792301b742-compat-31b33d68c68a\Lib\site-packages\pyperformance\data-files\benchmarks\bm_bpe_tokeniser\run_benchmark.py", line 157, in <module>
    runner.bench_time_func("bpe_tokeniser", bench_bpe_tokeniser)
    ~~~~~~~~~~~~~~~~~~~~~~^^^^^^^^^^^^^^^^^^^^^^^^^^^^^^^^^^^^^^
  File "D:\CantorAI\xlang3\venv\cpython3.14-a6792301b742-compat-31b33d68c68a\Lib\site-packages\pyperf\_runner.py", line 502, in bench_time_func
    result = self._main(task)
  File "D:\CantorAI\xlang3\venv\cpython3.14-a6792301b742-compat-31b33d68c68a\Lib\site-packages\pyperf\_runner.py", line 468, in _main
    bench = self._manager()
  File "D:\CantorAI\xlang3\venv\cpython3.14-a6792301b742-compat-31b33d68c68a\Lib\site-packages\pyperf\_runner.py", line 681, in _manager
    bench = Manager(self).create_bench()
  File "D:\CantorAI\xlang3\venv\cpython3.14-a6792301b742-compat-31b33d68c68a\Lib\site-packages\pyperf\_manager.py", line 243, in create_bench
    worker_bench, run = self.create_worker_bench()
                        ~~~~~~~~~~~~~~~~~~~~~~~~^^
  File "D:\CantorAI\xlang3\venv\cpython3.14-a6792301b742-compat-31b33d68c68a\Lib\site-packages\pyperf\_manager.py", line 142, in create_worker_bench
    suite = self.create_suite()
  File "D:\CantorAI\xlang3\venv\cpython3.14-a6792301b742-compat-31b33d68c68a\Lib\site-packages\pyperf\_manager.py", line 132, in create_suite
    suite = self.spawn_worker(self.calibrate_loops, 0)
  File "D:\CantorAI\xlang3\venv\cpython3.14-a6792301b742-compat-31b33d68c68a\Lib\site-packages\pyperf\_manager.py", line 118, in spawn_worker
    raise RuntimeError("%s failed with exit code %s"
                       % (cmd[0], exitcode))
RuntimeError: D:\CantorAI\xlang3\build-repro\Release\xlang3.exe failed with exit code 4294967295
ERROR: Benchmark bpe_tokeniser timed out
[26/97] chameleon...
Traceback (most recent call last):
  File "D:\CantorAI\xlang3\venv\cpython3.14-a6792301b742-compat-31b33d68c68a\Lib\site-packages\pyperformance\data-files\benchmarks\bm_chameleon\run_benchmark.py", line 5, in <module>
    from chameleon import PageTemplate
  File "D:\CantorAI\xlang3\venv\cpython3.14-a6792301b742-compat-31b33d68c68a\Lib\site-packages\chameleon\__init__.py", line 2, in <module>
    from chameleon.zpt.loader import TemplateLoader as PageTemplateLoader
  File "D:\CantorAI\xlang3\venv\cpython3.14-a6792301b742-compat-31b33d68c68a\Lib\site-packages\chameleon\zpt\loader.py", line 9, in <module>
    from chameleon.zpt import template
  File "D:\CantorAI\xlang3\venv\cpython3.14-a6792301b742-compat-31b33d68c68a\Lib\site-packages\chameleon\zpt\template.py", line 11, in <module>
    from chameleon.astutil import Symbol
  File "D:\CantorAI\xlang3\venv\cpython3.14-a6792301b742-compat-31b33d68c68a\Lib\site-packages\chameleon\astutil.py", line 6, in <module>
    from copy import deepcopy
  File "C:\Python\Python313\Lib\copy.py", line 115, in <module>
    d[bytearray] = bytearray.copy
                   ^^^^^^^^^^^^^^
AttributeError: type object 'bytearray' has no attribute 'copy'
Traceback (most recent call last):
  File "D:\CantorAI\xlang3\venv\cpython3.14-a6792301b742-compat-31b33d68c68a\Lib\site-packages\pyperformance\run.py", line 171, in run_benchmarks
    result = bench.run(
        bench_venv.python,
    ...<3 lines>...
        verbose=options.verbose,
    )
  File "D:\CantorAI\xlang3\benchmarks\diagnostics\run_pyperformance_xlang3_shimmed.py", line 81, in run_named_benchmark
    return original_benchmark_run(benchmark, *positional, **keywords)
  File "D:\CantorAI\xlang3\venv\cpython3.14-a6792301b742-compat-31b33d68c68a\Lib\site-packages\pyperformance\_benchmark.py", line 193, in run
    bench = _run_perf_script(
        python,
    ...<4 lines>...
        verbose=verbose,
    )
  File "D:\CantorAI\xlang3\venv\cpython3.14-a6792301b742-compat-31b33d68c68a\Lib\site-packages\pyperformance\_benchmark.py", line 250, in _run_perf_script
    raise RuntimeError("Benchmark died")
RuntimeError: Benchmark died
ERROR: Benchmark chameleon failed: Benchmark died
[27/97] chaos...
...........
WARNING: the benchmark result may be unstable
* Not enough samples to get a stable result (95% certainly of less than 1% variation)

Try to rerun the benchmark with more runs, values and/or loops.
Run 'xlang3.exe -m pyperf system tune' command to reduce the system jitter.
Use pyperf stats, pyperf dump and pyperf hist to analyze results.
Use --quiet option to hide these warnings.

chaos: Mean +- std dev: 483 ms +- 28 ms
[28/97] comprehensions...
Traceback (most recent call last):
  File "D:\CantorAI\xlang3\venv\cpython3.14-a6792301b742-compat-31b33d68c68a\Lib\site-packages\pyperformance\data-files\benchmarks\bm_comprehensions\run_benchmark.py", line 7, in <module>
    from dataclasses import dataclass
  File "C:\Python\Python313\Lib\dataclasses.py", line 3, in <module>
    import copy
  File "C:\Python\Python313\Lib\copy.py", line 115, in <module>
    d[bytearray] = bytearray.copy
                   ^^^^^^^^^^^^^^
AttributeError: type object 'bytearray' has no attribute 'copy'
Traceback (most recent call last):
  File "D:\CantorAI\xlang3\venv\cpython3.14-a6792301b742-compat-31b33d68c68a\Lib\site-packages\pyperformance\run.py", line 171, in run_benchmarks
    result = bench.run(
        bench_venv.python,
    ...<3 lines>...
        verbose=options.verbose,
    )
  File "D:\CantorAI\xlang3\benchmarks\diagnostics\run_pyperformance_xlang3_shimmed.py", line 81, in run_named_benchmark
    return original_benchmark_run(benchmark, *positional, **keywords)
  File "D:\CantorAI\xlang3\venv\cpython3.14-a6792301b742-compat-31b33d68c68a\Lib\site-packages\pyperformance\_benchmark.py", line 193, in run
    bench = _run_perf_script(
        python,
    ...<4 lines>...
        verbose=verbose,
    )
  File "D:\CantorAI\xlang3\venv\cpython3.14-a6792301b742-compat-31b33d68c68a\Lib\site-packages\pyperformance\_benchmark.py", line 250, in _run_perf_script
    raise RuntimeError("Benchmark died")
RuntimeError: Benchmark died
ERROR: Benchmark comprehensions failed: Benchmark died
[29/97] concurrent_imap...
Traceback (most recent call last):
  File "D:\CantorAI\xlang3\venv\cpython3.14-a6792301b742-compat-31b33d68c68a\Lib\site-packages\pyperformance\data-files\benchmarks\bm_concurrent_imap\run_benchmark.py", line 31, in <module>
    runner.bench_func("bench_mp_pool", bench_mp_pool, num_core, count, chunk)
    ~~~~~~~~~~~~~~~~~^^^^^^^^^^^^^^^^^^^^^^^^^^^^^^^^^^^^^^^^^^^^^^^^^^^^^^^^
  File "D:\CantorAI\xlang3\venv\cpython3.14-a6792301b742-compat-31b33d68c68a\Lib\site-packages\pyperf\_runner.py", line 545, in bench_func
    result = self._main(task)
  File "D:\CantorAI\xlang3\venv\cpython3.14-a6792301b742-compat-31b33d68c68a\Lib\site-packages\pyperf\_runner.py", line 463, in _main
    bench = self._worker(task)
  File "D:\CantorAI\xlang3\venv\cpython3.14-a6792301b742-compat-31b33d68c68a\Lib\site-packages\pyperf\_runner.py", line 437, in _worker
    run = task.create_run()
  File "D:\CantorAI\xlang3\venv\cpython3.14-a6792301b742-compat-31b33d68c68a\Lib\site-packages\pyperf\_worker.py", line 300, in create_run
    self.compute()
    ~~~~~~~~~~~~^^
  File "D:\CantorAI\xlang3\venv\cpython3.14-a6792301b742-compat-31b33d68c68a\Lib\site-packages\pyperf\_worker.py", line 364, in compute
    WorkerTask.compute(self)
    ~~~~~~~~~~~~~~~~~~^^^^^^
  File "D:\CantorAI\xlang3\venv\cpython3.14-a6792301b742-compat-31b33d68c68a\Lib\site-packages\pyperf\_worker.py", line 287, in compute
    self.calibrate_loops()
    ~~~~~~~~~~~~~~~~~~~~^^
  File "D:\CantorAI\xlang3\venv\cpython3.14-a6792301b742-compat-31b33d68c68a\Lib\site-packages\pyperf\_worker.py", line 250, in calibrate_loops
    self._compute_values(self.warmups, nvalue,
    ~~~~~~~~~~~~~~~~~~~~^^^^^^^^^^^^^^^^^^^^^^
                         is_warmup=True,
                         ^^^^^^^^^^^^^^^
                         calibrate_loops=True)
                         ^^^^^^^^^^^^^^^^^^^^^
  File "D:\CantorAI\xlang3\venv\cpython3.14-a6792301b742-compat-31b33d68c68a\Lib\site-packages\pyperf\_worker.py", line 76, in _compute_values
    with contextlib.ExitStack() as stack:
    ^^^^^^^^^^^^^^^^^^^^^^^^^^^^^^^^^^^^^
    ...<4 lines>...
    raw_value = float(raw_value)
    
  File "D:\CantorAI\xlang3\venv\cpython3.14-a6792301b742-compat-31b33d68c68a\Lib\site-packages\pyperf\_worker.py", line 79, in _compute_values
    raw_value = task_func(self, self.loops)
  File "D:\CantorAI\xlang3\venv\cpython3.14-a6792301b742-compat-31b33d68c68a\Lib\site-packages\pyperf\_runner.py", line 538, in task_func
    local_func()
    ~~~~~~~~~~^^
  File "C:\Python\Python313\Lib\functools.py", line 304, in __call__
    return self.func(*self.args, *args, **keywords)
           ~~~~~~~~~^^^^^^^^^^^^^^^^^^^^^^^^^^^^^^^
  File "D:\CantorAI\xlang3\venv\cpython3.14-a6792301b742-compat-31b33d68c68a\Lib\site-packages\pyperformance\data-files\benchmarks\bm_concurrent_imap\run_benchmark.py", line 14, in bench_mp_pool
    with Pool(p) as pool:
         ~~~~^^^
  File "C:\Python\Python313\Lib\multiprocessing\pool.py", line 215, in __init__
    self._repopulate_pool()
    ~~~~~~~~~~~~~~~~~~~~~^^
  File "C:\Python\Python313\Lib\multiprocessing\pool.py", line 306, in _repopulate_pool
    return self._repopulate_pool_static(self._ctx, self.Process,
           ~~~~~~~~~~~~~~~~~~~~~~~~~~~~^^^^^^^^^^^^^^^^^^^^^^^^^
                                        self._processes,
                                        ^^^^^^^^^^^^^^^^
    ...<3 lines>...
                                        self._maxtasksperchild,
                                        ^^^^^^^^^^^^^^^^^^^^^^^
                                        self._wrap_exception)
                                        ^^^^^^^^^^^^^^^^^^^^^
  File "C:\Python\Python313\Lib\multiprocessing\pool.py", line 329, in _repopulate_pool_static
    w.start()
    ~~~~~~~^^
  File "C:\Python\Python313\Lib\multiprocessing\process.py", line 121, in start
    self._popen = self._Popen(self)
                  ~~~~~~~~~~~^^^^^^
  File "C:\Python\Python313\Lib\multiprocessing\context.py", line 337, in _Popen
    return Popen(process_obj)
  File "C:\Python\Python313\Lib\multiprocessing\popen_spawn_win32.py", line 73, in __init__
        with open(wfd, 'wb', closefd=True) as to_child:
        ^^^^^^^^^^^^^^^^^^^^^^^^^^^^^^^^^^^^^^^^^^^^^^^
    ...<27 lines>...
    def duplicate_for_child(self, handle):
    ^^^^
  File "C:\Python\Python313\Lib\multiprocessing\popen_spawn_win32.py", line 97, in __init__
    reduction.dump(process_obj, to_child)
    ~~~~~~~~~~~~~~^^^^^^^^^^^^^^^^^^^^^^^
  File "C:\Python\Python313\Lib\multiprocessing\reduction.py", line 60, in dump
    ForkingPickler(file, protocol).dump(obj)
    ~~~~~~~~~~~~~~~~~~~~~~~~~~~~~~~~~~~^^^^^
  File "C:\Python\Python313\Lib\pickle.py", line 484, in dump
    self.save(obj)
    ~~~~~~~~~^^^^^
  File "C:\Python\Python313\Lib\pickle.py", line 601, in save
    self.save_reduce(obj=obj, *rv)
    ~~~~~~~~~~~~~~~~^^^^^^^^^^^^^^
  File "C:\Python\Python313\Lib\pickle.py", line 715, in save_reduce
    save(state)
    ~~~~^^^^^^^
  File "C:\Python\Python313\Lib\pickle.py", line 558, in save
    f(self, obj)  # Call unbound method with explicit self
    ~^^^^^^^^^^^
  File "C:\Python\Python313\Lib\pickle.py", line 990, in save_dict
    self._batch_setitems(obj.items())
    ~~~~~~~~~~~~~~~~~~~~^^^^^^^^^^^^^
  File "C:\Python\Python313\Lib\pickle.py", line 1014, in _batch_setitems
    save(v)
    ~~~~^^^
  File "C:\Python\Python313\Lib\pickle.py", line 558, in save
    f(self, obj)  # Call unbound method with explicit self
    ~^^^^^^^^^^^
  File "C:\Python\Python313\Lib\pickle.py", line 920, in save_tuple
    save(element)
    ~~~~^^^^^^^^^
  File "C:\Python\Python313\Lib\pickle.py", line 601, in save
    self.save_reduce(obj=obj, *rv)
    ~~~~~~~~~~~~~~~~^^^^^^^^^^^^^^
  File "C:\Python\Python313\Lib\pickle.py", line 715, in save_reduce
    save(state)
    ~~~~^^^^^^^
  File "C:\Python\Python313\Lib\pickle.py", line 558, in save
    f(self, obj)  # Call unbound method with explicit self
    ~^^^^^^^^^^^
  File "C:\Python\Python313\Lib\pickle.py", line 920, in save_tuple
    save(element)
    ~~~~^^^^^^^^^
  File "C:\Python\Python313\Lib\pickle.py", line 576, in save
    rv = reduce(self.proto)
  File "C:\Python\Python313\Lib\multiprocessing\synchronize.py", line 104, in __getstate__
    h = context.get_spawning_popen().duplicate_for_child(sl.handle)
  File "C:\Python\Python313\Lib\multiprocessing\popen_spawn_win32.py", line 103, in duplicate_for_child
    return reduction.duplicate(handle, self.sentinel)
           ~~~~~~~~~~~~~~~~~~~^^^^^^^^^^^^^^^^^^^^^^^
  File "C:\Python\Python313\Lib\multiprocessing\reduction.py", line 79, in duplicate
    return _winapi.DuplicateHandle(
           ~~~~~~~~~~~~~~~~~~~~~~~^
        source_process, handle, target_process,
        ^^^^^^^^^^^^^^^^^^^^^^^^^^^^^^^^^^^^^^^
        0, inheritable, _winapi.DUPLICATE_SAME_ACCESS)
        ^^^^^^^^^^^^^^^^^^^^^^^^^^^^^^^^^^^^^^^^^^^^^^
OSError: DuplicateHandle failed with Win32 error 6
Traceback (most recent call last):
  File "D:\CantorAI\xlang3\venv\cpython3.14-a6792301b742-compat-31b33d68c68a\Lib\site-packages\pyperformance\data-files\benchmarks\bm_concurrent_imap\run_benchmark.py", line 31, in <module>
    runner.bench_func("bench_mp_pool", bench_mp_pool, num_core, count, chunk)
    ~~~~~~~~~~~~~~~~~^^^^^^^^^^^^^^^^^^^^^^^^^^^^^^^^^^^^^^^^^^^^^^^^^^^^^^^^
  File "D:\CantorAI\xlang3\venv\cpython3.14-a6792301b742-compat-31b33d68c68a\Lib\site-packages\pyperf\_runner.py", line 545, in bench_func
    result = self._main(task)
  File "D:\CantorAI\xlang3\venv\cpython3.14-a6792301b742-compat-31b33d68c68a\Lib\site-packages\pyperf\_runner.py", line 468, in _main
    bench = self._manager()
  File "D:\CantorAI\xlang3\venv\cpython3.14-a6792301b742-compat-31b33d68c68a\Lib\site-packages\pyperf\_runner.py", line 681, in _manager
    bench = Manager(self).create_bench()
  File "D:\CantorAI\xlang3\venv\cpython3.14-a6792301b742-compat-31b33d68c68a\Lib\site-packages\pyperf\_manager.py", line 243, in create_bench
    worker_bench, run = self.create_worker_bench()
                        ~~~~~~~~~~~~~~~~~~~~~~~~^^
  File "D:\CantorAI\xlang3\venv\cpython3.14-a6792301b742-compat-31b33d68c68a\Lib\site-packages\pyperf\_manager.py", line 142, in create_worker_bench
    suite = self.create_suite()
  File "D:\CantorAI\xlang3\venv\cpython3.14-a6792301b742-compat-31b33d68c68a\Lib\site-packages\pyperf\_manager.py", line 132, in create_suite
    suite = self.spawn_worker(self.calibrate_loops, 0)
  File "D:\CantorAI\xlang3\venv\cpython3.14-a6792301b742-compat-31b33d68c68a\Lib\site-packages\pyperf\_manager.py", line 118, in spawn_worker
    raise RuntimeError("%s failed with exit code %s"
                       % (cmd[0], exitcode))
RuntimeError: D:\CantorAI\xlang3\build-repro\Release\xlang3.exe failed with exit code 1
Traceback (most recent call last):
  File "<string>", line 1, in <module>
    from multiprocessing.spawn import spawn_main; spawn_main(parent_pid=7188, pipe_handle=576)
                                                  ~~~~~~~~~~^^^^^^^^^^^^^^^^^^^^^^^^^^^^^^^^^^
  File "C:\Python\Python313\Lib\multiprocessing\spawn.py", line 108, in spawn_main
    source_process = _winapi.OpenProcess(
        _winapi.SYNCHRONIZE | _winapi.PROCESS_DUP_HANDLE,
        False, parent_pid)
OSError: OpenProcess failed with Win32 error 87
Traceback (most recent call last):
ERROR: Benchmark concurrent_imap failed: Benchmark died
[30/97] coroutines...
  File "D:\CantorAI\xlang3\venv\cpython3.14-a6792301b742-compat-31b33d68c68a\Lib\site-packages\pyperformance\run.py", line 171, in run_benchmarks
    result = bench.run(
        bench_venv.python,
    ...<3 lines>...
        verbose=options.verbose,
    )
  File "D:\CantorAI\xlang3\benchmarks\diagnostics\run_pyperformance_xlang3_shimmed.py", line 81, in run_named_benchmark
    return original_benchmark_run(benchmark, *positional, **keywords)
  File "D:\CantorAI\xlang3\venv\cpython3.14-a6792301b742-compat-31b33d68c68a\Lib\site-packages\pyperformance\_benchmark.py", line 193, in run
    bench = _run_perf_script(
        python,
    ...<4 lines>...
        verbose=verbose,
    )
  File "D:\CantorAI\xlang3\venv\cpython3.14-a6792301b742-compat-31b33d68c68a\Lib\site-packages\pyperformance\_benchmark.py", line 250, in _run_perf_script
    raise RuntimeError("Benchmark died")
RuntimeError: Benchmark died
...........
WARNING: the benchmark result may be unstable
* the standard deviation (53.0 ms) is 29% of the mean (180 ms)
* the maximum (335 ms) is 86% greater than the mean (180 ms)

Try to rerun the benchmark with more runs, values and/or loops.
Run 'xlang3.exe -m pyperf system tune' command to reduce the system jitter.
Use pyperf stats, pyperf dump and pyperf hist to analyze results.
Use --quiet option to hide these warnings.

coroutines: Mean +- std dev: 180 ms +- 53 ms
[31/97] coverage...
Traceback (most recent call last):
  File "D:\CantorAI\xlang3\venv\cpython3.14-a6792301b742-compat-31b33d68c68a\Lib\site-packages\pyperformance\data-files\benchmarks\bm_coverage\run_benchmark.py", line 5, in <module>
    import coverage
  File "D:\CantorAI\xlang3\venv\cpython3.14-a6792301b742-compat-31b33d68c68a\Lib\site-packages\coverage\__init__.py", line 24, in <module>
    from coverage.control import (
    ...<2 lines>...
    )
  File "D:\CantorAI\xlang3\venv\cpython3.14-a6792301b742-compat-31b33d68c68a\Lib\site-packages\coverage\control.py", line 27, in <module>
    from coverage.annotate import AnnotateReporter
  File "D:\CantorAI\xlang3\venv\cpython3.14-a6792301b742-compat-31b33d68c68a\Lib\site-packages\coverage\annotate.py", line 16, in <module>
    from coverage.report_core import get_analysis_to_report
  File "D:\CantorAI\xlang3\venv\cpython3.14-a6792301b742-compat-31b33d68c68a\Lib\site-packages\coverage\report_core.py", line 18, in <module>
    from coverage.results import Analysis
  File "D:\CantorAI\xlang3\venv\cpython3.14-a6792301b742-compat-31b33d68c68a\Lib\site-packages\coverage\results.py", line 12, in <module>
    from coverage.debug import auto_repr
  File "D:\CantorAI\xlang3\venv\cpython3.14-a6792301b742-compat-31b33d68c68a\Lib\site-packages\coverage\debug.py", line 14, in <module>
    import pprint
  File "C:\Python\Python313\Lib\pprint.py", line 38, in <module>
    import dataclasses as _dataclasses
  File "C:\Python\Python313\Lib\dataclasses.py", line 3, in <module>
    import copy
  File "C:\Python\Python313\Lib\copy.py", line 115, in <module>
    d[bytearray] = bytearray.copy
                   ^^^^^^^^^^^^^^
AttributeError: type object 'bytearray' has no attribute 'copy'
Traceback (most recent call last):
ERROR: Benchmark coverage failed: Benchmark died
[32/97] crypto_pyaes...
  File "D:\CantorAI\xlang3\venv\cpython3.14-a6792301b742-compat-31b33d68c68a\Lib\site-packages\pyperformance\run.py", line 171, in run_benchmarks
    result = bench.run(
        bench_venv.python,
    ...<3 lines>...
        verbose=options.verbose,
    )
  File "D:\CantorAI\xlang3\benchmarks\diagnostics\run_pyperformance_xlang3_shimmed.py", line 81, in run_named_benchmark
    return original_benchmark_run(benchmark, *positional, **keywords)
  File "D:\CantorAI\xlang3\venv\cpython3.14-a6792301b742-compat-31b33d68c68a\Lib\site-packages\pyperformance\_benchmark.py", line 193, in run
    bench = _run_perf_script(
        python,
    ...<4 lines>...
        verbose=verbose,
    )
  File "D:\CantorAI\xlang3\venv\cpython3.14-a6792301b742-compat-31b33d68c68a\Lib\site-packages\pyperformance\_benchmark.py", line 250, in _run_perf_script
    raise RuntimeError("Benchmark died")
RuntimeError: Benchmark died
Traceback (most recent call last):
  File "D:\CantorAI\xlang3\venv\cpython3.14-a6792301b742-compat-31b33d68c68a\Lib\site-packages\pyperformance\data-files\benchmarks\bm_crypto_pyaes\run_benchmark.py", line 10, in <module>
    import pyaes
  File "D:\CantorAI\xlang3\venv\cpython3.14-a6792301b742-compat-31b33d68c68a\Lib\site-packages\pyaes\__init__.py", line 51, in <module>
    from .aes import AES, AESModeOfOperationCTR, AESModeOfOperationCBC, AESModeOfOperationCFB, AESModeOfOperationECB, AESModeOfOperationOFB, AESModesOfOperation, Counter
  File "D:\CantorAI\xlang3\venv\cpython3.14-a6792301b742-compat-31b33d68c68a\Lib\site-packages\pyaes\aes.py", line 54, in <module>
    import copy
  File "C:\Python\Python313\Lib\copy.py", line 115, in <module>
    d[bytearray] = bytearray.copy
                   ^^^^^^^^^^^^^^
AttributeError: type object 'bytearray' has no attribute 'copy'
Traceback (most recent call last):
  File "D:\CantorAI\xlang3\venv\cpython3.14-a6792301b742-compat-31b33d68c68a\Lib\site-packages\pyperformance\run.py", line 171, in run_benchmarks
    result = bench.run(
        bench_venv.python,
    ...<3 lines>...
        verbose=options.verbose,
    )
ERROR: Benchmark crypto_pyaes failed: Benchmark died
[33/97] dask...
  File "D:\CantorAI\xlang3\benchmarks\diagnostics\run_pyperformance_xlang3_shimmed.py", line 81, in run_named_benchmark
    return original_benchmark_run(benchmark, *positional, **keywords)
  File "D:\CantorAI\xlang3\venv\cpython3.14-a6792301b742-compat-31b33d68c68a\Lib\site-packages\pyperformance\_benchmark.py", line 193, in run
    bench = _run_perf_script(
        python,
    ...<4 lines>...
        verbose=verbose,
    )
  File "D:\CantorAI\xlang3\venv\cpython3.14-a6792301b742-compat-31b33d68c68a\Lib\site-packages\pyperformance\_benchmark.py", line 250, in _run_perf_script
    raise RuntimeError("Benchmark died")
RuntimeError: Benchmark died
Traceback (most recent call last):
  File "D:\CantorAI\xlang3\venv\cpython3.14-a6792301b742-compat-31b33d68c68a\Lib\site-packages\pyperformance\data-files\benchmarks\bm_dask\run_benchmark.py", line 7, in <module>
    from dask.distributed import Client, Worker, Scheduler, wait
  File "D:\CantorAI\xlang3\venv\cpython3.14-a6792301b742-compat-31b33d68c68a\Lib\site-packages\dask\__init__.py", line 5, in <module>
    from dask.base import (
    ...<7 lines>...
    )
  File "D:\CantorAI\xlang3\venv\cpython3.14-a6792301b742-compat-31b33d68c68a\Lib\site-packages\dask\base.py", line 3, in <module>
    import dataclasses
  File "C:\Python\Python313\Lib\dataclasses.py", line 3, in <module>
    import copy
  File "C:\Python\Python313\Lib\copy.py", line 115, in <module>
    d[bytearray] = bytearray.copy
                   ^^^^^^^^^^^^^^
AttributeError: type object 'bytearray' has no attribute 'copy'
Traceback (most recent call last):
  File "D:\CantorAI\xlang3\venv\cpython3.14-a6792301b742-compat-31b33d68c68a\Lib\site-packages\pyperformance\run.py", line 171, in run_benchmarks
    result = bench.run(
        bench_venv.python,
    ...<3 lines>...
        verbose=options.verbose,
    )
  File "D:\CantorAI\xlang3\benchmarks\diagnostics\run_pyperformance_xlang3_shimmed.py", line 81, in run_named_benchmark
    return original_benchmark_run(benchmark, *positional, **keywords)
  File "D:\CantorAI\xlang3\venv\cpython3.14-a6792301b742-compat-31b33d68c68a\Lib\site-packages\pyperformance\_benchmark.py", line 193, in run
    bench = _run_perf_script(
        python,
    ...<4 lines>...
        verbose=verbose,
    )
  File "D:\CantorAI\xlang3\venv\cpython3.14-a6792301b742-compat-31b33d68c68a\Lib\site-packages\pyperformance\_benchmark.py", line 250, in _run_perf_script
    raise RuntimeError("Benchmark died")
RuntimeError: Benchmark died
ERROR: Benchmark dask failed: Benchmark died
[34/97] deepcopy...
Traceback (most recent call last):
  File "D:\CantorAI\xlang3\venv\cpython3.14-a6792301b742-compat-31b33d68c68a\Lib\site-packages\pyperformance\data-files\benchmarks\bm_deepcopy\run_benchmark.py", line 9, in <module>
    import copy
  File "C:\Python\Python313\Lib\copy.py", line 115, in <module>
    d[bytearray] = bytearray.copy
                   ^^^^^^^^^^^^^^
AttributeError: type object 'bytearray' has no attribute 'copy'
Traceback (most recent call last):
ERROR: Benchmark deepcopy failed: Benchmark died
[35/97] deltablue...
  File "D:\CantorAI\xlang3\venv\cpython3.14-a6792301b742-compat-31b33d68c68a\Lib\site-packages\pyperformance\run.py", line 171, in run_benchmarks
    result = bench.run(
        bench_venv.python,
    ...<3 lines>...
        verbose=options.verbose,
    )
  File "D:\CantorAI\xlang3\benchmarks\diagnostics\run_pyperformance_xlang3_shimmed.py", line 81, in run_named_benchmark
    return original_benchmark_run(benchmark, *positional, **keywords)
  File "D:\CantorAI\xlang3\venv\cpython3.14-a6792301b742-compat-31b33d68c68a\Lib\site-packages\pyperformance\_benchmark.py", line 193, in run
    bench = _run_perf_script(
        python,
    ...<4 lines>...
        verbose=verbose,
    )
  File "D:\CantorAI\xlang3\venv\cpython3.14-a6792301b742-compat-31b33d68c68a\Lib\site-packages\pyperformance\_benchmark.py", line 250, in _run_perf_script
    raise RuntimeError("Benchmark died")
RuntimeError: Benchmark died
...........
WARNING: the benchmark result may be unstable
* Not enough samples to get a stable result (95% certainly of less than 1% variation)

Try to rerun the benchmark with more runs, values and/or loops.
Run 'xlang3.exe -m pyperf system tune' command to reduce the system jitter.
Use pyperf stats, pyperf dump and pyperf hist to analyze results.
Use --quiet option to hide these warnings.

deltablue: Mean +- std dev: 42.6 ms +- 1.5 ms
[36/97] django_template...
Traceback (most recent call last):
  File "D:\CantorAI\xlang3\venv\cpython3.14-a6792301b742-compat-31b33d68c68a\Lib\site-packages\pyperformance\data-files\benchmarks\bm_django_template\run_benchmark.py", line 8, in <module>
    import django.conf
  File "D:\CantorAI\xlang3\venv\cpython3.14-a6792301b742-compat-31b33d68c68a\Lib\site-packages\django\__init__.py", line 1, in <module>
    from django.utils.version import get_version
  File "D:\CantorAI\xlang3\venv\cpython3.14-a6792301b742-compat-31b33d68c68a\Lib\site-packages\django\utils\version.py", line 6, in <module>
    from distutils.version import LooseVersion
ModuleNotFoundError: No module named 'distutils'
Traceback (most recent call last):
  File "D:\CantorAI\xlang3\venv\cpython3.14-a6792301b742-compat-31b33d68c68a\Lib\site-packages\pyperformance\run.py", line 171, in run_benchmarks
    result = bench.run(
        bench_venv.python,
    ...<3 lines>...
        verbose=options.verbose,
    )
  File "D:\CantorAI\xlang3\benchmarks\diagnostics\run_pyperformance_xlang3_shimmed.py", line 81, in run_named_benchmark
    return original_benchmark_run(benchmark, *positional, **keywords)
  File "D:\CantorAI\xlang3\venv\cpython3.14-a6792301b742-compat-31b33d68c68a\Lib\site-packages\pyperformance\_benchmark.py", line 193, in run
    bench = _run_perf_script(
        python,
    ...<4 lines>...
        verbose=verbose,
    )
  File "D:\CantorAI\xlang3\venv\cpython3.14-a6792301b742-compat-31b33d68c68a\Lib\site-packages\pyperformance\_benchmark.py", line 250, in _run_perf_script
    raise RuntimeError("Benchmark died")
RuntimeError: Benchmark died
ERROR: Benchmark django_template failed: Benchmark died
[37/97] docutils...
Traceback (most recent call last):
  File "D:\CantorAI\xlang3\venv\cpython3.14-a6792301b742-compat-31b33d68c68a\Lib\site-packages\pyperformance\data-files\benchmarks\bm_docutils\run_benchmark.py", line 9, in <module>
    from docutils import core
  File "D:\CantorAI\xlang3\venv\cpython3.14-a6792301b742-compat-31b33d68c68a\Lib\site-packages\docutils\core.py", line 19, in <module>
    import pprint
  File "C:\Python\Python313\Lib\pprint.py", line 38, in <module>
    import dataclasses as _dataclasses
  File "C:\Python\Python313\Lib\dataclasses.py", line 3, in <module>
    import copy
  File "C:\Python\Python313\Lib\copy.py", line 115, in <module>
    d[bytearray] = bytearray.copy
                   ^^^^^^^^^^^^^^
AttributeError: type object 'bytearray' has no attribute 'copy'
Traceback (most recent call last):
  File "D:\CantorAI\xlang3\venv\cpython3.14-a6792301b742-compat-31b33d68c68a\Lib\site-packages\pyperformance\run.py", line 171, in run_benchmarks
    result = bench.run(
        bench_venv.python,
    ...<3 lines>...
        verbose=options.verbose,
    )
  File "D:\CantorAI\xlang3\benchmarks\diagnostics\run_pyperformance_xlang3_shimmed.py", line 81, in run_named_benchmark
    return original_benchmark_run(benchmark, *positional, **keywords)
  File "D:\CantorAI\xlang3\venv\cpython3.14-a6792301b742-compat-31b33d68c68a\Lib\site-packages\pyperformance\_benchmark.py", line 193, in run
    bench = _run_perf_script(
        python,
    ...<4 lines>...
        verbose=verbose,
    )
  File "D:\CantorAI\xlang3\venv\cpython3.14-a6792301b742-compat-31b33d68c68a\Lib\site-packages\pyperformance\_benchmark.py", line 250, in _run_perf_script
    raise RuntimeError("Benchmark died")
RuntimeError: Benchmark died
ERROR: Benchmark docutils failed: Benchmark died
[38/97] dulwich_log...
Traceback (most recent call last):
  File "D:\CantorAI\xlang3\venv\cpython3.14-a6792301b742-compat-31b33d68c68a\Lib\site-packages\pyperformance\data-files\benchmarks\bm_dulwich_log\run_benchmark.py", line 27, in <module>
    runner.bench_func('dulwich_log', iter_all_commits, repo)
    ~~~~~~~~~~~~~~~~~^^^^^^^^^^^^^^^^^^^^^^^^^^^^^^^^^^^^^^^
  File "D:\CantorAI\xlang3\venv\cpython3.14-a6792301b742-compat-31b33d68c68a\Lib\site-packages\pyperf\_runner.py", line 545, in bench_func
    result = self._main(task)
  File "D:\CantorAI\xlang3\venv\cpython3.14-a6792301b742-compat-31b33d68c68a\Lib\site-packages\pyperf\_runner.py", line 463, in _main
    bench = self._worker(task)
  File "D:\CantorAI\xlang3\venv\cpython3.14-a6792301b742-compat-31b33d68c68a\Lib\site-packages\pyperf\_runner.py", line 437, in _worker
    run = task.create_run()
  File "D:\CantorAI\xlang3\venv\cpython3.14-a6792301b742-compat-31b33d68c68a\Lib\site-packages\pyperf\_worker.py", line 300, in create_run
    self.compute()
    ~~~~~~~~~~~~^^
  File "D:\CantorAI\xlang3\venv\cpython3.14-a6792301b742-compat-31b33d68c68a\Lib\site-packages\pyperf\_worker.py", line 364, in compute
    WorkerTask.compute(self)
    ~~~~~~~~~~~~~~~~~~^^^^^^
  File "D:\CantorAI\xlang3\venv\cpython3.14-a6792301b742-compat-31b33d68c68a\Lib\site-packages\pyperf\_worker.py", line 287, in compute
    self.calibrate_loops()
    ~~~~~~~~~~~~~~~~~~~~^^
  File "D:\CantorAI\xlang3\venv\cpython3.14-a6792301b742-compat-31b33d68c68a\Lib\site-packages\pyperf\_worker.py", line 250, in calibrate_loops
    self._compute_values(self.warmups, nvalue,
    ~~~~~~~~~~~~~~~~~~~~^^^^^^^^^^^^^^^^^^^^^^
                         is_warmup=True,
                         ^^^^^^^^^^^^^^^
                         calibrate_loops=True)
                         ^^^^^^^^^^^^^^^^^^^^^
  File "D:\CantorAI\xlang3\venv\cpython3.14-a6792301b742-compat-31b33d68c68a\Lib\site-packages\pyperf\_worker.py", line 76, in _compute_values
    with contextlib.ExitStack() as stack:
    ^^^^^^^^^^^^^^^^^^^^^^^^^^^^^^^^^^^^^
    ...<4 lines>...
    raw_value = float(raw_value)
    
  File "D:\CantorAI\xlang3\venv\cpython3.14-a6792301b742-compat-31b33d68c68a\Lib\site-packages\pyperf\_worker.py", line 79, in _compute_values
    raw_value = task_func(self, self.loops)
  File "D:\CantorAI\xlang3\venv\cpython3.14-a6792301b742-compat-31b33d68c68a\Lib\site-packages\pyperf\_runner.py", line 538, in task_func
    local_func()
    ~~~~~~~~~~^^
  File "C:\Python\Python313\Lib\functools.py", line 304, in __call__
    return self.func(*self.args, *args, **keywords)
           ~~~~~~~~~^^^^^^^^^^^^^^^^^^^^^^^^^^^^^^^
  File "D:\CantorAI\xlang3\venv\cpython3.14-a6792301b742-compat-31b33d68c68a\Lib\site-packages\pyperformance\data-files\benchmarks\bm_dulwich_log\run_benchmark.py", line 14, in iter_all_commits
    for entry in repo.get_walker(head):
                 ~~~~~~~~~~~~~~~^^^^^^
  File "D:\CantorAI\xlang3\venv\cpython3.14-a6792301b742-compat-31b33d68c68a\Lib\site-packages\dulwich\repo.py", line 757, in get_walker
    return Walker(self.object_store, include, *args, **kwargs)
  File "D:\CantorAI\xlang3\venv\cpython3.14-a6792301b742-compat-31b33d68c68a\Lib\site-packages\dulwich\walk.py", line 305, in __init__
    self._queue = queue_cls(self)
                  ~~~~~~~~~^^^^^^
  File "D:\CantorAI\xlang3\venv\cpython3.14-a6792301b742-compat-31b33d68c68a\Lib\site-packages\dulwich\walk.py", line 146, in __init__
    self._push(commit_id)
    ~~~~~~~~~~^^^^^^^^^^^
  File "D:\CantorAI\xlang3\venv\cpython3.14-a6792301b742-compat-31b33d68c68a\Lib\site-packages\dulwich\walk.py", line 150, in _push
    obj = self._store[object_id]
          ~~~~~~~~~~~^^^^^^^^^^^
  File "D:\CantorAI\xlang3\venv\cpython3.14-a6792301b742-compat-31b33d68c68a\Lib\site-packages\dulwich\object_store.py", line 133, in __getitem__
    type_num, uncomp = self.get_raw(sha)
                       ~~~~~~~~~~~~^^^^^
  File "D:\CantorAI\xlang3\venv\cpython3.14-a6792301b742-compat-31b33d68c68a\Lib\site-packages\dulwich\object_store.py", line 571, in get_raw
    return pack.get_raw(sha)
           ~~~~~~~~~~~~^^^^^
  File "D:\CantorAI\xlang3\venv\cpython3.14-a6792301b742-compat-31b33d68c68a\Lib\site-packages\dulwich\pack.py", line 2097, in get_raw
    offset = self.index.object_index(sha1)
             ^^^^^^^^^^
  File "D:\CantorAI\xlang3\venv\cpython3.14-a6792301b742-compat-31b33d68c68a\Lib\site-packages\dulwich\pack.py", line 2018, in index
    self._idx = self._idx_load()
                ~~~~~~~~~~~~~~^^
  File "D:\CantorAI\xlang3\venv\cpython3.14-a6792301b742-compat-31b33d68c68a\Lib\site-packages\dulwich\pack.py", line 1974, in <lambda>
    self._idx_load = lambda: load_pack_index(self._idx_path)
                             ~~~~~~~~~~~~~~~^^^^^^^^^^^^^^^^
  File "D:\CantorAI\xlang3\venv\cpython3.14-a6792301b742-compat-31b33d68c68a\Lib\site-packages\dulwich\pack.py", line 280, in load_pack_index
        with GitFile(path, "rb") as f:
        ^^^^^^^^^^^^^^^^^^^^^^^^^^^^^^
    ...<3 lines>...
    def _load_file_contents(f, size=None):
    ^^^^
  File "D:\CantorAI\xlang3\venv\cpython3.14-a6792301b742-compat-31b33d68c68a\Lib\site-packages\dulwich\pack.py", line 281, in load_pack_index
    return load_pack_index_file(path, f)
  File "D:\CantorAI\xlang3\venv\cpython3.14-a6792301b742-compat-31b33d68c68a\Lib\site-packages\dulwich\pack.py", line 315, in load_pack_index_file
    if contents[:4] == b"\377tOc":
       ~~~~~~~~^^^^
TypeError: object is not subscriptable
Traceback (most recent call last):
  File "D:\CantorAI\xlang3\venv\cpython3.14-a6792301b742-compat-31b33d68c68a\Lib\site-packages\pyperformance\data-files\benchmarks\bm_dulwich_log\run_benchmark.py", line 27, in <module>
    runner.bench_func('dulwich_log', iter_all_commits, repo)
    ~~~~~~~~~~~~~~~~~^^^^^^^^^^^^^^^^^^^^^^^^^^^^^^^^^^^^^^^
  File "D:\CantorAI\xlang3\venv\cpython3.14-a6792301b742-compat-31b33d68c68a\Lib\site-packages\pyperf\_runner.py", line 545, in bench_func
    result = self._main(task)
  File "D:\CantorAI\xlang3\venv\cpython3.14-a6792301b742-compat-31b33d68c68a\Lib\site-packages\pyperf\_runner.py", line 468, in _main
    bench = self._manager()
  File "D:\CantorAI\xlang3\venv\cpython3.14-a6792301b742-compat-31b33d68c68a\Lib\site-packages\pyperf\_runner.py", line 681, in _manager
    bench = Manager(self).create_bench()
  File "D:\CantorAI\xlang3\venv\cpython3.14-a6792301b742-compat-31b33d68c68a\Lib\site-packages\pyperf\_manager.py", line 243, in create_bench
    worker_bench, run = self.create_worker_bench()
                        ~~~~~~~~~~~~~~~~~~~~~~~~^^
  File "D:\CantorAI\xlang3\venv\cpython3.14-a6792301b742-compat-31b33d68c68a\Lib\site-packages\pyperf\_manager.py", line 142, in create_worker_bench
    suite = self.create_suite()
  File "D:\CantorAI\xlang3\venv\cpython3.14-a6792301b742-compat-31b33d68c68a\Lib\site-packages\pyperf\_manager.py", line 132, in create_suite
    suite = self.spawn_worker(self.calibrate_loops, 0)
  File "D:\CantorAI\xlang3\venv\cpython3.14-a6792301b742-compat-31b33d68c68a\Lib\site-packages\pyperf\_manager.py", line 118, in spawn_worker
    raise RuntimeError("%s failed with exit code %s"
                       % (cmd[0], exitcode))
RuntimeError: D:\CantorAI\xlang3\build-repro\Release\xlang3.exe failed with exit code 1
Traceback (most recent call last):
  File "D:\CantorAI\xlang3\venv\cpython3.14-a6792301b742-compat-31b33d68c68a\Lib\site-packages\pyperformance\run.py", line 171, in run_benchmarks
    result = bench.run(
        bench_venv.python,
    ...<3 lines>...
        verbose=options.verbose,
    )
ERROR: Benchmark dulwich_log failed: Benchmark died
[39/97] fannkuch...
  File "D:\CantorAI\xlang3\benchmarks\diagnostics\run_pyperformance_xlang3_shimmed.py", line 81, in run_named_benchmark
    return original_benchmark_run(benchmark, *positional, **keywords)
  File "D:\CantorAI\xlang3\venv\cpython3.14-a6792301b742-compat-31b33d68c68a\Lib\site-packages\pyperformance\_benchmark.py", line 193, in run
    bench = _run_perf_script(
        python,
    ...<4 lines>...
        verbose=verbose,
    )
  File "D:\CantorAI\xlang3\venv\cpython3.14-a6792301b742-compat-31b33d68c68a\Lib\site-packages\pyperformance\_benchmark.py", line 250, in _run_perf_script
    raise RuntimeError("Benchmark died")
RuntimeError: Benchmark died
...........
WARNING: the benchmark result may be unstable
* Not enough samples to get a stable result (95% certainly of less than 1% variation)

Try to rerun the benchmark with more runs, values and/or loops.
Run 'xlang3.exe -m pyperf system tune' command to reduce the system jitter.
Use pyperf stats, pyperf dump and pyperf hist to analyze results.
Use --quiet option to hide these warnings.

fannkuch: Mean +- std dev: 310 ms +- 5 ms
[40/97] fastapi...
Traceback (most recent call last):
  File "D:\CantorAI\xlang3\venv\cpython3.14-a6792301b742-compat-31b33d68c68a\Lib\site-packages\pyperformance\data-files\benchmarks\bm_fastapi\run_benchmark.py", line 18, in <module>
    import httpx
  File "D:\CantorAI\xlang3\venv\cpython3.14-a6792301b742-compat-31b33d68c68a\Lib\site-packages\httpx\__init__.py", line 2, in <module>
    from ._api import *
  File "D:\CantorAI\xlang3\venv\cpython3.14-a6792301b742-compat-31b33d68c68a\Lib\site-packages\httpx\_api.py", line 6, in <module>
    from ._client import Client
  File "D:\CantorAI\xlang3\venv\cpython3.14-a6792301b742-compat-31b33d68c68a\Lib\site-packages\httpx\_client.py", line 13, in <module>
    from ._auth import Auth, BasicAuth, FunctionAuth
  File "D:\CantorAI\xlang3\venv\cpython3.14-a6792301b742-compat-31b33d68c68a\Lib\site-packages\httpx\_auth.py", line 12, in <module>
    from ._models import Cookies, Request, Response
  File "D:\CantorAI\xlang3\venv\cpython3.14-a6792301b742-compat-31b33d68c68a\Lib\site-packages\httpx\_models.py", line 11, in <module>
    from http.cookiejar import Cookie, CookieJar
  File "C:\Python\Python313\Lib\http\cookiejar.py", line 32, in <module>
    import copy
  File "C:\Python\Python313\Lib\copy.py", line 115, in <module>
    d[bytearray] = bytearray.copy
                   ^^^^^^^^^^^^^^
AttributeError: type object 'bytearray' has no attribute 'copy'
Traceback (most recent call last):
  File "D:\CantorAI\xlang3\venv\cpython3.14-a6792301b742-compat-31b33d68c68a\Lib\site-packages\pyperformance\run.py", line 171, in run_benchmarks
    result = bench.run(
        bench_venv.python,
    ...<3 lines>...
        verbose=options.verbose,
    )
  File "D:\CantorAI\xlang3\benchmarks\diagnostics\run_pyperformance_xlang3_shimmed.py", line 81, in run_named_benchmark
    return original_benchmark_run(benchmark, *positional, **keywords)
  File "D:\CantorAI\xlang3\venv\cpython3.14-a6792301b742-compat-31b33d68c68a\Lib\site-packages\pyperformance\_benchmark.py", line 193, in run
    bench = _run_perf_script(
        python,
    ...<4 lines>...
        verbose=verbose,
    )
  File "D:\CantorAI\xlang3\venv\cpython3.14-a6792301b742-compat-31b33d68c68a\Lib\site-packages\pyperformance\_benchmark.py", line 250, in _run_perf_script
    raise RuntimeError("Benchmark died")
RuntimeError: Benchmark died
ERROR: Benchmark fastapi failed: Benchmark died
[41/97] float...
...........
WARNING: the benchmark result may be unstable
* Not enough samples to get a stable result (95% certainly of less than 1% variation)

Try to rerun the benchmark with more runs, values and/or loops.
Run 'xlang3.exe -m pyperf system tune' command to reduce the system jitter.
Use pyperf stats, pyperf dump and pyperf hist to analyze results.
Use --quiet option to hide these warnings.

float: Mean +- std dev: 81.9 ms +- 1.6 ms
[42/97] gc_collect...
Traceback (most recent call last):
  File "D:\CantorAI\xlang3\venv\cpython3.14-a6792301b742-compat-31b33d68c68a\Lib\site-packages\pyperformance\data-files\benchmarks\bm_gc_collect\run_benchmark.py", line 64, in <module>
    runner.bench_time_func("create_gc_cycles", benchamark_collection, CYCLES, LINKS)
    ~~~~~~~~~~~~~~~~~~~~~~^^^^^^^^^^^^^^^^^^^^^^^^^^^^^^^^^^^^^^^^^^^^^^^^^^^^^^^^^^
  File "D:\CantorAI\xlang3\venv\cpython3.14-a6792301b742-compat-31b33d68c68a\Lib\site-packages\pyperf\_runner.py", line 502, in bench_time_func
    result = self._main(task)
  File "D:\CantorAI\xlang3\venv\cpython3.14-a6792301b742-compat-31b33d68c68a\Lib\site-packages\pyperf\_runner.py", line 463, in _main
    bench = self._worker(task)
  File "D:\CantorAI\xlang3\venv\cpython3.14-a6792301b742-compat-31b33d68c68a\Lib\site-packages\pyperf\_runner.py", line 437, in _worker
    run = task.create_run()
  File "D:\CantorAI\xlang3\venv\cpython3.14-a6792301b742-compat-31b33d68c68a\Lib\site-packages\pyperf\_worker.py", line 300, in create_run
    self.compute()
    ~~~~~~~~~~~~^^
  File "D:\CantorAI\xlang3\venv\cpython3.14-a6792301b742-compat-31b33d68c68a\Lib\site-packages\pyperf\_worker.py", line 364, in compute
    WorkerTask.compute(self)
    ~~~~~~~~~~~~~~~~~~^^^^^^
  File "D:\CantorAI\xlang3\venv\cpython3.14-a6792301b742-compat-31b33d68c68a\Lib\site-packages\pyperf\_worker.py", line 287, in compute
    self.calibrate_loops()
    ~~~~~~~~~~~~~~~~~~~~^^
  File "D:\CantorAI\xlang3\venv\cpython3.14-a6792301b742-compat-31b33d68c68a\Lib\site-packages\pyperf\_worker.py", line 250, in calibrate_loops
    self._compute_values(self.warmups, nvalue,
    ~~~~~~~~~~~~~~~~~~~~^^^^^^^^^^^^^^^^^^^^^^
                         is_warmup=True,
                         ^^^^^^^^^^^^^^^
                         calibrate_loops=True)
                         ^^^^^^^^^^^^^^^^^^^^^
  File "D:\CantorAI\xlang3\venv\cpython3.14-a6792301b742-compat-31b33d68c68a\Lib\site-packages\pyperf\_worker.py", line 76, in _compute_values
    with contextlib.ExitStack() as stack:
    ^^^^^^^^^^^^^^^^^^^^^^^^^^^^^^^^^^^^^
    ...<4 lines>...
    raw_value = float(raw_value)
    
  File "D:\CantorAI\xlang3\venv\cpython3.14-a6792301b742-compat-31b33d68c68a\Lib\site-packages\pyperf\_worker.py", line 79, in _compute_values
    raw_value = task_func(self, self.loops)
  File "D:\CantorAI\xlang3\venv\cpython3.14-a6792301b742-compat-31b33d68c68a\Lib\site-packages\pyperf\_runner.py", line 497, in task_func
    return time_func(loops, *args)
  File "D:\CantorAI\xlang3\venv\cpython3.14-a6792301b742-compat-31b33d68c68a\Lib\site-packages\pyperformance\data-files\benchmarks\bm_gc_collect\run_benchmark.py", line 56, in benchamark_collection
    assert collected is None or collected >= cycles * (links + 1)
AssertionError
Traceback (most recent call last):
  File "D:\CantorAI\xlang3\venv\cpython3.14-a6792301b742-compat-31b33d68c68a\Lib\site-packages\pyperformance\data-files\benchmarks\bm_gc_collect\run_benchmark.py", line 64, in <module>
    runner.bench_time_func("create_gc_cycles", benchamark_collection, CYCLES, LINKS)
    ~~~~~~~~~~~~~~~~~~~~~~^^^^^^^^^^^^^^^^^^^^^^^^^^^^^^^^^^^^^^^^^^^^^^^^^^^^^^^^^^
  File "D:\CantorAI\xlang3\venv\cpython3.14-a6792301b742-compat-31b33d68c68a\Lib\site-packages\pyperf\_runner.py", line 502, in bench_time_func
    result = self._main(task)
  File "D:\CantorAI\xlang3\venv\cpython3.14-a6792301b742-compat-31b33d68c68a\Lib\site-packages\pyperf\_runner.py", line 468, in _main
    bench = self._manager()
  File "D:\CantorAI\xlang3\venv\cpython3.14-a6792301b742-compat-31b33d68c68a\Lib\site-packages\pyperf\_runner.py", line 681, in _manager
    bench = Manager(self).create_bench()
  File "D:\CantorAI\xlang3\venv\cpython3.14-a6792301b742-compat-31b33d68c68a\Lib\site-packages\pyperf\_manager.py", line 243, in create_bench
    worker_bench, run = self.create_worker_bench()
                        ~~~~~~~~~~~~~~~~~~~~~~~~^^
  File "D:\CantorAI\xlang3\venv\cpython3.14-a6792301b742-compat-31b33d68c68a\Lib\site-packages\pyperf\_manager.py", line 142, in create_worker_bench
    suite = self.create_suite()
  File "D:\CantorAI\xlang3\venv\cpython3.14-a6792301b742-compat-31b33d68c68a\Lib\site-packages\pyperf\_manager.py", line 132, in create_suite
    suite = self.spawn_worker(self.calibrate_loops, 0)
  File "D:\CantorAI\xlang3\venv\cpython3.14-a6792301b742-compat-31b33d68c68a\Lib\site-packages\pyperf\_manager.py", line 118, in spawn_worker
    raise RuntimeError("%s failed with exit code %s"
                       % (cmd[0], exitcode))
RuntimeError: D:\CantorAI\xlang3\build-repro\Release\xlang3.exe failed with exit code 1
Traceback (most recent call last):
  File "D:\CantorAI\xlang3\venv\cpython3.14-a6792301b742-compat-31b33d68c68a\Lib\site-packages\pyperformance\run.py", line 171, in run_benchmarks
    result = bench.run(
        bench_venv.python,
    ...<3 lines>...
        verbose=options.verbose,
    )
  File "D:\CantorAI\xlang3\benchmarks\diagnostics\run_pyperformance_xlang3_shimmed.py", line 81, in run_named_benchmark
    return original_benchmark_run(benchmark, *positional, **keywords)
  File "D:\CantorAI\xlang3\venv\cpython3.14-a6792301b742-compat-31b33d68c68a\Lib\site-packages\pyperformance\_benchmark.py", line 193, in run
    bench = _run_perf_script(
        python,
    ...<4 lines>...
        verbose=verbose,
    )
  File "D:\CantorAI\xlang3\venv\cpython3.14-a6792301b742-compat-31b33d68c68a\Lib\site-packages\pyperformance\_benchmark.py", line 250, in _run_perf_script
    raise RuntimeError("Benchmark died")
RuntimeError: Benchmark died
ERROR: Benchmark gc_collect failed: Benchmark died
[43/97] gc_traversal...
...........
WARNING: the benchmark result may be unstable
* Not enough samples to get a stable result (95% certainly of less than 1% variation)

Try to rerun the benchmark with more runs, values and/or loops.
Run 'xlang3.exe -m pyperf system tune' command to reduce the system jitter.
Use pyperf stats, pyperf dump and pyperf hist to analyze results.
Use --quiet option to hide these warnings.

gc_traversal: Mean +- std dev: 1.43 ms +- 0.04 ms
[44/97] generators...
...........
WARNING: the benchmark result may be unstable
* Not enough samples to get a stable result (95% certainly of less than 1% variation)

Try to rerun the benchmark with more runs, values and/or loops.
Run 'xlang3.exe -m pyperf system tune' command to reduce the system jitter.
Use pyperf stats, pyperf dump and pyperf hist to analyze results.
Use --quiet option to hide these warnings.

generators: Mean +- std dev: 379 ms +- 20 ms
[45/97] genshi...
Traceback (most recent call last):
  File "D:\CantorAI\xlang3\venv\cpython3.14-a6792301b742-compat-31b33d68c68a\Lib\site-packages\pyperformance\data-files\benchmarks\bm_genshi\run_benchmark.py", line 7, in <module>
    from genshi.template import MarkupTemplate, NewTextTemplate
  File "D:\CantorAI\xlang3\venv\cpython3.14-a6792301b742-compat-31b33d68c68a\Lib\site-packages\genshi\__init__.py", line 25, in <module>
    from genshi.core import *
  File "D:\CantorAI\xlang3\venv\cpython3.14-a6792301b742-compat-31b33d68c68a\Lib\site-packages\genshi\core.py", line 23, in <module>
    from genshi.compat import stringrepr
  File "D:\CantorAI\xlang3\venv\cpython3.14-a6792301b742-compat-31b33d68c68a\Lib\site-packages\genshi\compat.py", line 141, in <module>
    _ast_Ellipsis = ast.Ellipsis
                    ^^^^^^^^^^^^
  File "C:\Python\Python313\Lib\ast.py", line 1829, in __getattr__
    warnings._deprecated(
    ~~~~~~~~~~~~~~~~~~~~^
        f"ast.{name}", message=_DEPRECATED_CLASS_MESSAGE, remove=(3, 14)
        ^^^^^^^^^^^^^^^^^^^^^^^^^^^^^^^^^^^^^^^^^^^^^^^^^^^^^^^^^^^^^^^^
    )
    ^
  File "C:\Python\Python313\Lib\warnings.py", line 666, in _deprecated
    raise RuntimeError(msg)
RuntimeError: 'ast.Ellipsis' was slated for removal after Python 3.14 alpha
Traceback (most recent call last):
  File "D:\CantorAI\xlang3\venv\cpython3.14-a6792301b742-compat-31b33d68c68a\Lib\site-packages\pyperformance\run.py", line 171, in run_benchmarks
    result = bench.run(
        bench_venv.python,
    ...<3 lines>...
        verbose=options.verbose,
    )
  File "D:\CantorAI\xlang3\benchmarks\diagnostics\run_pyperformance_xlang3_shimmed.py", line 81, in run_named_benchmark
    return original_benchmark_run(benchmark, *positional, **keywords)
  File "D:\CantorAI\xlang3\venv\cpython3.14-a6792301b742-compat-31b33d68c68a\Lib\site-packages\pyperformance\_benchmark.py", line 193, in run
    bench = _run_perf_script(
        python,
    ...<4 lines>...
        verbose=verbose,
    )
  File "D:\CantorAI\xlang3\venv\cpython3.14-a6792301b742-compat-31b33d68c68a\Lib\site-packages\pyperformance\_benchmark.py", line 250, in _run_perf_script
    raise RuntimeError("Benchmark died")
RuntimeError: Benchmark died
ERROR: Benchmark genshi failed: Benchmark died
[46/97] go...
...........
WARNING: the benchmark result may be unstable
* Not enough samples to get a stable result (95% certainly of less than 1% variation)

Try to rerun the benchmark with more runs, values and/or loops.
Run 'xlang3.exe -m pyperf system tune' command to reduce the system jitter.
Use pyperf stats, pyperf dump and pyperf hist to analyze results.
Use --quiet option to hide these warnings.

go: Mean +- std dev: 1.03 sec +- 0.01 sec
[47/97] hexiom...
...........
WARNING: the benchmark result may be unstable
* Not enough samples to get a stable result (95% certainly of less than 1% variation)

Try to rerun the benchmark with more runs, values and/or loops.
Run 'xlang3.exe -m pyperf system tune' command to reduce the system jitter.
Use pyperf stats, pyperf dump and pyperf hist to analyze results.
Use --quiet option to hide these warnings.

hexiom: Mean +- std dev: 68.7 ms +- 1.2 ms
[48/97] html5lib...
Traceback (most recent call last):
  File "D:\CantorAI\xlang3\venv\cpython3.14-a6792301b742-compat-31b33d68c68a\Lib\site-packages\pyperformance\data-files\benchmarks\bm_html5lib\run_benchmark.py", line 33, in <module>
    runner.bench_func('html5lib', bench_html5lib, html_file)
    ~~~~~~~~~~~~~~~~~^^^^^^^^^^^^^^^^^^^^^^^^^^^^^^^^^^^^^^^
  File "D:\CantorAI\xlang3\venv\cpython3.14-a6792301b742-compat-31b33d68c68a\Lib\site-packages\pyperf\_runner.py", line 545, in bench_func
    result = self._main(task)
  File "D:\CantorAI\xlang3\venv\cpython3.14-a6792301b742-compat-31b33d68c68a\Lib\site-packages\pyperf\_runner.py", line 463, in _main
    bench = self._worker(task)
  File "D:\CantorAI\xlang3\venv\cpython3.14-a6792301b742-compat-31b33d68c68a\Lib\site-packages\pyperf\_runner.py", line 437, in _worker
    run = task.create_run()
  File "D:\CantorAI\xlang3\venv\cpython3.14-a6792301b742-compat-31b33d68c68a\Lib\site-packages\pyperf\_worker.py", line 300, in create_run
    self.compute()
    ~~~~~~~~~~~~^^
  File "D:\CantorAI\xlang3\venv\cpython3.14-a6792301b742-compat-31b33d68c68a\Lib\site-packages\pyperf\_worker.py", line 364, in compute
    WorkerTask.compute(self)
    ~~~~~~~~~~~~~~~~~~^^^^^^
  File "D:\CantorAI\xlang3\venv\cpython3.14-a6792301b742-compat-31b33d68c68a\Lib\site-packages\pyperf\_worker.py", line 287, in compute
    self.calibrate_loops()
    ~~~~~~~~~~~~~~~~~~~~^^
  File "D:\CantorAI\xlang3\venv\cpython3.14-a6792301b742-compat-31b33d68c68a\Lib\site-packages\pyperf\_worker.py", line 250, in calibrate_loops
    self._compute_values(self.warmups, nvalue,
    ~~~~~~~~~~~~~~~~~~~~^^^^^^^^^^^^^^^^^^^^^^
                         is_warmup=True,
                         ^^^^^^^^^^^^^^^
                         calibrate_loops=True)
                         ^^^^^^^^^^^^^^^^^^^^^
  File "D:\CantorAI\xlang3\venv\cpython3.14-a6792301b742-compat-31b33d68c68a\Lib\site-packages\pyperf\_worker.py", line 76, in _compute_values
    with contextlib.ExitStack() as stack:
    ^^^^^^^^^^^^^^^^^^^^^^^^^^^^^^^^^^^^^
    ...<4 lines>...
    raw_value = float(raw_value)
    
  File "D:\CantorAI\xlang3\venv\cpython3.14-a6792301b742-compat-31b33d68c68a\Lib\site-packages\pyperf\_worker.py", line 79, in _compute_values
    raw_value = task_func(self, self.loops)
  File "D:\CantorAI\xlang3\venv\cpython3.14-a6792301b742-compat-31b33d68c68a\Lib\site-packages\pyperf\_runner.py", line 538, in task_func
    local_func()
    ~~~~~~~~~~^^
  File "C:\Python\Python313\Lib\functools.py", line 304, in __call__
    return self.func(*self.args, *args, **keywords)
           ~~~~~~~~~^^^^^^^^^^^^^^^^^^^^^^^^^^^^^^^
  File "D:\CantorAI\xlang3\venv\cpython3.14-a6792301b742-compat-31b33d68c68a\Lib\site-packages\pyperformance\data-files\benchmarks\bm_html5lib\run_benchmark.py", line 18, in bench_html5lib
    html5lib.parse(html_file)
    ~~~~~~~~~~~~~~^^^^^^^^^^^
  File "D:\CantorAI\xlang3\venv\cpython3.14-a6792301b742-compat-31b33d68c68a\Lib\site-packages\html5lib\html5parser.py", line 44, in parse
    tb = treebuilders.getTreeBuilder(treebuilder)
  File "D:\CantorAI\xlang3\venv\cpython3.14-a6792301b742-compat-31b33d68c68a\Lib\site-packages\html5lib\treebuilders\__init__.py", line 81, in getTreeBuilder
    from . import etree
  File "D:\CantorAI\xlang3\venv\cpython3.14-a6792301b742-compat-31b33d68c68a\Lib\site-packages\html5lib\treebuilders\etree.py", line 8, in <module>
    from copy import copy
  File "C:\Python\Python313\Lib\copy.py", line 115, in <module>
    d[bytearray] = bytearray.copy
                   ^^^^^^^^^^^^^^
AttributeError: type object 'bytearray' has no attribute 'copy'
Traceback (most recent call last):
  File "D:\CantorAI\xlang3\venv\cpython3.14-a6792301b742-compat-31b33d68c68a\Lib\site-packages\pyperformance\data-files\benchmarks\bm_html5lib\run_benchmark.py", line 33, in <module>
    runner.bench_func('html5lib', bench_html5lib, html_file)
    ~~~~~~~~~~~~~~~~~^^^^^^^^^^^^^^^^^^^^^^^^^^^^^^^^^^^^^^^
  File "D:\CantorAI\xlang3\venv\cpython3.14-a6792301b742-compat-31b33d68c68a\Lib\site-packages\pyperf\_runner.py", line 545, in bench_func
    result = self._main(task)
  File "D:\CantorAI\xlang3\venv\cpython3.14-a6792301b742-compat-31b33d68c68a\Lib\site-packages\pyperf\_runner.py", line 468, in _main
    bench = self._manager()
  File "D:\CantorAI\xlang3\venv\cpython3.14-a6792301b742-compat-31b33d68c68a\Lib\site-packages\pyperf\_runner.py", line 681, in _manager
    bench = Manager(self).create_bench()
  File "D:\CantorAI\xlang3\venv\cpython3.14-a6792301b742-compat-31b33d68c68a\Lib\site-packages\pyperf\_manager.py", line 243, in create_bench
    worker_bench, run = self.create_worker_bench()
                        ~~~~~~~~~~~~~~~~~~~~~~~~^^
  File "D:\CantorAI\xlang3\venv\cpython3.14-a6792301b742-compat-31b33d68c68a\Lib\site-packages\pyperf\_manager.py", line 142, in create_worker_bench
    suite = self.create_suite()
  File "D:\CantorAI\xlang3\venv\cpython3.14-a6792301b742-compat-31b33d68c68a\Lib\site-packages\pyperf\_manager.py", line 132, in create_suite
    suite = self.spawn_worker(self.calibrate_loops, 0)
  File "D:\CantorAI\xlang3\venv\cpython3.14-a6792301b742-compat-31b33d68c68a\Lib\site-packages\pyperf\_manager.py", line 118, in spawn_worker
    raise RuntimeError("%s failed with exit code %s"
                       % (cmd[0], exitcode))
RuntimeError: D:\CantorAI\xlang3\build-repro\Release\xlang3.exe failed with exit code 1
Traceback (most recent call last):
  File "D:\CantorAI\xlang3\venv\cpython3.14-a6792301b742-compat-31b33d68c68a\Lib\site-packages\pyperformance\run.py", line 171, in run_benchmarks
    result = bench.run(
        bench_venv.python,
    ...<3 lines>...
        verbose=options.verbose,
    )
  File "D:\CantorAI\xlang3\benchmarks\diagnostics\run_pyperformance_xlang3_shimmed.py", line 81, in run_named_benchmark
    return original_benchmark_run(benchmark, *positional, **keywords)
  File "D:\CantorAI\xlang3\venv\cpython3.14-a6792301b742-compat-31b33d68c68a\Lib\site-packages\pyperformance\_benchmark.py", line 193, in run
    bench = _run_perf_script(
        python,
    ...<4 lines>...
        verbose=verbose,
    )
  File "D:\CantorAI\xlang3\venv\cpython3.14-a6792301b742-compat-31b33d68c68a\Lib\site-packages\pyperformance\_benchmark.py", line 250, in _run_perf_script
    raise RuntimeError("Benchmark died")
RuntimeError: Benchmark died
ERROR: Benchmark html5lib failed: Benchmark died
[49/97] json_dumps...
...........
WARNING: the benchmark result may be unstable
* Not enough samples to get a stable result (95% certainly of less than 1% variation)

Try to rerun the benchmark with more runs, values and/or loops.
Run 'xlang3.exe -m pyperf system tune' command to reduce the system jitter.
Use pyperf stats, pyperf dump and pyperf hist to analyze results.
Use --quiet option to hide these warnings.

json_dumps: Mean +- std dev: 38.0 ms +- 1.3 ms
[50/97] json_loads...
...........
WARNING: the benchmark result may be unstable
* Not enough samples to get a stable result (95% certainly of less than 1% variation)

Try to rerun the benchmark with more runs, values and/or loops.
Run 'xlang3.exe -m pyperf system tune' command to reduce the system jitter.
Use pyperf stats, pyperf dump and pyperf hist to analyze results.
Use --quiet option to hide these warnings.

json_loads: Mean +- std dev: 108 us +- 2 us
[51/97] logging...
...........
WARNING: the benchmark result may be unstable
* Not enough samples to get a stable result (95% certainly of less than 1% variation)

Try to rerun the benchmark with more runs, values and/or loops.
Run 'xlang3.exe -m pyperf system tune' command to reduce the system jitter.
Use pyperf stats, pyperf dump and pyperf hist to analyze results.
Use --quiet option to hide these warnings.

logging_format: Mean +- std dev: 102 us +- 3 us
...........
WARNING: the benchmark result may be unstable
* Not enough samples to get a stable result (95% certainly of less than 1% variation)

Try to rerun the benchmark with more runs, values and/or loops.
Run 'xlang3.exe -m pyperf system tune' command to reduce the system jitter.
Use pyperf stats, pyperf dump and pyperf hist to analyze results.
Use --quiet option to hide these warnings.

logging_silent: Mean +- std dev: 1.22 us +- 0.08 us
...........
WARNING: the benchmark result may be unstable
* Not enough samples to get a stable result (95% certainly of less than 1% variation)

Try to rerun the benchmark with more runs, values and/or loops.
Run 'xlang3.exe -m pyperf system tune' command to reduce the system jitter.
Use pyperf stats, pyperf dump and pyperf hist to analyze results.
Use --quiet option to hide these warnings.

logging_simple: Mean +- std dev: 96.4 us +- 1.3 us
[52/97] mako...
Traceback (most recent call last):
  File "D:\CantorAI\xlang3\venv\cpython3.14-a6792301b742-compat-31b33d68c68a\Lib\site-packages\pyperformance\data-files\benchmarks\bm_mako\run_benchmark.py", line 19, in <module>
    from mako.template import Template   # noqa
  File "D:\CantorAI\xlang3\venv\cpython3.14-a6792301b742-compat-31b33d68c68a\Lib\site-packages\mako\template.py", line 20, in <module>
    from mako import codegen
  File "D:\CantorAI\xlang3\venv\cpython3.14-a6792301b742-compat-31b33d68c68a\Lib\site-packages\mako\codegen.py", line 14, in <module>
    from mako import ast
  File "D:\CantorAI\xlang3\venv\cpython3.14-a6792301b742-compat-31b33d68c68a\Lib\site-packages\mako\ast.py", line 13, in <module>
    from mako import exceptions
  File "D:\CantorAI\xlang3\venv\cpython3.14-a6792301b742-compat-31b33d68c68a\Lib\site-packages\mako\exceptions.py", line 305, in <module>
    _install_highlighting()
    ~~~~~~~~~~~~~~~~~~~~~^^
  File "D:\CantorAI\xlang3\venv\cpython3.14-a6792301b742-compat-31b33d68c68a\Lib\site-packages\mako\exceptions.py", line 300, in _install_highlighting
    _install_pygments()
    ~~~~~~~~~~~~~~~~~^^
  File "D:\CantorAI\xlang3\venv\cpython3.14-a6792301b742-compat-31b33d68c68a\Lib\site-packages\mako\exceptions.py", line 284, in _install_pygments
    from mako.ext.pygmentplugin import syntax_highlight  # noqa
  File "D:\CantorAI\xlang3\venv\cpython3.14-a6792301b742-compat-31b33d68c68a\Lib\site-packages\mako\ext\pygmentplugin.py", line 14, in <module>
    from pygments.lexers.agile import Python3Lexer
  File "D:\CantorAI\xlang3\venv\cpython3.14-a6792301b742-compat-31b33d68c68a\Lib\site-packages\pygments\lexers\agile.py", line 13, in <module>
    from pygments.lexers.lisp import SchemeLexer
  File "D:\CantorAI\xlang3\venv\cpython3.14-a6792301b742-compat-31b33d68c68a\Lib\site-packages\pygments\lexers\lisp.py", line 221, in <module>
    (number_rules[2], Number.Bin, '#pop'),
     ~~~~~~~~~~~~^^^
KeyError: '2'
Traceback (most recent call last):
ERROR: Benchmark mako failed: Benchmark died
[53/97] mdp...
  File "D:\CantorAI\xlang3\venv\cpython3.14-a6792301b742-compat-31b33d68c68a\Lib\site-packages\pyperformance\run.py", line 171, in run_benchmarks
    result = bench.run(
        bench_venv.python,
    ...<3 lines>...
        verbose=options.verbose,
    )
  File "D:\CantorAI\xlang3\benchmarks\diagnostics\run_pyperformance_xlang3_shimmed.py", line 81, in run_named_benchmark
    return original_benchmark_run(benchmark, *positional, **keywords)
  File "D:\CantorAI\xlang3\venv\cpython3.14-a6792301b742-compat-31b33d68c68a\Lib\site-packages\pyperformance\_benchmark.py", line 193, in run
    bench = _run_perf_script(
        python,
    ...<4 lines>...
        verbose=verbose,
    )
  File "D:\CantorAI\xlang3\venv\cpython3.14-a6792301b742-compat-31b33d68c68a\Lib\site-packages\pyperformance\_benchmark.py", line 250, in _run_perf_script
    raise RuntimeError("Benchmark died")
RuntimeError: Benchmark died
Traceback (most recent call last):
  File "D:\CantorAI\xlang3\venv\cpython3.14-a6792301b742-compat-31b33d68c68a\Lib\site-packages\pyperformance\data-files\benchmarks\bm_mdp\run_benchmark.py", line 267, in <module>
    runner.bench_time_func('mdp', bench_mdp)
    ~~~~~~~~~~~~~~~~~~~~~~^^^^^^^^^^^^^^^^^^
  File "D:\CantorAI\xlang3\venv\cpython3.14-a6792301b742-compat-31b33d68c68a\Lib\site-packages\pyperf\_runner.py", line 502, in bench_time_func
    result = self._main(task)
  File "D:\CantorAI\xlang3\venv\cpython3.14-a6792301b742-compat-31b33d68c68a\Lib\site-packages\pyperf\_runner.py", line 463, in _main
    bench = self._worker(task)
  File "D:\CantorAI\xlang3\venv\cpython3.14-a6792301b742-compat-31b33d68c68a\Lib\site-packages\pyperf\_runner.py", line 437, in _worker
    run = task.create_run()
  File "D:\CantorAI\xlang3\venv\cpython3.14-a6792301b742-compat-31b33d68c68a\Lib\site-packages\pyperf\_worker.py", line 300, in create_run
    self.compute()
    ~~~~~~~~~~~~^^
  File "D:\CantorAI\xlang3\venv\cpython3.14-a6792301b742-compat-31b33d68c68a\Lib\site-packages\pyperf\_worker.py", line 364, in compute
    WorkerTask.compute(self)
    ~~~~~~~~~~~~~~~~~~^^^^^^
  File "D:\CantorAI\xlang3\venv\cpython3.14-a6792301b742-compat-31b33d68c68a\Lib\site-packages\pyperf\_worker.py", line 287, in compute
    self.calibrate_loops()
    ~~~~~~~~~~~~~~~~~~~~^^
  File "D:\CantorAI\xlang3\venv\cpython3.14-a6792301b742-compat-31b33d68c68a\Lib\site-packages\pyperf\_worker.py", line 250, in calibrate_loops
    self._compute_values(self.warmups, nvalue,
    ~~~~~~~~~~~~~~~~~~~~^^^^^^^^^^^^^^^^^^^^^^
                         is_warmup=True,
                         ^^^^^^^^^^^^^^^
                         calibrate_loops=True)
                         ^^^^^^^^^^^^^^^^^^^^^
  File "D:\CantorAI\xlang3\venv\cpython3.14-a6792301b742-compat-31b33d68c68a\Lib\site-packages\pyperf\_worker.py", line 76, in _compute_values
    with contextlib.ExitStack() as stack:
    ^^^^^^^^^^^^^^^^^^^^^^^^^^^^^^^^^^^^^
    ...<4 lines>...
    raw_value = float(raw_value)
    
  File "D:\CantorAI\xlang3\venv\cpython3.14-a6792301b742-compat-31b33d68c68a\Lib\site-packages\pyperf\_worker.py", line 79, in _compute_values
    raw_value = task_func(self, self.loops)
  File "D:\CantorAI\xlang3\venv\cpython3.14-a6792301b742-compat-31b33d68c68a\Lib\site-packages\pyperf\_runner.py", line 497, in task_func
    return time_func(loops, *args)
  File "D:\CantorAI\xlang3\venv\cpython3.14-a6792301b742-compat-31b33d68c68a\Lib\site-packages\pyperformance\data-files\benchmarks\bm_mdp\run_benchmark.py", line 254, in bench_mdp
    result = Battle().evaluate(0.192)
  File "D:\CantorAI\xlang3\venv\cpython3.14-a6792301b742-compat-31b33d68c68a\Lib\site-packages\pyperformance\data-files\benchmarks\bm_mdp\run_benchmark.py", line 221, in evaluate
    stateps = topoSort([initial_statep], self.getSuccessorsList)
  File "D:\CantorAI\xlang3\venv\cpython3.14-a6792301b742-compat-31b33d68c68a\Lib\site-packages\pyperformance\data-files\benchmarks\bm_mdp\run_benchmark.py", line 30, in topoSort
    assert(current in visited)
    ~~~~~~^^^^^^^^^^^^^^^^^^^^
AssertionError
Traceback (most recent call last):
  File "D:\CantorAI\xlang3\venv\cpython3.14-a6792301b742-compat-31b33d68c68a\Lib\site-packages\pyperformance\data-files\benchmarks\bm_mdp\run_benchmark.py", line 267, in <module>
    runner.bench_time_func('mdp', bench_mdp)
    ~~~~~~~~~~~~~~~~~~~~~~^^^^^^^^^^^^^^^^^^
  File "D:\CantorAI\xlang3\venv\cpython3.14-a6792301b742-compat-31b33d68c68a\Lib\site-packages\pyperf\_runner.py", line 502, in bench_time_func
    result = self._main(task)
  File "D:\CantorAI\xlang3\venv\cpython3.14-a6792301b742-compat-31b33d68c68a\Lib\site-packages\pyperf\_runner.py", line 468, in _main
    bench = self._manager()
  File "D:\CantorAI\xlang3\venv\cpython3.14-a6792301b742-compat-31b33d68c68a\Lib\site-packages\pyperf\_runner.py", line 681, in _manager
    bench = Manager(self).create_bench()
  File "D:\CantorAI\xlang3\venv\cpython3.14-a6792301b742-compat-31b33d68c68a\Lib\site-packages\pyperf\_manager.py", line 243, in create_bench
    worker_bench, run = self.create_worker_bench()
                        ~~~~~~~~~~~~~~~~~~~~~~~~^^
  File "D:\CantorAI\xlang3\venv\cpython3.14-a6792301b742-compat-31b33d68c68a\Lib\site-packages\pyperf\_manager.py", line 142, in create_worker_bench
    suite = self.create_suite()
  File "D:\CantorAI\xlang3\venv\cpython3.14-a6792301b742-compat-31b33d68c68a\Lib\site-packages\pyperf\_manager.py", line 132, in create_suite
    suite = self.spawn_worker(self.calibrate_loops, 0)
  File "D:\CantorAI\xlang3\venv\cpython3.14-a6792301b742-compat-31b33d68c68a\Lib\site-packages\pyperf\_manager.py", line 118, in spawn_worker
    raise RuntimeError("%s failed with exit code %s"
                       % (cmd[0], exitcode))
RuntimeError: D:\CantorAI\xlang3\build-repro\Release\xlang3.exe failed with exit code 1
Traceback (most recent call last):
  File "D:\CantorAI\xlang3\venv\cpython3.14-a6792301b742-compat-31b33d68c68a\Lib\site-packages\pyperformance\run.py", line 171, in run_benchmarks
    result = bench.run(
        bench_venv.python,
    ...<3 lines>...
        verbose=options.verbose,
    )
  File "D:\CantorAI\xlang3\benchmarks\diagnostics\run_pyperformance_xlang3_shimmed.py", line 81, in run_named_benchmark
    return original_benchmark_run(benchmark, *positional, **keywords)
  File "D:\CantorAI\xlang3\venv\cpython3.14-a6792301b742-compat-31b33d68c68a\Lib\site-packages\pyperformance\_benchmark.py", line 193, in run
    bench = _run_perf_script(
        python,
    ...<4 lines>...
        verbose=verbose,
    )
  File "D:\CantorAI\xlang3\venv\cpython3.14-a6792301b742-compat-31b33d68c68a\Lib\site-packages\pyperformance\_benchmark.py", line 250, in _run_perf_script
    raise RuntimeError("Benchmark died")
RuntimeError: Benchmark died
ERROR: Benchmark mdp failed: Benchmark died
[54/97] meteor_contest...
...........
WARNING: the benchmark result may be unstable
* Not enough samples to get a stable result (95% certainly of less than 1% variation)

Try to rerun the benchmark with more runs, values and/or loops.
Run 'xlang3.exe -m pyperf system tune' command to reduce the system jitter.
Use pyperf stats, pyperf dump and pyperf hist to analyze results.
Use --quiet option to hide these warnings.

meteor_contest: Mean +- std dev: 1.41 sec +- 0.02 sec
[55/97] nbody...
...........
WARNING: the benchmark result may be unstable
* Not enough samples to get a stable result (95% certainly of less than 1% variation)

Try to rerun the benchmark with more runs, values and/or loops.
Run 'xlang3.exe -m pyperf system tune' command to reduce the system jitter.
Use pyperf stats, pyperf dump and pyperf hist to analyze results.
Use --quiet option to hide these warnings.

nbody: Mean +- std dev: 336 ms +- 5 ms
[56/97] networkx...
Traceback (most recent call last):
  File "D:\CantorAI\xlang3\venv\cpython3.14-a6792301b742-compat-31b33d68c68a\Lib\site-packages\pyperformance\data-files\benchmarks\bm_networkx\run_benchmark.py", line 16, in <module>
    import networkx
  File "D:\CantorAI\xlang3\venv\cpython3.14-a6792301b742-compat-31b33d68c68a\Lib\site-packages\networkx\__init__.py", line 19, in <module>
    from networkx import utils
  File "D:\CantorAI\xlang3\venv\cpython3.14-a6792301b742-compat-31b33d68c68a\Lib\site-packages\networkx\utils\__init__.py", line 7, in <module>
    from networkx.utils.configs import *
  File "D:\CantorAI\xlang3\venv\cpython3.14-a6792301b742-compat-31b33d68c68a\Lib\site-packages\networkx\utils\configs.py", line 5, in <module>
    from dataclasses import dataclass
  File "C:\Python\Python313\Lib\dataclasses.py", line 3, in <module>
    import copy
  File "C:\Python\Python313\Lib\copy.py", line 115, in <module>
    d[bytearray] = bytearray.copy
                   ^^^^^^^^^^^^^^
AttributeError: type object 'bytearray' has no attribute 'copy'
Traceback (most recent call last):
ERROR: Benchmark networkx failed: Benchmark died
[57/97] networkx_connected_components...
  File "D:\CantorAI\xlang3\venv\cpython3.14-a6792301b742-compat-31b33d68c68a\Lib\site-packages\pyperformance\run.py", line 171, in run_benchmarks
    result = bench.run(
        bench_venv.python,
    ...<3 lines>...
        verbose=options.verbose,
    )
  File "D:\CantorAI\xlang3\benchmarks\diagnostics\run_pyperformance_xlang3_shimmed.py", line 81, in run_named_benchmark
    return original_benchmark_run(benchmark, *positional, **keywords)
  File "D:\CantorAI\xlang3\venv\cpython3.14-a6792301b742-compat-31b33d68c68a\Lib\site-packages\pyperformance\_benchmark.py", line 193, in run
    bench = _run_perf_script(
        python,
    ...<4 lines>...
        verbose=verbose,
    )
  File "D:\CantorAI\xlang3\venv\cpython3.14-a6792301b742-compat-31b33d68c68a\Lib\site-packages\pyperformance\_benchmark.py", line 250, in _run_perf_script
    raise RuntimeError("Benchmark died")
RuntimeError: Benchmark died
Traceback (most recent call last):
  File "D:\CantorAI\xlang3\venv\cpython3.14-a6792301b742-compat-31b33d68c68a\Lib\site-packages\pyperformance\data-files\benchmarks\bm_networkx\run_benchmark.py", line 16, in <module>
    import networkx
  File "D:\CantorAI\xlang3\venv\cpython3.14-a6792301b742-compat-31b33d68c68a\Lib\site-packages\networkx\__init__.py", line 19, in <module>
    from networkx import utils
  File "D:\CantorAI\xlang3\venv\cpython3.14-a6792301b742-compat-31b33d68c68a\Lib\site-packages\networkx\utils\__init__.py", line 7, in <module>
    from networkx.utils.configs import *
  File "D:\CantorAI\xlang3\venv\cpython3.14-a6792301b742-compat-31b33d68c68a\Lib\site-packages\networkx\utils\configs.py", line 5, in <module>
    from dataclasses import dataclass
  File "C:\Python\Python313\Lib\dataclasses.py", line 3, in <module>
    import copy
  File "C:\Python\Python313\Lib\copy.py", line 115, in <module>
    d[bytearray] = bytearray.copy
                   ^^^^^^^^^^^^^^
AttributeError: type object 'bytearray' has no attribute 'copy'
Traceback (most recent call last):
  File "D:\CantorAI\xlang3\venv\cpython3.14-a6792301b742-compat-31b33d68c68a\Lib\site-packages\pyperformance\run.py", line 171, in run_benchmarks
    result = bench.run(
        bench_venv.python,
    ...<3 lines>...
        verbose=options.verbose,
    )
  File "D:\CantorAI\xlang3\benchmarks\diagnostics\run_pyperformance_xlang3_shimmed.py", line 81, in run_named_benchmark
    return original_benchmark_run(benchmark, *positional, **keywords)
  File "D:\CantorAI\xlang3\venv\cpython3.14-a6792301b742-compat-31b33d68c68a\Lib\site-packages\pyperformance\_benchmark.py", line 193, in run
    bench = _run_perf_script(
        python,
    ...<4 lines>...
        verbose=verbose,
    )
  File "D:\CantorAI\xlang3\venv\cpython3.14-a6792301b742-compat-31b33d68c68a\Lib\site-packages\pyperformance\_benchmark.py", line 250, in _run_perf_script
    raise RuntimeError("Benchmark died")
RuntimeError: Benchmark died
ERROR: Benchmark networkx_connected_components failed: Benchmark died
[58/97] networkx_k_core...
Traceback (most recent call last):
  File "D:\CantorAI\xlang3\venv\cpython3.14-a6792301b742-compat-31b33d68c68a\Lib\site-packages\pyperformance\data-files\benchmarks\bm_networkx\run_benchmark.py", line 16, in <module>
    import networkx
  File "D:\CantorAI\xlang3\venv\cpython3.14-a6792301b742-compat-31b33d68c68a\Lib\site-packages\networkx\__init__.py", line 19, in <module>
    from networkx import utils
  File "D:\CantorAI\xlang3\venv\cpython3.14-a6792301b742-compat-31b33d68c68a\Lib\site-packages\networkx\utils\__init__.py", line 7, in <module>
    from networkx.utils.configs import *
  File "D:\CantorAI\xlang3\venv\cpython3.14-a6792301b742-compat-31b33d68c68a\Lib\site-packages\networkx\utils\configs.py", line 5, in <module>
    from dataclasses import dataclass
  File "C:\Python\Python313\Lib\dataclasses.py", line 3, in <module>
    import copy
  File "C:\Python\Python313\Lib\copy.py", line 115, in <module>
    d[bytearray] = bytearray.copy
                   ^^^^^^^^^^^^^^
AttributeError: type object 'bytearray' has no attribute 'copy'
Traceback (most recent call last):
  File "D:\CantorAI\xlang3\venv\cpython3.14-a6792301b742-compat-31b33d68c68a\Lib\site-packages\pyperformance\run.py", line 171, in run_benchmarks
    result = bench.run(
        bench_venv.python,
    ...<3 lines>...
        verbose=options.verbose,
    )
  File "D:\CantorAI\xlang3\benchmarks\diagnostics\run_pyperformance_xlang3_shimmed.py", line 81, in run_named_benchmark
    return original_benchmark_run(benchmark, *positional, **keywords)
  File "D:\CantorAI\xlang3\venv\cpython3.14-a6792301b742-compat-31b33d68c68a\Lib\site-packages\pyperformance\_benchmark.py", line 193, in run
    bench = _run_perf_script(
        python,
    ...<4 lines>...
        verbose=verbose,
    )
  File "D:\CantorAI\xlang3\venv\cpython3.14-a6792301b742-compat-31b33d68c68a\Lib\site-packages\pyperformance\_benchmark.py", line 250, in _run_perf_script
    raise RuntimeError("Benchmark died")
RuntimeError: Benchmark died
ERROR: Benchmark networkx_k_core failed: Benchmark died
[59/97] nqueens...
...........
nqueens: Mean +- std dev: 927 ms +- 8 ms
[60/97] pathlib...
...........
WARNING: the benchmark result may be unstable
* Not enough samples to get a stable result (95% certainly of less than 1% variation)

Try to rerun the benchmark with more runs, values and/or loops.
Run 'xlang3.exe -m pyperf system tune' command to reduce the system jitter.
Use pyperf stats, pyperf dump and pyperf hist to analyze results.
Use --quiet option to hide these warnings.

pathlib: Mean +- std dev: 614 ms +- 18 ms
[61/97] pickle...
...........
WARNING: the benchmark result may be unstable
* Not enough samples to get a stable result (95% certainly of less than 1% variation)

Try to rerun the benchmark with more runs, values and/or loops.
Run 'xlang3.exe -m pyperf system tune' command to reduce the system jitter.
Use pyperf stats, pyperf dump and pyperf hist to analyze results.
Use --quiet option to hide these warnings.

pickle: Mean +- std dev: 20.1 us +- 0.4 us
[62/97] pickle_dict...
...........
WARNING: the benchmark result may be unstable
* Not enough samples to get a stable result (95% certainly of less than 1% variation)

Try to rerun the benchmark with more runs, values and/or loops.
Run 'xlang3.exe -m pyperf system tune' command to reduce the system jitter.
Use pyperf stats, pyperf dump and pyperf hist to analyze results.
Use --quiet option to hide these warnings.

pickle_dict: Mean +- std dev: 26.5 us +- 1.4 us
[63/97] pickle_list...
...........
WARNING: the benchmark result may be unstable
* Not enough samples to get a stable result (95% certainly of less than 1% variation)

Try to rerun the benchmark with more runs, values and/or loops.
Run 'xlang3.exe -m pyperf system tune' command to reduce the system jitter.
Use pyperf stats, pyperf dump and pyperf hist to analyze results.
Use --quiet option to hide these warnings.

pickle_list: Mean +- std dev: 4.56 us +- 0.07 us
[64/97] pickle_pure_python...
...........
WARNING: the benchmark result may be unstable
* Not enough samples to get a stable result (95% certainly of less than 1% variation)

Try to rerun the benchmark with more runs, values and/or loops.
Run 'xlang3.exe -m pyperf system tune' command to reduce the system jitter.
Use pyperf stats, pyperf dump and pyperf hist to analyze results.
Use --quiet option to hide these warnings.

pickle_pure_python: Mean +- std dev: 5.93 ms +- 0.11 ms
[65/97] pidigits...
...........
WARNING: the benchmark result may be unstable
* Not enough samples to get a stable result (95% certainly of less than 1% variation)

Try to rerun the benchmark with more runs, values and/or loops.
Run 'xlang3.exe -m pyperf system tune' command to reduce the system jitter.
Use pyperf stats, pyperf dump and pyperf hist to analyze results.
Use --quiet option to hide these warnings.

pidigits: Mean +- std dev: 411 ms +- 12 ms
[66/97] pprint...
Traceback (most recent call last):
  File "D:\CantorAI\xlang3\venv\cpython3.14-a6792301b742-compat-31b33d68c68a\Lib\site-packages\pyperformance\data-files\benchmarks\bm_pprint\run_benchmark.py", line 9, in <module>
    from pprint import PrettyPrinter
  File "C:\Python\Python313\Lib\pprint.py", line 38, in <module>
    import dataclasses as _dataclasses
  File "C:\Python\Python313\Lib\dataclasses.py", line 3, in <module>
    import copy
  File "C:\Python\Python313\Lib\copy.py", line 115, in <module>
    d[bytearray] = bytearray.copy
                   ^^^^^^^^^^^^^^
AttributeError: type object 'bytearray' has no attribute 'copy'
Traceback (most recent call last):
  File "D:\CantorAI\xlang3\venv\cpython3.14-a6792301b742-compat-31b33d68c68a\Lib\site-packages\pyperformance\run.py", line 171, in run_benchmarks
    result = bench.run(
        bench_venv.python,
    ...<3 lines>...
        verbose=options.verbose,
    )
  File "D:\CantorAI\xlang3\benchmarks\diagnostics\run_pyperformance_xlang3_shimmed.py", line 81, in run_named_benchmark
    return original_benchmark_run(benchmark, *positional, **keywords)
  File "D:\CantorAI\xlang3\venv\cpython3.14-a6792301b742-compat-31b33d68c68a\Lib\site-packages\pyperformance\_benchmark.py", line 193, in run
    bench = _run_perf_script(
        python,
    ...<4 lines>...
        verbose=verbose,
    )
  File "D:\CantorAI\xlang3\venv\cpython3.14-a6792301b742-compat-31b33d68c68a\Lib\site-packages\pyperformance\_benchmark.py", line 250, in _run_perf_script
    raise RuntimeError("Benchmark died")
RuntimeError: Benchmark died
ERROR: Benchmark pprint failed: Benchmark died
[67/97] pyflate...
...........
WARNING: the benchmark result may be unstable
* Not enough samples to get a stable result (95% certainly of less than 1% variation)

Try to rerun the benchmark with more runs, values and/or loops.
Run 'xlang3.exe -m pyperf system tune' command to reduce the system jitter.
Use pyperf stats, pyperf dump and pyperf hist to analyze results.
Use --quiet option to hide these warnings.

pyflate: Mean +- std dev: 3.24 sec +- 0.19 sec
[68/97] python_startup...
Traceback (most recent call last):
  File "D:\CantorAI\xlang3\venv\cpython3.14-a6792301b742-compat-31b33d68c68a\Lib\site-packages\pyperformance\data-files\benchmarks\bm_python_startup\run_benchmark.py", line 37, in <module>
    runner.bench_command(name, command)
    ~~~~~~~~~~~~~~~~~~~~^^^^^^^^^^^^^^^
  File "D:\CantorAI\xlang3\venv\cpython3.14-a6792301b742-compat-31b33d68c68a\Lib\site-packages\pyperf\_runner.py", line 750, in bench_command
    return self._main(task)
           ~~~~~~~~~~^^^^^^
  File "D:\CantorAI\xlang3\venv\cpython3.14-a6792301b742-compat-31b33d68c68a\Lib\site-packages\pyperf\_runner.py", line 463, in _main
    bench = self._worker(task)
  File "D:\CantorAI\xlang3\venv\cpython3.14-a6792301b742-compat-31b33d68c68a\Lib\site-packages\pyperf\_runner.py", line 437, in _worker
    run = task.create_run()
  File "D:\CantorAI\xlang3\venv\cpython3.14-a6792301b742-compat-31b33d68c68a\Lib\site-packages\pyperf\_worker.py", line 300, in create_run
    self.compute()
    ~~~~~~~~~~~~^^
  File "D:\CantorAI\xlang3\venv\cpython3.14-a6792301b742-compat-31b33d68c68a\Lib\site-packages\pyperf\_command.py", line 66, in compute
    WorkerTask.compute(self)
    ~~~~~~~~~~~~~~~~~~^^^^^^
  File "D:\CantorAI\xlang3\venv\cpython3.14-a6792301b742-compat-31b33d68c68a\Lib\site-packages\pyperf\_worker.py", line 287, in compute
    self.calibrate_loops()
    ~~~~~~~~~~~~~~~~~~~~^^
  File "D:\CantorAI\xlang3\venv\cpython3.14-a6792301b742-compat-31b33d68c68a\Lib\site-packages\pyperf\_worker.py", line 250, in calibrate_loops
    self._compute_values(self.warmups, nvalue,
    ~~~~~~~~~~~~~~~~~~~~^^^^^^^^^^^^^^^^^^^^^^
                         is_warmup=True,
                         ^^^^^^^^^^^^^^^
                         calibrate_loops=True)
                         ^^^^^^^^^^^^^^^^^^^^^
  File "D:\CantorAI\xlang3\venv\cpython3.14-a6792301b742-compat-31b33d68c68a\Lib\site-packages\pyperf\_worker.py", line 76, in _compute_values
    with contextlib.ExitStack() as stack:
    ^^^^^^^^^^^^^^^^^^^^^^^^^^^^^^^^^^^^^
    ...<4 lines>...
    raw_value = float(raw_value)
    
  File "D:\CantorAI\xlang3\venv\cpython3.14-a6792301b742-compat-31b33d68c68a\Lib\site-packages\pyperf\_worker.py", line 79, in _compute_values
    raw_value = task_func(self, self.loops)
  File "C:\Python\Python313\Lib\functools.py", line 304, in __call__
    return self.func(*self.args, *args, **keywords)
           ~~~~~~~~~^^^^^^^^^^^^^^^^^^^^^^^^^^^^^^^
  File "D:\CantorAI\xlang3\venv\cpython3.14-a6792301b742-compat-31b33d68c68a\Lib\site-packages\pyperf\_command.py", line 43, in bench_command
    raise Exception("Command failed with exit code %s"
                    % proc.returncode)
Exception: Command failed with exit code 1
Traceback (most recent call last):
  File "D:\CantorAI\xlang3\venv\cpython3.14-a6792301b742-compat-31b33d68c68a\Lib\site-packages\pyperformance\data-files\benchmarks\bm_python_startup\run_benchmark.py", line 37, in <module>
    runner.bench_command(name, command)
    ~~~~~~~~~~~~~~~~~~~~^^^^^^^^^^^^^^^
  File "D:\CantorAI\xlang3\venv\cpython3.14-a6792301b742-compat-31b33d68c68a\Lib\site-packages\pyperf\_runner.py", line 750, in bench_command
    return self._main(task)
           ~~~~~~~~~~^^^^^^
  File "D:\CantorAI\xlang3\venv\cpython3.14-a6792301b742-compat-31b33d68c68a\Lib\site-packages\pyperf\_runner.py", line 468, in _main
    bench = self._manager()
  File "D:\CantorAI\xlang3\venv\cpython3.14-a6792301b742-compat-31b33d68c68a\Lib\site-packages\pyperf\_runner.py", line 681, in _manager
    bench = Manager(self).create_bench()
  File "D:\CantorAI\xlang3\venv\cpython3.14-a6792301b742-compat-31b33d68c68a\Lib\site-packages\pyperf\_manager.py", line 243, in create_bench
    worker_bench, run = self.create_worker_bench()
                        ~~~~~~~~~~~~~~~~~~~~~~~~^^
  File "D:\CantorAI\xlang3\venv\cpython3.14-a6792301b742-compat-31b33d68c68a\Lib\site-packages\pyperf\_manager.py", line 142, in create_worker_bench
    suite = self.create_suite()
  File "D:\CantorAI\xlang3\venv\cpython3.14-a6792301b742-compat-31b33d68c68a\Lib\site-packages\pyperf\_manager.py", line 132, in create_suite
    suite = self.spawn_worker(self.calibrate_loops, 0)
  File "D:\CantorAI\xlang3\venv\cpython3.14-a6792301b742-compat-31b33d68c68a\Lib\site-packages\pyperf\_manager.py", line 118, in spawn_worker
    raise RuntimeError("%s failed with exit code %s"
                       % (cmd[0], exitcode))
RuntimeError: D:\CantorAI\xlang3\build-repro\Release\xlang3.exe failed with exit code 1
Traceback (most recent call last):
  File "D:\CantorAI\xlang3\venv\cpython3.14-a6792301b742-compat-31b33d68c68a\Lib\site-packages\pyperformance\run.py", line 171, in run_benchmarks
    result = bench.run(
        bench_venv.python,
    ...<3 lines>...
        verbose=options.verbose,
    )
  File "D:\CantorAI\xlang3\benchmarks\diagnostics\run_pyperformance_xlang3_shimmed.py", line 81, in run_named_benchmark
    return original_benchmark_run(benchmark, *positional, **keywords)
  File "D:\CantorAI\xlang3\venv\cpython3.14-a6792301b742-compat-31b33d68c68a\Lib\site-packages\pyperformance\_benchmark.py", line 193, in run
    bench = _run_perf_script(
        python,
    ...<4 lines>...
        verbose=verbose,
    )
  File "D:\CantorAI\xlang3\venv\cpython3.14-a6792301b742-compat-31b33d68c68a\Lib\site-packages\pyperformance\_benchmark.py", line 250, in _run_perf_script
    raise RuntimeError("Benchmark died")
RuntimeError: Benchmark died
ERROR: Benchmark python_startup failed: Benchmark died
[69/97] python_startup_no_site...
Traceback (most recent call last):
  File "D:\CantorAI\xlang3\venv\cpython3.14-a6792301b742-compat-31b33d68c68a\Lib\site-packages\pyperformance\data-files\benchmarks\bm_python_startup\run_benchmark.py", line 37, in <module>
    runner.bench_command(name, command)
    ~~~~~~~~~~~~~~~~~~~~^^^^^^^^^^^^^^^
  File "D:\CantorAI\xlang3\venv\cpython3.14-a6792301b742-compat-31b33d68c68a\Lib\site-packages\pyperf\_runner.py", line 750, in bench_command
    return self._main(task)
           ~~~~~~~~~~^^^^^^
  File "D:\CantorAI\xlang3\venv\cpython3.14-a6792301b742-compat-31b33d68c68a\Lib\site-packages\pyperf\_runner.py", line 463, in _main
    bench = self._worker(task)
  File "D:\CantorAI\xlang3\venv\cpython3.14-a6792301b742-compat-31b33d68c68a\Lib\site-packages\pyperf\_runner.py", line 437, in _worker
    run = task.create_run()
  File "D:\CantorAI\xlang3\venv\cpython3.14-a6792301b742-compat-31b33d68c68a\Lib\site-packages\pyperf\_worker.py", line 300, in create_run
    self.compute()
    ~~~~~~~~~~~~^^
  File "D:\CantorAI\xlang3\venv\cpython3.14-a6792301b742-compat-31b33d68c68a\Lib\site-packages\pyperf\_command.py", line 66, in compute
    WorkerTask.compute(self)
    ~~~~~~~~~~~~~~~~~~^^^^^^
  File "D:\CantorAI\xlang3\venv\cpython3.14-a6792301b742-compat-31b33d68c68a\Lib\site-packages\pyperf\_worker.py", line 287, in compute
    self.calibrate_loops()
    ~~~~~~~~~~~~~~~~~~~~^^
  File "D:\CantorAI\xlang3\venv\cpython3.14-a6792301b742-compat-31b33d68c68a\Lib\site-packages\pyperf\_worker.py", line 250, in calibrate_loops
    self._compute_values(self.warmups, nvalue,
    ~~~~~~~~~~~~~~~~~~~~^^^^^^^^^^^^^^^^^^^^^^
                         is_warmup=True,
                         ^^^^^^^^^^^^^^^
                         calibrate_loops=True)
                         ^^^^^^^^^^^^^^^^^^^^^
  File "D:\CantorAI\xlang3\venv\cpython3.14-a6792301b742-compat-31b33d68c68a\Lib\site-packages\pyperf\_worker.py", line 76, in _compute_values
    with contextlib.ExitStack() as stack:
    ^^^^^^^^^^^^^^^^^^^^^^^^^^^^^^^^^^^^^
    ...<4 lines>...
    raw_value = float(raw_value)
    
  File "D:\CantorAI\xlang3\venv\cpython3.14-a6792301b742-compat-31b33d68c68a\Lib\site-packages\pyperf\_worker.py", line 79, in _compute_values
    raw_value = task_func(self, self.loops)
  File "C:\Python\Python313\Lib\functools.py", line 304, in __call__
    return self.func(*self.args, *args, **keywords)
           ~~~~~~~~~^^^^^^^^^^^^^^^^^^^^^^^^^^^^^^^
  File "D:\CantorAI\xlang3\venv\cpython3.14-a6792301b742-compat-31b33d68c68a\Lib\site-packages\pyperf\_command.py", line 43, in bench_command
    raise Exception("Command failed with exit code %s"
                    % proc.returncode)
Exception: Command failed with exit code 1
Traceback (most recent call last):
  File "D:\CantorAI\xlang3\venv\cpython3.14-a6792301b742-compat-31b33d68c68a\Lib\site-packages\pyperformance\data-files\benchmarks\bm_python_startup\run_benchmark.py", line 37, in <module>
    runner.bench_command(name, command)
    ~~~~~~~~~~~~~~~~~~~~^^^^^^^^^^^^^^^
  File "D:\CantorAI\xlang3\venv\cpython3.14-a6792301b742-compat-31b33d68c68a\Lib\site-packages\pyperf\_runner.py", line 750, in bench_command
    return self._main(task)
           ~~~~~~~~~~^^^^^^
  File "D:\CantorAI\xlang3\venv\cpython3.14-a6792301b742-compat-31b33d68c68a\Lib\site-packages\pyperf\_runner.py", line 468, in _main
    bench = self._manager()
  File "D:\CantorAI\xlang3\venv\cpython3.14-a6792301b742-compat-31b33d68c68a\Lib\site-packages\pyperf\_runner.py", line 681, in _manager
    bench = Manager(self).create_bench()
  File "D:\CantorAI\xlang3\venv\cpython3.14-a6792301b742-compat-31b33d68c68a\Lib\site-packages\pyperf\_manager.py", line 243, in create_bench
    worker_bench, run = self.create_worker_bench()
                        ~~~~~~~~~~~~~~~~~~~~~~~~^^
  File "D:\CantorAI\xlang3\venv\cpython3.14-a6792301b742-compat-31b33d68c68a\Lib\site-packages\pyperf\_manager.py", line 142, in create_worker_bench
    suite = self.create_suite()
  File "D:\CantorAI\xlang3\venv\cpython3.14-a6792301b742-compat-31b33d68c68a\Lib\site-packages\pyperf\_manager.py", line 132, in create_suite
    suite = self.spawn_worker(self.calibrate_loops, 0)
  File "D:\CantorAI\xlang3\venv\cpython3.14-a6792301b742-compat-31b33d68c68a\Lib\site-packages\pyperf\_manager.py", line 118, in spawn_worker
    raise RuntimeError("%s failed with exit code %s"
                       % (cmd[0], exitcode))
RuntimeError: D:\CantorAI\xlang3\build-repro\Release\xlang3.exe failed with exit code 1
Traceback (most recent call last):
  File "D:\CantorAI\xlang3\venv\cpython3.14-a6792301b742-compat-31b33d68c68a\Lib\site-packages\pyperformance\run.py", line 171, in run_benchmarks
    result = bench.run(
        bench_venv.python,
    ...<3 lines>...
        verbose=options.verbose,
    )
  File "D:\CantorAI\xlang3\benchmarks\diagnostics\run_pyperformance_xlang3_shimmed.py", line 81, in run_named_benchmark
    return original_benchmark_run(benchmark, *positional, **keywords)
  File "D:\CantorAI\xlang3\venv\cpython3.14-a6792301b742-compat-31b33d68c68a\Lib\site-packages\pyperformance\_benchmark.py", line 193, in run
    bench = _run_perf_script(
        python,
    ...<4 lines>...
        verbose=verbose,
    )
  File "D:\CantorAI\xlang3\venv\cpython3.14-a6792301b742-compat-31b33d68c68a\Lib\site-packages\pyperformance\_benchmark.py", line 250, in _run_perf_script
    raise RuntimeError("Benchmark died")
RuntimeError: Benchmark died
ERROR: Benchmark python_startup_no_site failed: Benchmark died
[70/97] raytrace...
...........
WARNING: the benchmark result may be unstable
* Not enough samples to get a stable result (95% certainly of less than 1% variation)

Try to rerun the benchmark with more runs, values and/or loops.
Run 'xlang3.exe -m pyperf system tune' command to reduce the system jitter.
Use pyperf stats, pyperf dump and pyperf hist to analyze results.
Use --quiet option to hide these warnings.

raytrace: Mean +- std dev: 2.37 sec +- 0.15 sec
[71/97] regex_compile...
Traceback (most recent call last):
  File "D:\CantorAI\xlang3\venv\cpython3.14-a6792301b742-compat-31b33d68c68a\Lib\site-packages\pyperformance\data-files\benchmarks\bm_regex_compile\run_benchmark.py", line 68, in <module>
    regexes = capture_regexes()
  File "D:\CantorAI\xlang3\venv\cpython3.14-a6792301b742-compat-31b33d68c68a\Lib\site-packages\pyperformance\data-files\benchmarks\bm_regex_compile\run_benchmark.py", line 43, in capture_regexes
    bm_regex_v8.bench_regex_v8(1)
    ~~~~~~~~~~~~~~~~~~~~~~~~~~^^^
  File "D:\CantorAI\xlang3\venv\cpython3.14-a6792301b742-compat-31b33d68c68a\Lib\site-packages\pyperformance\data-files\benchmarks\bm_regex_compile\bm_regex_v8.py", line 1771, in bench_regex_v8
    block0()
    ~~~~~~^^
  File "D:\CantorAI\xlang3\venv\cpython3.14-a6792301b742-compat-31b33d68c68a\Lib\site-packages\pyperformance\data-files\benchmarks\bm_regex_compile\bm_regex_v8.py", line 326, in block0
    re.sub(r'\[', '', 'qvi .so_zrah', 0)
    ~~~~~~^^^^^^^^^^^^^^^^^^^^^^^^^^^^^^
  File "D:\CantorAI\xlang3\venv\cpython3.14-a6792301b742-compat-31b33d68c68a\Lib\site-packages\pyperformance\data-files\benchmarks\bm_regex_compile\run_benchmark.py", line 33, in capture_sub
    return real_sub(regex, *args)
  File "C:\Python\Python313\Lib\re\__init__.py", line 203, in sub
    warnings.warn(
    ~~~~~~~~~~~~~^
        "'count' is passed as positional argument",
        ^^^^^^^^^^^^^^^^^^^^^^^^^^^^^^^^^^^^^^^^^^^
        DeprecationWarning, stacklevel=2
        ^^^^^^^^^^^^^^^^^^^^^^^^^^^^^^^^
    )
    ^
RuntimeError: No module named '_py_warnings'
Traceback (most recent call last):
  File "D:\CantorAI\xlang3\venv\cpython3.14-a6792301b742-compat-31b33d68c68a\Lib\site-packages\pyperformance\run.py", line 171, in run_benchmarks
    result = bench.run(
        bench_venv.python,
    ...<3 lines>...
        verbose=options.verbose,
    )
  File "D:\CantorAI\xlang3\benchmarks\diagnostics\run_pyperformance_xlang3_shimmed.py", line 81, in run_named_benchmark
    return original_benchmark_run(benchmark, *positional, **keywords)
  File "D:\CantorAI\xlang3\venv\cpython3.14-a6792301b742-compat-31b33d68c68a\Lib\site-packages\pyperformance\_benchmark.py", line 193, in run
    bench = _run_perf_script(
        python,
    ...<4 lines>...
        verbose=verbose,
    )
  File "D:\CantorAI\xlang3\venv\cpython3.14-a6792301b742-compat-31b33d68c68a\Lib\site-packages\pyperformance\_benchmark.py", line 250, in _run_perf_script
    raise RuntimeError("Benchmark died")
RuntimeError: Benchmark died
ERROR: Benchmark regex_compile failed: Benchmark died
[72/97] regex_dna...
...........
WARNING: the benchmark result may be unstable
* Not enough samples to get a stable result (95% certainly of less than 1% variation)

Try to rerun the benchmark with more runs, values and/or loops.
Run 'xlang3.exe -m pyperf system tune' command to reduce the system jitter.
Use pyperf stats, pyperf dump and pyperf hist to analyze results.
Use --quiet option to hide these warnings.

regex_dna: Mean +- std dev: 226 ms +- 5 ms
[73/97] regex_effbot...
...........
WARNING: the benchmark result may be unstable
* Not enough samples to get a stable result (95% certainly of less than 1% variation)

Try to rerun the benchmark with more runs, values and/or loops.
Run 'xlang3.exe -m pyperf system tune' command to reduce the system jitter.
Use pyperf stats, pyperf dump and pyperf hist to analyze results.
Use --quiet option to hide these warnings.

regex_effbot: Mean +- std dev: 13.7 ms +- 0.3 ms
[74/97] regex_v8...
...........
WARNING: the benchmark result may be unstable
* Not enough samples to get a stable result (95% certainly of less than 1% variation)

Try to rerun the benchmark with more runs, values and/or loops.
Run 'xlang3.exe -m pyperf system tune' command to reduce the system jitter.
Use pyperf stats, pyperf dump and pyperf hist to analyze results.
Use --quiet option to hide these warnings.

regex_v8: Mean +- std dev: 68.5 ms +- 3.8 ms
[75/97] richards...
...........
WARNING: the benchmark result may be unstable
* Not enough samples to get a stable result (95% certainly of less than 1% variation)

Try to rerun the benchmark with more runs, values and/or loops.
Run 'xlang3.exe -m pyperf system tune' command to reduce the system jitter.
Use pyperf stats, pyperf dump and pyperf hist to analyze results.
Use --quiet option to hide these warnings.

richards: Mean +- std dev: 383 ms +- 16 ms
[76/97] richards_super...
...........
WARNING: the benchmark result may be unstable
* Not enough samples to get a stable result (95% certainly of less than 1% variation)

Try to rerun the benchmark with more runs, values and/or loops.
Run 'xlang3.exe -m pyperf system tune' command to reduce the system jitter.
Use pyperf stats, pyperf dump and pyperf hist to analyze results.
Use --quiet option to hide these warnings.

richards_super: Mean +- std dev: 531 ms +- 15 ms
[77/97] scimark...
Traceback (most recent call last):
  File "D:\CantorAI\xlang3\venv\cpython3.14-a6792301b742-compat-31b33d68c68a\Lib\site-packages\pyperformance\data-files\benchmarks\bm_scimark\run_benchmark.py", line 415, in <module>
    runner.bench_time_func(name, *args)
    ~~~~~~~~~~~~~~~~~~~~~~^^^^^^^^^^^^^
  File "D:\CantorAI\xlang3\venv\cpython3.14-a6792301b742-compat-31b33d68c68a\Lib\site-packages\pyperf\_runner.py", line 502, in bench_time_func
    result = self._main(task)
  File "D:\CantorAI\xlang3\venv\cpython3.14-a6792301b742-compat-31b33d68c68a\Lib\site-packages\pyperf\_runner.py", line 463, in _main
    bench = self._worker(task)
  File "D:\CantorAI\xlang3\venv\cpython3.14-a6792301b742-compat-31b33d68c68a\Lib\site-packages\pyperf\_runner.py", line 437, in _worker
    run = task.create_run()
  File "D:\CantorAI\xlang3\venv\cpython3.14-a6792301b742-compat-31b33d68c68a\Lib\site-packages\pyperf\_worker.py", line 300, in create_run
    self.compute()
    ~~~~~~~~~~~~^^
  File "D:\CantorAI\xlang3\venv\cpython3.14-a6792301b742-compat-31b33d68c68a\Lib\site-packages\pyperf\_worker.py", line 364, in compute
    WorkerTask.compute(self)
    ~~~~~~~~~~~~~~~~~~^^^^^^
  File "D:\CantorAI\xlang3\venv\cpython3.14-a6792301b742-compat-31b33d68c68a\Lib\site-packages\pyperf\_worker.py", line 287, in compute
    self.calibrate_loops()
    ~~~~~~~~~~~~~~~~~~~~^^
  File "D:\CantorAI\xlang3\venv\cpython3.14-a6792301b742-compat-31b33d68c68a\Lib\site-packages\pyperf\_worker.py", line 250, in calibrate_loops
    self._compute_values(self.warmups, nvalue,
    ~~~~~~~~~~~~~~~~~~~~^^^^^^^^^^^^^^^^^^^^^^
                         is_warmup=True,
                         ^^^^^^^^^^^^^^^
                         calibrate_loops=True)
                         ^^^^^^^^^^^^^^^^^^^^^
  File "D:\CantorAI\xlang3\venv\cpython3.14-a6792301b742-compat-31b33d68c68a\Lib\site-packages\pyperf\_worker.py", line 76, in _compute_values
    with contextlib.ExitStack() as stack:
    ^^^^^^^^^^^^^^^^^^^^^^^^^^^^^^^^^^^^^
    ...<4 lines>...
    raw_value = float(raw_value)
    
  File "D:\CantorAI\xlang3\venv\cpython3.14-a6792301b742-compat-31b33d68c68a\Lib\site-packages\pyperf\_worker.py", line 79, in _compute_values
    raw_value = task_func(self, self.loops)
  File "D:\CantorAI\xlang3\venv\cpython3.14-a6792301b742-compat-31b33d68c68a\Lib\site-packages\pyperf\_runner.py", line 497, in task_func
    return time_func(loops, *args)
  File "D:\CantorAI\xlang3\venv\cpython3.14-a6792301b742-compat-31b33d68c68a\Lib\site-packages\pyperformance\data-files\benchmarks\bm_scimark\run_benchmark.py", line 378, in bench_FFT
    x = copy_vector(init_vec)
  File "D:\CantorAI\xlang3\venv\cpython3.14-a6792301b742-compat-31b33d68c68a\Lib\site-packages\pyperformance\data-files\benchmarks\bm_scimark\run_benchmark.py", line 114, in copy_vector
    vec2[:] = vec[:]
              ~~~^^^
TypeError: object cannot be interpreted as an integer
Traceback (most recent call last):
  File "D:\CantorAI\xlang3\venv\cpython3.14-a6792301b742-compat-31b33d68c68a\Lib\site-packages\pyperformance\data-files\benchmarks\bm_scimark\run_benchmark.py", line 415, in <module>
    runner.bench_time_func(name, *args)
    ~~~~~~~~~~~~~~~~~~~~~~^^^^^^^^^^^^^
  File "D:\CantorAI\xlang3\venv\cpython3.14-a6792301b742-compat-31b33d68c68a\Lib\site-packages\pyperf\_runner.py", line 502, in bench_time_func
    result = self._main(task)
  File "D:\CantorAI\xlang3\venv\cpython3.14-a6792301b742-compat-31b33d68c68a\Lib\site-packages\pyperf\_runner.py", line 468, in _main
    bench = self._manager()
  File "D:\CantorAI\xlang3\venv\cpython3.14-a6792301b742-compat-31b33d68c68a\Lib\site-packages\pyperf\_runner.py", line 681, in _manager
    bench = Manager(self).create_bench()
  File "D:\CantorAI\xlang3\venv\cpython3.14-a6792301b742-compat-31b33d68c68a\Lib\site-packages\pyperf\_manager.py", line 243, in create_bench
    worker_bench, run = self.create_worker_bench()
                        ~~~~~~~~~~~~~~~~~~~~~~~~^^
  File "D:\CantorAI\xlang3\venv\cpython3.14-a6792301b742-compat-31b33d68c68a\Lib\site-packages\pyperf\_manager.py", line 142, in create_worker_bench
    suite = self.create_suite()
  File "D:\CantorAI\xlang3\venv\cpython3.14-a6792301b742-compat-31b33d68c68a\Lib\site-packages\pyperf\_manager.py", line 132, in create_suite
    suite = self.spawn_worker(self.calibrate_loops, 0)
  File "D:\CantorAI\xlang3\venv\cpython3.14-a6792301b742-compat-31b33d68c68a\Lib\site-packages\pyperf\_manager.py", line 118, in spawn_worker
    raise RuntimeError("%s failed with exit code %s"
                       % (cmd[0], exitcode))
RuntimeError: D:\CantorAI\xlang3\build-repro\Release\xlang3.exe failed with exit code 1
Traceback (most recent call last):
  File "D:\CantorAI\xlang3\venv\cpython3.14-a6792301b742-compat-31b33d68c68a\Lib\site-packages\pyperformance\run.py", line 171, in run_benchmarks
    result = bench.run(
        bench_venv.python,
    ...<3 lines>...
        verbose=options.verbose,
    )
  File "D:\CantorAI\xlang3\benchmarks\diagnostics\run_pyperformance_xlang3_shimmed.py", line 81, in run_named_benchmark
    return original_benchmark_run(benchmark, *positional, **keywords)
  File "D:\CantorAI\xlang3\venv\cpython3.14-a6792301b742-compat-31b33d68c68a\Lib\site-packages\pyperformance\_benchmark.py", line 193, in run
    bench = _run_perf_script(
        python,
    ...<4 lines>...
        verbose=verbose,
    )
  File "D:\CantorAI\xlang3\venv\cpython3.14-a6792301b742-compat-31b33d68c68a\Lib\site-packages\pyperformance\_benchmark.py", line 250, in _run_perf_script
    raise RuntimeError("Benchmark died")
RuntimeError: Benchmark died
ERROR: Benchmark scimark failed: Benchmark died
[78/97] spectral_norm...
...........
WARNING: the benchmark result may be unstable
* Not enough samples to get a stable result (95% certainly of less than 1% variation)

Try to rerun the benchmark with more runs, values and/or loops.
Run 'xlang3.exe -m pyperf system tune' command to reduce the system jitter.
Use pyperf stats, pyperf dump and pyperf hist to analyze results.
Use --quiet option to hide these warnings.

spectral_norm: Mean +- std dev: 538 ms +- 7 ms
[79/97] sphinx...
Traceback (most recent call last):
  File "D:\CantorAI\xlang3\venv\cpython3.14-a6792301b742-compat-31b33d68c68a\Lib\site-packages\pyperformance\data-files\benchmarks\bm_sphinx\run_benchmark.py", line 11, in <module>
    from sphinx.cmd.build import main as sphinx_main
  File "D:\CantorAI\xlang3\venv\cpython3.14-a6792301b742-compat-31b33d68c68a\Lib\site-packages\sphinx\cmd\build.py", line 11, in <module>
    import pdb  # NoQA: T100
  File "C:\Python\Python313\Lib\pdb.py", line 82, in <module>
    import pprint
  File "C:\Python\Python313\Lib\pprint.py", line 38, in <module>
    import dataclasses as _dataclasses
  File "C:\Python\Python313\Lib\dataclasses.py", line 3, in <module>
    import copy
  File "C:\Python\Python313\Lib\copy.py", line 115, in <module>
    d[bytearray] = bytearray.copy
                   ^^^^^^^^^^^^^^
AttributeError: type object 'bytearray' has no attribute 'copy'
Traceback (most recent call last):
  File "D:\CantorAI\xlang3\venv\cpython3.14-a6792301b742-compat-31b33d68c68a\Lib\site-packages\pyperformance\run.py", line 171, in run_benchmarks
    result = bench.run(
        bench_venv.python,
    ...<3 lines>...
        verbose=options.verbose,
    )
ERROR: Benchmark sphinx failed: Benchmark died
[80/97] sqlalchemy_declarative...
  File "D:\CantorAI\xlang3\benchmarks\diagnostics\run_pyperformance_xlang3_shimmed.py", line 81, in run_named_benchmark
    return original_benchmark_run(benchmark, *positional, **keywords)
  File "D:\CantorAI\xlang3\venv\cpython3.14-a6792301b742-compat-31b33d68c68a\Lib\site-packages\pyperformance\_benchmark.py", line 193, in run
    bench = _run_perf_script(
        python,
    ...<4 lines>...
        verbose=verbose,
    )
  File "D:\CantorAI\xlang3\venv\cpython3.14-a6792301b742-compat-31b33d68c68a\Lib\site-packages\pyperformance\_benchmark.py", line 250, in _run_perf_script
    raise RuntimeError("Benchmark died")
RuntimeError: Benchmark died
Traceback (most recent call last):
  File "D:\CantorAI\xlang3\venv\cpython3.14-a6792301b742-compat-31b33d68c68a\Lib\site-packages\pyperformance\data-files\benchmarks\bm_sqlalchemy_declarative\run_benchmark.py", line 3, in <module>
    from sqlalchemy import Column, ForeignKey, Integer, String
  File "D:\CantorAI\xlang3\venv\cpython3.14-a6792301b742-compat-31b33d68c68a\Lib\site-packages\sqlalchemy\__init__.py", line 8, in <module>
    from . import util as _util
  File "D:\CantorAI\xlang3\venv\cpython3.14-a6792301b742-compat-31b33d68c68a\Lib\site-packages\sqlalchemy\util\__init__.py", line 14, in <module>
    from ._collections import coerce_generator_arg
  File "D:\CantorAI\xlang3\venv\cpython3.14-a6792301b742-compat-31b33d68c68a\Lib\site-packages\sqlalchemy\util\_collections.py", line 16, in <module>
    from .compat import binary_types
  File "D:\CantorAI\xlang3\venv\cpython3.14-a6792301b742-compat-31b33d68c68a\Lib\site-packages\sqlalchemy\util\compat.py", line 449, in <module>
    import dataclasses
  File "C:\Python\Python313\Lib\dataclasses.py", line 3, in <module>
    import copy
  File "C:\Python\Python313\Lib\copy.py", line 115, in <module>
    d[bytearray] = bytearray.copy
                   ^^^^^^^^^^^^^^
AttributeError: type object 'bytearray' has no attribute 'copy'
Traceback (most recent call last):
  File "D:\CantorAI\xlang3\venv\cpython3.14-a6792301b742-compat-31b33d68c68a\Lib\site-packages\pyperformance\run.py", line 171, in run_benchmarks
    result = bench.run(
        bench_venv.python,
    ...<3 lines>...
        verbose=options.verbose,
    )
  File "D:\CantorAI\xlang3\benchmarks\diagnostics\run_pyperformance_xlang3_shimmed.py", line 81, in run_named_benchmark
    return original_benchmark_run(benchmark, *positional, **keywords)
  File "D:\CantorAI\xlang3\venv\cpython3.14-a6792301b742-compat-31b33d68c68a\Lib\site-packages\pyperformance\_benchmark.py", line 193, in run
    bench = _run_perf_script(
        python,
    ...<4 lines>...
        verbose=verbose,
    )
  File "D:\CantorAI\xlang3\venv\cpython3.14-a6792301b742-compat-31b33d68c68a\Lib\site-packages\pyperformance\_benchmark.py", line 250, in _run_perf_script
    raise RuntimeError("Benchmark died")
RuntimeError: Benchmark died
ERROR: Benchmark sqlalchemy_declarative failed: Benchmark died
[81/97] sqlalchemy_imperative...
Traceback (most recent call last):
  File "D:\CantorAI\xlang3\venv\cpython3.14-a6792301b742-compat-31b33d68c68a\Lib\site-packages\pyperformance\data-files\benchmarks\bm_sqlalchemy_imperative\run_benchmark.py", line 3, in <module>
    from sqlalchemy import Column, ForeignKey, Integer, String, Table, MetaData
  File "D:\CantorAI\xlang3\venv\cpython3.14-a6792301b742-compat-31b33d68c68a\Lib\site-packages\sqlalchemy\__init__.py", line 8, in <module>
    from . import util as _util
  File "D:\CantorAI\xlang3\venv\cpython3.14-a6792301b742-compat-31b33d68c68a\Lib\site-packages\sqlalchemy\util\__init__.py", line 14, in <module>
    from ._collections import coerce_generator_arg
  File "D:\CantorAI\xlang3\venv\cpython3.14-a6792301b742-compat-31b33d68c68a\Lib\site-packages\sqlalchemy\util\_collections.py", line 16, in <module>
    from .compat import binary_types
  File "D:\CantorAI\xlang3\venv\cpython3.14-a6792301b742-compat-31b33d68c68a\Lib\site-packages\sqlalchemy\util\compat.py", line 449, in <module>
    import dataclasses
  File "C:\Python\Python313\Lib\dataclasses.py", line 3, in <module>
    import copy
  File "C:\Python\Python313\Lib\copy.py", line 115, in <module>
    d[bytearray] = bytearray.copy
                   ^^^^^^^^^^^^^^
AttributeError: type object 'bytearray' has no attribute 'copy'
Traceback (most recent call last):
  File "D:\CantorAI\xlang3\venv\cpython3.14-a6792301b742-compat-31b33d68c68a\Lib\site-packages\pyperformance\run.py", line 171, in run_benchmarks
    result = bench.run(
        bench_venv.python,
    ...<3 lines>...
        verbose=options.verbose,
    )
  File "D:\CantorAI\xlang3\benchmarks\diagnostics\run_pyperformance_xlang3_shimmed.py", line 81, in run_named_benchmark
    return original_benchmark_run(benchmark, *positional, **keywords)
  File "D:\CantorAI\xlang3\venv\cpython3.14-a6792301b742-compat-31b33d68c68a\Lib\site-packages\pyperformance\_benchmark.py", line 193, in run
    bench = _run_perf_script(
        python,
    ...<4 lines>...
        verbose=verbose,
    )
  File "D:\CantorAI\xlang3\venv\cpython3.14-a6792301b742-compat-31b33d68c68a\Lib\site-packages\pyperformance\_benchmark.py", line 250, in _run_perf_script
    raise RuntimeError("Benchmark died")
RuntimeError: Benchmark died
ERROR: Benchmark sqlalchemy_imperative failed: Benchmark died
[82/97] sqlglot_v2...
Traceback (most recent call last):
  File "D:\CantorAI\xlang3\venv\cpython3.14-a6792301b742-compat-31b33d68c68a\Lib\site-packages\pyperformance\data-files\benchmarks\bm_sqlglot_v2\run_benchmark.py", line 3, in <module>
    from sqlglot import parse_one, transpile
  File "D:\CantorAI\xlang3\venv\cpython3.14-a6792301b742-compat-31b33d68c68a\Lib\site-packages\sqlglot\__init__.py", line 1, in <module>
    from sqlglot import expressions as exp
  File "D:\CantorAI\xlang3\venv\cpython3.14-a6792301b742-compat-31b33d68c68a\Lib\site-packages\sqlglot\expressions.py", line 1, in <module>
    from copy import deepcopy
  File "C:\Python\Python313\Lib\copy.py", line 115, in <module>
    d[bytearray] = bytearray.copy
                   ^^^^^^^^^^^^^^
AttributeError: type object 'bytearray' has no attribute 'copy'
Traceback (most recent call last):
  File "D:\CantorAI\xlang3\venv\cpython3.14-a6792301b742-compat-31b33d68c68a\Lib\site-packages\pyperformance\run.py", line 171, in run_benchmarks
    result = bench.run(
        bench_venv.python,
    ...<3 lines>...
        verbose=options.verbose,
    )
  File "D:\CantorAI\xlang3\benchmarks\diagnostics\run_pyperformance_xlang3_shimmed.py", line 81, in run_named_benchmark
    return original_benchmark_run(benchmark, *positional, **keywords)
  File "D:\CantorAI\xlang3\venv\cpython3.14-a6792301b742-compat-31b33d68c68a\Lib\site-packages\pyperformance\_benchmark.py", line 193, in run
    bench = _run_perf_script(
        python,
    ...<4 lines>...
        verbose=verbose,
    )
  File "D:\CantorAI\xlang3\venv\cpython3.14-a6792301b742-compat-31b33d68c68a\Lib\site-packages\pyperformance\_benchmark.py", line 250, in _run_perf_script
    raise RuntimeError("Benchmark died")
RuntimeError: Benchmark died
ERROR: Benchmark sqlglot_v2 failed: Benchmark died
[83/97] sqlglot_v2_optimize...
Traceback (most recent call last):
  File "D:\CantorAI\xlang3\venv\cpython3.14-a6792301b742-compat-31b33d68c68a\Lib\site-packages\pyperformance\data-files\benchmarks\bm_sqlglot_v2\run_benchmark.py", line 3, in <module>
    from sqlglot import parse_one, transpile
  File "D:\CantorAI\xlang3\venv\cpython3.14-a6792301b742-compat-31b33d68c68a\Lib\site-packages\sqlglot\__init__.py", line 1, in <module>
    from sqlglot import expressions as exp
  File "D:\CantorAI\xlang3\venv\cpython3.14-a6792301b742-compat-31b33d68c68a\Lib\site-packages\sqlglot\expressions.py", line 1, in <module>
    from copy import deepcopy
  File "C:\Python\Python313\Lib\copy.py", line 115, in <module>
    d[bytearray] = bytearray.copy
                   ^^^^^^^^^^^^^^
AttributeError: type object 'bytearray' has no attribute 'copy'
Traceback (most recent call last):
  File "D:\CantorAI\xlang3\venv\cpython3.14-a6792301b742-compat-31b33d68c68a\Lib\site-packages\pyperformance\run.py", line 171, in run_benchmarks
    result = bench.run(
        bench_venv.python,
    ...<3 lines>...
        verbose=options.verbose,
    )
  File "D:\CantorAI\xlang3\benchmarks\diagnostics\run_pyperformance_xlang3_shimmed.py", line 81, in run_named_benchmark
    return original_benchmark_run(benchmark, *positional, **keywords)
  File "D:\CantorAI\xlang3\venv\cpython3.14-a6792301b742-compat-31b33d68c68a\Lib\site-packages\pyperformance\_benchmark.py", line 193, in run
    bench = _run_perf_script(
        python,
    ...<4 lines>...
        verbose=verbose,
    )
  File "D:\CantorAI\xlang3\venv\cpython3.14-a6792301b742-compat-31b33d68c68a\Lib\site-packages\pyperformance\_benchmark.py", line 250, in _run_perf_script
    raise RuntimeError("Benchmark died")
RuntimeError: Benchmark died
ERROR: Benchmark sqlglot_v2_optimize failed: Benchmark died
[84/97] sqlglot_v2_parse...
Traceback (most recent call last):
  File "D:\CantorAI\xlang3\venv\cpython3.14-a6792301b742-compat-31b33d68c68a\Lib\site-packages\pyperformance\data-files\benchmarks\bm_sqlglot_v2\run_benchmark.py", line 3, in <module>
    from sqlglot import parse_one, transpile
  File "D:\CantorAI\xlang3\venv\cpython3.14-a6792301b742-compat-31b33d68c68a\Lib\site-packages\sqlglot\__init__.py", line 1, in <module>
    from sqlglot import expressions as exp
  File "D:\CantorAI\xlang3\venv\cpython3.14-a6792301b742-compat-31b33d68c68a\Lib\site-packages\sqlglot\expressions.py", line 1, in <module>
    from copy import deepcopy
  File "C:\Python\Python313\Lib\copy.py", line 115, in <module>
    d[bytearray] = bytearray.copy
                   ^^^^^^^^^^^^^^
AttributeError: type object 'bytearray' has no attribute 'copy'
Traceback (most recent call last):
  File "D:\CantorAI\xlang3\venv\cpython3.14-a6792301b742-compat-31b33d68c68a\Lib\site-packages\pyperformance\run.py", line 171, in run_benchmarks
    result = bench.run(
        bench_venv.python,
    ...<3 lines>...
        verbose=options.verbose,
    )
  File "D:\CantorAI\xlang3\benchmarks\diagnostics\run_pyperformance_xlang3_shimmed.py", line 81, in run_named_benchmark
    return original_benchmark_run(benchmark, *positional, **keywords)
  File "D:\CantorAI\xlang3\venv\cpython3.14-a6792301b742-compat-31b33d68c68a\Lib\site-packages\pyperformance\_benchmark.py", line 193, in run
    bench = _run_perf_script(
        python,
    ...<4 lines>...
        verbose=verbose,
    )
  File "D:\CantorAI\xlang3\venv\cpython3.14-a6792301b742-compat-31b33d68c68a\Lib\site-packages\pyperformance\_benchmark.py", line 250, in _run_perf_script
    raise RuntimeError("Benchmark died")
RuntimeError: Benchmark died
ERROR: Benchmark sqlglot_v2_parse failed: Benchmark died
[85/97] sqlglot_v2_transpile...
Traceback (most recent call last):
  File "D:\CantorAI\xlang3\venv\cpython3.14-a6792301b742-compat-31b33d68c68a\Lib\site-packages\pyperformance\data-files\benchmarks\bm_sqlglot_v2\run_benchmark.py", line 3, in <module>
    from sqlglot import parse_one, transpile
  File "D:\CantorAI\xlang3\venv\cpython3.14-a6792301b742-compat-31b33d68c68a\Lib\site-packages\sqlglot\__init__.py", line 1, in <module>
    from sqlglot import expressions as exp
  File "D:\CantorAI\xlang3\venv\cpython3.14-a6792301b742-compat-31b33d68c68a\Lib\site-packages\sqlglot\expressions.py", line 1, in <module>
    from copy import deepcopy
  File "C:\Python\Python313\Lib\copy.py", line 115, in <module>
    d[bytearray] = bytearray.copy
                   ^^^^^^^^^^^^^^
AttributeError: type object 'bytearray' has no attribute 'copy'
Traceback (most recent call last):
ERROR: Benchmark sqlglot_v2_transpile failed: Benchmark died
[86/97] sqlite_synth...
  File "D:\CantorAI\xlang3\venv\cpython3.14-a6792301b742-compat-31b33d68c68a\Lib\site-packages\pyperformance\run.py", line 171, in run_benchmarks
    result = bench.run(
        bench_venv.python,
    ...<3 lines>...
        verbose=options.verbose,
    )
  File "D:\CantorAI\xlang3\benchmarks\diagnostics\run_pyperformance_xlang3_shimmed.py", line 81, in run_named_benchmark
    return original_benchmark_run(benchmark, *positional, **keywords)
  File "D:\CantorAI\xlang3\venv\cpython3.14-a6792301b742-compat-31b33d68c68a\Lib\site-packages\pyperformance\_benchmark.py", line 193, in run
    bench = _run_perf_script(
        python,
    ...<4 lines>...
        verbose=verbose,
    )
  File "D:\CantorAI\xlang3\venv\cpython3.14-a6792301b742-compat-31b33d68c68a\Lib\site-packages\pyperformance\_benchmark.py", line 250, in _run_perf_script
    raise RuntimeError("Benchmark died")
RuntimeError: Benchmark died
Traceback (most recent call last):
  File "D:\CantorAI\xlang3\venv\cpython3.14-a6792301b742-compat-31b33d68c68a\Lib\site-packages\pyperformance\data-files\benchmarks\bm_sqlite_synth\run_benchmark.py", line 9, in <module>
    import sqlite3
  File "C:\Python\Python313\Lib\sqlite3\__init__.py", line 57, in <module>
    from sqlite3.dbapi2 import *
  File "C:\Python\Python313\Lib\sqlite3\dbapi2.py", line 28, in <module>
    from _sqlite3 import _deprecated_version
ImportError: module '_sqlite3' has no attribute '_deprecated_version'
Traceback (most recent call last):
  File "D:\CantorAI\xlang3\venv\cpython3.14-a6792301b742-compat-31b33d68c68a\Lib\site-packages\pyperformance\run.py", line 171, in run_benchmarks
    result = bench.run(
        bench_venv.python,
    ...<3 lines>...
        verbose=options.verbose,
    )
  File "D:\CantorAI\xlang3\benchmarks\diagnostics\run_pyperformance_xlang3_shimmed.py", line 81, in run_named_benchmark
    return original_benchmark_run(benchmark, *positional, **keywords)
  File "D:\CantorAI\xlang3\venv\cpython3.14-a6792301b742-compat-31b33d68c68a\Lib\site-packages\pyperformance\_benchmark.py", line 193, in run
    bench = _run_perf_script(
        python,
    ...<4 lines>...
        verbose=verbose,
    )
  File "D:\CantorAI\xlang3\venv\cpython3.14-a6792301b742-compat-31b33d68c68a\Lib\site-packages\pyperformance\_benchmark.py", line 250, in _run_perf_script
    raise RuntimeError("Benchmark died")
RuntimeError: Benchmark died
ERROR: Benchmark sqlite_synth failed: Benchmark died
[87/97] sympy...
Traceback (most recent call last):
  File "D:\CantorAI\xlang3\venv\cpython3.14-a6792301b742-compat-31b33d68c68a\Lib\site-packages\pyperformance\data-files\benchmarks\bm_sympy\run_benchmark.py", line 3, in <module>
    from sympy import expand, symbols, integrate, tan, summation
  File "D:\CantorAI\xlang3\venv\cpython3.14-a6792301b742-compat-31b33d68c68a\Lib\site-packages\sympy\__init__.py", line 22, in <module>
    import mpmath
  File "D:\CantorAI\xlang3\venv\cpython3.14-a6792301b742-compat-31b33d68c68a\Lib\site-packages\mpmath\__init__.py", line 5, in <module>
    from .ctx_fp import FPContext
  File "D:\CantorAI\xlang3\venv\cpython3.14-a6792301b742-compat-31b33d68c68a\Lib\site-packages\mpmath\ctx_fp.py", line 1, in <module>
    from .ctx_base import StandardBaseContext
  File "D:\CantorAI\xlang3\venv\cpython3.14-a6792301b742-compat-31b33d68c68a\Lib\site-packages\mpmath\ctx_base.py", line 3, in <module>
    from .libmp.backend import xrange
  File "D:\CantorAI\xlang3\venv\cpython3.14-a6792301b742-compat-31b33d68c68a\Lib\site-packages\mpmath\libmp\__init__.py", line 40, in <module>
    from .libhyper import (NoConvergence, make_hyp_summator,
    ...<3 lines>...
      mpf_ellipk, mpc_ellipk, mpf_ellipe, mpc_ellipe)
  File "D:\CantorAI\xlang3\venv\cpython3.14-a6792301b742-compat-31b33d68c68a\Lib\site-packages\mpmath\libmp\libhyper.py", line 41, in <module>
    from .gammazeta import mpf_gamma_int, mpf_euler, euler_fixed
  File "D:\CantorAI\xlang3\venv\cpython3.14-a6792301b742-compat-31b33d68c68a\Lib\site-packages\mpmath\libmp\gammazeta.py", line 1371, in <module>
    small_factorial_cache = [from_int(ifac(n)) for \
                             ~~~~~~~~^^^^^^^^^
  File "D:\CantorAI\xlang3\venv\cpython3.14-a6792301b742-compat-31b33d68c68a\Lib\site-packages\mpmath\libmp\libmpf.py", line 336, in from_int
    return from_man_exp(n, 0, prec, rnd)
  File "D:\CantorAI\xlang3\venv\cpython3.14-a6792301b742-compat-31b33d68c68a\Lib\site-packages\mpmath\libmp\libmpf.py", line 302, in from_man_exp
    bc = bitcount(man)
  File "D:\CantorAI\xlang3\venv\cpython3.14-a6792301b742-compat-31b33d68c68a\Lib\site-packages\mpmath\libmp\libintmath.py", line 96, in python_bitcount
    bc = int(math.log(n, 2)) - 4
             ~~~~~~~~^^^^^^
RuntimeError: log() argument must be a number
Traceback (most recent call last):
  File "D:\CantorAI\xlang3\venv\cpython3.14-a6792301b742-compat-31b33d68c68a\Lib\site-packages\pyperformance\run.py", line 171, in run_benchmarks
    result = bench.run(
        bench_venv.python,
    ...<3 lines>...
        verbose=options.verbose,
    )
  File "D:\CantorAI\xlang3\benchmarks\diagnostics\run_pyperformance_xlang3_shimmed.py", line 81, in run_named_benchmark
    return original_benchmark_run(benchmark, *positional, **keywords)
  File "D:\CantorAI\xlang3\venv\cpython3.14-a6792301b742-compat-31b33d68c68a\Lib\site-packages\pyperformance\_benchmark.py", line 193, in run
    bench = _run_perf_script(
        python,
    ...<4 lines>...
        verbose=verbose,
    )
  File "D:\CantorAI\xlang3\venv\cpython3.14-a6792301b742-compat-31b33d68c68a\Lib\site-packages\pyperformance\_benchmark.py", line 250, in _run_perf_script
    raise RuntimeError("Benchmark died")
RuntimeError: Benchmark died
ERROR: Benchmark sympy failed: Benchmark died
[88/97] telco...
...........
WARNING: the benchmark result may be unstable
* Not enough samples to get a stable result (95% certainly of less than 1% variation)

Try to rerun the benchmark with more runs, values and/or loops.
Run 'xlang3.exe -m pyperf system tune' command to reduce the system jitter.
Use pyperf stats, pyperf dump and pyperf hist to analyze results.
Use --quiet option to hide these warnings.

telco: Mean +- std dev: 276 ms +- 13 ms
[89/97] tomli_loads...
Full-case timeout: tomli_loads exceeded 120 seconds
Traceback (most recent call last):
  File "D:\CantorAI\xlang3\venv\cpython3.14-a6792301b742-compat-31b33d68c68a\Lib\site-packages\pyperformance\data-files\benchmarks\bm_tomli_loads\run_benchmark.py", line 30, in <module>
    runner.bench_time_func('tomli_loads', bench_tomli_loads)
    ~~~~~~~~~~~~~~~~~~~~~~^^^^^^^^^^^^^^^^^^^^^^^^^^^^^^^^^^
  File "D:\CantorAI\xlang3\venv\cpython3.14-a6792301b742-compat-31b33d68c68a\Lib\site-packages\pyperf\_runner.py", line 502, in bench_time_func
    result = self._main(task)
  File "D:\CantorAI\xlang3\venv\cpython3.14-a6792301b742-compat-31b33d68c68a\Lib\site-packages\pyperf\_runner.py", line 468, in _main
    bench = self._manager()
  File "D:\CantorAI\xlang3\venv\cpython3.14-a6792301b742-compat-31b33d68c68a\Lib\site-packages\pyperf\_runner.py", line 681, in _manager
    bench = Manager(self).create_bench()
  File "D:\CantorAI\xlang3\venv\cpython3.14-a6792301b742-compat-31b33d68c68a\Lib\site-packages\pyperf\_manager.py", line 243, in create_bench
    worker_bench, run = self.create_worker_bench()
                        ~~~~~~~~~~~~~~~~~~~~~~~~^^
  File "D:\CantorAI\xlang3\venv\cpython3.14-a6792301b742-compat-31b33d68c68a\Lib\site-packages\pyperf\_manager.py", line 142, in create_worker_bench
    suite = self.create_suite()
  File "D:\CantorAI\xlang3\venv\cpython3.14-a6792301b742-compat-31b33d68c68a\Lib\site-packages\pyperf\_manager.py", line 132, in create_suite
    suite = self.spawn_worker(self.calibrate_loops, 0)
  File "D:\CantorAI\xlang3\venv\cpython3.14-a6792301b742-compat-31b33d68c68a\Lib\site-packages\pyperf\_manager.py", line 118, in spawn_worker
    raise RuntimeError("%s failed with exit code %s"
                       % (cmd[0], exitcode))
RuntimeError: D:\CantorAI\xlang3\build-repro\Release\xlang3.exe failed with exit code 4294967295
ERROR: Benchmark tomli_loads timed out
[90/97] tornado_http...
Traceback (most recent call last):
  File "D:\CantorAI\xlang3\venv\cpython3.14-a6792301b742-compat-31b33d68c68a\Lib\site-packages\pyperformance\data-files\benchmarks\bm_tornado_http\run_benchmark.py", line 14, in <module>
    from tornado.httpclient import AsyncHTTPClient
  File "D:\CantorAI\xlang3\venv\cpython3.14-a6792301b742-compat-31b33d68c68a\Lib\site-packages\tornado\httpclient.py", line 46, in <module>
    from tornado.concurrent import (
    ...<3 lines>...
    )
  File "D:\CantorAI\xlang3\venv\cpython3.14-a6792301b742-compat-31b33d68c68a\Lib\site-packages\tornado\concurrent.py", line 34, in <module>
    from tornado.log import app_log
  File "D:\CantorAI\xlang3\venv\cpython3.14-a6792301b742-compat-31b33d68c68a\Lib\site-packages\tornado\log.py", line 31, in <module>
    import logging.handlers
  File "C:\Python\Python313\Lib\logging\handlers.py", line 26, in <module>
    import copy
  File "C:\Python\Python313\Lib\copy.py", line 115, in <module>
    d[bytearray] = bytearray.copy
                   ^^^^^^^^^^^^^^
AttributeError: type object 'bytearray' has no attribute 'copy'
Traceback (most recent call last):
  File "D:\CantorAI\xlang3\venv\cpython3.14-a6792301b742-compat-31b33d68c68a\Lib\site-packages\pyperformance\run.py", line 171, in run_benchmarks
    result = bench.run(
        bench_venv.python,
    ...<3 lines>...
        verbose=options.verbose,
    )
  File "D:\CantorAI\xlang3\benchmarks\diagnostics\run_pyperformance_xlang3_shimmed.py", line 81, in run_named_benchmark
    return original_benchmark_run(benchmark, *positional, **keywords)
  File "D:\CantorAI\xlang3\venv\cpython3.14-a6792301b742-compat-31b33d68c68a\Lib\site-packages\pyperformance\_benchmark.py", line 193, in run
    bench = _run_perf_script(
        python,
    ...<4 lines>...
        verbose=verbose,
    )
  File "D:\CantorAI\xlang3\venv\cpython3.14-a6792301b742-compat-31b33d68c68a\Lib\site-packages\pyperformance\_benchmark.py", line 250, in _run_perf_script
    raise RuntimeError("Benchmark died")
RuntimeError: Benchmark died
ERROR: Benchmark tornado_http failed: Benchmark died
[91/97] typing_runtime_protocols...
...........
WARNING: the benchmark result may be unstable
* Not enough samples to get a stable result (95% certainly of less than 1% variation)

Try to rerun the benchmark with more runs, values and/or loops.
Run 'xlang3.exe -m pyperf system tune' command to reduce the system jitter.
Use pyperf stats, pyperf dump and pyperf hist to analyze results.
Use --quiet option to hide these warnings.

typing_runtime_protocols: Mean +- std dev: 273 us +- 4 us
[92/97] unpack_sequence...
...........
WARNING: the benchmark result may be unstable
* Not enough samples to get a stable result (95% certainly of less than 1% variation)

Try to rerun the benchmark with more runs, values and/or loops.
Run 'xlang3.exe -m pyperf system tune' command to reduce the system jitter.
Use pyperf stats, pyperf dump and pyperf hist to analyze results.
Use --quiet option to hide these warnings.

unpack_sequence: Mean +- std dev: 179 ns +- 9 ns
[93/97] unpickle...
...........
WARNING: the benchmark result may be unstable
* Not enough samples to get a stable result (95% certainly of less than 1% variation)

Try to rerun the benchmark with more runs, values and/or loops.
Run 'xlang3.exe -m pyperf system tune' command to reduce the system jitter.
Use pyperf stats, pyperf dump and pyperf hist to analyze results.
Use --quiet option to hide these warnings.

unpickle: Mean +- std dev: 75.8 us +- 1.0 us
[94/97] unpickle_list...
...........
WARNING: the benchmark result may be unstable
* Not enough samples to get a stable result (95% certainly of less than 1% variation)

Try to rerun the benchmark with more runs, values and/or loops.
Run 'xlang3.exe -m pyperf system tune' command to reduce the system jitter.
Use pyperf stats, pyperf dump and pyperf hist to analyze results.
Use --quiet option to hide these warnings.

unpickle_list: Mean +- std dev: 13.6 us +- 0.3 us
[95/97] unpickle_pure_python...
...........
WARNING: the benchmark result may be unstable
* Not enough samples to get a stable result (95% certainly of less than 1% variation)

Try to rerun the benchmark with more runs, values and/or loops.
Run 'xlang3.exe -m pyperf system tune' command to reduce the system jitter.
Use pyperf stats, pyperf dump and pyperf hist to analyze results.
Use --quiet option to hide these warnings.

unpickle_pure_python: Mean +- std dev: 3.69 ms +- 0.09 ms
[96/97] xdsl...
Traceback (most recent call last):
  File "D:\CantorAI\xlang3\venv\cpython3.14-a6792301b742-compat-31b33d68c68a\Lib\site-packages\pyperformance\data-files\benchmarks\bm_xdsl\run_benchmark.py", line 28, in <module>
    from xdsl.context import Context
  File "D:\CantorAI\xlang3\venv\cpython3.14-a6792301b742-compat-31b33d68c68a\Lib\site-packages\xdsl\context.py", line 2, in <module>
    from dataclasses import dataclass, field
  File "C:\Python\Python313\Lib\dataclasses.py", line 3, in <module>
    import copy
  File "C:\Python\Python313\Lib\copy.py", line 115, in <module>
    d[bytearray] = bytearray.copy
                   ^^^^^^^^^^^^^^
AttributeError: type object 'bytearray' has no attribute 'copy'
Traceback (most recent call last):
  File "D:\CantorAI\xlang3\venv\cpython3.14-a6792301b742-compat-31b33d68c68a\Lib\site-packages\pyperformance\run.py", line 171, in run_benchmarks
    result = bench.run(
        bench_venv.python,
    ...<3 lines>...
        verbose=options.verbose,
    )
  File "D:\CantorAI\xlang3\benchmarks\diagnostics\run_pyperformance_xlang3_shimmed.py", line 81, in run_named_benchmark
    return original_benchmark_run(benchmark, *positional, **keywords)
  File "D:\CantorAI\xlang3\venv\cpython3.14-a6792301b742-compat-31b33d68c68a\Lib\site-packages\pyperformance\_benchmark.py", line 193, in run
    bench = _run_perf_script(
        python,
    ...<4 lines>...
        verbose=verbose,
    )
  File "D:\CantorAI\xlang3\venv\cpython3.14-a6792301b742-compat-31b33d68c68a\Lib\site-packages\pyperformance\_benchmark.py", line 250, in _run_perf_script
    raise RuntimeError("Benchmark died")
RuntimeError: Benchmark died
ERROR: Benchmark xdsl failed: Benchmark died
[97/97] xml_etree...
Traceback (most recent call last):
  File "D:\CantorAI\xlang3\venv\cpython3.14-a6792301b742-compat-31b33d68c68a\Lib\site-packages\pyperformance\data-files\benchmarks\bm_xml_etree\run_benchmark.py", line 292, in <module>
    runner.bench_time_func(name, bench_etree, etree_module, bench_func)
    ~~~~~~~~~~~~~~~~~~~~~~^^^^^^^^^^^^^^^^^^^^^^^^^^^^^^^^^^^^^^^^^^^^^
  File "D:\CantorAI\xlang3\venv\cpython3.14-a6792301b742-compat-31b33d68c68a\Lib\site-packages\pyperf\_runner.py", line 502, in bench_time_func
    result = self._main(task)
  File "D:\CantorAI\xlang3\venv\cpython3.14-a6792301b742-compat-31b33d68c68a\Lib\site-packages\pyperf\_runner.py", line 463, in _main
    bench = self._worker(task)
  File "D:\CantorAI\xlang3\venv\cpython3.14-a6792301b742-compat-31b33d68c68a\Lib\site-packages\pyperf\_runner.py", line 437, in _worker
    run = task.create_run()
  File "D:\CantorAI\xlang3\venv\cpython3.14-a6792301b742-compat-31b33d68c68a\Lib\site-packages\pyperf\_worker.py", line 300, in create_run
    self.compute()
    ~~~~~~~~~~~~^^
  File "D:\CantorAI\xlang3\venv\cpython3.14-a6792301b742-compat-31b33d68c68a\Lib\site-packages\pyperf\_worker.py", line 364, in compute
    WorkerTask.compute(self)
    ~~~~~~~~~~~~~~~~~~^^^^^^
  File "D:\CantorAI\xlang3\venv\cpython3.14-a6792301b742-compat-31b33d68c68a\Lib\site-packages\pyperf\_worker.py", line 287, in compute
    self.calibrate_loops()
    ~~~~~~~~~~~~~~~~~~~~^^
  File "D:\CantorAI\xlang3\venv\cpython3.14-a6792301b742-compat-31b33d68c68a\Lib\site-packages\pyperf\_worker.py", line 250, in calibrate_loops
    self._compute_values(self.warmups, nvalue,
    ~~~~~~~~~~~~~~~~~~~~^^^^^^^^^^^^^^^^^^^^^^
                         is_warmup=True,
                         ^^^^^^^^^^^^^^^
                         calibrate_loops=True)
                         ^^^^^^^^^^^^^^^^^^^^^
  File "D:\CantorAI\xlang3\venv\cpython3.14-a6792301b742-compat-31b33d68c68a\Lib\site-packages\pyperf\_worker.py", line 76, in _compute_values
    with contextlib.ExitStack() as stack:
    ^^^^^^^^^^^^^^^^^^^^^^^^^^^^^^^^^^^^^
    ...<4 lines>...
    raw_value = float(raw_value)
    
  File "D:\CantorAI\xlang3\venv\cpython3.14-a6792301b742-compat-31b33d68c68a\Lib\site-packages\pyperf\_worker.py", line 79, in _compute_values
    raw_value = task_func(self, self.loops)
  File "D:\CantorAI\xlang3\venv\cpython3.14-a6792301b742-compat-31b33d68c68a\Lib\site-packages\pyperf\_runner.py", line 497, in task_func
    return time_func(loops, *args)
  File "D:\CantorAI\xlang3\venv\cpython3.14-a6792301b742-compat-31b33d68c68a\Lib\site-packages\pyperformance\data-files\benchmarks\bm_xml_etree\run_benchmark.py", line 190, in bench_etree
    bench_func(etree, file_path, xml_data, xml_root)
    ~~~~~~~~~~^^^^^^^^^^^^^^^^^^^^^^^^^^^^^^^^^^^^^^
  File "D:\CantorAI\xlang3\venv\cpython3.14-a6792301b742-compat-31b33d68c68a\Lib\site-packages\pyperformance\data-files\benchmarks\bm_xml_etree\run_benchmark.py", line 147, in bench_parse
    root1 = etree.parse(xml_file).getroot()
            ~~~~~~~~~~~^^^^^^^^^^
  File "C:\Python\Python313\Lib\xml\etree\ElementTree.py", line 1210, in parse
    tree.parse(source, parser)
    ~~~~~~~~~~^^^^^^^^^^^^^^^^
  File "C:\Python\Python313\Lib\xml\etree\ElementTree.py", line 577, in parse
    self._root = parser.close()
                 ~~~~~~~~~~~~^^
  File "C:\Python\Python313\Lib\xml\etree\ElementTree.py", line 1734, in close
    return close_handler()
  File "C:\Python\Python313\Lib\xml\etree\ElementTree.py", line 1436, in close
    assert len(self._elem) == 0, "missing end tags"
AssertionError: missing end tags
Traceback (most recent call last):
  File "D:\CantorAI\xlang3\venv\cpython3.14-a6792301b742-compat-31b33d68c68a\Lib\site-packages\pyperformance\data-files\benchmarks\bm_xml_etree\run_benchmark.py", line 292, in <module>
    runner.bench_time_func(name, bench_etree, etree_module, bench_func)
    ~~~~~~~~~~~~~~~~~~~~~~^^^^^^^^^^^^^^^^^^^^^^^^^^^^^^^^^^^^^^^^^^^^^
  File "D:\CantorAI\xlang3\venv\cpython3.14-a6792301b742-compat-31b33d68c68a\Lib\site-packages\pyperf\_runner.py", line 502, in bench_time_func
    result = self._main(task)
  File "D:\CantorAI\xlang3\venv\cpython3.14-a6792301b742-compat-31b33d68c68a\Lib\site-packages\pyperf\_runner.py", line 468, in _main
    bench = self._manager()
  File "D:\CantorAI\xlang3\venv\cpython3.14-a6792301b742-compat-31b33d68c68a\Lib\site-packages\pyperf\_runner.py", line 681, in _manager
    bench = Manager(self).create_bench()
  File "D:\CantorAI\xlang3\venv\cpython3.14-a6792301b742-compat-31b33d68c68a\Lib\site-packages\pyperf\_manager.py", line 243, in create_bench
    worker_bench, run = self.create_worker_bench()
                        ~~~~~~~~~~~~~~~~~~~~~~~~^^
  File "D:\CantorAI\xlang3\venv\cpython3.14-a6792301b742-compat-31b33d68c68a\Lib\site-packages\pyperf\_manager.py", line 142, in create_worker_bench
    suite = self.create_suite()
  File "D:\CantorAI\xlang3\venv\cpython3.14-a6792301b742-compat-31b33d68c68a\Lib\site-packages\pyperf\_manager.py", line 132, in create_suite
    suite = self.spawn_worker(self.calibrate_loops, 0)
  File "D:\CantorAI\xlang3\venv\cpython3.14-a6792301b742-compat-31b33d68c68a\Lib\site-packages\pyperf\_manager.py", line 118, in spawn_worker
    raise RuntimeError("%s failed with exit code %s"
                       % (cmd[0], exitcode))
RuntimeError: D:\CantorAI\xlang3\build-repro\Release\xlang3.exe failed with exit code 1
Traceback (most recent call last):
  File "D:\CantorAI\xlang3\venv\cpython3.14-a6792301b742-compat-31b33d68c68a\Lib\site-packages\pyperformance\run.py", line 171, in run_benchmarks
    result = bench.run(
        bench_venv.python,
    ...<3 lines>...
        verbose=options.verbose,
    )
  File "D:\CantorAI\xlang3\benchmarks\diagnostics\run_pyperformance_xlang3_shimmed.py", line 81, in run_named_benchmark
    return original_benchmark_run(benchmark, *positional, **keywords)
  File "D:\CantorAI\xlang3\venv\cpython3.14-a6792301b742-compat-31b33d68c68a\Lib\site-packages\pyperformance\_benchmark.py", line 193, in run
    bench = _run_perf_script(
        python,
    ...<4 lines>...
        verbose=verbose,
    )
  File "D:\CantorAI\xlang3\venv\cpython3.14-a6792301b742-compat-31b33d68c68a\Lib\site-packages\pyperformance\_benchmark.py", line 250, in _run_perf_script
    raise RuntimeError("Benchmark died")
RuntimeError: Benchmark died
ERROR: Benchmark xml_etree failed: Benchmark died

Performance version: 1.14.0

### many_optionals ###
Mean +- std dev: 7.91 ms +- 0.12 ms

### subparsers ###
Mean +- std dev: 251 ms +- 6 ms

### async_generators ###
Mean +- std dev: 2.53 sec +- 0.04 sec

### chaos ###
Mean +- std dev: 483 ms +- 28 ms

### coroutines ###
Mean +- std dev: 180 ms +- 53 ms

### deltablue ###
Mean +- std dev: 42.6 ms +- 1.5 ms

### fannkuch ###
Mean +- std dev: 310 ms +- 5 ms

### float ###
Mean +- std dev: 81.9 ms +- 1.6 ms

### gc_traversal ###
Mean +- std dev: 1.43 ms +- 0.04 ms

### generators ###
Mean +- std dev: 379 ms +- 20 ms

### go ###
Mean +- std dev: 1.03 sec +- 0.01 sec

### hexiom ###
Mean +- std dev: 68.7 ms +- 1.2 ms

### json_dumps ###
Mean +- std dev: 38.0 ms +- 1.3 ms

### json_loads ###
Mean +- std dev: 108 us +- 2 us

### logging_format ###
Mean +- std dev: 102 us +- 3 us

### logging_silent ###
Mean +- std dev: 1.22 us +- 0.08 us

### logging_simple ###
Mean +- std dev: 96.4 us +- 1.3 us

### meteor_contest ###
Mean +- std dev: 1.41 sec +- 0.02 sec

### nbody ###
Mean +- std dev: 336 ms +- 5 ms

### nqueens ###
Mean +- std dev: 927 ms +- 8 ms

### pathlib ###
Mean +- std dev: 614 ms +- 18 ms

### pickle ###
Mean +- std dev: 20.1 us +- 0.4 us

### pickle_dict ###
Mean +- std dev: 26.5 us +- 1.4 us

### pickle_list ###
Mean +- std dev: 4.56 us +- 0.07 us

### pickle_pure_python ###
Mean +- std dev: 5.93 ms +- 0.11 ms

### pidigits ###
Mean +- std dev: 411 ms +- 12 ms

### pyflate ###
Mean +- std dev: 3.24 sec +- 0.19 sec

### raytrace ###
Mean +- std dev: 2.37 sec +- 0.15 sec

### regex_dna ###
Mean +- std dev: 226 ms +- 5 ms

### regex_effbot ###
Mean +- std dev: 13.7 ms +- 0.3 ms

### regex_v8 ###
Mean +- std dev: 68.5 ms +- 3.8 ms

### richards ###
Mean +- std dev: 383 ms +- 16 ms

### richards_super ###
Mean +- std dev: 531 ms +- 15 ms

### spectral_norm ###
Mean +- std dev: 538 ms +- 7 ms

### telco ###
Mean +- std dev: 276 ms +- 13 ms

### typing_runtime_protocols ###
Mean +- std dev: 273 us +- 4 us

### unpack_sequence ###
Mean +- std dev: 179 ns +- 9 ns

### unpickle ###
Mean +- std dev: 75.8 us +- 1.0 us

### unpickle_list ###
Mean +- std dev: 13.6 us +- 0.3 us

### unpickle_pure_python ###
Mean +- std dev: 3.69 ms +- 0.09 ms

59 benchmarks failed:
- 2to3 (Benchmark died)
- async_tree (Benchmark timed out)
- async_tree_cpu_io_mixed (Benchmark timed out)
- async_tree_cpu_io_mixed_tg (Benchmark timed out)
- async_tree_eager (Benchmark timed out)
- async_tree_eager_cpu_io_mixed (Benchmark timed out)
- async_tree_eager_cpu_io_mixed_tg (Benchmark timed out)
- async_tree_eager_io (Benchmark timed out)
- async_tree_eager_io_tg (Benchmark timed out)
- async_tree_eager_memoization (Benchmark timed out)
- async_tree_eager_memoization_tg (Benchmark timed out)
- async_tree_eager_tg (Benchmark timed out)
- async_tree_io (Benchmark timed out)
- async_tree_io_tg (Benchmark timed out)
- async_tree_memoization (Benchmark timed out)
- async_tree_memoization_tg (Benchmark timed out)
- async_tree_tg (Benchmark timed out)
- asyncio_tcp (Benchmark timed out)
- asyncio_tcp_ssl (Benchmark timed out)
- asyncio_websockets (Benchmark died)
- base64 (Benchmark timed out)
- bpe_tokeniser (Benchmark timed out)
- chameleon (Benchmark died)
- comprehensions (Benchmark died)
- concurrent_imap (Benchmark died)
- coverage (Benchmark died)
- crypto_pyaes (Benchmark died)
- dask (Benchmark died)
- deepcopy (Benchmark died)
- django_template (Benchmark died)
- docutils (Benchmark died)
- dulwich_log (Benchmark died)
- fastapi (Benchmark died)
- gc_collect (Benchmark died)
- genshi (Benchmark died)
- html5lib (Benchmark died)
- mako (Benchmark died)
- mdp (Benchmark died)
- networkx (Benchmark died)
- networkx_connected_components (Benchmark died)
- networkx_k_core (Benchmark died)
- pprint (Benchmark died)
- python_startup (Benchmark died)
- python_startup_no_site (Benchmark died)
- regex_compile (Benchmark died)
- scimark (Benchmark died)
- sphinx (Benchmark died)
- sqlalchemy_declarative (Benchmark died)
- sqlalchemy_imperative (Benchmark died)
- sqlglot_v2 (Benchmark died)
- sqlglot_v2_optimize (Benchmark died)
- sqlglot_v2_parse (Benchmark died)
- sqlglot_v2_transpile (Benchmark died)
- sqlite_synth (Benchmark died)
- sympy (Benchmark died)
- tomli_loads (Benchmark timed out)
- tornado_http (Benchmark died)
- xdsl (Benchmark died)
- xml_etree (Benchmark died)

