runtime,benchmark,subtest,run,sample,seconds,scope
xlang3,2to3,2to3,1,0,2.67372950000572,completed_raw
xlang3,2to3,2to3,1,1,2.7211683000205085,completed_raw
xlang3,2to3,2to3,2,0,2.664960299996892,completed_raw
xlang3,2to3,2to3,2,1,2.6645072999817785,completed_raw
xlang3,2to3,2to3,3,0,2.550843700009864,completed_raw
xlang3,2to3,2to3,3,1,2.6662295999994967,completed_raw
xlang3,2to3,2to3,4,0,2.648611400014488,completed_raw
xlang3,2to3,2to3,4,1,2.580915600003209,completed_raw
xlang3,2to3,2to3,5,0,2.7234284000005573,completed_raw
xlang3,2to3,2to3,5,1,2.5951441999932285,completed_raw
xlang3,2to3,2to3,6,0,2.6702902000106405,completed_raw
xlang3,2to3,2to3,6,1,2.6857912999985274,completed_raw
xlang3,2to3,2to3,7,0,2.6313798000046518,completed_raw
xlang3,2to3,2to3,7,1,2.6565122999891173,completed_raw
xlang3,2to3,2to3,8,0,2.594573100010166,completed_raw
xlang3,2to3,2to3,8,1,2.690337600011844,completed_raw
xlang3,2to3,2to3,9,0,2.6512371999851894,completed_raw
xlang3,2to3,2to3,9,1,2.6581961999763735,completed_raw
xlang3,2to3,2to3,10,0,2.650092700001551,completed_raw
xlang3,2to3,2to3,10,1,2.6643752999952994,completed_raw
xlang3,argparse,many_optionals,1,0,0.00877842499903636,completed_raw
xlang3,argparse,many_optionals,1,1,0.008868100001564017,completed_raw
xlang3,argparse,many_optionals,2,0,0.008156693751516286,completed_raw
xlang3,argparse,many_optionals,2,1,0.008043712501603295,completed_raw
xlang3,argparse,many_optionals,3,0,0.007869487499192473,completed_raw
xlang3,argparse,many_optionals,3,1,0.007878487500420306,completed_raw
xlang3,argparse,many_optionals,4,0,0.008104481250484241,completed_raw
xlang3,argparse,many_optionals,4,1,0.008140612500938005,completed_raw
xlang3,argparse,many_optionals,5,0,0.008113449999655131,completed_raw
xlang3,argparse,many_optionals,5,1,0.008211250000385917,completed_raw
xlang3,argparse,many_optionals,6,0,0.008417031251156004,completed_raw
xlang3,argparse,many_optionals,6,1,0.008015031249669846,completed_raw
xlang3,argparse,many_optionals,7,0,0.008123381250698003,completed_raw
xlang3,argparse,many_optionals,7,1,0.008152675000019372,completed_raw
xlang3,argparse,many_optionals,8,0,0.007889337499364046,completed_raw
xlang3,argparse,many_optionals,8,1,0.008152893749866053,completed_raw
xlang3,argparse,many_optionals,9,0,0.007989893751073396,completed_raw
xlang3,argparse,many_optionals,9,1,0.008003999999345979,completed_raw
xlang3,argparse,many_optionals,10,0,0.007980318750924198,completed_raw
xlang3,argparse,many_optionals,10,1,0.0081172999998671,completed_raw
xlang3,argparse_subparsers,subparsers,1,0,0.13015630000154488,completed_raw
xlang3,argparse_subparsers,subparsers,1,1,0.13048930000513792,completed_raw
xlang3,argparse_subparsers,subparsers,2,0,0.1298180999874603,completed_raw
xlang3,argparse_subparsers,subparsers,2,1,0.12909899998339824,completed_raw
xlang3,argparse_subparsers,subparsers,3,0,0.13138100001378916,completed_raw
xlang3,argparse_subparsers,subparsers,3,1,0.13192099999287166,completed_raw
xlang3,argparse_subparsers,subparsers,4,0,0.13379089999943972,completed_raw
xlang3,argparse_subparsers,subparsers,4,1,0.13301179997506551,completed_raw
xlang3,argparse_subparsers,subparsers,5,0,0.13035949997720309,completed_raw
xlang3,argparse_subparsers,subparsers,5,1,0.1753945000236854,completed_raw
xlang3,argparse_subparsers,subparsers,6,0,0.13183600001502782,completed_raw
xlang3,argparse_subparsers,subparsers,6,1,0.1280272000003606,completed_raw
xlang3,argparse_subparsers,subparsers,7,0,0.1282735999848228,completed_raw
xlang3,argparse_subparsers,subparsers,7,1,0.13199720002012327,completed_raw
xlang3,argparse_subparsers,subparsers,8,0,0.13296940000145696,completed_raw
xlang3,argparse_subparsers,subparsers,8,1,0.1296096000005491,completed_raw
xlang3,argparse_subparsers,subparsers,9,0,0.12926650000736117,completed_raw
xlang3,argparse_subparsers,subparsers,9,1,0.1295811999880243,completed_raw
xlang3,argparse_subparsers,subparsers,10,0,0.13308520001010038,completed_raw
xlang3,argparse_subparsers,subparsers,10,1,0.13298580000991933,completed_raw
xlang3,async_generators,async_generators,1,0,2.357696599996416,completed_raw
xlang3,async_generators,async_generators,1,1,2.2938679000071716,completed_raw
xlang3,async_generators,async_generators,2,0,2.315946900023846,completed_raw
xlang3,async_generators,async_generators,2,1,2.334642800007714,completed_raw
xlang3,async_generators,async_generators,3,0,2.330606900010025,completed_raw
xlang3,async_generators,async_generators,3,1,2.389276800007792,completed_raw
xlang3,async_generators,async_generators,4,0,2.3380252000060864,completed_raw
xlang3,async_generators,async_generators,4,1,2.4486048000107985,completed_raw
xlang3,async_generators,async_generators,5,0,2.3297281000122894,completed_raw
xlang3,async_generators,async_generators,5,1,2.380202400003327,completed_raw
xlang3,async_generators,async_generators,6,0,2.475783000001684,completed_raw
xlang3,async_generators,async_generators,6,1,2.3816407999838702,completed_raw
xlang3,async_generators,async_generators,7,0,2.3256389999878593,completed_raw
xlang3,async_generators,async_generators,7,1,2.4154924000031315,completed_raw
xlang3,async_generators,async_generators,8,0,2.3411952999886125,completed_raw
xlang3,async_generators,async_generators,8,1,2.342094299994642,completed_raw
xlang3,async_generators,async_generators,9,0,2.3895342999894638,completed_raw
xlang3,async_generators,async_generators,9,1,2.3255758000013884,completed_raw
xlang3,async_generators,async_generators,10,0,2.3860716999915894,completed_raw
xlang3,async_generators,async_generators,10,1,2.367919999989681,completed_raw
xlang3,async_tree,async_tree_none,1,0,3.7704366000252776,completed_raw
xlang3,async_tree,async_tree_none,1,1,3.761425600008806,completed_raw
xlang3,async_tree,async_tree_none,2,0,3.6356706999940798,completed_raw
xlang3,async_tree,async_tree_none,2,1,3.7658089000033215,completed_raw
xlang3,async_tree,async_tree_none,3,0,3.826571299985517,completed_raw
xlang3,async_tree,async_tree_none,3,1,3.748319700011052,completed_raw
xlang3,async_tree,async_tree_none,4,0,3.858627699984936,completed_raw
xlang3,async_tree,async_tree_none,4,1,3.9807503999909386,completed_raw
xlang3,async_tree,async_tree_none,5,0,3.7281327999953646,completed_raw
xlang3,async_tree,async_tree_none,5,1,3.7398351000156254,completed_raw
xlang3,async_tree,async_tree_none,6,0,3.768483300023945,completed_raw
xlang3,async_tree,async_tree_none,6,1,3.7662478999991436,completed_raw
xlang3,async_tree,async_tree_none,7,0,3.76451339997584,completed_raw
xlang3,async_tree,async_tree_none,7,1,3.8513165000185836,completed_raw
xlang3,async_tree,async_tree_none,8,0,3.627717199997278,completed_raw
xlang3,async_tree,async_tree_none,8,1,3.7215315000212286,completed_raw
xlang3,async_tree,async_tree_none,9,0,3.690893499995582,completed_raw
xlang3,async_tree,async_tree_none,9,1,3.820084600010887,completed_raw
xlang3,async_tree,async_tree_none,10,0,3.7915539999958128,completed_raw
xlang3,async_tree,async_tree_none,10,1,3.848009799985448,completed_raw
xlang3,async_tree_cpu_io_mixed,async_tree_cpu_io_mixed,1,0,4.86206170002697,completed_raw
xlang3,async_tree_cpu_io_mixed,async_tree_cpu_io_mixed,1,1,5.089897199999541,completed_raw
xlang3,async_tree_cpu_io_mixed,async_tree_cpu_io_mixed,2,0,4.867246299982071,completed_raw
xlang3,async_tree_cpu_io_mixed,async_tree_cpu_io_mixed,2,1,5.020410600001924,completed_raw
xlang3,async_tree_cpu_io_mixed,async_tree_cpu_io_mixed,3,0,4.861583999998402,completed_raw
xlang3,async_tree_cpu_io_mixed,async_tree_cpu_io_mixed,3,1,4.816089599975385,completed_raw
xlang3,async_tree_cpu_io_mixed,async_tree_cpu_io_mixed,4,0,4.833346400002483,completed_raw
xlang3,async_tree_cpu_io_mixed,async_tree_cpu_io_mixed,4,1,4.7997046999807935,completed_raw
xlang3,async_tree_cpu_io_mixed,async_tree_cpu_io_mixed,5,0,4.7512297999928705,completed_raw
xlang3,async_tree_cpu_io_mixed,async_tree_cpu_io_mixed,5,1,4.796350199991139,completed_raw
xlang3,async_tree_cpu_io_mixed,async_tree_cpu_io_mixed,6,0,4.808407799981069,completed_raw
xlang3,async_tree_cpu_io_mixed,async_tree_cpu_io_mixed,6,1,4.770217799989041,completed_raw
xlang3,async_tree_cpu_io_mixed,async_tree_cpu_io_mixed,7,0,4.791682700015372,completed_raw
xlang3,async_tree_cpu_io_mixed,async_tree_cpu_io_mixed,7,1,4.773902600019937,completed_raw
xlang3,async_tree_cpu_io_mixed,async_tree_cpu_io_mixed,8,0,4.729584999993676,completed_raw
xlang3,async_tree_cpu_io_mixed,async_tree_cpu_io_mixed,8,1,4.92839320001076,completed_raw
xlang3,async_tree_cpu_io_mixed,async_tree_cpu_io_mixed,9,0,4.819384399976116,completed_raw
xlang3,async_tree_cpu_io_mixed,async_tree_cpu_io_mixed,9,1,4.753576199989766,completed_raw
xlang3,async_tree_cpu_io_mixed,async_tree_cpu_io_mixed,10,0,4.7698670999961905,completed_raw
xlang3,async_tree_cpu_io_mixed,async_tree_cpu_io_mixed,10,1,4.829077000002144,completed_raw
xlang3,async_tree_cpu_io_mixed_tg,async_tree_cpu_io_mixed_tg,1,0,4.81022800001665,completed_raw
xlang3,async_tree_cpu_io_mixed_tg,async_tree_cpu_io_mixed_tg,1,1,4.943754399981117,completed_raw
xlang3,async_tree_cpu_io_mixed_tg,async_tree_cpu_io_mixed_tg,2,0,4.746569400012959,completed_raw
xlang3,async_tree_cpu_io_mixed_tg,async_tree_cpu_io_mixed_tg,2,1,4.820525399991311,completed_raw
xlang3,async_tree_cpu_io_mixed_tg,async_tree_cpu_io_mixed_tg,3,0,4.740228100010427,completed_raw
xlang3,async_tree_cpu_io_mixed_tg,async_tree_cpu_io_mixed_tg,3,1,4.78864060001797,completed_raw
xlang3,async_tree_cpu_io_mixed_tg,async_tree_cpu_io_mixed_tg,4,0,4.811646099988138,completed_raw
xlang3,async_tree_cpu_io_mixed_tg,async_tree_cpu_io_mixed_tg,4,1,4.763459000008879,completed_raw
xlang3,async_tree_cpu_io_mixed_tg,async_tree_cpu_io_mixed_tg,5,0,4.754988800006686,completed_raw
xlang3,async_tree_cpu_io_mixed_tg,async_tree_cpu_io_mixed_tg,5,1,4.8974178999778815,completed_raw
xlang3,async_tree_cpu_io_mixed_tg,async_tree_cpu_io_mixed_tg,6,0,4.934805099997902,completed_raw
xlang3,async_tree_cpu_io_mixed_tg,async_tree_cpu_io_mixed_tg,6,1,4.890224499977194,completed_raw
xlang3,async_tree_cpu_io_mixed_tg,async_tree_cpu_io_mixed_tg,7,0,5.160723499982851,completed_raw
xlang3,async_tree_cpu_io_mixed_tg,async_tree_cpu_io_mixed_tg,7,1,4.847365099994931,completed_raw
xlang3,async_tree_cpu_io_mixed_tg,async_tree_cpu_io_mixed_tg,8,0,4.829086700017797,completed_raw
xlang3,async_tree_cpu_io_mixed_tg,async_tree_cpu_io_mixed_tg,8,1,4.968268099997658,completed_raw
xlang3,async_tree_cpu_io_mixed_tg,async_tree_cpu_io_mixed_tg,9,0,4.882597899995744,completed_raw
xlang3,async_tree_cpu_io_mixed_tg,async_tree_cpu_io_mixed_tg,9,1,4.899759599997196,completed_raw
xlang3,async_tree_cpu_io_mixed_tg,async_tree_cpu_io_mixed_tg,10,0,4.854384700010996,completed_raw
xlang3,async_tree_cpu_io_mixed_tg,async_tree_cpu_io_mixed_tg,10,1,4.909669999993639,completed_raw
xlang3,async_tree_eager,async_tree_eager,1,0,1.299802699999418,completed_raw
xlang3,async_tree_eager,async_tree_eager,1,1,1.3620329999830574,completed_raw
xlang3,async_tree_eager,async_tree_eager,2,0,1.2965220999903977,completed_raw
xlang3,async_tree_eager,async_tree_eager,2,1,1.3472810999955982,completed_raw
xlang3,async_tree_eager,async_tree_eager,3,0,1.3065606000018306,completed_raw
xlang3,async_tree_eager,async_tree_eager,3,1,1.321570200001588,completed_raw
xlang3,async_tree_eager,async_tree_eager,4,0,1.4255074999819044,completed_raw
xlang3,async_tree_eager,async_tree_eager,4,1,1.5007863999926485,completed_raw
xlang3,async_tree_eager,async_tree_eager,5,0,1.4082265000033658,completed_raw
xlang3,async_tree_eager,async_tree_eager,5,1,1.6008677000063471,completed_raw
xlang3,async_tree_eager,async_tree_eager,6,0,1.2960731000057422,completed_raw
xlang3,async_tree_eager,async_tree_eager,6,1,1.442943700007163,completed_raw
xlang3,async_tree_eager,async_tree_eager,7,0,1.2904067999916151,completed_raw
xlang3,async_tree_eager,async_tree_eager,7,1,1.353085300012026,completed_raw
xlang3,async_tree_eager,async_tree_eager,8,0,1.3006158000207506,completed_raw
xlang3,async_tree_eager,async_tree_eager,8,1,1.2937475999933667,completed_raw
xlang3,async_tree_eager,async_tree_eager,9,0,1.291567899985239,completed_raw
xlang3,async_tree_eager,async_tree_eager,9,1,1.377586100017652,completed_raw
xlang3,async_tree_eager,async_tree_eager,10,0,1.3202702999988105,completed_raw
xlang3,async_tree_eager,async_tree_eager,10,1,1.3482085000141524,completed_raw
xlang3,async_tree_eager_cpu_io_mixed,async_tree_eager_cpu_io_mixed,1,0,2.7007857999997213,completed_raw
xlang3,async_tree_eager_cpu_io_mixed,async_tree_eager_cpu_io_mixed,1,1,2.775695399992401,completed_raw
xlang3,async_tree_eager_cpu_io_mixed,async_tree_eager_cpu_io_mixed,2,0,2.618990999995731,completed_raw
xlang3,async_tree_eager_cpu_io_mixed,async_tree_eager_cpu_io_mixed,2,1,2.716149099986069,completed_raw
xlang3,async_tree_eager_cpu_io_mixed,async_tree_eager_cpu_io_mixed,3,0,2.87186980000115,completed_raw
xlang3,async_tree_eager_cpu_io_mixed,async_tree_eager_cpu_io_mixed,3,1,2.9550967999966815,completed_raw
xlang3,async_tree_eager_cpu_io_mixed,async_tree_eager_cpu_io_mixed,4,0,3.0853019999922253,completed_raw
xlang3,async_tree_eager_cpu_io_mixed,async_tree_eager_cpu_io_mixed,4,1,2.934995500021614,completed_raw
xlang3,async_tree_eager_cpu_io_mixed,async_tree_eager_cpu_io_mixed,5,0,2.733145300007891,completed_raw
xlang3,async_tree_eager_cpu_io_mixed,async_tree_eager_cpu_io_mixed,5,1,2.72032299998682,completed_raw
xlang3,async_tree_eager_cpu_io_mixed,async_tree_eager_cpu_io_mixed,6,0,2.6327749000047334,completed_raw
xlang3,async_tree_eager_cpu_io_mixed,async_tree_eager_cpu_io_mixed,6,1,2.726673099998152,completed_raw
xlang3,async_tree_eager_cpu_io_mixed,async_tree_eager_cpu_io_mixed,7,0,2.718890999996802,completed_raw
xlang3,async_tree_eager_cpu_io_mixed,async_tree_eager_cpu_io_mixed,7,1,2.731467200006591,completed_raw
xlang3,async_tree_eager_cpu_io_mixed,async_tree_eager_cpu_io_mixed,8,0,2.629789200000232,completed_raw
xlang3,async_tree_eager_cpu_io_mixed,async_tree_eager_cpu_io_mixed,8,1,2.6770644999924116,completed_raw
xlang3,async_tree_eager_cpu_io_mixed,async_tree_eager_cpu_io_mixed,9,0,2.65874199999962,completed_raw
xlang3,async_tree_eager_cpu_io_mixed,async_tree_eager_cpu_io_mixed,9,1,2.6965674000093713,completed_raw
xlang3,async_tree_eager_cpu_io_mixed,async_tree_eager_cpu_io_mixed,10,0,2.7502710000262596,completed_raw
xlang3,async_tree_eager_cpu_io_mixed,async_tree_eager_cpu_io_mixed,10,1,2.7293018999916967,completed_raw
xlang3,async_tree_eager_cpu_io_mixed_tg,async_tree_eager_cpu_io_mixed_tg,1,0,4.77866750000976,completed_raw
xlang3,async_tree_eager_cpu_io_mixed_tg,async_tree_eager_cpu_io_mixed_tg,1,1,4.952865600003861,completed_raw
xlang3,async_tree_eager_cpu_io_mixed_tg,async_tree_eager_cpu_io_mixed_tg,2,0,4.898755500005791,completed_raw
xlang3,async_tree_eager_cpu_io_mixed_tg,async_tree_eager_cpu_io_mixed_tg,2,1,4.96524849999696,completed_raw
xlang3,async_tree_eager_cpu_io_mixed_tg,async_tree_eager_cpu_io_mixed_tg,3,0,4.93701819999842,completed_raw
xlang3,async_tree_eager_cpu_io_mixed_tg,async_tree_eager_cpu_io_mixed_tg,3,1,4.901604400016367,completed_raw
xlang3,async_tree_eager_cpu_io_mixed_tg,async_tree_eager_cpu_io_mixed_tg,4,0,4.741571499995189,completed_raw
xlang3,async_tree_eager_cpu_io_mixed_tg,async_tree_eager_cpu_io_mixed_tg,4,1,4.862508299993351,completed_raw
xlang3,async_tree_eager_cpu_io_mixed_tg,async_tree_eager_cpu_io_mixed_tg,5,0,4.763000000006286,completed_raw
xlang3,async_tree_eager_cpu_io_mixed_tg,async_tree_eager_cpu_io_mixed_tg,5,1,5.0850571999908425,completed_raw
xlang3,async_tree_eager_cpu_io_mixed_tg,async_tree_eager_cpu_io_mixed_tg,6,0,4.786845099995844,completed_raw
xlang3,async_tree_eager_cpu_io_mixed_tg,async_tree_eager_cpu_io_mixed_tg,6,1,4.859544400009327,completed_raw
xlang3,async_tree_eager_cpu_io_mixed_tg,async_tree_eager_cpu_io_mixed_tg,7,0,5.050340200017672,completed_raw
xlang3,async_tree_eager_cpu_io_mixed_tg,async_tree_eager_cpu_io_mixed_tg,7,1,4.880427600000985,completed_raw
xlang3,async_tree_eager_cpu_io_mixed_tg,async_tree_eager_cpu_io_mixed_tg,8,0,4.910558500007028,completed_raw
xlang3,async_tree_eager_cpu_io_mixed_tg,async_tree_eager_cpu_io_mixed_tg,8,1,5.009516799997073,completed_raw
xlang3,async_tree_eager_cpu_io_mixed_tg,async_tree_eager_cpu_io_mixed_tg,9,0,4.979948000021977,completed_raw
xlang3,async_tree_eager_cpu_io_mixed_tg,async_tree_eager_cpu_io_mixed_tg,9,1,4.925032500002999,completed_raw
xlang3,async_tree_eager_cpu_io_mixed_tg,async_tree_eager_cpu_io_mixed_tg,10,0,4.89714760001516,completed_raw
xlang3,async_tree_eager_cpu_io_mixed_tg,async_tree_eager_cpu_io_mixed_tg,10,1,4.954729600023711,completed_raw
xlang3,async_tree_eager_memoization,async_tree_eager_memoization,1,0,3.5242470999946818,completed_raw
xlang3,async_tree_eager_memoization,async_tree_eager_memoization,1,1,3.554621000017505,completed_raw
xlang3,async_tree_eager_memoization,async_tree_eager_memoization,2,0,3.448110800003633,completed_raw
xlang3,async_tree_eager_memoization,async_tree_eager_memoization,2,1,3.534178999980213,completed_raw
xlang3,async_tree_eager_memoization,async_tree_eager_memoization,3,0,3.467003800004022,completed_raw
xlang3,async_tree_eager_memoization,async_tree_eager_memoization,3,1,3.455500599986408,completed_raw
xlang3,async_tree_eager_memoization,async_tree_eager_memoization,4,0,3.4704526999848895,completed_raw
xlang3,async_tree_eager_memoization,async_tree_eager_memoization,4,1,3.5190216999908444,completed_raw
xlang3,async_tree_eager_memoization,async_tree_eager_memoization,5,0,3.4989982999977656,completed_raw
xlang3,async_tree_eager_memoization,async_tree_eager_memoization,5,1,3.6041127999778837,completed_raw
xlang3,async_tree_eager_memoization,async_tree_eager_memoization,6,0,3.3795926999882795,completed_raw
xlang3,async_tree_eager_memoization,async_tree_eager_memoization,6,1,3.400533700012602,completed_raw
xlang3,async_tree_eager_memoization,async_tree_eager_memoization,7,0,3.437603499973193,completed_raw
xlang3,async_tree_eager_memoization,async_tree_eager_memoization,7,1,3.435907600010978,completed_raw
xlang3,async_tree_eager_memoization,async_tree_eager_memoization,8,0,3.3830862999893725,completed_raw
xlang3,async_tree_eager_memoization,async_tree_eager_memoization,8,1,3.39348830000381,completed_raw
xlang3,async_tree_eager_memoization,async_tree_eager_memoization,9,0,3.465345400007209,completed_raw
xlang3,async_tree_eager_memoization,async_tree_eager_memoization,9,1,3.450022100005299,completed_raw
xlang3,async_tree_eager_memoization,async_tree_eager_memoization,10,0,3.4826524000091013,completed_raw
xlang3,async_tree_eager_memoization,async_tree_eager_memoization,10,1,3.507553300005384,completed_raw
xlang3,async_tree_eager_memoization_tg,async_tree_eager_memoization_tg,1,0,5.495803400001023,completed_raw
xlang3,async_tree_eager_memoization_tg,async_tree_eager_memoization_tg,1,1,5.557927799993195,completed_raw
xlang3,async_tree_eager_memoization_tg,async_tree_eager_memoization_tg,2,0,5.5933661999879405,completed_raw
xlang3,async_tree_eager_memoization_tg,async_tree_eager_memoization_tg,2,1,5.904351300006965,completed_raw
xlang3,async_tree_eager_memoization_tg,async_tree_eager_memoization_tg,3,0,5.654191100009484,completed_raw
xlang3,async_tree_eager_memoization_tg,async_tree_eager_memoization_tg,3,1,5.816940899996553,completed_raw
xlang3,async_tree_eager_memoization_tg,async_tree_eager_memoization_tg,4,0,5.386765900009777,completed_raw
xlang3,async_tree_eager_memoization_tg,async_tree_eager_memoization_tg,4,1,5.547059400007129,completed_raw
xlang3,async_tree_eager_memoization_tg,async_tree_eager_memoization_tg,5,0,5.886705300014,completed_raw
xlang3,async_tree_eager_memoization_tg,async_tree_eager_memoization_tg,5,1,5.622575000015786,completed_raw
xlang3,async_tree_eager_memoization_tg,async_tree_eager_memoization_tg,6,0,5.5345706999942195,completed_raw
xlang3,async_tree_eager_memoization_tg,async_tree_eager_memoization_tg,6,1,5.521908299997449,completed_raw
xlang3,async_tree_eager_memoization_tg,async_tree_eager_memoization_tg,7,0,5.50370989998919,completed_raw
xlang3,async_tree_eager_memoization_tg,async_tree_eager_memoization_tg,7,1,5.503550099994754,completed_raw
xlang3,async_tree_eager_memoization_tg,async_tree_eager_memoization_tg,8,0,5.542478999996092,completed_raw
xlang3,async_tree_eager_memoization_tg,async_tree_eager_memoization_tg,8,1,5.858661199978087,completed_raw
xlang3,async_tree_eager_memoization_tg,async_tree_eager_memoization_tg,9,0,5.547653000015998,completed_raw
xlang3,async_tree_eager_memoization_tg,async_tree_eager_memoization_tg,9,1,5.5135105999943335,completed_raw
xlang3,async_tree_eager_memoization_tg,async_tree_eager_memoization_tg,10,0,5.60925410001073,completed_raw
xlang3,async_tree_eager_memoization_tg,async_tree_eager_memoization_tg,10,1,5.559737000003224,completed_raw
xlang3,async_tree_eager_tg,async_tree_eager_tg,1,0,3.4892258000036236,completed_raw
xlang3,async_tree_eager_tg,async_tree_eager_tg,1,1,3.5089504000206944,completed_raw
xlang3,async_tree_eager_tg,async_tree_eager_tg,2,0,3.493773099995451,completed_raw
xlang3,async_tree_eager_tg,async_tree_eager_tg,2,1,3.4441327000095043,completed_raw
xlang3,async_tree_eager_tg,async_tree_eager_tg,3,0,3.339271600008942,completed_raw
xlang3,async_tree_eager_tg,async_tree_eager_tg,3,1,3.4017540000204463,completed_raw
xlang3,async_tree_eager_tg,async_tree_eager_tg,4,0,3.475202999979956,completed_raw
xlang3,async_tree_eager_tg,async_tree_eager_tg,4,1,3.5311696999997366,completed_raw
xlang3,async_tree_eager_tg,async_tree_eager_tg,5,0,3.4879985000006855,completed_raw
xlang3,async_tree_eager_tg,async_tree_eager_tg,5,1,3.4144510999904014,completed_raw
xlang3,async_tree_eager_tg,async_tree_eager_tg,6,0,3.3693515999766532,completed_raw
xlang3,async_tree_eager_tg,async_tree_eager_tg,6,1,3.3974474999995437,completed_raw
xlang3,async_tree_eager_tg,async_tree_eager_tg,7,0,3.4606400999764446,completed_raw
xlang3,async_tree_eager_tg,async_tree_eager_tg,7,1,3.4253250999900047,completed_raw
xlang3,async_tree_eager_tg,async_tree_eager_tg,8,0,3.3749495999945793,completed_raw
xlang3,async_tree_eager_tg,async_tree_eager_tg,8,1,3.3902118999976665,completed_raw
xlang3,async_tree_eager_tg,async_tree_eager_tg,9,0,3.4322632999974303,completed_raw
xlang3,async_tree_eager_tg,async_tree_eager_tg,9,1,3.453633199998876,completed_raw
xlang3,async_tree_eager_tg,async_tree_eager_tg,10,0,3.386956200003624,completed_raw
xlang3,async_tree_eager_tg,async_tree_eager_tg,10,1,3.333695400011493,completed_raw
xlang3,async_tree_memoization,async_tree_memoization,1,0,5.370037899992894,completed_raw
xlang3,async_tree_memoization,async_tree_memoization,1,1,5.20669240001007,completed_raw
xlang3,async_tree_memoization,async_tree_memoization,2,0,5.510483799997019,completed_raw
xlang3,async_tree_memoization,async_tree_memoization,2,1,5.23382400002447,completed_raw
xlang3,async_tree_memoization,async_tree_memoization,3,0,5.430899500002852,completed_raw
xlang3,async_tree_memoization,async_tree_memoization,3,1,5.26681460000691,completed_raw
xlang3,async_tree_memoization,async_tree_memoization,4,0,5.334718600002816,completed_raw
xlang3,async_tree_memoization,async_tree_memoization,4,1,5.460305300017353,completed_raw
xlang3,async_tree_memoization,async_tree_memoization,5,0,5.394434599991655,completed_raw
xlang3,async_tree_memoization,async_tree_memoization,5,1,5.221147599979304,completed_raw
xlang3,async_tree_memoization,async_tree_memoization,6,0,5.171963500004495,completed_raw
xlang3,async_tree_memoization,async_tree_memoization,6,1,5.329116100008832,completed_raw
xlang3,async_tree_memoization,async_tree_memoization,7,0,5.3433539000106975,completed_raw
xlang3,async_tree_memoization,async_tree_memoization,7,1,5.250845200003823,completed_raw
xlang3,async_tree_memoization,async_tree_memoization,8,0,5.204627700004494,completed_raw
xlang3,async_tree_memoization,async_tree_memoization,8,1,5.313180800003465,completed_raw
xlang3,async_tree_memoization,async_tree_memoization,9,0,5.413031100004446,completed_raw
xlang3,async_tree_memoization,async_tree_memoization,9,1,5.393059099995298,completed_raw
xlang3,async_tree_memoization,async_tree_memoization,10,0,5.296058099978836,completed_raw
xlang3,async_tree_memoization,async_tree_memoization,10,1,5.240246000001207,completed_raw
xlang3,async_tree_memoization_tg,async_tree_memoization_tg,1,0,5.408772800001316,completed_raw
xlang3,async_tree_memoization_tg,async_tree_memoization_tg,1,1,5.536260499997297,completed_raw
xlang3,async_tree_memoization_tg,async_tree_memoization_tg,2,0,5.365243699983694,completed_raw
xlang3,async_tree_memoization_tg,async_tree_memoization_tg,2,1,5.4431643999996595,completed_raw
xlang3,async_tree_memoization_tg,async_tree_memoization_tg,3,0,5.388485600007698,completed_raw
xlang3,async_tree_memoization_tg,async_tree_memoization_tg,3,1,5.318694999994477,completed_raw
xlang3,async_tree_memoization_tg,async_tree_memoization_tg,4,0,5.373202000017045,completed_raw
xlang3,async_tree_memoization_tg,async_tree_memoization_tg,4,1,5.606088700005785,completed_raw
xlang3,async_tree_memoization_tg,async_tree_memoization_tg,5,0,5.449509900005069,completed_raw
xlang3,async_tree_memoization_tg,async_tree_memoization_tg,5,1,5.709571799990954,completed_raw
xlang3,async_tree_memoization_tg,async_tree_memoization_tg,6,0,5.421623599977465,completed_raw
xlang3,async_tree_memoization_tg,async_tree_memoization_tg,6,1,5.597501999989618,completed_raw
xlang3,async_tree_memoization_tg,async_tree_memoization_tg,7,0,5.692135200020857,completed_raw
xlang3,async_tree_memoization_tg,async_tree_memoization_tg,7,1,5.752854400023352,completed_raw
xlang3,async_tree_memoization_tg,async_tree_memoization_tg,8,0,5.336420099978568,completed_raw
xlang3,async_tree_memoization_tg,async_tree_memoization_tg,8,1,5.350486799987266,completed_raw
xlang3,async_tree_memoization_tg,async_tree_memoization_tg,9,0,5.3171747000014875,completed_raw
xlang3,async_tree_memoization_tg,async_tree_memoization_tg,9,1,5.38643330000923,completed_raw
xlang3,async_tree_memoization_tg,async_tree_memoization_tg,10,0,5.286320299986983,completed_raw
xlang3,async_tree_memoization_tg,async_tree_memoization_tg,10,1,5.4426669999957085,completed_raw
xlang3,async_tree_tg,async_tree_none_tg,1,0,3.6855519999808166,completed_raw
xlang3,async_tree_tg,async_tree_none_tg,1,1,3.6564812999858987,completed_raw
xlang3,async_tree_tg,async_tree_none_tg,2,0,3.6734414999955334,completed_raw
xlang3,async_tree_tg,async_tree_none_tg,2,1,3.8216910000192,completed_raw
xlang3,async_tree_tg,async_tree_none_tg,3,0,3.612637899990659,completed_raw
xlang3,async_tree_tg,async_tree_none_tg,3,1,3.768460299994331,completed_raw
xlang3,async_tree_tg,async_tree_none_tg,4,0,3.760203100013314,completed_raw
xlang3,async_tree_tg,async_tree_none_tg,4,1,3.627985799976159,completed_raw
xlang3,async_tree_tg,async_tree_none_tg,5,0,3.637552800006233,completed_raw
xlang3,async_tree_tg,async_tree_none_tg,5,1,3.624968499992974,completed_raw
xlang3,async_tree_tg,async_tree_none_tg,6,0,3.672733800020069,completed_raw
xlang3,async_tree_tg,async_tree_none_tg,6,1,3.52326690001064,completed_raw
xlang3,async_tree_tg,async_tree_none_tg,7,0,3.6310748999821953,completed_raw
xlang3,async_tree_tg,async_tree_none_tg,7,1,3.9407107000006363,completed_raw
xlang3,async_tree_tg,async_tree_none_tg,8,0,3.6000966999854427,completed_raw
xlang3,async_tree_tg,async_tree_none_tg,8,1,3.614913700002944,completed_raw
xlang3,async_tree_tg,async_tree_none_tg,9,0,3.629676600015955,completed_raw
xlang3,async_tree_tg,async_tree_none_tg,9,1,3.6965352999977767,completed_raw
xlang3,async_tree_tg,async_tree_none_tg,10,0,3.932353600015631,completed_raw
xlang3,async_tree_tg,async_tree_none_tg,10,1,3.697718799987342,completed_raw
xlang3,asyncio_tcp,asyncio_tcp,1,0,3.805492100014817,completed_raw
xlang3,asyncio_tcp,asyncio_tcp,1,1,3.912915199995041,completed_raw
xlang3,asyncio_tcp,asyncio_tcp,2,0,3.7328189999971073,completed_raw
xlang3,asyncio_tcp,asyncio_tcp,2,1,3.7780239999992773,completed_raw
xlang3,asyncio_tcp,asyncio_tcp,3,0,3.8157147000019904,completed_raw
xlang3,asyncio_tcp,asyncio_tcp,3,1,3.743215099995723,completed_raw
xlang3,asyncio_tcp,asyncio_tcp,4,0,3.6442323999945074,completed_raw
xlang3,asyncio_tcp,asyncio_tcp,4,1,3.7454550999973435,completed_raw
xlang3,asyncio_tcp,asyncio_tcp,5,0,3.742917199997464,completed_raw
xlang3,asyncio_tcp,asyncio_tcp,5,1,3.7634118999994826,completed_raw
xlang3,asyncio_tcp,asyncio_tcp,6,0,4.156421599996975,completed_raw
xlang3,asyncio_tcp,asyncio_tcp,6,1,3.973892899986822,completed_raw
xlang3,asyncio_tcp,asyncio_tcp,7,0,3.773933299991768,completed_raw
xlang3,asyncio_tcp,asyncio_tcp,7,1,4.061452199995983,completed_raw
xlang3,asyncio_tcp,asyncio_tcp,8,0,3.6767954000097234,completed_raw
xlang3,asyncio_tcp,asyncio_tcp,8,1,3.7393541999917943,completed_raw
xlang3,asyncio_tcp,asyncio_tcp,9,0,3.81454200000735,completed_raw
xlang3,asyncio_tcp,asyncio_tcp,9,1,4.058123900002101,completed_raw
xlang3,asyncio_tcp,asyncio_tcp,10,0,3.907266399997752,completed_raw
xlang3,asyncio_tcp,asyncio_tcp,10,1,3.85556229998474,completed_raw
xlang3,asyncio_websockets,asyncio_websockets,1,0,0.5348085000005085,completed_raw
xlang3,asyncio_websockets,asyncio_websockets,1,1,0.49760699999751523,completed_raw
xlang3,asyncio_websockets,asyncio_websockets,2,0,0.46065890000318177,completed_raw
xlang3,asyncio_websockets,asyncio_websockets,2,1,0.46864469998399727,completed_raw
xlang3,asyncio_websockets,asyncio_websockets,3,0,0.4623044000181835,completed_raw
xlang3,asyncio_websockets,asyncio_websockets,3,1,0.5265244000183884,completed_raw
xlang3,asyncio_websockets,asyncio_websockets,4,0,0.4753799999889452,completed_raw
xlang3,asyncio_websockets,asyncio_websockets,4,1,0.4742360000091139,completed_raw
xlang3,asyncio_websockets,asyncio_websockets,5,0,0.47261369999614544,completed_raw
xlang3,asyncio_websockets,asyncio_websockets,5,1,0.5473545999848284,completed_raw
xlang3,asyncio_websockets,asyncio_websockets,6,0,0.5097185999911744,completed_raw
xlang3,asyncio_websockets,asyncio_websockets,6,1,0.45965220002108254,completed_raw
xlang3,asyncio_websockets,asyncio_websockets,7,0,0.462268800009042,completed_raw
xlang3,asyncio_websockets,asyncio_websockets,7,1,0.5232770000002347,completed_raw
xlang3,asyncio_websockets,asyncio_websockets,8,0,0.4711525000166148,completed_raw
xlang3,asyncio_websockets,asyncio_websockets,8,1,0.4665243999916129,completed_raw
xlang3,asyncio_websockets,asyncio_websockets,9,0,0.5194107000133954,completed_raw
xlang3,asyncio_websockets,asyncio_websockets,9,1,0.4660058999725152,completed_raw
xlang3,asyncio_websockets,asyncio_websockets,10,0,0.4656338000204414,completed_raw
xlang3,asyncio_websockets,asyncio_websockets,10,1,0.4635186999803409,completed_raw
xlang3,chameleon,chameleon,1,0,0.1370722999854479,completed_raw
xlang3,chameleon,chameleon,1,1,0.13718469999730587,completed_raw
xlang3,chameleon,chameleon,2,0,0.1361394000123255,completed_raw
xlang3,chameleon,chameleon,2,1,0.13862269997480325,completed_raw
xlang3,chameleon,chameleon,3,0,0.13646440001321025,completed_raw
xlang3,chameleon,chameleon,3,1,0.13866230001440272,completed_raw
xlang3,chameleon,chameleon,4,0,0.1406804000143893,completed_raw
xlang3,chameleon,chameleon,4,1,0.1393677000014577,completed_raw
xlang3,chameleon,chameleon,5,0,0.1387300999776926,completed_raw
xlang3,chameleon,chameleon,5,1,0.13809880000189878,completed_raw
xlang3,chameleon,chameleon,6,0,0.1366717999917455,completed_raw
xlang3,chameleon,chameleon,6,1,0.1392030999995768,completed_raw
xlang3,chameleon,chameleon,7,0,0.14334800001233816,completed_raw
xlang3,chameleon,chameleon,7,1,0.14029630000004545,completed_raw
xlang3,chameleon,chameleon,8,0,0.13971799999126233,completed_raw
xlang3,chameleon,chameleon,8,1,0.1387282000214327,completed_raw
xlang3,chameleon,chameleon,9,0,0.13875980000011623,completed_raw
xlang3,chameleon,chameleon,9,1,0.1366140999889467,completed_raw
xlang3,chameleon,chameleon,10,0,0.13802279997617006,completed_raw
xlang3,chameleon,chameleon,10,1,0.13884849997702986,completed_raw
xlang3,chaos,chaos,1,0,0.4283174999873154,completed_raw
xlang3,chaos,chaos,1,1,0.4308010000095237,completed_raw
xlang3,chaos,chaos,2,0,0.4288053000054788,completed_raw
xlang3,chaos,chaos,2,1,0.4338121000037063,completed_raw
xlang3,chaos,chaos,3,0,0.44262279997929,completed_raw
xlang3,chaos,chaos,3,1,0.42959699998027645,completed_raw
xlang3,chaos,chaos,4,0,0.4291454999765847,completed_raw
xlang3,chaos,chaos,4,1,0.42758150000008754,completed_raw
xlang3,chaos,chaos,5,0,0.42656379999243654,completed_raw
xlang3,chaos,chaos,5,1,0.49842280001030304,completed_raw
xlang3,chaos,chaos,6,0,0.43061509999097325,completed_raw
xlang3,chaos,chaos,6,1,0.4278106999990996,completed_raw
xlang3,chaos,chaos,7,0,0.43489580001914874,completed_raw
xlang3,chaos,chaos,7,1,0.42858419998083264,completed_raw
xlang3,chaos,chaos,8,0,0.4296457000018563,completed_raw
xlang3,chaos,chaos,8,1,0.424719600006938,completed_raw
xlang3,chaos,chaos,9,0,0.4332365000154823,completed_raw
xlang3,chaos,chaos,9,1,0.4368874999927357,completed_raw
xlang3,chaos,chaos,10,0,0.43823180001345463,completed_raw
xlang3,chaos,chaos,10,1,0.4292907000053674,completed_raw
xlang3,comprehensions,comprehensions,1,0,0.0001679401367198352,completed_raw
xlang3,comprehensions,comprehensions,1,1,0.00016964140624509128,completed_raw
xlang3,comprehensions,comprehensions,2,0,0.00017958251953587023,completed_raw
xlang3,comprehensions,comprehensions,2,1,0.00016565449217864625,completed_raw
xlang3,comprehensions,comprehensions,3,0,0.00016266181640389732,completed_raw
xlang3,comprehensions,comprehensions,3,1,0.0001617073242243805,completed_raw
xlang3,comprehensions,comprehensions,4,0,0.00016315380861442463,completed_raw
xlang3,comprehensions,comprehensions,4,1,0.00016333339843299655,completed_raw
xlang3,comprehensions,comprehensions,5,0,0.00016062792968796202,completed_raw
xlang3,comprehensions,comprehensions,5,1,0.0001614246093879501,completed_raw
xlang3,comprehensions,comprehensions,6,0,0.00016340781249368774,completed_raw
xlang3,comprehensions,comprehensions,6,1,0.00016302705077464452,completed_raw
xlang3,comprehensions,comprehensions,7,0,0.00016312021483599892,completed_raw
xlang3,comprehensions,comprehensions,7,1,0.00016199980470332775,completed_raw
xlang3,comprehensions,comprehensions,8,0,0.0001635814452924933,completed_raw
xlang3,comprehensions,comprehensions,8,1,0.00016410429688562544,completed_raw
xlang3,comprehensions,comprehensions,9,0,0.00016940888670546883,completed_raw
xlang3,comprehensions,comprehensions,9,1,0.00016784892576993116,completed_raw
xlang3,comprehensions,comprehensions,10,0,0.00016665263672166475,completed_raw
xlang3,comprehensions,comprehensions,10,1,0.000162529980485715,completed_raw
xlang3,coroutines,coroutines,1,0,0.14147949998732656,completed_raw
xlang3,coroutines,coroutines,1,1,0.1373017999867443,completed_raw
xlang3,coroutines,coroutines,2,0,0.13449930000933819,completed_raw
xlang3,coroutines,coroutines,2,1,0.13235940001322888,completed_raw
xlang3,coroutines,coroutines,3,0,0.14074339999933727,completed_raw
xlang3,coroutines,coroutines,3,1,0.15553210000507534,completed_raw
xlang3,coroutines,coroutines,4,0,0.1333098000031896,completed_raw
xlang3,coroutines,coroutines,4,1,0.1331254000251647,completed_raw
xlang3,coroutines,coroutines,5,0,0.1323679000197444,completed_raw
xlang3,coroutines,coroutines,5,1,0.1320232000143733,completed_raw
xlang3,coroutines,coroutines,6,0,0.13469889998668805,completed_raw
xlang3,coroutines,coroutines,6,1,0.1327580999932252,completed_raw
xlang3,coroutines,coroutines,7,0,0.13517930000671186,completed_raw
xlang3,coroutines,coroutines,7,1,0.13316349999513477,completed_raw
xlang3,coroutines,coroutines,8,0,0.133967899979325,completed_raw
xlang3,coroutines,coroutines,8,1,0.13560760000837035,completed_raw
xlang3,coroutines,coroutines,9,0,0.1431455999845639,completed_raw
xlang3,coroutines,coroutines,9,1,0.13356990000465885,completed_raw
xlang3,coroutines,coroutines,10,0,0.13191850000293925,completed_raw
xlang3,coroutines,coroutines,10,1,0.1320625999942422,completed_raw
xlang3,crypto_pyaes,crypto_pyaes,1,0,0.33567240001866594,completed_raw
xlang3,crypto_pyaes,crypto_pyaes,1,1,0.3243703000189271,completed_raw
xlang3,crypto_pyaes,crypto_pyaes,2,0,0.3352833999961149,completed_raw
xlang3,crypto_pyaes,crypto_pyaes,2,1,0.34499320000759326,completed_raw
xlang3,crypto_pyaes,crypto_pyaes,3,0,0.3218617999809794,completed_raw
xlang3,crypto_pyaes,crypto_pyaes,3,1,0.3235133000125643,completed_raw
xlang3,crypto_pyaes,crypto_pyaes,4,0,0.3245464999927208,completed_raw
xlang3,crypto_pyaes,crypto_pyaes,4,1,0.3283235999988392,completed_raw
xlang3,crypto_pyaes,crypto_pyaes,5,0,0.3369916000228841,completed_raw
xlang3,crypto_pyaes,crypto_pyaes,5,1,0.33819159999256954,completed_raw
xlang3,crypto_pyaes,crypto_pyaes,6,0,0.3388635999872349,completed_raw
xlang3,crypto_pyaes,crypto_pyaes,6,1,0.34417369999573566,completed_raw
xlang3,crypto_pyaes,crypto_pyaes,7,0,0.322643399995286,completed_raw
xlang3,crypto_pyaes,crypto_pyaes,7,1,0.32316469997749664,completed_raw
xlang3,crypto_pyaes,crypto_pyaes,8,0,0.33178459998453036,completed_raw
xlang3,crypto_pyaes,crypto_pyaes,8,1,0.3379030999785755,completed_raw
xlang3,crypto_pyaes,crypto_pyaes,9,0,0.3360465000150725,completed_raw
xlang3,crypto_pyaes,crypto_pyaes,9,1,0.32868540001800284,completed_raw
xlang3,crypto_pyaes,crypto_pyaes,10,0,0.33568560000276193,completed_raw
xlang3,crypto_pyaes,crypto_pyaes,10,1,0.3435917000169866,completed_raw
xlang3,deepcopy,deepcopy,1,0,0.0025283749951086065,completed_raw
xlang3,deepcopy,deepcopy,1,1,0.0027362703044673253,completed_raw
xlang3,deepcopy,deepcopy,2,0,0.0025361890548083466,completed_raw
xlang3,deepcopy,deepcopy,2,1,0.0025177375009661773,completed_raw
xlang3,deepcopy,deepcopy,3,0,0.002531204711431201,completed_raw
xlang3,deepcopy,deepcopy,3,1,0.00251095624980735,completed_raw
xlang3,deepcopy,deepcopy,4,0,0.002506135943804111,completed_raw
xlang3,deepcopy,deepcopy,4,1,0.002679237501524767,completed_raw
xlang3,deepcopy,deepcopy,5,0,0.0026390453199383046,completed_raw
xlang3,deepcopy,deepcopy,5,1,0.002508871893041942,completed_raw
xlang3,deepcopy,deepcopy,6,0,0.0031146406172410934,completed_raw
xlang3,deepcopy,deepcopy,6,1,0.0027758359301515156,completed_raw
xlang3,deepcopy,deepcopy,7,0,0.002625406256356655,completed_raw
xlang3,deepcopy,deepcopy,7,1,0.002568839059676975,completed_raw
xlang3,deepcopy,deepcopy,8,0,0.002609579685213248,completed_raw
xlang3,deepcopy,deepcopy,8,1,0.0026117390648323635,completed_raw
xlang3,deepcopy,deepcopy,9,0,0.0026680390674300725,completed_raw
xlang3,deepcopy,deepcopy,9,1,0.0027113656346955395,completed_raw
xlang3,deepcopy,deepcopy,10,0,0.0026461390561962617,completed_raw
xlang3,deepcopy,deepcopy,10,1,0.0026279281223651196,completed_raw
xlang3,deepcopy,deepcopy_reduce,1,0,2.760781249833144e-05,completed_raw
xlang3,deepcopy,deepcopy_reduce,1,1,2.750476074453445e-05,completed_raw
xlang3,deepcopy,deepcopy_reduce,2,0,2.8111987305123876e-05,completed_raw
xlang3,deepcopy,deepcopy_reduce,2,1,2.908222656117232e-05,completed_raw
xlang3,deepcopy,deepcopy_reduce,3,0,2.830026855349388e-05,completed_raw
xlang3,deepcopy,deepcopy_reduce,3,1,2.892482910255012e-05,completed_raw
xlang3,deepcopy,deepcopy_reduce,4,0,2.8072485349639464e-05,completed_raw
xlang3,deepcopy,deepcopy_reduce,4,1,2.8636157225037095e-05,completed_raw
xlang3,deepcopy,deepcopy_reduce,5,0,2.8071313479927085e-05,completed_raw
xlang3,deepcopy,deepcopy_reduce,5,1,5.387873535056542e-05,completed_raw
xlang3,deepcopy,deepcopy_reduce,6,0,2.9177099605703916e-05,completed_raw
xlang3,deepcopy,deepcopy_reduce,6,1,2.7789916991594055e-05,completed_raw
xlang3,deepcopy,deepcopy_reduce,7,0,2.7448339842806035e-05,completed_raw
xlang3,deepcopy,deepcopy_reduce,7,1,2.7574121091333836e-05,completed_raw
xlang3,deepcopy,deepcopy_reduce,8,0,2.7101464844747625e-05,completed_raw
xlang3,deepcopy,deepcopy_reduce,8,1,2.739450683719724e-05,completed_raw
xlang3,deepcopy,deepcopy_reduce,9,0,2.7278784180850835e-05,completed_raw
xlang3,deepcopy,deepcopy_reduce,9,1,2.796018065964745e-05,completed_raw
xlang3,deepcopy,deepcopy_reduce,10,0,2.735778808471423e-05,completed_raw
xlang3,deepcopy,deepcopy_reduce,10,1,2.7143066404278215e-05,completed_raw
xlang3,deepcopy,deepcopy_memo,1,0,0.00027067714842132773,completed_raw
xlang3,deepcopy,deepcopy_memo,1,1,0.0002741406250379441,completed_raw
xlang3,deepcopy,deepcopy_memo,2,0,0.0002937242187499578,completed_raw
xlang3,deepcopy,deepcopy_memo,2,1,0.00027162792969193106,completed_raw
xlang3,deepcopy,deepcopy_memo,3,0,0.0002690330078394254,completed_raw
xlang3,deepcopy,deepcopy_memo,3,1,0.0002711705078013438,completed_raw
xlang3,deepcopy,deepcopy_memo,4,0,0.00027147167969587827,completed_raw
xlang3,deepcopy,deepcopy_memo,4,1,0.00027718886718730573,completed_raw
xlang3,deepcopy,deepcopy_memo,5,0,0.00029183261722209863,completed_raw
xlang3,deepcopy,deepcopy_memo,5,1,0.0002756908203309649,completed_raw
xlang3,deepcopy,deepcopy_memo,6,0,0.0002893949218787384,completed_raw
xlang3,deepcopy,deepcopy_memo,6,1,0.00027006660155848294,completed_raw
xlang3,deepcopy,deepcopy_memo,7,0,0.000281370507821066,completed_raw
xlang3,deepcopy,deepcopy_memo,7,1,0.0002803533203064035,completed_raw
xlang3,deepcopy,deepcopy_memo,8,0,0.00027920449218754584,completed_raw
xlang3,deepcopy,deepcopy_memo,8,1,0.00028505332034001185,completed_raw
xlang3,deepcopy,deepcopy_memo,9,0,0.0002762482421871937,completed_raw
xlang3,deepcopy,deepcopy_memo,9,1,0.0002712166015612638,completed_raw
xlang3,deepcopy,deepcopy_memo,10,0,0.00029890410155530844,completed_raw
xlang3,deepcopy,deepcopy_memo,10,1,0.0002845939453095525,completed_raw
xlang3,deltablue,deltablue,1,0,0.037812800001120195,completed_raw
xlang3,deltablue,deltablue,1,1,0.038302350003505126,completed_raw
xlang3,deltablue,deltablue,2,0,0.03775867499643937,completed_raw
xlang3,deltablue,deltablue,2,1,0.03785987500305055,completed_raw
xlang3,deltablue,deltablue,3,0,0.037901449999480974,completed_raw
xlang3,deltablue,deltablue,3,1,0.04243237499758834,completed_raw
xlang3,deltablue,deltablue,4,0,0.037412350000522565,completed_raw
xlang3,deltablue,deltablue,4,1,0.037370425001427066,completed_raw
xlang3,deltablue,deltablue,5,0,0.037177650003286544,completed_raw
xlang3,deltablue,deltablue,5,1,0.03748325000196928,completed_raw
xlang3,deltablue,deltablue,6,0,0.038899750004929956,completed_raw
xlang3,deltablue,deltablue,6,1,0.0391367749980418,completed_raw
xlang3,deltablue,deltablue,7,0,0.039601750002475455,completed_raw
xlang3,deltablue,deltablue,7,1,0.03899054999783402,completed_raw
xlang3,deltablue,deltablue,8,0,0.038858100000652485,completed_raw
xlang3,deltablue,deltablue,8,1,0.04009802499786019,completed_raw
xlang3,deltablue,deltablue,9,0,0.038490000006277114,completed_raw
xlang3,deltablue,deltablue,9,1,0.038010049996955786,completed_raw
xlang3,deltablue,deltablue,10,0,0.03907667500607204,completed_raw
xlang3,deltablue,deltablue,10,1,0.037808425004186574,completed_raw
xlang3,django_template,django_template,1,0,0.49822649999987334,completed_raw
xlang3,django_template,django_template,1,1,0.4946068999997806,completed_raw
xlang3,django_template,django_template,2,0,0.5079173999838531,completed_raw
xlang3,django_template,django_template,2,1,0.5017225000192411,completed_raw
xlang3,django_template,django_template,3,0,0.49756809999234974,completed_raw
xlang3,django_template,django_template,3,1,0.5324116999981925,completed_raw
xlang3,django_template,django_template,4,0,0.49623540000175126,completed_raw
xlang3,django_template,django_template,4,1,0.5083310999907553,completed_raw
xlang3,django_template,django_template,5,0,0.5197306000045501,completed_raw
xlang3,django_template,django_template,5,1,0.49272859998745844,completed_raw
xlang3,django_template,django_template,6,0,0.5138632000016514,completed_raw
xlang3,django_template,django_template,6,1,0.5256160999997519,completed_raw
xlang3,django_template,django_template,7,0,0.5137942000001203,completed_raw
xlang3,django_template,django_template,7,1,0.5074300999986008,completed_raw
xlang3,django_template,django_template,8,0,0.5192475999938324,completed_raw
xlang3,django_template,django_template,8,1,0.5141956000006758,completed_raw
xlang3,django_template,django_template,9,0,0.5174437999958172,completed_raw
xlang3,django_template,django_template,9,1,0.514557300019078,completed_raw
xlang3,django_template,django_template,10,0,0.5256720999896061,completed_raw
xlang3,django_template,django_template,10,1,0.5168958999856841,completed_raw
xlang3,fannkuch,fannkuch,1,0,0.2664764999935869,completed_raw
xlang3,fannkuch,fannkuch,1,1,0.2795126000128221,completed_raw
xlang3,fannkuch,fannkuch,2,0,0.27056140001513995,completed_raw
xlang3,fannkuch,fannkuch,2,1,0.27115350001258776,completed_raw
xlang3,fannkuch,fannkuch,3,0,0.2692035000072792,completed_raw
xlang3,fannkuch,fannkuch,3,1,0.2666694999788888,completed_raw
xlang3,fannkuch,fannkuch,4,0,0.26492409998900257,completed_raw
xlang3,fannkuch,fannkuch,4,1,0.26668770000105724,completed_raw
xlang3,fannkuch,fannkuch,5,0,0.26932180000585504,completed_raw
xlang3,fannkuch,fannkuch,5,1,0.2593687000044156,completed_raw
xlang3,fannkuch,fannkuch,6,0,0.2625170999963302,completed_raw
xlang3,fannkuch,fannkuch,6,1,0.2633581999980379,completed_raw
xlang3,fannkuch,fannkuch,7,0,0.2740619000105653,completed_raw
xlang3,fannkuch,fannkuch,7,1,0.2756169000058435,completed_raw
xlang3,fannkuch,fannkuch,8,0,0.2689642000186723,completed_raw
xlang3,fannkuch,fannkuch,8,1,0.2758627000148408,completed_raw
xlang3,fannkuch,fannkuch,9,0,0.27678600000217557,completed_raw
xlang3,fannkuch,fannkuch,9,1,0.27500930000678636,completed_raw
xlang3,fannkuch,fannkuch,10,0,0.2738629999803379,completed_raw
xlang3,fannkuch,fannkuch,10,1,0.26528720001806505,completed_raw
xlang3,float,float,1,0,0.07409334999101702,completed_raw
xlang3,float,float,1,1,0.07546834999811836,completed_raw
xlang3,float,float,2,0,0.07473235001089051,completed_raw
xlang3,float,float,2,1,0.07435110000369605,completed_raw
xlang3,float,float,3,0,0.0740010000008624,completed_raw
xlang3,float,float,3,1,0.07431614999950398,completed_raw
xlang3,float,float,4,0,0.08918685000389814,completed_raw
xlang3,float,float,4,1,0.07695260000764392,completed_raw
xlang3,float,float,5,0,0.07464174999040551,completed_raw
xlang3,float,float,5,1,0.07781485001032706,completed_raw
xlang3,float,float,6,0,0.07619950000662357,completed_raw
xlang3,float,float,6,1,0.07513749999634456,completed_raw
xlang3,float,float,7,0,0.0752578999963589,completed_raw
xlang3,float,float,7,1,0.07806525001069531,completed_raw
xlang3,float,float,8,0,0.07464790000813082,completed_raw
xlang3,float,float,8,1,0.07592365000164136,completed_raw
xlang3,float,float,9,0,0.10919385000306647,completed_raw
xlang3,float,float,9,1,0.07557785000244621,completed_raw
xlang3,float,float,10,0,0.07895280000229832,completed_raw
xlang3,float,float,10,1,0.07709999999497086,completed_raw
xlang3,gc_traversal,gc_traversal,1,0,0.0006653828137359596,workload_unscored
xlang3,gc_traversal,gc_traversal,1,1,0.0006522124990624434,workload_unscored
xlang3,gc_traversal,gc_traversal,2,0,0.000763865624776372,workload_unscored
xlang3,gc_traversal,gc_traversal,2,1,0.0006995992189331446,workload_unscored
xlang3,gc_traversal,gc_traversal,3,0,0.000664582030708516,workload_unscored
xlang3,gc_traversal,gc_traversal,3,1,0.0006552562498427505,workload_unscored
xlang3,gc_traversal,gc_traversal,4,0,0.0006941324213585176,workload_unscored
xlang3,gc_traversal,gc_traversal,4,1,0.0006651421880405906,workload_unscored
xlang3,gc_traversal,gc_traversal,5,0,0.0006676421885458694,workload_unscored
xlang3,gc_traversal,gc_traversal,5,1,0.0007417101561486561,workload_unscored
xlang3,gc_traversal,gc_traversal,6,0,0.0006691207038329594,workload_unscored
xlang3,gc_traversal,gc_traversal,6,1,0.0006614691413915352,workload_unscored
xlang3,gc_traversal,gc_traversal,7,0,0.0006606015635952645,workload_unscored
xlang3,gc_traversal,gc_traversal,7,1,0.0006590945296238715,workload_unscored
xlang3,gc_traversal,gc_traversal,8,0,0.0007817242178589368,workload_unscored
xlang3,gc_traversal,gc_traversal,8,1,0.0007378652343277281,workload_unscored
xlang3,gc_traversal,gc_traversal,9,0,0.0006678199223415504,workload_unscored
xlang3,gc_traversal,gc_traversal,9,1,0.0006807906246422135,workload_unscored
xlang3,gc_traversal,gc_traversal,10,0,0.000677462890962488,workload_unscored
xlang3,gc_traversal,gc_traversal,10,1,0.0006747031249005886,workload_unscored
xlang3,generators,generators,1,0,0.38281130001996644,completed_raw
xlang3,generators,generators,1,1,0.31999449999420904,completed_raw
xlang3,generators,generators,2,0,0.31519190000835806,completed_raw
xlang3,generators,generators,2,1,0.3187231000047177,completed_raw
xlang3,generators,generators,3,0,0.3179128000047058,completed_raw
xlang3,generators,generators,3,1,0.3143935000116471,completed_raw
xlang3,generators,generators,4,0,0.3220661000232212,completed_raw
xlang3,generators,generators,4,1,0.3196622999967076,completed_raw
xlang3,generators,generators,5,0,0.3146227000106592,completed_raw
xlang3,generators,generators,5,1,0.31902520000585355,completed_raw
xlang3,generators,generators,6,0,0.31171720000565983,completed_raw
xlang3,generators,generators,6,1,0.3218071000010241,completed_raw
xlang3,generators,generators,7,0,0.31751510000322014,completed_raw
xlang3,generators,generators,7,1,0.3172469999990426,completed_raw
xlang3,generators,generators,8,0,0.31640099998912774,completed_raw
xlang3,generators,generators,8,1,0.31705960002727807,completed_raw
xlang3,generators,generators,9,0,0.3127266000083182,completed_raw
xlang3,generators,generators,9,1,0.31337359998724423,completed_raw
xlang3,generators,generators,10,0,0.31676230000448413,completed_raw
xlang3,generators,generators,10,1,0.3158333000028506,completed_raw
xlang3,genshi,genshi_text,1,0,0.3380292000074405,completed_raw
xlang3,genshi,genshi_text,1,1,0.3337162999960128,completed_raw
xlang3,genshi,genshi_text,2,0,0.3304202000144869,completed_raw
xlang3,genshi,genshi_text,2,1,0.33035380000364967,completed_raw
xlang3,genshi,genshi_text,3,0,0.3324003999878187,completed_raw
xlang3,genshi,genshi_text,3,1,0.3369788999843877,completed_raw
xlang3,genshi,genshi_text,4,0,0.33177509999950416,completed_raw
xlang3,genshi,genshi_text,4,1,0.32827920001000166,completed_raw
xlang3,genshi,genshi_text,5,0,0.33237760001793504,completed_raw
xlang3,genshi,genshi_text,5,1,0.33388879999984056,completed_raw
xlang3,genshi,genshi_text,6,0,0.32997799999429844,completed_raw
xlang3,genshi,genshi_text,6,1,0.32612630000221543,completed_raw
xlang3,genshi,genshi_text,7,0,0.32735569999204017,completed_raw
xlang3,genshi,genshi_text,7,1,0.33627319999504834,completed_raw
xlang3,genshi,genshi_text,8,0,0.36335759999928996,completed_raw
xlang3,genshi,genshi_text,8,1,0.3353972999902908,completed_raw
xlang3,genshi,genshi_text,9,0,0.3350147999881301,completed_raw
xlang3,genshi,genshi_text,9,1,0.33269969999673776,completed_raw
xlang3,genshi,genshi_text,10,0,0.32678850000957027,completed_raw
xlang3,genshi,genshi_text,10,1,0.3321519999881275,completed_raw
xlang3,genshi,genshi_xml,1,0,0.8809577000210993,completed_raw
xlang3,genshi,genshi_xml,1,1,0.8663990999921225,completed_raw
xlang3,genshi,genshi_xml,2,0,0.9258637999882922,completed_raw
xlang3,genshi,genshi_xml,2,1,0.8870690999901854,completed_raw
xlang3,genshi,genshi_xml,3,0,0.8661234999890439,completed_raw
xlang3,genshi,genshi_xml,3,1,0.9299946999817621,completed_raw
xlang3,genshi,genshi_xml,4,0,0.8643550999986473,completed_raw
xlang3,genshi,genshi_xml,4,1,0.8785149999894202,completed_raw
xlang3,genshi,genshi_xml,5,0,0.8745870999991894,completed_raw
xlang3,genshi,genshi_xml,5,1,0.8697788999998011,completed_raw
xlang3,genshi,genshi_xml,6,0,0.9186820999893826,completed_raw
xlang3,genshi,genshi_xml,6,1,0.8699556000065058,completed_raw
xlang3,genshi,genshi_xml,7,0,0.885338199994294,completed_raw
xlang3,genshi,genshi_xml,7,1,0.9616812999884132,completed_raw
xlang3,genshi,genshi_xml,8,0,0.8853292999847326,completed_raw
xlang3,genshi,genshi_xml,8,1,0.8927359000081196,completed_raw
xlang3,genshi,genshi_xml,9,0,0.8809035000158474,completed_raw
xlang3,genshi,genshi_xml,9,1,0.8851732999901287,completed_raw
xlang3,genshi,genshi_xml,10,0,0.8705333999823779,completed_raw
xlang3,genshi,genshi_xml,10,1,0.8795479999971576,completed_raw
xlang3,go,go,1,0,0.897473600023659,completed_raw
xlang3,go,go,1,1,0.9608529999968596,completed_raw
xlang3,go,go,2,0,0.8946793999930378,completed_raw
xlang3,go,go,2,1,0.8972364000219386,completed_raw
xlang3,go,go,3,0,0.8736421000212431,completed_raw
xlang3,go,go,3,1,0.8824266000010539,completed_raw
xlang3,go,go,4,0,0.8986272999900393,completed_raw
xlang3,go,go,4,1,0.8896636000135913,completed_raw
xlang3,go,go,5,0,0.9074702000070829,completed_raw
xlang3,go,go,5,1,0.8952983999915887,completed_raw
xlang3,go,go,6,0,0.890304800006561,completed_raw
xlang3,go,go,6,1,0.9621186000003945,completed_raw
xlang3,go,go,7,0,0.8884575999982189,completed_raw
xlang3,go,go,7,1,0.8911577999824658,completed_raw
xlang3,go,go,8,0,0.889625400013756,completed_raw
xlang3,go,go,8,1,0.8988046000013128,completed_raw
xlang3,go,go,9,0,0.9489867999800481,completed_raw
xlang3,go,go,9,1,0.89033539997763,completed_raw
xlang3,go,go,10,0,0.8894781999988481,completed_raw
xlang3,go,go,10,1,0.8967270000139251,completed_raw
xlang3,hexiom,hexiom,1,0,0.045286400003533345,completed_raw
xlang3,hexiom,hexiom,1,1,0.04436590000113938,completed_raw
xlang3,hexiom,hexiom,2,0,0.04497347500000615,completed_raw
xlang3,hexiom,hexiom,2,1,0.04540117500437191,completed_raw
xlang3,hexiom,hexiom,3,0,0.0576476249989355,completed_raw
xlang3,hexiom,hexiom,3,1,0.044240649993298575,completed_raw
xlang3,hexiom,hexiom,4,0,0.0449792500003241,completed_raw
xlang3,hexiom,hexiom,4,1,0.04437060000054771,completed_raw
xlang3,hexiom,hexiom,5,0,0.045039999997243285,completed_raw
xlang3,hexiom,hexiom,5,1,0.04524802499508951,completed_raw
xlang3,hexiom,hexiom,6,0,0.045095200002833735,completed_raw
xlang3,hexiom,hexiom,6,1,0.04574527499789838,completed_raw
xlang3,hexiom,hexiom,7,0,0.04554994999489281,completed_raw
xlang3,hexiom,hexiom,7,1,0.04563195000082487,completed_raw
xlang3,hexiom,hexiom,8,0,0.04433180000341963,completed_raw
xlang3,hexiom,hexiom,8,1,0.04495357500127284,completed_raw
xlang3,hexiom,hexiom,9,0,0.044917250001162756,completed_raw
xlang3,hexiom,hexiom,9,1,0.045113849999324884,completed_raw
xlang3,hexiom,hexiom,10,0,0.04560510000010254,completed_raw
xlang3,hexiom,hexiom,10,1,0.04465182500280207,completed_raw
xlang3,html5lib,html5lib,1,0,0.6465711000200827,completed_raw
xlang3,html5lib,html5lib,1,1,0.6894696000090335,completed_raw
xlang3,html5lib,html5lib,2,0,0.6402563999872655,completed_raw
xlang3,html5lib,html5lib,2,1,0.6421569999947678,completed_raw
xlang3,html5lib,html5lib,3,0,0.6490860999911092,completed_raw
xlang3,html5lib,html5lib,3,1,0.6456751000077929,completed_raw
xlang3,html5lib,html5lib,4,0,0.6430326999980025,completed_raw
xlang3,html5lib,html5lib,4,1,0.6628149000171106,completed_raw
xlang3,html5lib,html5lib,5,0,0.6512878999928944,completed_raw
xlang3,html5lib,html5lib,5,1,0.6457759999902919,completed_raw
xlang3,html5lib,html5lib,6,0,0.6905633000133093,completed_raw
xlang3,html5lib,html5lib,6,1,0.6301759000052698,completed_raw
xlang3,html5lib,html5lib,7,0,0.6527267000055872,completed_raw
xlang3,html5lib,html5lib,7,1,0.6488870999892242,completed_raw
xlang3,html5lib,html5lib,8,0,0.6511278999969363,completed_raw
xlang3,html5lib,html5lib,8,1,0.645568000007188,completed_raw
xlang3,html5lib,html5lib,9,0,0.6851528999977745,completed_raw
xlang3,html5lib,html5lib,9,1,0.6553500999871176,completed_raw
xlang3,html5lib,html5lib,10,0,0.6772975999920163,completed_raw
xlang3,html5lib,html5lib,10,1,0.6442219000018667,completed_raw
xlang3,json_dumps,json_dumps,1,0,0.034392550005577505,completed_raw
xlang3,json_dumps,json_dumps,1,1,0.034419250005157664,completed_raw
xlang3,json_dumps,json_dumps,2,0,0.03521370000089519,completed_raw
xlang3,json_dumps,json_dumps,2,1,0.034793799997714814,completed_raw
xlang3,json_dumps,json_dumps,3,0,0.035586600002716295,completed_raw
xlang3,json_dumps,json_dumps,3,1,0.036194300002534874,completed_raw
xlang3,json_dumps,json_dumps,4,0,0.034639450001122896,completed_raw
xlang3,json_dumps,json_dumps,4,1,0.034406400001898874,completed_raw
xlang3,json_dumps,json_dumps,5,0,0.0355662250003661,completed_raw
xlang3,json_dumps,json_dumps,5,1,0.035621625000203494,completed_raw
xlang3,json_dumps,json_dumps,6,0,0.0350177000000258,completed_raw
xlang3,json_dumps,json_dumps,6,1,0.03556590000516735,completed_raw
xlang3,json_dumps,json_dumps,7,0,0.03533052499551559,completed_raw
xlang3,json_dumps,json_dumps,7,1,0.03577082500123652,completed_raw
xlang3,json_dumps,json_dumps,8,0,0.0349409749978804,completed_raw
xlang3,json_dumps,json_dumps,8,1,0.03475814999546856,completed_raw
xlang3,json_dumps,json_dumps,9,0,0.03475827499642037,completed_raw
xlang3,json_dumps,json_dumps,9,1,0.03527169999870239,completed_raw
xlang3,json_dumps,json_dumps,10,0,0.0384795749996556,completed_raw
xlang3,json_dumps,json_dumps,10,1,0.036732475004100706,completed_raw
xlang3,json_loads,json_loads,1,0,7.46613281307873e-05,completed_raw
xlang3,json_loads,json_loads,1,1,7.515628906276106e-05,completed_raw
xlang3,json_loads,json_loads,2,0,7.490031250654284e-05,completed_raw
xlang3,json_loads,json_loads,2,1,7.510179686960327e-05,completed_raw
xlang3,json_loads,json_loads,3,0,7.554550782060688e-05,completed_raw
xlang3,json_loads,json_loads,3,1,7.513195312185417e-05,completed_raw
xlang3,json_loads,json_loads,4,0,7.438554688405929e-05,completed_raw
xlang3,json_loads,json_loads,4,1,7.292480468095164e-05,completed_raw
xlang3,json_loads,json_loads,5,0,7.392269531010242e-05,completed_raw
xlang3,json_loads,json_loads,5,1,7.479210937617608e-05,completed_raw
xlang3,json_loads,json_loads,6,0,7.473996093949608e-05,completed_raw
xlang3,json_loads,json_loads,6,1,7.461550781044935e-05,completed_raw
xlang3,json_loads,json_loads,7,0,0.00010545792968059686,completed_raw
xlang3,json_loads,json_loads,7,1,7.86045312565875e-05,completed_raw
xlang3,json_loads,json_loads,8,0,7.444523438380202e-05,completed_raw
xlang3,json_loads,json_loads,8,1,7.601605468607887e-05,completed_raw
xlang3,json_loads,json_loads,9,0,7.36013281311898e-05,completed_raw
xlang3,json_loads,json_loads,9,1,7.667070311754288e-05,completed_raw
xlang3,json_loads,json_loads,10,0,7.499406249280582e-05,completed_raw
xlang3,json_loads,json_loads,10,1,7.468363281759594e-05,completed_raw
xlang3,logging,logging_format,1,0,9.280117187699943e-05,completed_raw
xlang3,logging,logging_format,1,1,9.369734375468397e-05,completed_raw
xlang3,logging,logging_format,2,0,9.087578125672735e-05,completed_raw
xlang3,logging,logging_format,2,1,9.048226561390039e-05,completed_raw
xlang3,logging,logging_format,3,0,9.206117188114149e-05,completed_raw
xlang3,logging,logging_format,3,1,9.249343750070694e-05,completed_raw
xlang3,logging,logging_format,4,0,9.149312500085216e-05,completed_raw
xlang3,logging,logging_format,4,1,9.278359375457512e-05,completed_raw
xlang3,logging,logging_format,5,0,9.36249218739249e-05,completed_raw
xlang3,logging,logging_format,5,1,9.180187498714076e-05,completed_raw
xlang3,logging,logging_format,6,0,9.312562499417255e-05,completed_raw
xlang3,logging,logging_format,6,1,9.372906249609514e-05,completed_raw
xlang3,logging,logging_format,7,0,9.278078125589673e-05,completed_raw
xlang3,logging,logging_format,7,1,9.168648439299432e-05,completed_raw
xlang3,logging,logging_format,8,0,8.859554686750926e-05,completed_raw
xlang3,logging,logging_format,8,1,9.229718748429149e-05,completed_raw
xlang3,logging,logging_format,9,0,9.149695310952665e-05,completed_raw
xlang3,logging,logging_format,9,1,9.332273436939431e-05,completed_raw
xlang3,logging,logging_format,10,0,9.184343750803236e-05,completed_raw
xlang3,logging,logging_format,10,1,9.065890624242457e-05,completed_raw
xlang3,logging,logging_silent,1,0,1.0634002686416012e-06,completed_raw
xlang3,logging,logging_silent,1,1,1.0417169189480546e-06,completed_raw
xlang3,logging,logging_silent,2,0,1.0613018798011352e-06,completed_raw
xlang3,logging,logging_silent,2,1,1.0810314941878118e-06,completed_raw
xlang3,logging,logging_silent,3,0,1.068822631822286e-06,completed_raw
xlang3,logging,logging_silent,3,1,1.090584106400172e-06,completed_raw
xlang3,logging,logging_silent,4,0,1.0908105467777318e-06,completed_raw
xlang3,logging,logging_silent,4,1,1.2076849365882935e-06,completed_raw
xlang3,logging,logging_silent,5,0,1.0709051514012913e-06,completed_raw
xlang3,logging,logging_silent,5,1,1.0834741210885568e-06,completed_raw
xlang3,logging,logging_silent,6,0,1.0941754149840221e-06,completed_raw
xlang3,logging,logging_silent,6,1,1.1018518065952777e-06,completed_raw
xlang3,logging,logging_silent,7,0,1.0594134520758303e-06,completed_raw
xlang3,logging,logging_silent,7,1,1.0681585692395855e-06,completed_raw
xlang3,logging,logging_silent,8,0,1.0722271728269561e-06,completed_raw
xlang3,logging,logging_silent,8,1,1.0657232666133608e-06,completed_raw
xlang3,logging,logging_silent,9,0,1.1169934081678435e-06,completed_raw
xlang3,logging,logging_silent,9,1,1.0900659180634874e-06,completed_raw
xlang3,logging,logging_silent,10,0,1.086016845697202e-06,completed_raw
xlang3,logging,logging_silent,10,1,1.0860986328964372e-06,completed_raw
xlang3,logging,logging_simple,1,0,8.509109375154367e-05,completed_raw
xlang3,logging,logging_simple,1,1,8.748359375658765e-05,completed_raw
xlang3,logging,logging_simple,2,0,8.58232031305306e-05,completed_raw
xlang3,logging,logging_simple,2,1,8.591742187036289e-05,completed_raw
xlang3,logging,logging_simple,3,0,9.015343748615123e-05,completed_raw
xlang3,logging,logging_simple,3,1,8.658289061713731e-05,completed_raw
xlang3,logging,logging_simple,4,0,8.602132811574847e-05,completed_raw
xlang3,logging,logging_simple,4,1,8.838718749757391e-05,completed_raw
xlang3,logging,logging_simple,5,0,8.449257813936129e-05,completed_raw
xlang3,logging,logging_simple,5,1,8.511890625868545e-05,completed_raw
xlang3,logging,logging_simple,6,0,8.893046874618449e-05,completed_raw
xlang3,logging,logging_simple,6,1,8.828992188227857e-05,completed_raw
xlang3,logging,logging_simple,7,0,8.737695313811855e-05,completed_raw
xlang3,logging,logging_simple,7,1,9.047484375059866e-05,completed_raw
xlang3,logging,logging_simple,8,0,8.800234375030413e-05,completed_raw
xlang3,logging,logging_simple,8,1,8.741195313177741e-05,completed_raw
xlang3,logging,logging_simple,9,0,8.84585937455995e-05,completed_raw
xlang3,logging,logging_simple,9,1,8.653289062294789e-05,completed_raw
xlang3,logging,logging_simple,10,0,8.586218748405373e-05,completed_raw
xlang3,logging,logging_simple,10,1,8.572210938382341e-05,completed_raw
xlang3,meteor_contest,meteor_contest,1,0,1.1764186000218615,completed_raw
xlang3,meteor_contest,meteor_contest,1,1,1.1742478999949526,completed_raw
xlang3,meteor_contest,meteor_contest,2,0,1.1731719999806955,completed_raw
xlang3,meteor_contest,meteor_contest,2,1,1.1808812999806833,completed_raw
xlang3,meteor_contest,meteor_contest,3,0,1.1748453000036534,completed_raw
xlang3,meteor_contest,meteor_contest,3,1,1.166796900011832,completed_raw
xlang3,meteor_contest,meteor_contest,4,0,1.1588557999930345,completed_raw
xlang3,meteor_contest,meteor_contest,4,1,1.1739776999747846,completed_raw
xlang3,meteor_contest,meteor_contest,5,0,1.1647725000220817,completed_raw
xlang3,meteor_contest,meteor_contest,5,1,1.1703098000143655,completed_raw
xlang3,meteor_contest,meteor_contest,6,0,1.2074380000121891,completed_raw
xlang3,meteor_contest,meteor_contest,6,1,1.1755341999814846,completed_raw
xlang3,meteor_contest,meteor_contest,7,0,1.1723519999941345,completed_raw
xlang3,meteor_contest,meteor_contest,7,1,1.180576699989615,completed_raw
xlang3,meteor_contest,meteor_contest,8,0,1.1830187999876216,completed_raw
xlang3,meteor_contest,meteor_contest,8,1,1.172527299990179,completed_raw
xlang3,meteor_contest,meteor_contest,9,0,1.172965400008252,completed_raw
xlang3,meteor_contest,meteor_contest,9,1,1.1783673999889288,completed_raw
xlang3,meteor_contest,meteor_contest,10,0,1.2296656999969855,completed_raw
xlang3,meteor_contest,meteor_contest,10,1,1.1788746999809518,completed_raw
xlang3,nbody,nbody,1,0,0.2975847000197973,completed_raw
xlang3,nbody,nbody,1,1,0.30006069998489693,completed_raw
xlang3,nbody,nbody,2,0,0.2964450999861583,completed_raw
xlang3,nbody,nbody,2,1,0.3003354000102263,completed_raw
xlang3,nbody,nbody,3,0,0.2977561000152491,completed_raw
xlang3,nbody,nbody,3,1,0.36599789999308996,completed_raw
xlang3,nbody,nbody,4,0,0.29820819999440573,completed_raw
xlang3,nbody,nbody,4,1,0.3024812999938149,completed_raw
xlang3,nbody,nbody,5,0,0.29714579999563284,completed_raw
xlang3,nbody,nbody,5,1,0.29820039999322034,completed_raw
xlang3,nbody,nbody,6,0,0.29765180000686087,completed_raw
xlang3,nbody,nbody,6,1,0.30074340000282973,completed_raw
xlang3,nbody,nbody,7,0,0.30109409999568015,completed_raw
xlang3,nbody,nbody,7,1,0.29988310000044294,completed_raw
xlang3,nbody,nbody,8,0,0.2989691999973729,completed_raw
xlang3,nbody,nbody,8,1,0.2991518000198994,completed_raw
xlang3,nbody,nbody,9,0,0.2985401999903843,completed_raw
xlang3,nbody,nbody,9,1,0.29852799998479895,completed_raw
xlang3,nbody,nbody,10,0,0.2996998999733478,completed_raw
xlang3,nbody,nbody,10,1,0.30162539999582805,completed_raw
xlang3,networkx,shortest_path,1,0,0.9593187000136822,completed_raw
xlang3,networkx,shortest_path,1,1,0.9530176999978721,completed_raw
xlang3,networkx,shortest_path,2,0,0.9585980999981984,completed_raw
xlang3,networkx,shortest_path,2,1,0.9823617999791168,completed_raw
xlang3,networkx,shortest_path,3,0,0.9688015000137966,completed_raw
xlang3,networkx,shortest_path,3,1,0.9360165999969468,completed_raw
xlang3,networkx,shortest_path,4,0,1.2713873999891803,completed_raw
xlang3,networkx,shortest_path,4,1,0.9735647000197787,completed_raw
xlang3,networkx,shortest_path,5,0,0.9400192000030074,completed_raw
xlang3,networkx,shortest_path,5,1,0.9398981999838725,completed_raw
xlang3,networkx,shortest_path,6,0,1.0868749000073876,completed_raw
xlang3,networkx,shortest_path,6,1,0.9806507999892347,completed_raw
xlang3,networkx,shortest_path,7,0,0.9423842999967746,completed_raw
xlang3,networkx,shortest_path,7,1,1.0432751000043936,completed_raw
xlang3,networkx,shortest_path,8,0,0.9326485999918077,completed_raw
xlang3,networkx,shortest_path,8,1,0.9739690000133123,completed_raw
xlang3,networkx,shortest_path,9,0,0.9065537999849766,completed_raw
xlang3,networkx,shortest_path,9,1,0.9462171999912243,completed_raw
xlang3,networkx,shortest_path,10,0,1.0108395999995992,completed_raw
xlang3,networkx,shortest_path,10,1,0.9553930999827571,completed_raw
xlang3,networkx_connected_components,connected_components,1,0,0.6672180999885313,completed_raw
xlang3,networkx_connected_components,connected_components,1,1,0.7853255999798421,completed_raw
xlang3,networkx_connected_components,connected_components,2,0,0.6584136000019498,completed_raw
xlang3,networkx_connected_components,connected_components,2,1,0.6621874000120442,completed_raw
xlang3,networkx_connected_components,connected_components,3,0,0.6742239000159316,completed_raw
xlang3,networkx_connected_components,connected_components,3,1,0.6899249999842141,completed_raw
xlang3,networkx_connected_components,connected_components,4,0,0.6917898999818135,completed_raw
xlang3,networkx_connected_components,connected_components,4,1,0.680172099993797,completed_raw
xlang3,networkx_connected_components,connected_components,5,0,0.6884449000062887,completed_raw
xlang3,networkx_connected_components,connected_components,5,1,0.6830626000009943,completed_raw
xlang3,networkx_connected_components,connected_components,6,0,0.669932599994354,completed_raw
xlang3,networkx_connected_components,connected_components,6,1,0.6580618000007235,completed_raw
xlang3,networkx_connected_components,connected_components,7,0,0.6881957000005059,completed_raw
xlang3,networkx_connected_components,connected_components,7,1,0.751789000001736,completed_raw
xlang3,networkx_connected_components,connected_components,8,0,0.6824758000147995,completed_raw
xlang3,networkx_connected_components,connected_components,8,1,0.6743355999933556,completed_raw
xlang3,networkx_connected_components,connected_components,9,0,0.6807564000191633,completed_raw
xlang3,networkx_connected_components,connected_components,9,1,0.6691147000237834,completed_raw
xlang3,networkx_connected_components,connected_components,10,0,0.6729684000019915,completed_raw
xlang3,networkx_connected_components,connected_components,10,1,0.733093299990287,completed_raw
xlang3,networkx_k_core,k_core,1,0,5.919542100018589,completed_raw
xlang3,networkx_k_core,k_core,1,1,6.018120199994883,completed_raw
xlang3,networkx_k_core,k_core,2,0,6.852718399983132,completed_raw
xlang3,networkx_k_core,k_core,2,1,6.874954900005832,completed_raw
xlang3,networkx_k_core,k_core,3,0,6.224410599999828,completed_raw
xlang3,networkx_k_core,k_core,3,1,6.350108300015563,completed_raw
xlang3,networkx_k_core,k_core,4,0,6.122222400008468,completed_raw
xlang3,networkx_k_core,k_core,4,1,5.8357697000028566,completed_raw
xlang3,networkx_k_core,k_core,5,0,6.265124099998502,completed_raw
xlang3,networkx_k_core,k_core,5,1,6.555818699998781,completed_raw
xlang3,networkx_k_core,k_core,6,0,6.231595799996285,completed_raw
xlang3,networkx_k_core,k_core,6,1,6.10079389999737,completed_raw
xlang3,networkx_k_core,k_core,7,0,6.039709800010314,completed_raw
xlang3,networkx_k_core,k_core,7,1,6.024520400009351,completed_raw
xlang3,networkx_k_core,k_core,8,0,6.3941974000190385,completed_raw
xlang3,networkx_k_core,k_core,8,1,6.526983999996446,completed_raw
xlang3,networkx_k_core,k_core,9,0,6.003727300005266,completed_raw
xlang3,networkx_k_core,k_core,9,1,5.996913999988465,completed_raw
xlang3,networkx_k_core,k_core,10,0,6.017611899995245,completed_raw
xlang3,networkx_k_core,k_core,10,1,6.107070700003533,completed_raw
xlang3,nqueens,nqueens,1,0,0.8501263000071049,completed_raw
xlang3,nqueens,nqueens,1,1,0.8532473999948706,completed_raw
xlang3,nqueens,nqueens,2,0,0.8384979999973439,completed_raw
xlang3,nqueens,nqueens,2,1,0.8357576999987941,completed_raw
xlang3,nqueens,nqueens,3,0,0.8399489999865182,completed_raw
xlang3,nqueens,nqueens,3,1,0.835277899983339,completed_raw
xlang3,nqueens,nqueens,4,0,0.9236223000043537,completed_raw
xlang3,nqueens,nqueens,4,1,0.833633500005817,completed_raw
xlang3,nqueens,nqueens,5,0,0.842834999988554,completed_raw
xlang3,nqueens,nqueens,5,1,0.8896496999950614,completed_raw
xlang3,nqueens,nqueens,6,0,0.8431495999975596,completed_raw
xlang3,nqueens,nqueens,6,1,0.8419489999942016,completed_raw
xlang3,nqueens,nqueens,7,0,0.8364451999950688,completed_raw
xlang3,nqueens,nqueens,7,1,0.8930896999954712,completed_raw
xlang3,nqueens,nqueens,8,0,0.8887420000100974,completed_raw
xlang3,nqueens,nqueens,8,1,0.8366358999919612,completed_raw
xlang3,nqueens,nqueens,9,0,0.851722699997481,completed_raw
xlang3,nqueens,nqueens,9,1,0.8408262000011746,completed_raw
xlang3,nqueens,nqueens,10,0,0.8428668999986257,completed_raw
xlang3,nqueens,nqueens,10,1,0.8414539000077639,completed_raw
xlang3,pathlib,pathlib,1,0,0.556907999998657,completed_raw
xlang3,pathlib,pathlib,1,1,0.5607358000124805,completed_raw
xlang3,pathlib,pathlib,2,0,0.558537900011288,completed_raw
xlang3,pathlib,pathlib,2,1,0.560970599995926,completed_raw
xlang3,pathlib,pathlib,3,0,0.5866970000206493,completed_raw
xlang3,pathlib,pathlib,3,1,0.5506499000184704,completed_raw
xlang3,pathlib,pathlib,4,0,0.560384599986719,completed_raw
xlang3,pathlib,pathlib,4,1,0.5818052999966312,completed_raw
xlang3,pathlib,pathlib,5,0,0.5562637000111863,completed_raw
xlang3,pathlib,pathlib,5,1,0.5556145000155084,completed_raw
xlang3,pathlib,pathlib,6,0,0.5571042000083253,completed_raw
xlang3,pathlib,pathlib,6,1,0.550793500005966,completed_raw
xlang3,pathlib,pathlib,7,0,0.5596386000106577,completed_raw
xlang3,pathlib,pathlib,7,1,0.5591865000023972,completed_raw
xlang3,pathlib,pathlib,8,0,0.5536293000041042,completed_raw
xlang3,pathlib,pathlib,8,1,0.5620636999956332,completed_raw
xlang3,pathlib,pathlib,9,0,0.5744817999948282,completed_raw
xlang3,pathlib,pathlib,9,1,0.5529937999963295,completed_raw
xlang3,pathlib,pathlib,10,0,0.5574264000169933,completed_raw
xlang3,pathlib,pathlib,10,1,0.5723127000092063,completed_raw
xlang3,pickle,pickle,1,0,1.7865166014985334e-05,completed_raw
xlang3,pickle,pickle,1,1,1.743700195504516e-05,completed_raw
xlang3,pickle,pickle,2,0,1.813057617141567e-05,completed_raw
xlang3,pickle,pickle,2,1,1.7646884765554204e-05,completed_raw
xlang3,pickle,pickle,3,0,1.7986191406293982e-05,completed_raw
xlang3,pickle,pickle,3,1,1.7927519530758217e-05,completed_raw
xlang3,pickle,pickle,4,0,1.7883007814134544e-05,completed_raw
xlang3,pickle,pickle,4,1,1.776509765818446e-05,completed_raw
xlang3,pickle,pickle,5,0,1.8035761718238065e-05,completed_raw
xlang3,pickle,pickle,5,1,1.8000898435843737e-05,completed_raw
xlang3,pickle,pickle,6,0,1.7561699218049397e-05,completed_raw
xlang3,pickle,pickle,6,1,2.06085937492162e-05,completed_raw
xlang3,pickle,pickle,7,0,1.767826171885645e-05,completed_raw
xlang3,pickle,pickle,7,1,1.8024160155505342e-05,completed_raw
xlang3,pickle,pickle,8,0,1.757291015564988e-05,completed_raw
xlang3,pickle,pickle,8,1,1.75469531257022e-05,completed_raw
xlang3,pickle,pickle,9,0,1.7563437501166847e-05,completed_raw
xlang3,pickle,pickle,9,1,1.792954101347277e-05,completed_raw
xlang3,pickle,pickle,10,0,1.731517578207331e-05,completed_raw
xlang3,pickle,pickle,10,1,1.775847656233509e-05,completed_raw
xlang3,pickle_dict,pickle_dict,1,0,2.3313281252512753e-05,completed_raw
xlang3,pickle_dict,pickle_dict,1,1,2.3671386719570366e-05,completed_raw
xlang3,pickle_dict,pickle_dict,2,0,2.480076171877954e-05,completed_raw
xlang3,pickle_dict,pickle_dict,2,1,2.5160839840054905e-05,completed_raw
xlang3,pickle_dict,pickle_dict,3,0,2.3305625001057705e-05,completed_raw
xlang3,pickle_dict,pickle_dict,3,1,2.3838691407718216e-05,completed_raw
xlang3,pickle_dict,pickle_dict,4,0,2.3488535157412115e-05,completed_raw
xlang3,pickle_dict,pickle_dict,4,1,2.3781601566952303e-05,completed_raw
xlang3,pickle_dict,pickle_dict,5,0,2.41614843730531e-05,completed_raw
xlang3,pickle_dict,pickle_dict,5,1,2.498585937473763e-05,completed_raw
xlang3,pickle_dict,pickle_dict,6,0,2.3403535152510813e-05,completed_raw
xlang3,pickle_dict,pickle_dict,6,1,2.3581562498975472e-05,completed_raw
xlang3,pickle_dict,pickle_dict,7,0,2.4372343750656e-05,completed_raw
xlang3,pickle_dict,pickle_dict,7,1,2.45913281275989e-05,completed_raw
xlang3,pickle_dict,pickle_dict,8,0,2.488830078277715e-05,completed_raw
xlang3,pickle_dict,pickle_dict,8,1,2.440398437215663e-05,completed_raw
xlang3,pickle_dict,pickle_dict,9,0,2.276625000376953e-05,completed_raw
xlang3,pickle_dict,pickle_dict,9,1,2.347228515873212e-05,completed_raw
xlang3,pickle_dict,pickle_dict,10,0,2.275662109809673e-05,completed_raw
xlang3,pickle_dict,pickle_dict,10,1,2.4256210934936462e-05,completed_raw
xlang3,pickle_list,pickle_list,1,0,4.0764843753038346e-06,completed_raw
xlang3,pickle_list,pickle_list,1,1,3.945483398837268e-06,completed_raw
xlang3,pickle_list,pickle_list,2,0,3.993063964458088e-06,completed_raw
xlang3,pickle_list,pickle_list,2,1,3.82998535144452e-06,completed_raw
xlang3,pickle_list,pickle_list,3,0,4.136613769389897e-06,completed_raw
xlang3,pickle_list,pickle_list,3,1,4.0821630861387345e-06,completed_raw
xlang3,pickle_list,pickle_list,4,0,4.107915038531473e-06,completed_raw
xlang3,pickle_list,pickle_list,4,1,3.966359863483149e-06,completed_raw
xlang3,pickle_list,pickle_list,5,0,3.966767577878727e-06,completed_raw
xlang3,pickle_list,pickle_list,5,1,4.015224609332791e-06,completed_raw
xlang3,pickle_list,pickle_list,6,0,3.966059570359448e-06,completed_raw
xlang3,pickle_list,pickle_list,6,1,3.966860351312107e-06,completed_raw
xlang3,pickle_list,pickle_list,7,0,3.99936767578879e-06,completed_raw
xlang3,pickle_list,pickle_list,7,1,4.02023925758499e-06,completed_raw
xlang3,pickle_list,pickle_list,8,0,3.956823730533188e-06,completed_raw
xlang3,pickle_list,pickle_list,8,1,6.162229004047504e-06,completed_raw
xlang3,pickle_list,pickle_list,9,0,4.0550415036477714e-06,completed_raw
xlang3,pickle_list,pickle_list,9,1,4.007055664345671e-06,completed_raw
xlang3,pickle_list,pickle_list,10,0,4.03423339818687e-06,completed_raw
xlang3,pickle_list,pickle_list,10,1,4.03172363263593e-06,completed_raw
xlang3,pickle_pure_python,pickle_pure_python,1,0,0.0052853100001811985,completed_raw
xlang3,pickle_pure_python,pickle_pure_python,1,1,0.005260075000114739,completed_raw
xlang3,pickle_pure_python,pickle_pure_python,2,0,0.007500409999920521,completed_raw
xlang3,pickle_pure_python,pickle_pure_python,2,1,0.0055573300007381475,completed_raw
xlang3,pickle_pure_python,pickle_pure_python,3,0,0.005403494999336544,completed_raw
xlang3,pickle_pure_python,pickle_pure_python,3,1,0.0052711299998918545,completed_raw
xlang3,pickle_pure_python,pickle_pure_python,4,0,0.005286280000291299,completed_raw
xlang3,pickle_pure_python,pickle_pure_python,4,1,0.005274070000450592,completed_raw
xlang3,pickle_pure_python,pickle_pure_python,5,0,0.005316759999550414,completed_raw
xlang3,pickle_pure_python,pickle_pure_python,5,1,0.005304090000572614,completed_raw
xlang3,pickle_pure_python,pickle_pure_python,6,0,0.005312645000230987,completed_raw
xlang3,pickle_pure_python,pickle_pure_python,6,1,0.005314060000819154,completed_raw
xlang3,pickle_pure_python,pickle_pure_python,7,0,0.005277260000002571,completed_raw
xlang3,pickle_pure_python,pickle_pure_python,7,1,0.005331135001324583,completed_raw
xlang3,pickle_pure_python,pickle_pure_python,8,0,0.005688185000326485,completed_raw
xlang3,pickle_pure_python,pickle_pure_python,8,1,0.005246464999800082,completed_raw
xlang3,pickle_pure_python,pickle_pure_python,9,0,0.0053794549996382555,completed_raw
xlang3,pickle_pure_python,pickle_pure_python,9,1,0.00543861000041943,completed_raw
xlang3,pickle_pure_python,pickle_pure_python,10,0,0.005326450000575278,completed_raw
xlang3,pickle_pure_python,pickle_pure_python,10,1,0.005238844999985304,completed_raw
xlang3,pidigits,pidigits,1,0,0.22311010002158582,completed_raw
xlang3,pidigits,pidigits,1,1,0.2235091999755241,completed_raw
xlang3,pidigits,pidigits,2,0,0.21826860000146553,completed_raw
xlang3,pidigits,pidigits,2,1,0.21912160000647418,completed_raw
xlang3,pidigits,pidigits,3,0,0.22082819999195635,completed_raw
xlang3,pidigits,pidigits,3,1,0.2190056000254117,completed_raw
xlang3,pidigits,pidigits,4,0,0.2204065999831073,completed_raw
xlang3,pidigits,pidigits,4,1,0.2181494999967981,completed_raw
xlang3,pidigits,pidigits,5,0,0.2197444000048563,completed_raw
xlang3,pidigits,pidigits,5,1,0.23643699998501688,completed_raw
xlang3,pidigits,pidigits,6,0,0.22358220000751317,completed_raw
xlang3,pidigits,pidigits,6,1,0.22014550000312738,completed_raw
xlang3,pidigits,pidigits,7,0,0.21959890000289306,completed_raw
xlang3,pidigits,pidigits,7,1,0.2208186000061687,completed_raw
xlang3,pidigits,pidigits,8,0,0.22275279997847974,completed_raw
xlang3,pidigits,pidigits,8,1,0.2208950000058394,completed_raw
xlang3,pidigits,pidigits,9,0,0.22574850000091828,completed_raw
xlang3,pidigits,pidigits,9,1,0.27348269999492913,completed_raw
xlang3,pidigits,pidigits,10,0,0.2240516000019852,completed_raw
xlang3,pidigits,pidigits,10,1,0.22225170000456274,completed_raw
xlang3,pyflate,pyflate,1,0,2.977392000000691,completed_raw
xlang3,pyflate,pyflate,1,1,2.9552000999974553,completed_raw
xlang3,pyflate,pyflate,2,0,2.989616799983196,completed_raw
xlang3,pyflate,pyflate,2,1,2.9038209000136703,completed_raw
xlang3,pyflate,pyflate,3,0,3.0104626000102144,completed_raw
xlang3,pyflate,pyflate,3,1,3.062580400001025,completed_raw
xlang3,pyflate,pyflate,4,0,2.967696000006981,completed_raw
xlang3,pyflate,pyflate,4,1,2.901582699996652,completed_raw
xlang3,pyflate,pyflate,5,0,2.9811350000090897,completed_raw
xlang3,pyflate,pyflate,5,1,2.9727526000060607,completed_raw
xlang3,pyflate,pyflate,6,0,2.9623150999832433,completed_raw
xlang3,pyflate,pyflate,6,1,3.049863699998241,completed_raw
xlang3,pyflate,pyflate,7,0,3.008170199987944,completed_raw
xlang3,pyflate,pyflate,7,1,2.990495000005467,completed_raw
xlang3,pyflate,pyflate,8,0,2.9635813000204507,completed_raw
xlang3,pyflate,pyflate,8,1,2.9906387999944855,completed_raw
xlang3,pyflate,pyflate,9,0,2.979001200001221,completed_raw
xlang3,pyflate,pyflate,9,1,2.969471499993233,completed_raw
xlang3,pyflate,pyflate,10,0,2.8965633000188973,completed_raw
xlang3,pyflate,pyflate,10,1,3.020304200006649,completed_raw
xlang3,python_startup,python_startup,1,0,0.03156857500289334,completed_raw
xlang3,python_startup,python_startup,1,1,0.0374880250019487,completed_raw
xlang3,python_startup,python_startup,1,2,0.03079404999880353,completed_raw
xlang3,python_startup,python_startup,1,3,0.03144964999955846,completed_raw
xlang3,python_startup,python_startup,1,4,0.030959550000261515,completed_raw
xlang3,python_startup,python_startup,1,5,0.03198402500129305,completed_raw
xlang3,python_startup,python_startup,2,0,0.03296134999982314,completed_raw
xlang3,python_startup,python_startup,2,1,0.03264202499849489,completed_raw
xlang3,python_startup,python_startup,2,2,0.030835300000035204,completed_raw
xlang3,python_startup,python_startup,2,3,0.03079012500529643,completed_raw
xlang3,python_startup,python_startup,2,4,0.030918099997506943,completed_raw
xlang3,python_startup,python_startup,2,5,0.03012007499637548,completed_raw
xlang3,python_startup,python_startup,3,0,0.031869149999693036,completed_raw
xlang3,python_startup,python_startup,3,1,0.031236775001161732,completed_raw
xlang3,python_startup,python_startup,3,2,0.031866525001532864,completed_raw
xlang3,python_startup,python_startup,3,3,0.03152459999546409,completed_raw
xlang3,python_startup,python_startup,3,4,0.0313661999971373,completed_raw
xlang3,python_startup,python_startup,3,5,0.031009325000923127,completed_raw
xlang3,python_startup,python_startup,4,0,0.03051160000177333,completed_raw
xlang3,python_startup,python_startup,4,1,0.03177384999435162,completed_raw
xlang3,python_startup,python_startup,4,2,0.035760999999183696,completed_raw
xlang3,python_startup,python_startup,4,3,0.030647299994598143,completed_raw
xlang3,python_startup,python_startup,4,4,0.03208302500570426,completed_raw
xlang3,python_startup,python_startup,4,5,0.03203962499537738,completed_raw
xlang3,python_startup,python_startup,5,0,0.029856974993890617,completed_raw
xlang3,python_startup,python_startup,5,1,0.03163399999903049,completed_raw
xlang3,python_startup,python_startup,5,2,0.03145537499949569,completed_raw
xlang3,python_startup,python_startup,5,3,0.030679700001201127,completed_raw
xlang3,python_startup,python_startup,5,4,0.030966824997449294,completed_raw
xlang3,python_startup,python_startup,5,5,0.030635549999715295,completed_raw
xlang3,python_startup,python_startup,6,0,0.031419575003383216,completed_raw
xlang3,python_startup,python_startup,6,1,0.031407949994900264,completed_raw
xlang3,python_startup,python_startup,6,2,0.03205665000132285,completed_raw
xlang3,python_startup,python_startup,6,3,0.03479817500192439,completed_raw
xlang3,python_startup,python_startup,6,4,0.031235050002578646,completed_raw
xlang3,python_startup,python_startup,6,5,0.0313148999994155,completed_raw
xlang3,python_startup,python_startup,7,0,0.032084325001051184,completed_raw
xlang3,python_startup,python_startup,7,1,0.03211007500067353,completed_raw
xlang3,python_startup,python_startup,7,2,0.031149599999480415,completed_raw
xlang3,python_startup,python_startup,7,3,0.03154489999724319,completed_raw
xlang3,python_startup,python_startup,7,4,0.033173550000356045,completed_raw
xlang3,python_startup,python_startup,7,5,0.031786924999323674,completed_raw
xlang3,python_startup,python_startup,8,0,0.03145217499695718,completed_raw
xlang3,python_startup,python_startup,8,1,0.031330600002547726,completed_raw
xlang3,python_startup,python_startup,8,2,0.02967009999701986,completed_raw
xlang3,python_startup,python_startup,8,3,0.031368324998766184,completed_raw
xlang3,python_startup,python_startup,8,4,0.03410345000156667,completed_raw
xlang3,python_startup,python_startup,8,5,0.032329124995158054,completed_raw
xlang3,python_startup,python_startup,9,0,0.031306700002460275,completed_raw
xlang3,python_startup,python_startup,9,1,0.030760325003939215,completed_raw
xlang3,python_startup,python_startup,9,2,0.0318268499977421,completed_raw
xlang3,python_startup,python_startup,9,3,0.0311734500064631,completed_raw
xlang3,python_startup,python_startup,9,4,0.031456174998311326,completed_raw
xlang3,python_startup,python_startup,9,5,0.03014765000261832,completed_raw
xlang3,python_startup,python_startup,10,0,0.030736775006516837,completed_raw
xlang3,python_startup,python_startup,10,1,0.030900074998498894,completed_raw
xlang3,python_startup,python_startup,10,2,0.03195632500137435,completed_raw
xlang3,python_startup,python_startup,10,3,0.03256350000447128,completed_raw
xlang3,python_startup,python_startup,10,4,0.031529599997156765,completed_raw
xlang3,python_startup,python_startup,10,5,0.03105890000006184,completed_raw
xlang3,python_startup_no_site,python_startup_no_site,1,0,0.01861058750000666,completed_raw
xlang3,python_startup_no_site,python_startup_no_site,1,1,0.018301449999853503,completed_raw
xlang3,python_startup_no_site,python_startup_no_site,1,2,0.02045001250007772,completed_raw
xlang3,python_startup_no_site,python_startup_no_site,1,3,0.01941537500169943,completed_raw
xlang3,python_startup_no_site,python_startup_no_site,1,4,0.019260075001511723,completed_raw
xlang3,python_startup_no_site,python_startup_no_site,1,5,0.018922225001006154,completed_raw
xlang3,python_startup_no_site,python_startup_no_site,2,0,0.019164424997143215,completed_raw
xlang3,python_startup_no_site,python_startup_no_site,2,1,0.018864099998609163,completed_raw
xlang3,python_startup_no_site,python_startup_no_site,2,2,0.018735212499450427,completed_raw
xlang3,python_startup_no_site,python_startup_no_site,2,3,0.019315074998303317,completed_raw
xlang3,python_startup_no_site,python_startup_no_site,2,4,0.018847662500775186,completed_raw
xlang3,python_startup_no_site,python_startup_no_site,2,5,0.018597887497890042,completed_raw
xlang3,python_startup_no_site,python_startup_no_site,3,0,0.018479624999599764,completed_raw
xlang3,python_startup_no_site,python_startup_no_site,3,1,0.018440499999996973,completed_raw
xlang3,python_startup_no_site,python_startup_no_site,3,2,0.01933076249770238,completed_raw
xlang3,python_startup_no_site,python_startup_no_site,3,3,0.01992532499934896,completed_raw
xlang3,python_startup_no_site,python_startup_no_site,3,4,0.018959962500957772,completed_raw
xlang3,python_startup_no_site,python_startup_no_site,3,5,0.018261100001836894,completed_raw
xlang3,python_startup_no_site,python_startup_no_site,4,0,0.019382262500585057,completed_raw
xlang3,python_startup_no_site,python_startup_no_site,4,1,0.018692837496928405,completed_raw
xlang3,python_startup_no_site,python_startup_no_site,4,2,0.01903293750001467,completed_raw
xlang3,python_startup_no_site,python_startup_no_site,4,3,0.01982163749926258,completed_raw
xlang3,python_startup_no_site,python_startup_no_site,4,4,0.01918909999949392,completed_raw
xlang3,python_startup_no_site,python_startup_no_site,4,5,0.018015349996858276,completed_raw
xlang3,python_startup_no_site,python_startup_no_site,5,0,0.019486649998725625,completed_raw
xlang3,python_startup_no_site,python_startup_no_site,5,1,0.020688450000307057,completed_raw
xlang3,python_startup_no_site,python_startup_no_site,5,2,0.019858849998854566,completed_raw
xlang3,python_startup_no_site,python_startup_no_site,5,3,0.01947032500174828,completed_raw
xlang3,python_startup_no_site,python_startup_no_site,5,4,0.01895449999938137,completed_raw
xlang3,python_startup_no_site,python_startup_no_site,5,5,0.018747574998997152,completed_raw
xlang3,python_startup_no_site,python_startup_no_site,6,0,0.019271250002930174,completed_raw
xlang3,python_startup_no_site,python_startup_no_site,6,1,0.018887212499976158,completed_raw
xlang3,python_startup_no_site,python_startup_no_site,6,2,0.018342537499847822,completed_raw
xlang3,python_startup_no_site,python_startup_no_site,6,3,0.01954063749872148,completed_raw
xlang3,python_startup_no_site,python_startup_no_site,6,4,0.018707675000769086,completed_raw
xlang3,python_startup_no_site,python_startup_no_site,6,5,0.018962362501042662,completed_raw
xlang3,python_startup_no_site,python_startup_no_site,7,0,0.01887585000076797,completed_raw
xlang3,python_startup_no_site,python_startup_no_site,7,1,0.020460412502870895,completed_raw
xlang3,python_startup_no_site,python_startup_no_site,7,2,0.019117249998089392,completed_raw
xlang3,python_startup_no_site,python_startup_no_site,7,3,0.019992462501249975,completed_raw
xlang3,python_startup_no_site,python_startup_no_site,7,4,0.018713887500780402,completed_raw
xlang3,python_startup_no_site,python_startup_no_site,7,5,0.01946105000024545,completed_raw
xlang3,python_startup_no_site,python_startup_no_site,8,0,0.018784212497848785,completed_raw
xlang3,python_startup_no_site,python_startup_no_site,8,1,0.019291675002023112,completed_raw
xlang3,python_startup_no_site,python_startup_no_site,8,2,0.01942348750162637,completed_raw
xlang3,python_startup_no_site,python_startup_no_site,8,3,0.01932191249943571,completed_raw
xlang3,python_startup_no_site,python_startup_no_site,8,4,0.019137225001031766,completed_raw
xlang3,python_startup_no_site,python_startup_no_site,8,5,0.018284037498233374,completed_raw
xlang3,python_startup_no_site,python_startup_no_site,9,0,0.020984675000363495,completed_raw
xlang3,python_startup_no_site,python_startup_no_site,9,1,0.018729562500084285,completed_raw
xlang3,python_startup_no_site,python_startup_no_site,9,2,0.01871188750010333,completed_raw
xlang3,python_startup_no_site,python_startup_no_site,9,3,0.018625174998305738,completed_raw
xlang3,python_startup_no_site,python_startup_no_site,9,4,0.019728150000446476,completed_raw
xlang3,python_startup_no_site,python_startup_no_site,9,5,0.018856374997994862,completed_raw
xlang3,python_startup_no_site,python_startup_no_site,10,0,0.018432724999001948,completed_raw
xlang3,python_startup_no_site,python_startup_no_site,10,1,0.018811674999597017,completed_raw
xlang3,python_startup_no_site,python_startup_no_site,10,2,0.01850463750088238,completed_raw
xlang3,python_startup_no_site,python_startup_no_site,10,3,0.018185712502599927,completed_raw
xlang3,python_startup_no_site,python_startup_no_site,10,4,0.019108562501060078,completed_raw
xlang3,python_startup_no_site,python_startup_no_site,10,5,0.019231212500017136,completed_raw
xlang3,raytrace,raytrace,1,0,2.177974099991843,completed_raw
xlang3,raytrace,raytrace,1,1,2.278776500024833,completed_raw
xlang3,raytrace,raytrace,2,0,2.161362899991218,completed_raw
xlang3,raytrace,raytrace,2,1,2.2534198999928776,completed_raw
xlang3,raytrace,raytrace,3,0,2.2037182000058237,completed_raw
xlang3,raytrace,raytrace,3,1,2.157461399998283,completed_raw
xlang3,raytrace,raytrace,4,0,2.2503064000047743,completed_raw
xlang3,raytrace,raytrace,4,1,2.1761680000054184,completed_raw
xlang3,raytrace,raytrace,5,0,2.1632960999850184,completed_raw
xlang3,raytrace,raytrace,5,1,2.256504200020572,completed_raw
xlang3,raytrace,raytrace,6,0,2.1971135000057984,completed_raw
xlang3,raytrace,raytrace,6,1,2.245796299976064,completed_raw
xlang3,raytrace,raytrace,7,0,2.2081777999992482,completed_raw
xlang3,raytrace,raytrace,7,1,2.163740999996662,completed_raw
xlang3,raytrace,raytrace,8,0,2.2289318999974057,completed_raw
xlang3,raytrace,raytrace,8,1,2.1671320000023115,completed_raw
xlang3,raytrace,raytrace,9,0,2.1721840999962296,completed_raw
xlang3,raytrace,raytrace,9,1,2.2008612000208814,completed_raw
xlang3,raytrace,raytrace,10,0,2.214589999988675,completed_raw
xlang3,raytrace,raytrace,10,1,2.168521999992663,completed_raw
xlang3,regex_compile,regex_compile,1,0,1.2622682999935932,completed_raw
xlang3,regex_compile,regex_compile,1,1,1.1839498000044841,completed_raw
xlang3,regex_compile,regex_compile,2,0,1.1952904999780003,completed_raw
xlang3,regex_compile,regex_compile,2,1,1.192772899987176,completed_raw
xlang3,regex_compile,regex_compile,3,0,1.1949225999996997,completed_raw
xlang3,regex_compile,regex_compile,3,1,1.1955551999853924,completed_raw
xlang3,regex_compile,regex_compile,4,0,1.2053593000164255,completed_raw
xlang3,regex_compile,regex_compile,4,1,1.2042866999981925,completed_raw
xlang3,regex_compile,regex_compile,5,0,1.2057232000224758,completed_raw
xlang3,regex_compile,regex_compile,5,1,1.2405988999817055,completed_raw
xlang3,regex_compile,regex_compile,6,0,1.286172299995087,completed_raw
xlang3,regex_compile,regex_compile,6,1,1.239019600005122,completed_raw
xlang3,regex_compile,regex_compile,7,0,1.2019556000013836,completed_raw
xlang3,regex_compile,regex_compile,7,1,1.222305100003723,completed_raw
xlang3,regex_compile,regex_compile,8,0,1.2499876999936532,completed_raw
xlang3,regex_compile,regex_compile,8,1,1.2082592999795452,completed_raw
xlang3,regex_compile,regex_compile,9,0,1.2146716999995988,completed_raw
xlang3,regex_compile,regex_compile,9,1,1.2116961999854539,completed_raw
xlang3,regex_compile,regex_compile,10,0,1.2376247000065632,completed_raw
xlang3,regex_compile,regex_compile,10,1,1.1876057999907061,completed_raw
xlang3,regex_dna,regex_dna,1,0,0.20775409997440875,completed_raw
xlang3,regex_dna,regex_dna,1,1,0.2092250999994576,completed_raw
xlang3,regex_dna,regex_dna,2,0,0.21210589999100193,completed_raw
xlang3,regex_dna,regex_dna,2,1,0.2107090000063181,completed_raw
xlang3,regex_dna,regex_dna,3,0,0.20770569998421706,completed_raw
xlang3,regex_dna,regex_dna,3,1,0.20743539999239147,completed_raw
xlang3,regex_dna,regex_dna,4,0,0.27112699998542666,completed_raw
xlang3,regex_dna,regex_dna,4,1,0.2152827999962028,completed_raw
xlang3,regex_dna,regex_dna,5,0,0.21068570000352338,completed_raw
xlang3,regex_dna,regex_dna,5,1,0.21191250000265427,completed_raw
xlang3,regex_dna,regex_dna,6,0,0.21511540000210516,completed_raw
xlang3,regex_dna,regex_dna,6,1,0.2507577000069432,completed_raw
xlang3,regex_dna,regex_dna,7,0,0.21274369998718612,completed_raw
xlang3,regex_dna,regex_dna,7,1,0.20849920000182465,completed_raw
xlang3,regex_dna,regex_dna,8,0,0.20742429999518208,completed_raw
xlang3,regex_dna,regex_dna,8,1,0.2088852000015322,completed_raw
xlang3,regex_dna,regex_dna,9,0,0.2161222999857273,completed_raw
xlang3,regex_dna,regex_dna,9,1,0.21530760001041926,completed_raw
xlang3,regex_dna,regex_dna,10,0,0.20866629999363795,completed_raw
xlang3,regex_dna,regex_dna,10,1,0.2084426999790594,completed_raw
xlang3,regex_effbot,regex_effbot,1,0,0.01241843999887351,completed_raw
xlang3,regex_effbot,regex_effbot,1,1,0.01241429999936372,completed_raw
xlang3,regex_effbot,regex_effbot,2,0,0.01237869999895338,completed_raw
xlang3,regex_effbot,regex_effbot,2,1,0.012052950001088903,completed_raw
xlang3,regex_effbot,regex_effbot,3,0,0.012427659999229946,completed_raw
xlang3,regex_effbot,regex_effbot,3,1,0.012669150001602247,completed_raw
xlang3,regex_effbot,regex_effbot,4,0,0.012634280000929721,completed_raw
xlang3,regex_effbot,regex_effbot,4,1,0.013099589999183082,completed_raw
xlang3,regex_effbot,regex_effbot,5,0,0.012422669999068603,completed_raw
xlang3,regex_effbot,regex_effbot,5,1,0.012279019999550656,completed_raw
xlang3,regex_effbot,regex_effbot,6,0,0.012484790000598878,completed_raw
xlang3,regex_effbot,regex_effbot,6,1,0.012405990000115708,completed_raw
xlang3,regex_effbot,regex_effbot,7,0,0.012531969998963177,completed_raw
xlang3,regex_effbot,regex_effbot,7,1,0.01233059000223875,completed_raw
xlang3,regex_effbot,regex_effbot,8,0,0.012642590000177733,completed_raw
xlang3,regex_effbot,regex_effbot,8,1,0.012993780002580025,completed_raw
xlang3,regex_effbot,regex_effbot,9,0,0.011944389998097904,completed_raw
xlang3,regex_effbot,regex_effbot,9,1,0.011878220000653528,completed_raw
xlang3,regex_effbot,regex_effbot,10,0,0.012407059999532066,completed_raw
xlang3,regex_effbot,regex_effbot,10,1,0.016214720002608374,completed_raw
xlang3,regex_v8,regex_v8,1,0,0.06222459999844432,completed_raw
xlang3,regex_v8,regex_v8,1,1,0.06319899999652989,completed_raw
xlang3,regex_v8,regex_v8,2,0,0.06093910000345204,completed_raw
xlang3,regex_v8,regex_v8,2,1,0.06201504998898599,completed_raw
xlang3,regex_v8,regex_v8,3,0,0.06941804999951273,completed_raw
xlang3,regex_v8,regex_v8,3,1,0.060837750002974644,completed_raw
xlang3,regex_v8,regex_v8,4,0,0.062431199999991804,completed_raw
xlang3,regex_v8,regex_v8,4,1,0.06288954999763519,completed_raw
xlang3,regex_v8,regex_v8,5,0,0.06313450000016019,completed_raw
xlang3,regex_v8,regex_v8,5,1,0.0610004000045592,completed_raw
xlang3,regex_v8,regex_v8,6,0,0.062475550003000535,completed_raw
xlang3,regex_v8,regex_v8,6,1,0.06371185000170954,completed_raw
xlang3,regex_v8,regex_v8,7,0,0.08289609999337699,completed_raw
xlang3,regex_v8,regex_v8,7,1,0.06355175000499003,completed_raw
xlang3,regex_v8,regex_v8,8,0,0.06271645000379067,completed_raw
xlang3,regex_v8,regex_v8,8,1,0.06289400000241585,completed_raw
xlang3,regex_v8,regex_v8,9,0,0.06250569999974687,completed_raw
xlang3,regex_v8,regex_v8,9,1,0.06061030000273604,completed_raw
xlang3,regex_v8,regex_v8,10,0,0.06497479999961797,completed_raw
xlang3,regex_v8,regex_v8,10,1,0.06259235000470653,completed_raw
xlang3,richards,richards,1,0,0.35381519998190925,completed_raw
xlang3,richards,richards,1,1,0.3521003999921959,completed_raw
xlang3,richards,richards,2,0,0.34452969999983907,completed_raw
xlang3,richards,richards,2,1,0.3414090999867767,completed_raw
xlang3,richards,richards,3,0,0.35000409997883253,completed_raw
xlang3,richards,richards,3,1,0.3583054000046104,completed_raw
xlang3,richards,richards,4,0,0.3605591999948956,completed_raw
xlang3,richards,richards,4,1,0.35943690000567585,completed_raw
xlang3,richards,richards,5,0,0.35378530001617037,completed_raw
xlang3,richards,richards,5,1,0.37749829998938367,completed_raw
xlang3,richards,richards,6,0,0.36300280000432394,completed_raw
xlang3,richards,richards,6,1,0.35367420001421124,completed_raw
xlang3,richards,richards,7,0,0.3508205999969505,completed_raw
xlang3,richards,richards,7,1,0.34971340000629425,completed_raw
xlang3,richards,richards,8,0,0.3500425999809522,completed_raw
xlang3,richards,richards,8,1,0.423119700019015,completed_raw
xlang3,richards,richards,9,0,0.3485527999873739,completed_raw
xlang3,richards,richards,9,1,0.3549961999815423,completed_raw
xlang3,richards,richards,10,0,0.3606333000061568,completed_raw
xlang3,richards,richards,10,1,0.35226099999272265,completed_raw
xlang3,richards_super,richards_super,1,0,0.4265797999978531,completed_raw
xlang3,richards_super,richards_super,1,1,0.4273823999974411,completed_raw
xlang3,richards_super,richards_super,2,0,0.4285512999922503,completed_raw
xlang3,richards_super,richards_super,2,1,0.5105561999953352,completed_raw
xlang3,richards_super,richards_super,3,0,0.4329085000208579,completed_raw
xlang3,richards_super,richards_super,3,1,0.43184809997910634,completed_raw
xlang3,richards_super,richards_super,4,0,0.4302031999977771,completed_raw
xlang3,richards_super,richards_super,4,1,0.4313090000068769,completed_raw
xlang3,richards_super,richards_super,5,0,0.43143440000130795,completed_raw
xlang3,richards_super,richards_super,5,1,0.4289769000024535,completed_raw
xlang3,richards_super,richards_super,6,0,0.4355251000088174,completed_raw
xlang3,richards_super,richards_super,6,1,0.47810959999333136,completed_raw
xlang3,richards_super,richards_super,7,0,0.4718838000262622,completed_raw
xlang3,richards_super,richards_super,7,1,0.4353429999900982,completed_raw
xlang3,richards_super,richards_super,8,0,0.43139859999064356,completed_raw
xlang3,richards_super,richards_super,8,1,0.43017070001224056,completed_raw
xlang3,richards_super,richards_super,9,0,0.425584099983098,completed_raw
xlang3,richards_super,richards_super,9,1,0.4263713000109419,completed_raw
xlang3,richards_super,richards_super,10,0,0.42558029998326674,completed_raw
xlang3,richards_super,richards_super,10,1,0.43365009999251924,completed_raw
xlang3,scimark,scimark_fft,1,0,0.9248610999784432,completed_raw
xlang3,scimark,scimark_fft,1,1,0.941337600001134,completed_raw
xlang3,scimark,scimark_fft,2,0,0.9034111000073608,completed_raw
xlang3,scimark,scimark_fft,2,1,0.9250998999923468,completed_raw
xlang3,scimark,scimark_fft,3,0,0.9361839999910444,completed_raw
xlang3,scimark,scimark_fft,3,1,0.948664399998961,completed_raw
xlang3,scimark,scimark_fft,4,0,0.9315255999972578,completed_raw
xlang3,scimark,scimark_fft,4,1,0.9070090999884997,completed_raw
xlang3,scimark,scimark_fft,5,0,0.9099608999968041,completed_raw
xlang3,scimark,scimark_fft,5,1,0.9145394999941345,completed_raw
xlang3,scimark,scimark_fft,6,0,0.9324321000021882,completed_raw
xlang3,scimark,scimark_fft,6,1,0.917926099995384,completed_raw
xlang3,scimark,scimark_fft,7,0,0.9573820999939926,completed_raw
xlang3,scimark,scimark_fft,7,1,0.9029357000254095,completed_raw
xlang3,scimark,scimark_fft,8,0,0.9498590000148397,completed_raw
xlang3,scimark,scimark_fft,8,1,0.9562123999930918,completed_raw
xlang3,scimark,scimark_fft,9,0,1.0001147000002675,completed_raw
xlang3,scimark,scimark_fft,9,1,0.9622904999996535,completed_raw
xlang3,scimark,scimark_fft,10,0,0.9895066999888513,completed_raw
xlang3,scimark,scimark_fft,10,1,0.9726499000098556,completed_raw
xlang3,scimark,scimark_lu,1,0,1.3868161000136752,completed_raw
xlang3,scimark,scimark_lu,1,1,1.4211332999984734,completed_raw
xlang3,scimark,scimark_lu,2,0,1.3993314999970607,completed_raw
xlang3,scimark,scimark_lu,2,1,1.412549799977569,completed_raw
xlang3,scimark,scimark_lu,3,0,1.4059488000057172,completed_raw
xlang3,scimark,scimark_lu,3,1,1.484644299984211,completed_raw
xlang3,scimark,scimark_lu,4,0,1.398177700000815,completed_raw
xlang3,scimark,scimark_lu,4,1,1.4810816000099294,completed_raw
xlang3,scimark,scimark_lu,5,0,1.4877543000038713,completed_raw
xlang3,scimark,scimark_lu,5,1,1.5326806000084616,completed_raw
xlang3,scimark,scimark_lu,6,0,1.4058106000011321,completed_raw
xlang3,scimark,scimark_lu,6,1,1.3735477000009269,completed_raw
xlang3,scimark,scimark_lu,7,0,1.3880795000004582,completed_raw
xlang3,scimark,scimark_lu,7,1,1.401971399987815,completed_raw
xlang3,scimark,scimark_lu,8,0,1.396024200017564,completed_raw
xlang3,scimark,scimark_lu,8,1,1.420693799998844,completed_raw
xlang3,scimark,scimark_lu,9,0,1.3985505999880843,completed_raw
xlang3,scimark,scimark_lu,9,1,1.4728413999837358,completed_raw
xlang3,scimark,scimark_lu,10,0,1.3715980000270065,completed_raw
xlang3,scimark,scimark_lu,10,1,1.4485783000127412,completed_raw
xlang3,scimark,scimark_monte_carlo,1,0,0.5527404999884311,completed_raw
xlang3,scimark,scimark_monte_carlo,1,1,0.561935400008224,completed_raw
xlang3,scimark,scimark_monte_carlo,2,0,0.5365769000200089,completed_raw
xlang3,scimark,scimark_monte_carlo,2,1,0.5463865999772679,completed_raw
xlang3,scimark,scimark_monte_carlo,3,0,0.5462804000126198,completed_raw
xlang3,scimark,scimark_monte_carlo,3,1,0.5534714999957941,completed_raw
xlang3,scimark,scimark_monte_carlo,4,0,0.5950211999879684,completed_raw
xlang3,scimark,scimark_monte_carlo,4,1,0.5521825000178069,completed_raw
xlang3,scimark,scimark_monte_carlo,5,0,0.546751799993217,completed_raw
xlang3,scimark,scimark_monte_carlo,5,1,0.5448899999901187,completed_raw
xlang3,scimark,scimark_monte_carlo,6,0,0.5420859000005294,completed_raw
xlang3,scimark,scimark_monte_carlo,6,1,0.5436879999761004,completed_raw
xlang3,scimark,scimark_monte_carlo,7,0,0.5335801000182983,completed_raw
xlang3,scimark,scimark_monte_carlo,7,1,0.5417676999932155,completed_raw
xlang3,scimark,scimark_monte_carlo,8,0,0.5428967000043485,completed_raw
xlang3,scimark,scimark_monte_carlo,8,1,0.574792500003241,completed_raw
xlang3,scimark,scimark_monte_carlo,9,0,0.5390014000004157,completed_raw
xlang3,scimark,scimark_monte_carlo,9,1,0.5414430999953765,completed_raw
xlang3,scimark,scimark_monte_carlo,10,0,0.5452406999829691,completed_raw
xlang3,scimark,scimark_monte_carlo,10,1,0.5428086000028998,completed_raw
xlang3,scimark,scimark_sor,1,0,0.9075550999841653,completed_raw
xlang3,scimark,scimark_sor,1,1,0.8342018999974243,completed_raw
xlang3,scimark,scimark_sor,2,0,0.8502696999930777,completed_raw
xlang3,scimark,scimark_sor,2,1,0.8841901000123471,completed_raw
xlang3,scimark,scimark_sor,3,0,0.8395620000083,completed_raw
xlang3,scimark,scimark_sor,3,1,0.8459761000121944,completed_raw
xlang3,scimark,scimark_sor,4,0,0.8431440000131261,completed_raw
xlang3,scimark,scimark_sor,4,1,0.8375610999937635,completed_raw
xlang3,scimark,scimark_sor,5,0,0.8865120999980718,completed_raw
xlang3,scimark,scimark_sor,5,1,0.8398053999990225,completed_raw
xlang3,scimark,scimark_sor,6,0,0.8293572000111453,completed_raw
xlang3,scimark,scimark_sor,6,1,0.8793780000123661,completed_raw
xlang3,scimark,scimark_sor,7,0,0.8250503999879584,completed_raw
xlang3,scimark,scimark_sor,7,1,0.8492710999853443,completed_raw
xlang3,scimark,scimark_sor,8,0,0.8480657000036445,completed_raw
xlang3,scimark,scimark_sor,8,1,0.8297446999931708,completed_raw
xlang3,scimark,scimark_sor,9,0,0.8328450999979395,completed_raw
xlang3,scimark,scimark_sor,9,1,0.8554132000135724,completed_raw
xlang3,scimark,scimark_sor,10,0,0.8357561000157148,completed_raw
xlang3,scimark,scimark_sor,10,1,0.8255718000000343,completed_raw
xlang3,scimark,scimark_sparse_mat_mult,1,0,0.017600400002265815,completed_raw
xlang3,scimark,scimark_sparse_mat_mult,1,1,0.017168012498586904,completed_raw
xlang3,scimark,scimark_sparse_mat_mult,2,0,0.01696799999990617,completed_raw
xlang3,scimark,scimark_sparse_mat_mult,2,1,0.016869837501872098,completed_raw
xlang3,scimark,scimark_sparse_mat_mult,3,0,0.01718582499961485,completed_raw
xlang3,scimark,scimark_sparse_mat_mult,3,1,0.01670295000076294,completed_raw
xlang3,scimark,scimark_sparse_mat_mult,4,0,0.016861162501299987,completed_raw
xlang3,scimark,scimark_sparse_mat_mult,4,1,0.017130262502178084,completed_raw
xlang3,scimark,scimark_sparse_mat_mult,5,0,0.018029437498626066,completed_raw
xlang3,scimark,scimark_sparse_mat_mult,5,1,0.017448750000767177,completed_raw
xlang3,scimark,scimark_sparse_mat_mult,6,0,0.016821537501527928,completed_raw
xlang3,scimark,scimark_sparse_mat_mult,6,1,0.016322387498803437,completed_raw
xlang3,scimark,scimark_sparse_mat_mult,7,0,0.017232312500709668,completed_raw
xlang3,scimark,scimark_sparse_mat_mult,7,1,0.01721336250193417,completed_raw
xlang3,scimark,scimark_sparse_mat_mult,8,0,0.017101975001423853,completed_raw
xlang3,scimark,scimark_sparse_mat_mult,8,1,0.01679306249934598,completed_raw
xlang3,scimark,scimark_sparse_mat_mult,9,0,0.017392850000760518,completed_raw
xlang3,scimark,scimark_sparse_mat_mult,9,1,0.017255099999601953,completed_raw
xlang3,scimark,scimark_sparse_mat_mult,10,0,0.017558262501552235,completed_raw
xlang3,scimark,scimark_sparse_mat_mult,10,1,0.017533974998514168,completed_raw
xlang3,spectral_norm,spectral_norm,1,0,0.49831160000758246,completed_raw
xlang3,spectral_norm,spectral_norm,1,1,0.5432361999992281,completed_raw
xlang3,spectral_norm,spectral_norm,2,0,0.5024018999829423,completed_raw
xlang3,spectral_norm,spectral_norm,2,1,0.5103847999998834,completed_raw
xlang3,spectral_norm,spectral_norm,3,0,0.5066958999959752,completed_raw
xlang3,spectral_norm,spectral_norm,3,1,0.5372988000162877,completed_raw
xlang3,spectral_norm,spectral_norm,4,0,0.5000325000146404,completed_raw
xlang3,spectral_norm,spectral_norm,4,1,0.5038790999969933,completed_raw
xlang3,spectral_norm,spectral_norm,5,0,0.5310538000194356,completed_raw
xlang3,spectral_norm,spectral_norm,5,1,0.5898351999931037,completed_raw
xlang3,spectral_norm,spectral_norm,6,0,0.5095007999916561,completed_raw
xlang3,spectral_norm,spectral_norm,6,1,0.5043985999946017,completed_raw
xlang3,spectral_norm,spectral_norm,7,0,0.5726204999955371,completed_raw
xlang3,spectral_norm,spectral_norm,7,1,0.5030513000092469,completed_raw
xlang3,spectral_norm,spectral_norm,8,0,0.510019800014561,completed_raw
xlang3,spectral_norm,spectral_norm,8,1,0.5194904000090901,completed_raw
xlang3,spectral_norm,spectral_norm,9,0,0.5072399000055157,completed_raw
xlang3,spectral_norm,spectral_norm,9,1,0.509027199994307,completed_raw
xlang3,spectral_norm,spectral_norm,10,0,0.505981399997836,completed_raw
xlang3,spectral_norm,spectral_norm,10,1,0.5444215000024997,completed_raw
xlang3,sqlglot_v2,sqlglot_v2_normalize,1,0,1.6367333000234794,completed_raw
xlang3,sqlglot_v2,sqlglot_v2_normalize,1,1,1.597085799992783,completed_raw
xlang3,sqlglot_v2,sqlglot_v2_normalize,2,0,1.6317563999909908,completed_raw
xlang3,sqlglot_v2,sqlglot_v2_normalize,2,1,1.664463599998271,completed_raw
xlang3,sqlglot_v2,sqlglot_v2_normalize,3,0,1.593243400013307,completed_raw
xlang3,sqlglot_v2,sqlglot_v2_normalize,3,1,1.7207947000279091,completed_raw
xlang3,sqlglot_v2,sqlglot_v2_normalize,4,0,1.6189825000183191,completed_raw
xlang3,sqlglot_v2,sqlglot_v2_normalize,4,1,1.6110531000012998,completed_raw
xlang3,sqlglot_v2,sqlglot_v2_normalize,5,0,1.6072549000091385,completed_raw
xlang3,sqlglot_v2,sqlglot_v2_normalize,5,1,1.6880383999960031,completed_raw
xlang3,sqlglot_v2,sqlglot_v2_normalize,6,0,1.6310824999818578,completed_raw
xlang3,sqlglot_v2,sqlglot_v2_normalize,6,1,1.6020170999981929,completed_raw
xlang3,sqlglot_v2,sqlglot_v2_normalize,7,0,1.7425393000012264,completed_raw
xlang3,sqlglot_v2,sqlglot_v2_normalize,7,1,1.601127700007055,completed_raw
xlang3,sqlglot_v2,sqlglot_v2_normalize,8,0,1.5934839000110514,completed_raw
xlang3,sqlglot_v2,sqlglot_v2_normalize,8,1,1.6805070000118576,completed_raw
xlang3,sqlglot_v2,sqlglot_v2_normalize,9,0,1.5866744999948423,completed_raw
xlang3,sqlglot_v2,sqlglot_v2_normalize,9,1,1.6447218999965116,completed_raw
xlang3,sqlglot_v2,sqlglot_v2_normalize,10,0,1.640193699975498,completed_raw
xlang3,sqlglot_v2,sqlglot_v2_normalize,10,1,1.5857051000057254,completed_raw
xlang3,sqlglot_v2_optimize,sqlglot_v2_optimize,1,0,0.741058100014925,completed_raw
xlang3,sqlglot_v2_optimize,sqlglot_v2_optimize,1,1,0.7995709999813698,completed_raw
xlang3,sqlglot_v2_optimize,sqlglot_v2_optimize,2,0,0.7289080000191461,completed_raw
xlang3,sqlglot_v2_optimize,sqlglot_v2_optimize,2,1,0.7264730000169948,completed_raw
xlang3,sqlglot_v2_optimize,sqlglot_v2_optimize,3,0,0.730629300000146,completed_raw
xlang3,sqlglot_v2_optimize,sqlglot_v2_optimize,3,1,0.725508199975593,completed_raw
xlang3,sqlglot_v2_optimize,sqlglot_v2_optimize,4,0,0.7230082000023685,completed_raw
xlang3,sqlglot_v2_optimize,sqlglot_v2_optimize,4,1,0.8019926999986637,completed_raw
xlang3,sqlglot_v2_optimize,sqlglot_v2_optimize,5,0,0.726790799992159,completed_raw
xlang3,sqlglot_v2_optimize,sqlglot_v2_optimize,5,1,0.7278050000022631,completed_raw
xlang3,sqlglot_v2_optimize,sqlglot_v2_optimize,6,0,0.7244094999914523,completed_raw
xlang3,sqlglot_v2_optimize,sqlglot_v2_optimize,6,1,0.7279867000179365,completed_raw
xlang3,sqlglot_v2_optimize,sqlglot_v2_optimize,7,0,0.7255066999932751,completed_raw
xlang3,sqlglot_v2_optimize,sqlglot_v2_optimize,7,1,0.808575800008839,completed_raw
xlang3,sqlglot_v2_optimize,sqlglot_v2_optimize,8,0,0.7317486999963876,completed_raw
xlang3,sqlglot_v2_optimize,sqlglot_v2_optimize,8,1,0.7280868999951053,completed_raw
xlang3,sqlglot_v2_optimize,sqlglot_v2_optimize,9,0,0.7286309999763034,completed_raw
xlang3,sqlglot_v2_optimize,sqlglot_v2_optimize,9,1,0.7218407000182196,completed_raw
xlang3,sqlglot_v2_optimize,sqlglot_v2_optimize,10,0,0.7628816000069492,completed_raw
xlang3,sqlglot_v2_optimize,sqlglot_v2_optimize,10,1,0.7647056000132579,completed_raw
xlang3,sqlglot_v2_parse,sqlglot_v2_parse,1,0,0.018194962503912393,completed_raw
xlang3,sqlglot_v2_parse,sqlglot_v2_parse,1,1,0.019046850000449922,completed_raw
xlang3,sqlglot_v2_parse,sqlglot_v2_parse,2,0,0.018324899996514432,completed_raw
xlang3,sqlglot_v2_parse,sqlglot_v2_parse,2,1,0.02953062499727821,completed_raw
xlang3,sqlglot_v2_parse,sqlglot_v2_parse,3,0,0.018205337510153186,completed_raw
xlang3,sqlglot_v2_parse,sqlglot_v2_parse,3,1,0.017789625002478715,completed_raw
xlang3,sqlglot_v2_parse,sqlglot_v2_parse,4,0,0.01791202499953215,completed_raw
xlang3,sqlglot_v2_parse,sqlglot_v2_parse,4,1,0.018299712497537257,completed_raw
xlang3,sqlglot_v2_parse,sqlglot_v2_parse,5,0,0.018137300005037105,completed_raw
xlang3,sqlglot_v2_parse,sqlglot_v2_parse,5,1,0.017829524993430823,completed_raw
xlang3,sqlglot_v2_parse,sqlglot_v2_parse,6,0,0.018380662495474098,completed_raw
xlang3,sqlglot_v2_parse,sqlglot_v2_parse,6,1,0.01794772500579711,completed_raw
xlang3,sqlglot_v2_parse,sqlglot_v2_parse,7,0,0.0181481125036953,completed_raw
xlang3,sqlglot_v2_parse,sqlglot_v2_parse,7,1,0.01813891249912558,completed_raw
xlang3,sqlglot_v2_parse,sqlglot_v2_parse,8,0,0.01877782500741887,completed_raw
xlang3,sqlglot_v2_parse,sqlglot_v2_parse,8,1,0.018926850007119356,completed_raw
xlang3,sqlglot_v2_parse,sqlglot_v2_parse,9,0,0.018160762498155236,completed_raw
xlang3,sqlglot_v2_parse,sqlglot_v2_parse,9,1,0.018611800001963275,completed_raw
xlang3,sqlglot_v2_parse,sqlglot_v2_parse,10,0,0.01801916250042268,completed_raw
xlang3,sqlglot_v2_parse,sqlglot_v2_parse,10,1,0.018315375007659895,completed_raw
xlang3,sqlglot_v2_transpile,sqlglot_v2_transpile,1,0,0.02202332499655313,completed_raw
xlang3,sqlglot_v2_transpile,sqlglot_v2_transpile,1,1,0.021840937497472623,completed_raw
xlang3,sqlglot_v2_transpile,sqlglot_v2_transpile,2,0,0.022808562502177665,completed_raw
xlang3,sqlglot_v2_transpile,sqlglot_v2_transpile,2,1,0.023099187503248686,completed_raw
xlang3,sqlglot_v2_transpile,sqlglot_v2_transpile,3,0,0.02215481250459561,completed_raw
xlang3,sqlglot_v2_transpile,sqlglot_v2_transpile,3,1,0.02180887500071549,completed_raw
xlang3,sqlglot_v2_transpile,sqlglot_v2_transpile,4,0,0.022522699993714923,completed_raw
xlang3,sqlglot_v2_transpile,sqlglot_v2_transpile,4,1,0.022009125001204666,completed_raw
xlang3,sqlglot_v2_transpile,sqlglot_v2_transpile,5,0,0.02171979999911855,completed_raw
xlang3,sqlglot_v2_transpile,sqlglot_v2_transpile,5,1,0.021724212496337714,completed_raw
xlang3,sqlglot_v2_transpile,sqlglot_v2_transpile,6,0,0.022114475003036205,completed_raw
xlang3,sqlglot_v2_transpile,sqlglot_v2_transpile,6,1,0.02179053750296589,completed_raw
xlang3,sqlglot_v2_transpile,sqlglot_v2_transpile,7,0,0.022008799998729955,completed_raw
xlang3,sqlglot_v2_transpile,sqlglot_v2_transpile,7,1,0.021661112492438406,completed_raw
xlang3,sqlglot_v2_transpile,sqlglot_v2_transpile,8,0,0.02162282500648871,completed_raw
xlang3,sqlglot_v2_transpile,sqlglot_v2_transpile,8,1,0.021776637502625817,completed_raw
xlang3,sqlglot_v2_transpile,sqlglot_v2_transpile,9,0,0.021717587504099356,completed_raw
xlang3,sqlglot_v2_transpile,sqlglot_v2_transpile,9,1,0.0216045750057674,completed_raw
xlang3,sqlglot_v2_transpile,sqlglot_v2_transpile,10,0,0.021949412490357645,completed_raw
xlang3,sqlglot_v2_transpile,sqlglot_v2_transpile,10,1,0.021963087496260414,completed_raw
xlang3,sqlite_synth,sqlite_synth,1,0,6.170715332487475e-06,completed_raw
xlang3,sqlite_synth,sqlite_synth,1,1,6.260525512225001e-06,completed_raw
xlang3,sqlite_synth,sqlite_synth,2,0,6.156665039114273e-06,completed_raw
xlang3,sqlite_synth,sqlite_synth,2,1,6.226162719613626e-06,completed_raw
xlang3,sqlite_synth,sqlite_synth,3,0,6.067916869412215e-06,completed_raw
xlang3,sqlite_synth,sqlite_synth,3,1,6.109231567741347e-06,completed_raw
xlang3,sqlite_synth,sqlite_synth,4,0,6.148251342708022e-06,completed_raw
xlang3,sqlite_synth,sqlite_synth,4,1,6.278594970154927e-06,completed_raw
xlang3,sqlite_synth,sqlite_synth,5,0,6.116821289481322e-06,completed_raw
xlang3,sqlite_synth,sqlite_synth,5,1,6.196356201471076e-06,completed_raw
xlang3,sqlite_synth,sqlite_synth,6,0,6.1315002444217725e-06,completed_raw
xlang3,sqlite_synth,sqlite_synth,6,1,6.198263549528349e-06,completed_raw
xlang3,sqlite_synth,sqlite_synth,7,0,6.249160766635953e-06,completed_raw
xlang3,sqlite_synth,sqlite_synth,7,1,6.1050811765994695e-06,completed_raw
xlang3,sqlite_synth,sqlite_synth,8,0,6.155191040413399e-06,completed_raw
xlang3,sqlite_synth,sqlite_synth,8,1,6.062741088719292e-06,completed_raw
xlang3,sqlite_synth,sqlite_synth,9,0,6.207662964108351e-06,completed_raw
xlang3,sqlite_synth,sqlite_synth,9,1,6.146661377215423e-06,completed_raw
xlang3,sqlite_synth,sqlite_synth,10,0,6.224069213800476e-06,completed_raw
xlang3,sqlite_synth,sqlite_synth,10,1,6.138528442001245e-06,completed_raw
xlang3,telco,telco,1,0,0.04237509999802569,completed_raw
xlang3,telco,telco,1,1,0.0406119499966735,completed_raw
xlang3,telco,telco,2,0,0.04125860000203829,completed_raw
xlang3,telco,telco,2,1,0.041783925000345334,completed_raw
xlang3,telco,telco,3,0,0.04134397499728948,completed_raw
xlang3,telco,telco,3,1,0.04123577499558451,completed_raw
xlang3,telco,telco,4,0,0.04132132499944419,completed_raw
xlang3,telco,telco,4,1,0.04131564999988768,completed_raw
xlang3,telco,telco,5,0,0.04201442500198027,completed_raw
xlang3,telco,telco,5,1,0.04163272499863524,completed_raw
xlang3,telco,telco,6,0,0.0414600000003702,completed_raw
xlang3,telco,telco,6,1,0.04132265000225743,completed_raw
xlang3,telco,telco,7,0,0.04206782500114059,completed_raw
xlang3,telco,telco,7,1,0.04127627499838127,completed_raw
xlang3,telco,telco,8,0,0.04094489999988582,completed_raw
xlang3,telco,telco,8,1,0.04058942499978002,completed_raw
xlang3,telco,telco,9,0,0.042867850002949126,completed_raw
xlang3,telco,telco,9,1,0.05786800000350922,completed_raw
xlang3,telco,telco,10,0,0.04132279999612365,completed_raw
xlang3,telco,telco,10,1,0.04209599999740021,completed_raw
xlang3,tornado_http,tornado_http,1,0,1.3972004000097513,completed_raw
xlang3,tornado_http,tornado_http,1,1,1.4141605000186246,completed_raw
xlang3,tornado_http,tornado_http,2,0,1.3930630999966525,completed_raw
xlang3,tornado_http,tornado_http,2,1,1.3967267999832984,completed_raw
xlang3,tornado_http,tornado_http,3,0,1.4183950999868102,completed_raw
xlang3,tornado_http,tornado_http,3,1,1.4888754000130575,completed_raw
xlang3,tornado_http,tornado_http,4,0,1.542219599999953,completed_raw
xlang3,tornado_http,tornado_http,4,1,1.4625543000001926,completed_raw
xlang3,tornado_http,tornado_http,5,0,1.4773378999962006,completed_raw
xlang3,tornado_http,tornado_http,5,1,1.4019845000002533,completed_raw
xlang3,tornado_http,tornado_http,6,0,1.4547774999809917,completed_raw
xlang3,tornado_http,tornado_http,6,1,1.4159301999898162,completed_raw
xlang3,tornado_http,tornado_http,7,0,1.451802099996712,completed_raw
xlang3,tornado_http,tornado_http,7,1,1.5044467999832705,completed_raw
xlang3,tornado_http,tornado_http,8,0,1.397320199990645,completed_raw
xlang3,tornado_http,tornado_http,8,1,1.4558079999987967,completed_raw
xlang3,tornado_http,tornado_http,9,0,1.4635146999789868,completed_raw
xlang3,tornado_http,tornado_http,9,1,1.4158875000139233,completed_raw
xlang3,tornado_http,tornado_http,10,0,1.3953322999877855,completed_raw
xlang3,tornado_http,tornado_http,10,1,1.388282400002936,completed_raw
xlang3,typing_runtime_protocols,typing_runtime_protocols,1,0,0.002862342187199829,completed_raw
xlang3,typing_runtime_protocols,typing_runtime_protocols,1,1,0.0028360718752082903,completed_raw
xlang3,typing_runtime_protocols,typing_runtime_protocols,2,0,0.002819539062329568,completed_raw
xlang3,typing_runtime_protocols,typing_runtime_protocols,2,1,0.0028085953122172214,completed_raw
xlang3,typing_runtime_protocols,typing_runtime_protocols,3,0,0.002793128125176736,completed_raw
xlang3,typing_runtime_protocols,typing_runtime_protocols,3,1,0.002802087500185735,completed_raw
xlang3,typing_runtime_protocols,typing_runtime_protocols,4,0,0.002837826562426926,completed_raw
xlang3,typing_runtime_protocols,typing_runtime_protocols,4,1,0.0028103640624976833,completed_raw
xlang3,typing_runtime_protocols,typing_runtime_protocols,5,0,0.0028808249999201507,completed_raw
xlang3,typing_runtime_protocols,typing_runtime_protocols,5,1,0.0028750374999617634,completed_raw
xlang3,typing_runtime_protocols,typing_runtime_protocols,6,0,0.0028355500003272027,completed_raw
xlang3,typing_runtime_protocols,typing_runtime_protocols,6,1,0.0028009750003548106,completed_raw
xlang3,typing_runtime_protocols,typing_runtime_protocols,7,0,0.002818043750266952,completed_raw
xlang3,typing_runtime_protocols,typing_runtime_protocols,7,1,0.002812426562741166,completed_raw
xlang3,typing_runtime_protocols,typing_runtime_protocols,8,0,0.002820635937496263,completed_raw
xlang3,typing_runtime_protocols,typing_runtime_protocols,8,1,0.0028299687501203152,completed_raw
xlang3,typing_runtime_protocols,typing_runtime_protocols,9,0,0.003004678124852944,completed_raw
xlang3,typing_runtime_protocols,typing_runtime_protocols,9,1,0.002818856250087265,completed_raw
xlang3,typing_runtime_protocols,typing_runtime_protocols,10,0,0.0028391765627020504,completed_raw
xlang3,typing_runtime_protocols,typing_runtime_protocols,10,1,0.0028903234374411113,completed_raw
xlang3,unpack_sequence,unpack_sequence,1,0,1.5638537593787304e-07,completed_raw
xlang3,unpack_sequence,unpack_sequence,1,1,1.635574951208696e-07,completed_raw
xlang3,unpack_sequence,unpack_sequence,2,0,1.5898339846387445e-07,completed_raw
xlang3,unpack_sequence,unpack_sequence,2,1,2.2183276367826466e-07,completed_raw
xlang3,unpack_sequence,unpack_sequence,3,0,1.5423059085861723e-07,completed_raw
xlang3,unpack_sequence,unpack_sequence,3,1,1.5647839354926418e-07,completed_raw
xlang3,unpack_sequence,unpack_sequence,4,0,1.5815954586884119e-07,completed_raw
xlang3,unpack_sequence,unpack_sequence,4,1,1.578809814972715e-07,completed_raw
xlang3,unpack_sequence,unpack_sequence,5,0,1.599138183649984e-07,completed_raw
xlang3,unpack_sequence,unpack_sequence,5,1,1.5150854494550002e-07,completed_raw
xlang3,unpack_sequence,unpack_sequence,6,0,1.5524816895151617e-07,completed_raw
xlang3,unpack_sequence,unpack_sequence,6,1,1.5610510253338817e-07,completed_raw
xlang3,unpack_sequence,unpack_sequence,7,0,1.547150878877801e-07,completed_raw
xlang3,unpack_sequence,unpack_sequence,7,1,1.5838024904013536e-07,completed_raw
xlang3,unpack_sequence,unpack_sequence,8,0,1.6048535155022138e-07,completed_raw
xlang3,unpack_sequence,unpack_sequence,8,1,1.5758898925355424e-07,completed_raw
xlang3,unpack_sequence,unpack_sequence,9,0,1.5596948241380915e-07,completed_raw
xlang3,unpack_sequence,unpack_sequence,9,1,1.5581542967879613e-07,completed_raw
xlang3,unpack_sequence,unpack_sequence,10,0,1.534536133007691e-07,completed_raw
xlang3,unpack_sequence,unpack_sequence,10,1,1.5897473140569218e-07,completed_raw
xlang3,unpickle,unpickle,1,0,7.517566406249898e-05,completed_raw
xlang3,unpickle,unpickle,1,1,6.987136719089903e-05,completed_raw
xlang3,unpickle,unpickle,2,0,6.464476562086929e-05,completed_raw
xlang3,unpickle,unpickle,2,1,6.515816406817975e-05,completed_raw
xlang3,unpickle,unpickle,3,0,6.427480468573776e-05,completed_raw
xlang3,unpickle,unpickle,3,1,6.488234374728563e-05,completed_raw
xlang3,unpickle,unpickle,4,0,6.441968751005333e-05,completed_raw
xlang3,unpickle,unpickle,4,1,6.441667968601906e-05,completed_raw
xlang3,unpickle,unpickle,5,0,6.419753906357073e-05,completed_raw
xlang3,unpickle,unpickle,5,1,6.476558593249138e-05,completed_raw
xlang3,unpickle,unpickle,6,0,6.550644530989302e-05,completed_raw
xlang3,unpickle,unpickle,6,1,6.421710937729586e-05,completed_raw
xlang3,unpickle,unpickle,7,0,6.436621093826033e-05,completed_raw
xlang3,unpickle,unpickle,7,1,6.391281250444081e-05,completed_raw
xlang3,unpickle,unpickle,8,0,6.454191407101462e-05,completed_raw
xlang3,unpickle,unpickle,8,1,6.394179687276846e-05,completed_raw
xlang3,unpickle,unpickle,9,0,6.376546874662382e-05,completed_raw
xlang3,unpickle,unpickle,9,1,6.332691406214508e-05,completed_raw
xlang3,unpickle,unpickle,10,0,6.385007812923505e-05,completed_raw
xlang3,unpickle,unpickle,10,1,6.457996094013651e-05,completed_raw
xlang3,unpickle_list,unpickle_list,1,0,1.0893798827282807e-05,completed_raw
xlang3,unpickle_list,unpickle_list,1,1,1.0764716796529683e-05,completed_raw
xlang3,unpickle_list,unpickle_list,2,0,1.1516425780655482e-05,completed_raw
xlang3,unpickle_list,unpickle_list,2,1,1.1429765623915956e-05,completed_raw
xlang3,unpickle_list,unpickle_list,3,0,1.0785214846009694e-05,completed_raw
xlang3,unpickle_list,unpickle_list,3,1,1.0669033201793354e-05,completed_raw
xlang3,unpickle_list,unpickle_list,4,0,1.066401367211256e-05,completed_raw
xlang3,unpickle_list,unpickle_list,4,1,1.0454912109025827e-05,completed_raw
xlang3,unpickle_list,unpickle_list,5,0,1.1087470701909296e-05,completed_raw
xlang3,unpickle_list,unpickle_list,5,1,1.094152343625865e-05,completed_raw
xlang3,unpickle_list,unpickle_list,6,0,1.1707333985100377e-05,completed_raw
xlang3,unpickle_list,unpickle_list,6,1,1.1538349608031239e-05,completed_raw
xlang3,unpickle_list,unpickle_list,7,0,1.1008466796624816e-05,completed_raw
xlang3,unpickle_list,unpickle_list,7,1,1.121758789111027e-05,completed_raw
xlang3,unpickle_list,unpickle_list,8,0,1.1048027343463217e-05,completed_raw
xlang3,unpickle_list,unpickle_list,8,1,1.0807558595615774e-05,completed_raw
xlang3,unpickle_list,unpickle_list,9,0,1.0700654297579603e-05,completed_raw
xlang3,unpickle_list,unpickle_list,9,1,1.0898437500372892e-05,completed_raw
xlang3,unpickle_list,unpickle_list,10,0,1.0836816406367688e-05,completed_raw
xlang3,unpickle_list,unpickle_list,10,1,1.0850791016991935e-05,completed_raw
xlang3,unpickle_pure_python,unpickle_pure_python,1,0,0.002335916250012815,completed_raw
xlang3,unpickle_pure_python,unpickle_pure_python,1,1,0.0023514000000432133,completed_raw
xlang3,unpickle_pure_python,unpickle_pure_python,2,0,0.002356468750076601,completed_raw
xlang3,unpickle_pure_python,unpickle_pure_python,2,1,0.002422315000148956,completed_raw
xlang3,unpickle_pure_python,unpickle_pure_python,3,0,0.002962757500063162,completed_raw
xlang3,unpickle_pure_python,unpickle_pure_python,3,1,0.0025108812500548084,completed_raw
xlang3,unpickle_pure_python,unpickle_pure_python,4,0,0.002368512499742792,completed_raw
xlang3,unpickle_pure_python,unpickle_pure_python,4,1,0.0023814112500986084,completed_raw
xlang3,unpickle_pure_python,unpickle_pure_python,5,0,0.002366292499937117,completed_raw
xlang3,unpickle_pure_python,unpickle_pure_python,5,1,0.0023819237499992595,completed_raw
xlang3,unpickle_pure_python,unpickle_pure_python,6,0,0.0023655699998926137,completed_raw
xlang3,unpickle_pure_python,unpickle_pure_python,6,1,0.0023638024998945185,completed_raw
xlang3,unpickle_pure_python,unpickle_pure_python,7,0,0.0023995062500034694,completed_raw
xlang3,unpickle_pure_python,unpickle_pure_python,7,1,0.0023693424998782577,completed_raw
xlang3,unpickle_pure_python,unpickle_pure_python,8,0,0.002408864999961224,completed_raw
xlang3,unpickle_pure_python,unpickle_pure_python,8,1,0.00237468750019616,completed_raw
xlang3,unpickle_pure_python,unpickle_pure_python,9,0,0.0023783874999935505,completed_raw
xlang3,unpickle_pure_python,unpickle_pure_python,9,1,0.00236978375032777,completed_raw
xlang3,unpickle_pure_python,unpickle_pure_python,10,0,0.0023751299999275944,completed_raw
xlang3,unpickle_pure_python,unpickle_pure_python,10,1,0.002398672500203247,completed_raw
cpython3147_saved,2to3,2to3,1,0,0.3218895000172779,completed_raw
cpython3147_saved,2to3,2to3,1,1,0.3145014999900013,completed_raw
cpython3147_saved,2to3,2to3,2,0,0.30619649999425747,completed_raw
cpython3147_saved,2to3,2to3,2,1,0.3095095000171568,completed_raw
cpython3147_saved,2to3,2to3,3,0,0.31474059997708537,completed_raw
cpython3147_saved,2to3,2to3,3,1,0.3097849999903701,completed_raw
cpython3147_saved,2to3,2to3,4,0,0.32199409999884665,completed_raw
cpython3147_saved,2to3,2to3,4,1,0.33424809999996796,completed_raw
cpython3147_saved,2to3,2to3,5,0,0.31201739999232814,completed_raw
cpython3147_saved,2to3,2to3,5,1,0.3161631000111811,completed_raw
cpython3147_saved,2to3,2to3,6,0,0.31147499999497086,completed_raw
cpython3147_saved,2to3,2to3,6,1,0.3159548999974504,completed_raw
cpython3147_saved,2to3,2to3,7,0,0.3153386999911163,completed_raw
cpython3147_saved,2to3,2to3,7,1,0.3125430000072811,completed_raw
cpython3147_saved,2to3,2to3,8,0,0.31124819998512976,completed_raw
cpython3147_saved,2to3,2to3,8,1,0.31339480000315234,completed_raw
cpython3147_saved,2to3,2to3,9,0,0.31466920001548715,completed_raw
cpython3147_saved,2to3,2to3,9,1,0.32076859998051077,completed_raw
cpython3147_saved,2to3,2to3,10,0,0.3122035999840591,completed_raw
cpython3147_saved,2to3,2to3,10,1,0.3116992000141181,completed_raw
cpython3147_saved,argparse,many_optionals,1,0,0.0006400105468173933,completed_raw
cpython3147_saved,argparse,many_optionals,1,1,0.0006586476562233656,completed_raw
cpython3147_saved,argparse,many_optionals,2,0,0.0006402179687938769,completed_raw
cpython3147_saved,argparse,many_optionals,2,1,0.0006389800780652877,completed_raw
cpython3147_saved,argparse,many_optionals,3,0,0.0006508144531380822,completed_raw
cpython3147_saved,argparse,many_optionals,3,1,0.0006441687500000626,completed_raw
cpython3147_saved,argparse,many_optionals,4,0,0.000634072656225726,completed_raw
cpython3147_saved,argparse,many_optionals,4,1,0.0006319601562836397,completed_raw
cpython3147_saved,argparse,many_optionals,5,0,0.0006389417968648559,completed_raw
cpython3147_saved,argparse,many_optionals,5,1,0.0006681281249711901,completed_raw
cpython3147_saved,argparse,many_optionals,6,0,0.000635110156281371,completed_raw
cpython3147_saved,argparse,many_optionals,6,1,0.0006414839843955633,completed_raw
cpython3147_saved,argparse,many_optionals,7,0,0.0006214089843297188,completed_raw
cpython3147_saved,argparse,many_optionals,7,1,0.0006292351563388365,completed_raw
cpython3147_saved,argparse,many_optionals,8,0,0.0006277617187606666,completed_raw
cpython3147_saved,argparse,many_optionals,8,1,0.0006419003905193676,completed_raw
cpython3147_saved,argparse,many_optionals,9,0,0.0006363769531390062,completed_raw
cpython3147_saved,argparse,many_optionals,9,1,0.0006258136718315654,completed_raw
cpython3147_saved,argparse,many_optionals,10,0,0.0006282179687104872,completed_raw
cpython3147_saved,argparse,many_optionals,10,1,0.0006277644530428006,completed_raw
cpython3147_saved,argparse_subparsers,subparsers,1,0,0.007979224999871803,completed_raw
cpython3147_saved,argparse_subparsers,subparsers,1,1,0.008177224999599275,completed_raw
cpython3147_saved,argparse_subparsers,subparsers,2,0,0.008031299999856856,completed_raw
cpython3147_saved,argparse_subparsers,subparsers,2,1,0.007635143749212148,completed_raw
cpython3147_saved,argparse_subparsers,subparsers,3,0,0.007809943750544335,completed_raw
cpython3147_saved,argparse_subparsers,subparsers,3,1,0.007654393750271993,completed_raw
cpython3147_saved,argparse_subparsers,subparsers,4,0,0.008014931248908397,completed_raw
cpython3147_saved,argparse_subparsers,subparsers,4,1,0.007733818751148647,completed_raw
cpython3147_saved,argparse_subparsers,subparsers,5,0,0.008036106250074226,completed_raw
cpython3147_saved,argparse_subparsers,subparsers,5,1,0.007755700000416255,completed_raw
cpython3147_saved,argparse_subparsers,subparsers,6,0,0.007747018749796553,completed_raw
cpython3147_saved,argparse_subparsers,subparsers,6,1,0.00754816874905373,completed_raw
cpython3147_saved,argparse_subparsers,subparsers,7,0,0.008033768748646253,completed_raw
cpython3147_saved,argparse_subparsers,subparsers,7,1,0.0077869812503195135,completed_raw
cpython3147_saved,argparse_subparsers,subparsers,8,0,0.007869431250583148,completed_raw
cpython3147_saved,argparse_subparsers,subparsers,8,1,0.007470681250197231,completed_raw
cpython3147_saved,argparse_subparsers,subparsers,9,0,0.007977125000252272,completed_raw
cpython3147_saved,argparse_subparsers,subparsers,9,1,0.007882712499849731,completed_raw
cpython3147_saved,argparse_subparsers,subparsers,10,0,0.008280712499981746,completed_raw
cpython3147_saved,argparse_subparsers,subparsers,10,1,0.008199006249924423,completed_raw
cpython3147_saved,async_generators,async_generators,1,0,0.2877682999824174,completed_raw
cpython3147_saved,async_generators,async_generators,1,1,0.3226213999732863,completed_raw
cpython3147_saved,async_generators,async_generators,2,0,0.2779838999849744,completed_raw
cpython3147_saved,async_generators,async_generators,2,1,0.2920112000138033,completed_raw
cpython3147_saved,async_generators,async_generators,3,0,0.28461639999295585,completed_raw
cpython3147_saved,async_generators,async_generators,3,1,0.2850713999941945,completed_raw
cpython3147_saved,async_generators,async_generators,4,0,0.2848989999911282,completed_raw
cpython3147_saved,async_generators,async_generators,4,1,0.2860762999916915,completed_raw
cpython3147_saved,async_generators,async_generators,5,0,0.2792629999748897,completed_raw
cpython3147_saved,async_generators,async_generators,5,1,0.29377979997661896,completed_raw
cpython3147_saved,async_generators,async_generators,6,0,0.280117699992843,completed_raw
cpython3147_saved,async_generators,async_generators,6,1,0.28478960000211373,completed_raw
cpython3147_saved,async_generators,async_generators,7,0,0.28059169999323785,completed_raw
cpython3147_saved,async_generators,async_generators,7,1,0.2888185999763664,completed_raw
cpython3147_saved,async_generators,async_generators,8,0,0.2823684999893885,completed_raw
cpython3147_saved,async_generators,async_generators,8,1,0.28557160001946613,completed_raw
cpython3147_saved,async_generators,async_generators,9,0,0.2796543999866117,completed_raw
cpython3147_saved,async_generators,async_generators,9,1,0.2836687999952119,completed_raw
cpython3147_saved,async_generators,async_generators,10,0,0.2806177000165917,completed_raw
cpython3147_saved,async_generators,async_generators,10,1,0.28369079998810776,completed_raw
cpython3147_saved,async_tree,async_tree_none,1,0,0.23672580000129528,completed_raw
cpython3147_saved,async_tree,async_tree_none,1,1,0.2115168000163976,completed_raw
cpython3147_saved,async_tree,async_tree_none,2,0,0.2369512000004761,completed_raw
cpython3147_saved,async_tree,async_tree_none,2,1,0.21912840000004508,completed_raw
cpython3147_saved,async_tree,async_tree_none,3,0,0.24089379998622462,completed_raw
cpython3147_saved,async_tree,async_tree_none,3,1,0.219596700015245,completed_raw
cpython3147_saved,async_tree,async_tree_none,4,0,0.2334952999954112,completed_raw
cpython3147_saved,async_tree,async_tree_none,4,1,0.2115400999900885,completed_raw
cpython3147_saved,async_tree,async_tree_none,5,0,0.24072699999669567,completed_raw
cpython3147_saved,async_tree,async_tree_none,5,1,0.2113633000117261,completed_raw
cpython3147_saved,async_tree,async_tree_none,6,0,0.24441279997699894,completed_raw
cpython3147_saved,async_tree,async_tree_none,6,1,0.21685379999689758,completed_raw
cpython3147_saved,async_tree,async_tree_none,7,0,0.2425138000107836,completed_raw
cpython3147_saved,async_tree,async_tree_none,7,1,0.2145377999986522,completed_raw
cpython3147_saved,async_tree,async_tree_none,8,0,0.23723939998308197,completed_raw
cpython3147_saved,async_tree,async_tree_none,8,1,0.21474120000493713,completed_raw
cpython3147_saved,async_tree,async_tree_none,9,0,0.2532714999979362,completed_raw
cpython3147_saved,async_tree,async_tree_none,9,1,0.24275730000226758,completed_raw
cpython3147_saved,async_tree,async_tree_none,10,0,0.23302890002378263,completed_raw
cpython3147_saved,async_tree,async_tree_none,10,1,0.2254835999920033,completed_raw
cpython3147_saved,async_tree_cpu_io_mixed,async_tree_cpu_io_mixed,1,0,0.412282100005541,completed_raw
cpython3147_saved,async_tree_cpu_io_mixed,async_tree_cpu_io_mixed,1,1,0.4375016999838408,completed_raw
cpython3147_saved,async_tree_cpu_io_mixed,async_tree_cpu_io_mixed,2,0,0.4227408000151627,completed_raw
cpython3147_saved,async_tree_cpu_io_mixed,async_tree_cpu_io_mixed,2,1,0.44579679999151267,completed_raw
cpython3147_saved,async_tree_cpu_io_mixed,async_tree_cpu_io_mixed,3,0,0.4181762999796774,completed_raw
cpython3147_saved,async_tree_cpu_io_mixed,async_tree_cpu_io_mixed,3,1,0.4369584000087343,completed_raw
cpython3147_saved,async_tree_cpu_io_mixed,async_tree_cpu_io_mixed,4,0,0.429893099993933,completed_raw
cpython3147_saved,async_tree_cpu_io_mixed,async_tree_cpu_io_mixed,4,1,0.4380595999828074,completed_raw
cpython3147_saved,async_tree_cpu_io_mixed,async_tree_cpu_io_mixed,5,0,0.4216950999980327,completed_raw
cpython3147_saved,async_tree_cpu_io_mixed,async_tree_cpu_io_mixed,5,1,0.43758709999383427,completed_raw
cpython3147_saved,async_tree_cpu_io_mixed,async_tree_cpu_io_mixed,6,0,0.4192932000150904,completed_raw
cpython3147_saved,async_tree_cpu_io_mixed,async_tree_cpu_io_mixed,6,1,0.4301399999822024,completed_raw
cpython3147_saved,async_tree_cpu_io_mixed,async_tree_cpu_io_mixed,7,0,0.4198235999792814,completed_raw
cpython3147_saved,async_tree_cpu_io_mixed,async_tree_cpu_io_mixed,7,1,0.4272847000102047,completed_raw
cpython3147_saved,async_tree_cpu_io_mixed,async_tree_cpu_io_mixed,8,0,0.41609600000083447,completed_raw
cpython3147_saved,async_tree_cpu_io_mixed,async_tree_cpu_io_mixed,8,1,0.4395329999970272,completed_raw
cpython3147_saved,async_tree_cpu_io_mixed,async_tree_cpu_io_mixed,9,0,0.4230839000083506,completed_raw
cpython3147_saved,async_tree_cpu_io_mixed,async_tree_cpu_io_mixed,9,1,0.4299585999979172,completed_raw
cpython3147_saved,async_tree_cpu_io_mixed,async_tree_cpu_io_mixed,10,0,0.414129699987825,completed_raw
cpython3147_saved,async_tree_cpu_io_mixed,async_tree_cpu_io_mixed,10,1,0.4393956999992952,completed_raw
cpython3147_saved,async_tree_cpu_io_mixed_tg,async_tree_cpu_io_mixed_tg,1,0,0.42203390001668595,completed_raw
cpython3147_saved,async_tree_cpu_io_mixed_tg,async_tree_cpu_io_mixed_tg,1,1,0.4341126999934204,completed_raw
cpython3147_saved,async_tree_cpu_io_mixed_tg,async_tree_cpu_io_mixed_tg,2,0,0.4192375999991782,completed_raw
cpython3147_saved,async_tree_cpu_io_mixed_tg,async_tree_cpu_io_mixed_tg,2,1,0.4235756999987643,completed_raw
cpython3147_saved,async_tree_cpu_io_mixed_tg,async_tree_cpu_io_mixed_tg,3,0,0.4273624000197742,completed_raw
cpython3147_saved,async_tree_cpu_io_mixed_tg,async_tree_cpu_io_mixed_tg,3,1,0.44110450000152923,completed_raw
cpython3147_saved,async_tree_cpu_io_mixed_tg,async_tree_cpu_io_mixed_tg,4,0,0.41949870000826195,completed_raw
cpython3147_saved,async_tree_cpu_io_mixed_tg,async_tree_cpu_io_mixed_tg,4,1,0.42668579999008216,completed_raw
cpython3147_saved,async_tree_cpu_io_mixed_tg,async_tree_cpu_io_mixed_tg,5,0,0.41827700001886114,completed_raw
cpython3147_saved,async_tree_cpu_io_mixed_tg,async_tree_cpu_io_mixed_tg,5,1,0.43522059998940676,completed_raw
cpython3147_saved,async_tree_cpu_io_mixed_tg,async_tree_cpu_io_mixed_tg,6,0,0.4155583999818191,completed_raw
cpython3147_saved,async_tree_cpu_io_mixed_tg,async_tree_cpu_io_mixed_tg,6,1,0.42778489997726865,completed_raw
cpython3147_saved,async_tree_cpu_io_mixed_tg,async_tree_cpu_io_mixed_tg,7,0,0.41493879997869954,completed_raw
cpython3147_saved,async_tree_cpu_io_mixed_tg,async_tree_cpu_io_mixed_tg,7,1,0.4295388000027742,completed_raw
cpython3147_saved,async_tree_cpu_io_mixed_tg,async_tree_cpu_io_mixed_tg,8,0,0.41239179999683984,completed_raw
cpython3147_saved,async_tree_cpu_io_mixed_tg,async_tree_cpu_io_mixed_tg,8,1,0.43631969997659326,completed_raw
cpython3147_saved,async_tree_cpu_io_mixed_tg,async_tree_cpu_io_mixed_tg,9,0,0.4177278999995906,completed_raw
cpython3147_saved,async_tree_cpu_io_mixed_tg,async_tree_cpu_io_mixed_tg,9,1,0.42307409999193624,completed_raw
cpython3147_saved,async_tree_cpu_io_mixed_tg,async_tree_cpu_io_mixed_tg,10,0,0.415486099984264,completed_raw
cpython3147_saved,async_tree_cpu_io_mixed_tg,async_tree_cpu_io_mixed_tg,10,1,0.4406922000052873,completed_raw
cpython3147_saved,async_tree_eager,async_tree_eager,1,0,0.08600389999628533,completed_raw
cpython3147_saved,async_tree_eager,async_tree_eager,1,1,0.084757049990003,completed_raw
cpython3147_saved,async_tree_eager,async_tree_eager,2,0,0.08706064999569207,completed_raw
cpython3147_saved,async_tree_eager,async_tree_eager,2,1,0.0836686499969801,completed_raw
cpython3147_saved,async_tree_eager,async_tree_eager,3,0,0.08425385000009555,completed_raw
cpython3147_saved,async_tree_eager,async_tree_eager,3,1,0.08530550000432413,completed_raw
cpython3147_saved,async_tree_eager,async_tree_eager,4,0,0.08638254999823403,completed_raw
cpython3147_saved,async_tree_eager,async_tree_eager,4,1,0.0845930499926908,completed_raw
cpython3147_saved,async_tree_eager,async_tree_eager,5,0,0.08355565000965726,completed_raw
cpython3147_saved,async_tree_eager,async_tree_eager,5,1,0.08357429999159649,completed_raw
cpython3147_saved,async_tree_eager,async_tree_eager,6,0,0.08409124999889173,completed_raw
cpython3147_saved,async_tree_eager,async_tree_eager,6,1,0.08477299999503884,completed_raw
cpython3147_saved,async_tree_eager,async_tree_eager,7,0,0.08635924999543931,completed_raw
cpython3147_saved,async_tree_eager,async_tree_eager,7,1,0.08638799999607727,completed_raw
cpython3147_saved,async_tree_eager,async_tree_eager,8,0,0.08840054999745917,completed_raw
cpython3147_saved,async_tree_eager,async_tree_eager,8,1,0.08864284999435768,completed_raw
cpython3147_saved,async_tree_eager,async_tree_eager,9,0,0.08675534999929368,completed_raw
cpython3147_saved,async_tree_eager,async_tree_eager,9,1,0.08611555000243243,completed_raw
cpython3147_saved,async_tree_eager,async_tree_eager,10,0,0.08661840000422671,completed_raw
cpython3147_saved,async_tree_eager,async_tree_eager,10,1,0.08683905001089443,completed_raw
cpython3147_saved,async_tree_eager_cpu_io_mixed,async_tree_eager_cpu_io_mixed,1,0,0.33748210000339895,completed_raw
cpython3147_saved,async_tree_eager_cpu_io_mixed,async_tree_eager_cpu_io_mixed,1,1,0.3414309000072535,completed_raw
cpython3147_saved,async_tree_eager_cpu_io_mixed,async_tree_eager_cpu_io_mixed,2,0,0.3501047999889124,completed_raw
cpython3147_saved,async_tree_eager_cpu_io_mixed,async_tree_eager_cpu_io_mixed,2,1,0.3280845999834128,completed_raw
cpython3147_saved,async_tree_eager_cpu_io_mixed,async_tree_eager_cpu_io_mixed,3,0,0.3502779999980703,completed_raw
cpython3147_saved,async_tree_eager_cpu_io_mixed,async_tree_eager_cpu_io_mixed,3,1,0.3149560999881942,completed_raw
cpython3147_saved,async_tree_eager_cpu_io_mixed,async_tree_eager_cpu_io_mixed,4,0,0.3481395000126213,completed_raw
cpython3147_saved,async_tree_eager_cpu_io_mixed,async_tree_eager_cpu_io_mixed,4,1,0.3369488999887835,completed_raw
cpython3147_saved,async_tree_eager_cpu_io_mixed,async_tree_eager_cpu_io_mixed,5,0,0.3520896999980323,completed_raw
cpython3147_saved,async_tree_eager_cpu_io_mixed,async_tree_eager_cpu_io_mixed,5,1,0.34436280000954866,completed_raw
cpython3147_saved,async_tree_eager_cpu_io_mixed,async_tree_eager_cpu_io_mixed,6,0,0.3422341999830678,completed_raw
cpython3147_saved,async_tree_eager_cpu_io_mixed,async_tree_eager_cpu_io_mixed,6,1,0.32941330000176094,completed_raw
cpython3147_saved,async_tree_eager_cpu_io_mixed,async_tree_eager_cpu_io_mixed,7,0,0.35158280000905506,completed_raw
cpython3147_saved,async_tree_eager_cpu_io_mixed,async_tree_eager_cpu_io_mixed,7,1,0.32782720000250265,completed_raw
cpython3147_saved,async_tree_eager_cpu_io_mixed,async_tree_eager_cpu_io_mixed,8,0,0.34258900000713766,completed_raw
cpython3147_saved,async_tree_eager_cpu_io_mixed,async_tree_eager_cpu_io_mixed,8,1,0.33147989999270067,completed_raw
cpython3147_saved,async_tree_eager_cpu_io_mixed,async_tree_eager_cpu_io_mixed,9,0,0.34383810000144877,completed_raw
cpython3147_saved,async_tree_eager_cpu_io_mixed,async_tree_eager_cpu_io_mixed,9,1,0.3269912999821827,completed_raw
cpython3147_saved,async_tree_eager_cpu_io_mixed,async_tree_eager_cpu_io_mixed,10,0,0.33714300001156516,completed_raw
cpython3147_saved,async_tree_eager_cpu_io_mixed,async_tree_eager_cpu_io_mixed,10,1,0.3269999999902211,completed_raw
cpython3147_saved,async_tree_eager_cpu_io_mixed_tg,async_tree_eager_cpu_io_mixed_tg,1,0,0.3917600999993738,completed_raw
cpython3147_saved,async_tree_eager_cpu_io_mixed_tg,async_tree_eager_cpu_io_mixed_tg,1,1,0.3708104999968782,completed_raw
cpython3147_saved,async_tree_eager_cpu_io_mixed_tg,async_tree_eager_cpu_io_mixed_tg,2,0,0.39159730001119897,completed_raw
cpython3147_saved,async_tree_eager_cpu_io_mixed_tg,async_tree_eager_cpu_io_mixed_tg,2,1,0.37716989999171346,completed_raw
cpython3147_saved,async_tree_eager_cpu_io_mixed_tg,async_tree_eager_cpu_io_mixed_tg,3,0,0.3923254999972414,completed_raw
cpython3147_saved,async_tree_eager_cpu_io_mixed_tg,async_tree_eager_cpu_io_mixed_tg,3,1,0.38168859999859706,completed_raw
cpython3147_saved,async_tree_eager_cpu_io_mixed_tg,async_tree_eager_cpu_io_mixed_tg,4,0,0.3938954999903217,completed_raw
cpython3147_saved,async_tree_eager_cpu_io_mixed_tg,async_tree_eager_cpu_io_mixed_tg,4,1,0.36908810000750236,completed_raw
cpython3147_saved,async_tree_eager_cpu_io_mixed_tg,async_tree_eager_cpu_io_mixed_tg,5,0,0.39580679999198765,completed_raw
cpython3147_saved,async_tree_eager_cpu_io_mixed_tg,async_tree_eager_cpu_io_mixed_tg,5,1,0.36924860000726767,completed_raw
cpython3147_saved,async_tree_eager_cpu_io_mixed_tg,async_tree_eager_cpu_io_mixed_tg,6,0,0.40188799999305047,completed_raw
cpython3147_saved,async_tree_eager_cpu_io_mixed_tg,async_tree_eager_cpu_io_mixed_tg,6,1,0.3681658999994397,completed_raw
cpython3147_saved,async_tree_eager_cpu_io_mixed_tg,async_tree_eager_cpu_io_mixed_tg,7,0,0.3988117999979295,completed_raw
cpython3147_saved,async_tree_eager_cpu_io_mixed_tg,async_tree_eager_cpu_io_mixed_tg,7,1,0.36620670001138933,completed_raw
cpython3147_saved,async_tree_eager_cpu_io_mixed_tg,async_tree_eager_cpu_io_mixed_tg,8,0,0.38964340000529774,completed_raw
cpython3147_saved,async_tree_eager_cpu_io_mixed_tg,async_tree_eager_cpu_io_mixed_tg,8,1,0.3648272000136785,completed_raw
cpython3147_saved,async_tree_eager_cpu_io_mixed_tg,async_tree_eager_cpu_io_mixed_tg,9,0,0.4004910000076052,completed_raw
cpython3147_saved,async_tree_eager_cpu_io_mixed_tg,async_tree_eager_cpu_io_mixed_tg,9,1,0.3729176000051666,completed_raw
cpython3147_saved,async_tree_eager_cpu_io_mixed_tg,async_tree_eager_cpu_io_mixed_tg,10,0,0.43187400000169873,completed_raw
cpython3147_saved,async_tree_eager_cpu_io_mixed_tg,async_tree_eager_cpu_io_mixed_tg,10,1,0.3789276999887079,completed_raw
cpython3147_saved,async_tree_eager_io,async_tree_eager_io,1,0,0.5695881000137888,completed_raw
cpython3147_saved,async_tree_eager_io,async_tree_eager_io,1,1,0.5632133000181057,completed_raw
cpython3147_saved,async_tree_eager_io,async_tree_eager_io,2,0,0.5546512000146322,completed_raw
cpython3147_saved,async_tree_eager_io,async_tree_eager_io,2,1,0.5390366000065114,completed_raw
cpython3147_saved,async_tree_eager_io,async_tree_eager_io,3,0,0.5709697999991477,completed_raw
cpython3147_saved,async_tree_eager_io,async_tree_eager_io,3,1,0.5403652000240982,completed_raw
cpython3147_saved,async_tree_eager_io,async_tree_eager_io,4,0,0.554196699988097,completed_raw
cpython3147_saved,async_tree_eager_io,async_tree_eager_io,4,1,0.5573863000026904,completed_raw
cpython3147_saved,async_tree_eager_io,async_tree_eager_io,5,0,0.5690082999935839,completed_raw
cpython3147_saved,async_tree_eager_io,async_tree_eager_io,5,1,0.5722800999938045,completed_raw
cpython3147_saved,async_tree_eager_io,async_tree_eager_io,6,0,0.5638560999941546,completed_raw
cpython3147_saved,async_tree_eager_io,async_tree_eager_io,6,1,0.5462579999875743,completed_raw
cpython3147_saved,async_tree_eager_io,async_tree_eager_io,7,0,0.5597380999824964,completed_raw
cpython3147_saved,async_tree_eager_io,async_tree_eager_io,7,1,0.5500681000121403,completed_raw
cpython3147_saved,async_tree_eager_io,async_tree_eager_io,8,0,0.5963700000138488,completed_raw
cpython3147_saved,async_tree_eager_io,async_tree_eager_io,8,1,0.5761490000004414,completed_raw
cpython3147_saved,async_tree_eager_io,async_tree_eager_io,9,0,0.5724878000037279,completed_raw
cpython3147_saved,async_tree_eager_io,async_tree_eager_io,9,1,0.5523102000006475,completed_raw
cpython3147_saved,async_tree_eager_io,async_tree_eager_io,10,0,0.5744381999829784,completed_raw
cpython3147_saved,async_tree_eager_io,async_tree_eager_io,10,1,0.5608787999954075,completed_raw
cpython3147_saved,async_tree_eager_io_tg,async_tree_eager_io_tg,1,0,0.5585365000006277,completed_raw
cpython3147_saved,async_tree_eager_io_tg,async_tree_eager_io_tg,1,1,0.5332234999805223,completed_raw
cpython3147_saved,async_tree_eager_io_tg,async_tree_eager_io_tg,2,0,0.5556853000016417,completed_raw
cpython3147_saved,async_tree_eager_io_tg,async_tree_eager_io_tg,2,1,0.526893200003542,completed_raw
cpython3147_saved,async_tree_eager_io_tg,async_tree_eager_io_tg,3,0,0.5671188000123948,completed_raw
cpython3147_saved,async_tree_eager_io_tg,async_tree_eager_io_tg,3,1,0.5432976000010967,completed_raw
cpython3147_saved,async_tree_eager_io_tg,async_tree_eager_io_tg,4,0,0.5604842000175267,completed_raw
cpython3147_saved,async_tree_eager_io_tg,async_tree_eager_io_tg,4,1,0.5373608999943826,completed_raw
cpython3147_saved,async_tree_eager_io_tg,async_tree_eager_io_tg,5,0,0.5532019000092987,completed_raw
cpython3147_saved,async_tree_eager_io_tg,async_tree_eager_io_tg,5,1,0.5420139000052586,completed_raw
cpython3147_saved,async_tree_eager_io_tg,async_tree_eager_io_tg,6,0,0.5623553000041284,completed_raw
cpython3147_saved,async_tree_eager_io_tg,async_tree_eager_io_tg,6,1,0.5611665000033099,completed_raw
cpython3147_saved,async_tree_eager_io_tg,async_tree_eager_io_tg,7,0,0.5825566999847069,completed_raw
cpython3147_saved,async_tree_eager_io_tg,async_tree_eager_io_tg,7,1,0.5368178999924567,completed_raw
cpython3147_saved,async_tree_eager_io_tg,async_tree_eager_io_tg,8,0,0.5715648000186775,completed_raw
cpython3147_saved,async_tree_eager_io_tg,async_tree_eager_io_tg,8,1,0.5407260000065435,completed_raw
cpython3147_saved,async_tree_eager_io_tg,async_tree_eager_io_tg,9,0,0.5783090000040829,completed_raw
cpython3147_saved,async_tree_eager_io_tg,async_tree_eager_io_tg,9,1,0.5494370000087656,completed_raw
cpython3147_saved,async_tree_eager_io_tg,async_tree_eager_io_tg,10,0,0.5781993000127841,completed_raw
cpython3147_saved,async_tree_eager_io_tg,async_tree_eager_io_tg,10,1,0.5574468999984674,completed_raw
cpython3147_saved,async_tree_eager_memoization,async_tree_eager_memoization,1,0,0.18519769998965785,completed_raw
cpython3147_saved,async_tree_eager_memoization,async_tree_eager_memoization,1,1,0.19233479999820702,completed_raw
cpython3147_saved,async_tree_eager_memoization,async_tree_eager_memoization,2,0,0.18833319999976084,completed_raw
cpython3147_saved,async_tree_eager_memoization,async_tree_eager_memoization,2,1,0.18702400001347996,completed_raw
cpython3147_saved,async_tree_eager_memoization,async_tree_eager_memoization,3,0,0.17778689999249764,completed_raw
cpython3147_saved,async_tree_eager_memoization,async_tree_eager_memoization,3,1,0.18417580000823364,completed_raw
cpython3147_saved,async_tree_eager_memoization,async_tree_eager_memoization,4,0,0.18489709999994375,completed_raw
cpython3147_saved,async_tree_eager_memoization,async_tree_eager_memoization,4,1,0.1892885999986902,completed_raw
cpython3147_saved,async_tree_eager_memoization,async_tree_eager_memoization,5,0,0.18527580000227317,completed_raw
cpython3147_saved,async_tree_eager_memoization,async_tree_eager_memoization,5,1,0.19362499998533167,completed_raw
cpython3147_saved,async_tree_eager_memoization,async_tree_eager_memoization,6,0,0.1793881000194233,completed_raw
cpython3147_saved,async_tree_eager_memoization,async_tree_eager_memoization,6,1,0.18764550000196323,completed_raw
cpython3147_saved,async_tree_eager_memoization,async_tree_eager_memoization,7,0,0.18652700001257472,completed_raw
cpython3147_saved,async_tree_eager_memoization,async_tree_eager_memoization,7,1,0.20419329998549074,completed_raw
cpython3147_saved,async_tree_eager_memoization,async_tree_eager_memoization,8,0,0.19233089999761432,completed_raw
cpython3147_saved,async_tree_eager_memoization,async_tree_eager_memoization,8,1,0.19226020001224242,completed_raw
cpython3147_saved,async_tree_eager_memoization,async_tree_eager_memoization,9,0,0.18111140001565218,completed_raw
cpython3147_saved,async_tree_eager_memoization,async_tree_eager_memoization,9,1,0.18866079999133945,completed_raw
cpython3147_saved,async_tree_eager_memoization,async_tree_eager_memoization,10,0,0.1792964999913238,completed_raw
cpython3147_saved,async_tree_eager_memoization,async_tree_eager_memoization,10,1,0.19137049998971634,completed_raw
cpython3147_saved,async_tree_eager_memoization_tg,async_tree_eager_memoization_tg,1,0,0.24847039999440312,completed_raw
cpython3147_saved,async_tree_eager_memoization_tg,async_tree_eager_memoization_tg,1,1,0.2639068000135012,completed_raw
cpython3147_saved,async_tree_eager_memoization_tg,async_tree_eager_memoization_tg,2,0,0.24893709999741986,completed_raw
cpython3147_saved,async_tree_eager_memoization_tg,async_tree_eager_memoization_tg,2,1,0.27567269999417476,completed_raw
cpython3147_saved,async_tree_eager_memoization_tg,async_tree_eager_memoization_tg,3,0,0.25362430000677705,completed_raw
cpython3147_saved,async_tree_eager_memoization_tg,async_tree_eager_memoization_tg,3,1,0.2660574000037741,completed_raw
cpython3147_saved,async_tree_eager_memoization_tg,async_tree_eager_memoization_tg,4,0,0.26221760001499206,completed_raw
cpython3147_saved,async_tree_eager_memoization_tg,async_tree_eager_memoization_tg,4,1,0.2682484000106342,completed_raw
cpython3147_saved,async_tree_eager_memoization_tg,async_tree_eager_memoization_tg,5,0,0.2457832999934908,completed_raw
cpython3147_saved,async_tree_eager_memoization_tg,async_tree_eager_memoization_tg,5,1,0.2750945000152569,completed_raw
cpython3147_saved,async_tree_eager_memoization_tg,async_tree_eager_memoization_tg,6,0,0.25833400001283735,completed_raw
cpython3147_saved,async_tree_eager_memoization_tg,async_tree_eager_memoization_tg,6,1,0.2647434999817051,completed_raw
cpython3147_saved,async_tree_eager_memoization_tg,async_tree_eager_memoization_tg,7,0,0.31803519997629337,completed_raw
cpython3147_saved,async_tree_eager_memoization_tg,async_tree_eager_memoization_tg,7,1,0.27568680001422763,completed_raw
cpython3147_saved,async_tree_eager_memoization_tg,async_tree_eager_memoization_tg,8,0,0.25248090000241064,completed_raw
cpython3147_saved,async_tree_eager_memoization_tg,async_tree_eager_memoization_tg,8,1,0.2755213000054937,completed_raw
cpython3147_saved,async_tree_eager_memoization_tg,async_tree_eager_memoization_tg,9,0,0.25844099998357706,completed_raw
cpython3147_saved,async_tree_eager_memoization_tg,async_tree_eager_memoization_tg,9,1,0.2854796999890823,completed_raw
cpython3147_saved,async_tree_eager_memoization_tg,async_tree_eager_memoization_tg,10,0,0.2567101000167895,completed_raw
cpython3147_saved,async_tree_eager_memoization_tg,async_tree_eager_memoization_tg,10,1,0.26642529998207465,completed_raw
cpython3147_saved,async_tree_eager_tg,async_tree_eager_tg,1,0,0.20542569999815896,completed_raw
cpython3147_saved,async_tree_eager_tg,async_tree_eager_tg,1,1,0.18296629999531433,completed_raw
cpython3147_saved,async_tree_eager_tg,async_tree_eager_tg,2,0,0.21347819999209605,completed_raw
cpython3147_saved,async_tree_eager_tg,async_tree_eager_tg,2,1,0.18784309999318793,completed_raw
cpython3147_saved,async_tree_eager_tg,async_tree_eager_tg,3,0,0.20070670000859536,completed_raw
cpython3147_saved,async_tree_eager_tg,async_tree_eager_tg,3,1,0.18326790002174675,completed_raw
cpython3147_saved,async_tree_eager_tg,async_tree_eager_tg,4,0,0.20124700001906604,completed_raw
cpython3147_saved,async_tree_eager_tg,async_tree_eager_tg,4,1,0.18157640000572428,completed_raw
cpython3147_saved,async_tree_eager_tg,async_tree_eager_tg,5,0,0.19899940001778305,completed_raw
cpython3147_saved,async_tree_eager_tg,async_tree_eager_tg,5,1,0.18369939998956397,completed_raw
cpython3147_saved,async_tree_eager_tg,async_tree_eager_tg,6,0,0.19957359999534674,completed_raw
cpython3147_saved,async_tree_eager_tg,async_tree_eager_tg,6,1,0.18089299998246133,completed_raw
cpython3147_saved,async_tree_eager_tg,async_tree_eager_tg,7,0,0.20653339999262244,completed_raw
cpython3147_saved,async_tree_eager_tg,async_tree_eager_tg,7,1,0.1824454000161495,completed_raw
cpython3147_saved,async_tree_eager_tg,async_tree_eager_tg,8,0,0.2034888000052888,completed_raw
cpython3147_saved,async_tree_eager_tg,async_tree_eager_tg,8,1,0.1845035000005737,completed_raw
cpython3147_saved,async_tree_eager_tg,async_tree_eager_tg,9,0,0.19968530000187457,completed_raw
cpython3147_saved,async_tree_eager_tg,async_tree_eager_tg,9,1,0.18187649999163114,completed_raw
cpython3147_saved,async_tree_eager_tg,async_tree_eager_tg,10,0,0.19948209999711253,completed_raw
cpython3147_saved,async_tree_eager_tg,async_tree_eager_tg,10,1,0.1838094999839086,completed_raw
cpython3147_saved,async_tree_io,async_tree_io,1,0,0.5563936000107788,completed_raw
cpython3147_saved,async_tree_io,async_tree_io,1,1,0.5626881000061985,completed_raw
cpython3147_saved,async_tree_io,async_tree_io,2,0,0.5941769999917597,completed_raw
cpython3147_saved,async_tree_io,async_tree_io,2,1,0.5691260000166949,completed_raw
cpython3147_saved,async_tree_io,async_tree_io,3,0,0.5882980000169482,completed_raw
cpython3147_saved,async_tree_io,async_tree_io,3,1,0.5612000999972224,completed_raw
cpython3147_saved,async_tree_io,async_tree_io,4,0,0.5709173000068404,completed_raw
cpython3147_saved,async_tree_io,async_tree_io,4,1,0.5465490999922622,completed_raw
cpython3147_saved,async_tree_io,async_tree_io,5,0,0.5699048000096809,completed_raw
cpython3147_saved,async_tree_io,async_tree_io,5,1,0.5496960000018589,completed_raw
cpython3147_saved,async_tree_io,async_tree_io,6,0,0.5723002000013366,completed_raw
cpython3147_saved,async_tree_io,async_tree_io,6,1,0.5438732999900822,completed_raw
cpython3147_saved,async_tree_io,async_tree_io,7,0,0.5745870000100695,completed_raw
cpython3147_saved,async_tree_io,async_tree_io,7,1,0.5462658000178635,completed_raw
cpython3147_saved,async_tree_io,async_tree_io,8,0,0.5520171000098344,completed_raw
cpython3147_saved,async_tree_io,async_tree_io,8,1,0.5455465999839362,completed_raw
cpython3147_saved,async_tree_io,async_tree_io,9,0,0.5551532999961637,completed_raw
cpython3147_saved,async_tree_io,async_tree_io,9,1,0.5511251999996603,completed_raw
cpython3147_saved,async_tree_io,async_tree_io,10,0,0.5731877000071108,completed_raw
cpython3147_saved,async_tree_io,async_tree_io,10,1,0.5602310000103898,completed_raw
cpython3147_saved,async_tree_io_tg,async_tree_io_tg,1,0,0.5690859999740496,completed_raw
cpython3147_saved,async_tree_io_tg,async_tree_io_tg,1,1,0.531400300009409,completed_raw
cpython3147_saved,async_tree_io_tg,async_tree_io_tg,2,0,0.5590420000080485,completed_raw
cpython3147_saved,async_tree_io_tg,async_tree_io_tg,2,1,0.5540697000105865,completed_raw
cpython3147_saved,async_tree_io_tg,async_tree_io_tg,3,0,0.5704846000007819,completed_raw
cpython3147_saved,async_tree_io_tg,async_tree_io_tg,3,1,0.5292054000019561,completed_raw
cpython3147_saved,async_tree_io_tg,async_tree_io_tg,4,0,0.5467940999951679,completed_raw
cpython3147_saved,async_tree_io_tg,async_tree_io_tg,4,1,0.5322855999984313,completed_raw
cpython3147_saved,async_tree_io_tg,async_tree_io_tg,5,0,0.5465630000107922,completed_raw
cpython3147_saved,async_tree_io_tg,async_tree_io_tg,5,1,0.5324521999864373,completed_raw
cpython3147_saved,async_tree_io_tg,async_tree_io_tg,6,0,0.5553918000077829,completed_raw
cpython3147_saved,async_tree_io_tg,async_tree_io_tg,6,1,0.5308003000100143,completed_raw
cpython3147_saved,async_tree_io_tg,async_tree_io_tg,7,0,0.5559070999734104,completed_raw
cpython3147_saved,async_tree_io_tg,async_tree_io_tg,7,1,0.5256663000036497,completed_raw
cpython3147_saved,async_tree_io_tg,async_tree_io_tg,8,0,0.5585823000001255,completed_raw
cpython3147_saved,async_tree_io_tg,async_tree_io_tg,8,1,0.5414487000089139,completed_raw
cpython3147_saved,async_tree_io_tg,async_tree_io_tg,9,0,0.5712906999979168,completed_raw
cpython3147_saved,async_tree_io_tg,async_tree_io_tg,9,1,0.5471262000210118,completed_raw
cpython3147_saved,async_tree_io_tg,async_tree_io_tg,10,0,0.5478956000006292,completed_raw
cpython3147_saved,async_tree_io_tg,async_tree_io_tg,10,1,0.5291826000029687,completed_raw
cpython3147_saved,async_tree_memoization,async_tree_memoization,1,0,0.27885719999903813,completed_raw
cpython3147_saved,async_tree_memoization,async_tree_memoization,1,1,0.28623379999771714,completed_raw
cpython3147_saved,async_tree_memoization,async_tree_memoization,2,0,0.2655101999989711,completed_raw
cpython3147_saved,async_tree_memoization,async_tree_memoization,2,1,0.28427899998496287,completed_raw
cpython3147_saved,async_tree_memoization,async_tree_memoization,3,0,0.27126639999914914,completed_raw
cpython3147_saved,async_tree_memoization,async_tree_memoization,3,1,0.2802975999948103,completed_raw
cpython3147_saved,async_tree_memoization,async_tree_memoization,4,0,0.27148600001237355,completed_raw
cpython3147_saved,async_tree_memoization,async_tree_memoization,4,1,0.2899065999954473,completed_raw
cpython3147_saved,async_tree_memoization,async_tree_memoization,5,0,0.267073299997719,completed_raw
cpython3147_saved,async_tree_memoization,async_tree_memoization,5,1,0.2778409000020474,completed_raw
cpython3147_saved,async_tree_memoization,async_tree_memoization,6,0,0.2695639999874402,completed_raw
cpython3147_saved,async_tree_memoization,async_tree_memoization,6,1,0.28229149998514913,completed_raw
cpython3147_saved,async_tree_memoization,async_tree_memoization,7,0,0.2876230999827385,completed_raw
cpython3147_saved,async_tree_memoization,async_tree_memoization,7,1,0.28912729999865405,completed_raw
cpython3147_saved,async_tree_memoization,async_tree_memoization,8,0,0.29844820001744665,completed_raw
cpython3147_saved,async_tree_memoization,async_tree_memoization,8,1,0.2801869999966584,completed_raw
cpython3147_saved,async_tree_memoization,async_tree_memoization,9,0,0.2675236999930348,completed_raw
cpython3147_saved,async_tree_memoization,async_tree_memoization,9,1,0.2761428999947384,completed_raw
cpython3147_saved,async_tree_memoization,async_tree_memoization,10,0,0.2686532000079751,completed_raw
cpython3147_saved,async_tree_memoization,async_tree_memoization,10,1,0.27845059998799115,completed_raw
cpython3147_saved,async_tree_memoization_tg,async_tree_memoization_tg,1,0,0.26726829999824986,completed_raw
cpython3147_saved,async_tree_memoization_tg,async_tree_memoization_tg,1,1,0.27697589999297634,completed_raw
cpython3147_saved,async_tree_memoization_tg,async_tree_memoization_tg,2,0,0.27036039999802597,completed_raw
cpython3147_saved,async_tree_memoization_tg,async_tree_memoization_tg,2,1,0.2829762000183109,completed_raw
cpython3147_saved,async_tree_memoization_tg,async_tree_memoization_tg,3,0,0.2635794999951031,completed_raw
cpython3147_saved,async_tree_memoization_tg,async_tree_memoization_tg,3,1,0.28286890001618303,completed_raw
cpython3147_saved,async_tree_memoization_tg,async_tree_memoization_tg,4,0,0.2713602999865543,completed_raw
cpython3147_saved,async_tree_memoization_tg,async_tree_memoization_tg,4,1,0.2879236999724526,completed_raw
cpython3147_saved,async_tree_memoization_tg,async_tree_memoization_tg,5,0,0.26545989999431185,completed_raw
cpython3147_saved,async_tree_memoization_tg,async_tree_memoization_tg,5,1,0.2818310000002384,completed_raw
cpython3147_saved,async_tree_memoization_tg,async_tree_memoization_tg,6,0,0.26823099999455735,completed_raw
cpython3147_saved,async_tree_memoization_tg,async_tree_memoization_tg,6,1,0.2823895000037737,completed_raw
cpython3147_saved,async_tree_memoization_tg,async_tree_memoization_tg,7,0,0.2805969000037294,completed_raw
cpython3147_saved,async_tree_memoization_tg,async_tree_memoization_tg,7,1,0.28447589999996126,completed_raw
cpython3147_saved,async_tree_memoization_tg,async_tree_memoization_tg,8,0,0.26579529998707585,completed_raw
cpython3147_saved,async_tree_memoization_tg,async_tree_memoization_tg,8,1,0.27817889998550527,completed_raw
cpython3147_saved,async_tree_memoization_tg,async_tree_memoization_tg,9,0,0.2689601000165567,completed_raw
cpython3147_saved,async_tree_memoization_tg,async_tree_memoization_tg,9,1,0.27920390001963824,completed_raw
cpython3147_saved,async_tree_memoization_tg,async_tree_memoization_tg,10,0,0.27432730002328753,completed_raw
cpython3147_saved,async_tree_memoization_tg,async_tree_memoization_tg,10,1,0.2828919000166934,completed_raw
cpython3147_saved,async_tree_tg,async_tree_none_tg,1,0,0.22865199999068864,completed_raw
cpython3147_saved,async_tree_tg,async_tree_none_tg,1,1,0.2442503000202123,completed_raw
cpython3147_saved,async_tree_tg,async_tree_none_tg,2,0,0.22819789999630302,completed_raw
cpython3147_saved,async_tree_tg,async_tree_none_tg,2,1,0.24109260001569055,completed_raw
cpython3147_saved,async_tree_tg,async_tree_none_tg,3,0,0.23620230000233278,completed_raw
cpython3147_saved,async_tree_tg,async_tree_none_tg,3,1,0.24784149997867644,completed_raw
cpython3147_saved,async_tree_tg,async_tree_none_tg,4,0,0.2436862999747973,completed_raw
cpython3147_saved,async_tree_tg,async_tree_none_tg,4,1,0.2618732000119053,completed_raw
cpython3147_saved,async_tree_tg,async_tree_none_tg,5,0,0.22801950000575744,completed_raw
cpython3147_saved,async_tree_tg,async_tree_none_tg,5,1,0.23952450000797398,completed_raw
cpython3147_saved,async_tree_tg,async_tree_none_tg,6,0,0.23597609999706037,completed_raw
cpython3147_saved,async_tree_tg,async_tree_none_tg,6,1,0.25475659998483025,completed_raw
cpython3147_saved,async_tree_tg,async_tree_none_tg,7,0,0.2334088000061456,completed_raw
cpython3147_saved,async_tree_tg,async_tree_none_tg,7,1,0.24153060000389814,completed_raw
cpython3147_saved,async_tree_tg,async_tree_none_tg,8,0,0.23496269999304786,completed_raw
cpython3147_saved,async_tree_tg,async_tree_none_tg,8,1,0.24031630001263693,completed_raw
cpython3147_saved,async_tree_tg,async_tree_none_tg,9,0,0.22628689999692142,completed_raw
cpython3147_saved,async_tree_tg,async_tree_none_tg,9,1,0.25080790001084097,completed_raw
cpython3147_saved,async_tree_tg,async_tree_none_tg,10,0,0.22664559999248013,completed_raw
cpython3147_saved,async_tree_tg,async_tree_none_tg,10,1,0.2430263999849558,completed_raw
cpython3147_saved,asyncio_tcp,asyncio_tcp,1,0,0.5698770000017248,completed_raw
cpython3147_saved,asyncio_tcp,asyncio_tcp,1,1,0.5735375999938697,completed_raw
cpython3147_saved,asyncio_tcp,asyncio_tcp,2,0,0.5720742999983486,completed_raw
cpython3147_saved,asyncio_tcp,asyncio_tcp,2,1,0.5661808000004385,completed_raw
cpython3147_saved,asyncio_tcp,asyncio_tcp,3,0,0.5970259000023361,completed_raw
cpython3147_saved,asyncio_tcp,asyncio_tcp,3,1,0.5847446999978274,completed_raw
cpython3147_saved,asyncio_tcp,asyncio_tcp,4,0,0.6140788999910001,completed_raw
cpython3147_saved,asyncio_tcp,asyncio_tcp,4,1,0.5743034999759402,completed_raw
cpython3147_saved,asyncio_tcp,asyncio_tcp,5,0,0.574199900001986,completed_raw
cpython3147_saved,asyncio_tcp,asyncio_tcp,5,1,0.5853559999959543,completed_raw
cpython3147_saved,asyncio_tcp,asyncio_tcp,6,0,0.5789994999940973,completed_raw
cpython3147_saved,asyncio_tcp,asyncio_tcp,6,1,0.6252038999809884,completed_raw
cpython3147_saved,asyncio_tcp,asyncio_tcp,7,0,0.5895390000077896,completed_raw
cpython3147_saved,asyncio_tcp,asyncio_tcp,7,1,0.576661500002956,completed_raw
cpython3147_saved,asyncio_tcp,asyncio_tcp,8,0,0.5567890999955125,completed_raw
cpython3147_saved,asyncio_tcp,asyncio_tcp,8,1,0.5632307000050787,completed_raw
cpython3147_saved,asyncio_tcp,asyncio_tcp,9,0,0.6342968999815639,completed_raw
cpython3147_saved,asyncio_tcp,asyncio_tcp,9,1,0.6134603999962565,completed_raw
cpython3147_saved,asyncio_tcp,asyncio_tcp,10,0,0.5764952999888919,completed_raw
cpython3147_saved,asyncio_tcp,asyncio_tcp,10,1,0.5801168000034522,completed_raw
cpython3147_saved,asyncio_tcp_ssl,asyncio_tcp_ssl,1,0,1.5742856000142638,completed_raw
cpython3147_saved,asyncio_tcp_ssl,asyncio_tcp_ssl,1,1,1.587516500003403,completed_raw
cpython3147_saved,asyncio_tcp_ssl,asyncio_tcp_ssl,2,0,1.5561176000046544,completed_raw
cpython3147_saved,asyncio_tcp_ssl,asyncio_tcp_ssl,2,1,1.6324006000068039,completed_raw
cpython3147_saved,asyncio_tcp_ssl,asyncio_tcp_ssl,3,0,1.654313999984879,completed_raw
cpython3147_saved,asyncio_tcp_ssl,asyncio_tcp_ssl,3,1,1.6751574000227265,completed_raw
cpython3147_saved,asyncio_tcp_ssl,asyncio_tcp_ssl,4,0,1.5791697000095155,completed_raw
cpython3147_saved,asyncio_tcp_ssl,asyncio_tcp_ssl,4,1,1.599414299998898,completed_raw
cpython3147_saved,asyncio_tcp_ssl,asyncio_tcp_ssl,5,0,1.5824812000209931,completed_raw
cpython3147_saved,asyncio_tcp_ssl,asyncio_tcp_ssl,5,1,1.5821393000078388,completed_raw
cpython3147_saved,asyncio_tcp_ssl,asyncio_tcp_ssl,6,0,1.557686999993166,completed_raw
cpython3147_saved,asyncio_tcp_ssl,asyncio_tcp_ssl,6,1,1.6263749999925494,completed_raw
cpython3147_saved,asyncio_tcp_ssl,asyncio_tcp_ssl,7,0,1.6201310000033118,completed_raw
cpython3147_saved,asyncio_tcp_ssl,asyncio_tcp_ssl,7,1,1.635506999999052,completed_raw
cpython3147_saved,asyncio_tcp_ssl,asyncio_tcp_ssl,8,0,1.695925999985775,completed_raw
cpython3147_saved,asyncio_tcp_ssl,asyncio_tcp_ssl,8,1,1.7052291000145487,completed_raw
cpython3147_saved,asyncio_tcp_ssl,asyncio_tcp_ssl,9,0,1.592408800002886,completed_raw
cpython3147_saved,asyncio_tcp_ssl,asyncio_tcp_ssl,9,1,1.622283000004245,completed_raw
cpython3147_saved,asyncio_tcp_ssl,asyncio_tcp_ssl,10,0,1.6045436999993399,completed_raw
cpython3147_saved,asyncio_tcp_ssl,asyncio_tcp_ssl,10,1,1.5679594999819528,completed_raw
cpython3147_saved,asyncio_websockets,asyncio_websockets,1,0,0.166538399993442,completed_raw
cpython3147_saved,asyncio_websockets,asyncio_websockets,1,1,0.17968239999026991,completed_raw
cpython3147_saved,asyncio_websockets,asyncio_websockets,2,0,0.17376649999641813,completed_raw
cpython3147_saved,asyncio_websockets,asyncio_websockets,2,1,0.172981300012907,completed_raw
cpython3147_saved,asyncio_websockets,asyncio_websockets,3,0,0.1816145999764558,completed_raw
cpython3147_saved,asyncio_websockets,asyncio_websockets,3,1,0.17267219998757355,completed_raw
cpython3147_saved,asyncio_websockets,asyncio_websockets,4,0,0.1809644000022672,completed_raw
cpython3147_saved,asyncio_websockets,asyncio_websockets,4,1,0.1803868999995757,completed_raw
cpython3147_saved,asyncio_websockets,asyncio_websockets,5,0,0.18375510000623763,completed_raw
cpython3147_saved,asyncio_websockets,asyncio_websockets,5,1,0.1660310000006575,completed_raw
cpython3147_saved,asyncio_websockets,asyncio_websockets,6,0,0.16893790001631714,completed_raw
cpython3147_saved,asyncio_websockets,asyncio_websockets,6,1,0.16989819999434985,completed_raw
cpython3147_saved,asyncio_websockets,asyncio_websockets,7,0,0.1820276000071317,completed_raw
cpython3147_saved,asyncio_websockets,asyncio_websockets,7,1,0.16723370002000593,completed_raw
cpython3147_saved,asyncio_websockets,asyncio_websockets,8,0,0.18408340000314638,completed_raw
cpython3147_saved,asyncio_websockets,asyncio_websockets,8,1,0.17736739999963902,completed_raw
cpython3147_saved,asyncio_websockets,asyncio_websockets,9,0,0.17649559999699704,completed_raw
cpython3147_saved,asyncio_websockets,asyncio_websockets,9,1,0.18406729999696836,completed_raw
cpython3147_saved,asyncio_websockets,asyncio_websockets,10,0,0.18408840001211502,completed_raw
cpython3147_saved,asyncio_websockets,asyncio_websockets,10,1,0.1746751999889966,completed_raw
cpython3147_saved,base64,base64_small,1,0,0.0002725898437461183,completed_raw
cpython3147_saved,base64,base64_small,1,1,0.00027394511715783665,completed_raw
cpython3147_saved,base64,base64_small,2,0,0.00027089765626442386,completed_raw
cpython3147_saved,base64,base64_small,2,1,0.0002706238281007245,completed_raw
cpython3147_saved,base64,base64_small,3,0,0.00027035781249651336,completed_raw
cpython3147_saved,base64,base64_small,3,1,0.0002721441406379199,completed_raw
cpython3147_saved,base64,base64_small,4,0,0.0002730818359282239,completed_raw
cpython3147_saved,base64,base64_small,4,1,0.0002749718750010288,completed_raw
cpython3147_saved,base64,base64_small,5,0,0.0002749777343638016,completed_raw
cpython3147_saved,base64,base64_small,5,1,0.0002703564452986029,completed_raw
cpython3147_saved,base64,base64_small,6,0,0.00027198457030408463,completed_raw
cpython3147_saved,base64,base64_small,6,1,0.00027268242189393277,completed_raw
cpython3147_saved,base64,base64_small,7,0,0.0002668343749974156,completed_raw
cpython3147_saved,base64,base64_small,7,1,0.00026828574220871815,completed_raw
cpython3147_saved,base64,base64_small,8,0,0.00026992578125373257,completed_raw
cpython3147_saved,base64,base64_small,8,1,0.00026490019530456266,completed_raw
cpython3147_saved,base64,base64_small,9,0,0.0002708179687829215,completed_raw
cpython3147_saved,base64,base64_small,9,1,0.0002733925780944446,completed_raw
cpython3147_saved,base64,base64_small,10,0,0.0002743410156540449,completed_raw
cpython3147_saved,base64,base64_small,10,1,0.0002749113281197424,completed_raw
cpython3147_saved,base64,base64_large,1,0,0.008030968750972534,completed_raw
cpython3147_saved,base64,base64_large,1,1,0.007863737500883872,completed_raw
cpython3147_saved,base64,base64_large,2,0,0.007972981249622535,completed_raw
cpython3147_saved,base64,base64_large,2,1,0.007932399999845074,completed_raw
cpython3147_saved,base64,base64_large,3,0,0.007852175000152783,completed_raw
cpython3147_saved,base64,base64_large,3,1,0.007843606248570723,completed_raw
cpython3147_saved,base64,base64_large,4,0,0.00789876249837107,completed_raw
cpython3147_saved,base64,base64_large,4,1,0.007953962500323541,completed_raw
cpython3147_saved,base64,base64_large,5,0,0.007895581249613315,completed_raw
cpython3147_saved,base64,base64_large,5,1,0.008038281250264845,completed_raw
cpython3147_saved,base64,base64_large,6,0,0.007859874998757732,completed_raw
cpython3147_saved,base64,base64_large,6,1,0.007877856251070625,completed_raw
cpython3147_saved,base64,base64_large,7,0,0.00780947499879403,completed_raw
cpython3147_saved,base64,base64_large,7,1,0.007872331249018316,completed_raw
cpython3147_saved,base64,base64_large,8,0,0.007819450000170036,completed_raw
cpython3147_saved,base64,base64_large,8,1,0.007867437499953667,completed_raw
cpython3147_saved,base64,base64_large,9,0,0.007916156249848427,completed_raw
cpython3147_saved,base64,base64_large,9,1,0.007907768749646493,completed_raw
cpython3147_saved,base64,base64_large,10,0,0.00782334374889615,completed_raw
cpython3147_saved,base64,base64_large,10,1,0.007950862500365474,completed_raw
cpython3147_saved,base64,urlsafe_base64_small,1,0,0.0004801253907089631,completed_raw
cpython3147_saved,base64,urlsafe_base64_small,1,1,0.0004153878905981401,completed_raw
cpython3147_saved,base64,urlsafe_base64_small,2,0,0.00041671210942695325,completed_raw
cpython3147_saved,base64,urlsafe_base64_small,2,1,0.000404566015618002,completed_raw
cpython3147_saved,base64,urlsafe_base64_small,3,0,0.0004130304687350872,completed_raw
cpython3147_saved,base64,urlsafe_base64_small,3,1,0.00040263359380787733,completed_raw
cpython3147_saved,base64,urlsafe_base64_small,4,0,0.00040682187500351574,completed_raw
cpython3147_saved,base64,urlsafe_base64_small,4,1,0.00040923710935203417,completed_raw
cpython3147_saved,base64,urlsafe_base64_small,5,0,0.0004094347656291575,completed_raw
cpython3147_saved,base64,urlsafe_base64_small,5,1,0.0004050999999662963,completed_raw
cpython3147_saved,base64,urlsafe_base64_small,6,0,0.00041213789063476725,completed_raw
cpython3147_saved,base64,urlsafe_base64_small,6,1,0.0004104367187665048,completed_raw
cpython3147_saved,base64,urlsafe_base64_small,7,0,0.00041079843742863886,completed_raw
cpython3147_saved,base64,urlsafe_base64_small,7,1,0.00040743125009612413,completed_raw
cpython3147_saved,base64,urlsafe_base64_small,8,0,0.0004157171874794585,completed_raw
cpython3147_saved,base64,urlsafe_base64_small,8,1,0.00040219492188953154,completed_raw
cpython3147_saved,base64,urlsafe_base64_small,9,0,0.0004030500000453685,completed_raw
cpython3147_saved,base64,urlsafe_base64_small,9,1,0.00040578242192168545,completed_raw
cpython3147_saved,base64,urlsafe_base64_small,10,0,0.0004148910155663543,completed_raw
cpython3147_saved,base64,urlsafe_base64_small,10,1,0.0004193789062583164,completed_raw
cpython3147_saved,base64,base32_small,1,0,0.007617968749400461,completed_raw
cpython3147_saved,base64,base32_small,1,1,0.007561399999758578,completed_raw
cpython3147_saved,base64,base32_small,2,0,0.007930674999443,completed_raw
cpython3147_saved,base64,base32_small,2,1,0.00760377500046161,completed_raw
cpython3147_saved,base64,base32_small,3,0,0.00748695000038424,completed_raw
cpython3147_saved,base64,base32_small,3,1,0.007573324999611941,completed_raw
cpython3147_saved,base64,base32_small,4,0,0.007536981249359087,completed_raw
cpython3147_saved,base64,base32_small,4,1,0.007775443749778788,completed_raw
cpython3147_saved,base64,base32_small,5,0,0.007570243749796646,completed_raw
cpython3147_saved,base64,base32_small,5,1,0.007476937498722691,completed_raw
cpython3147_saved,base64,base32_small,6,0,0.007619250000061584,completed_raw
cpython3147_saved,base64,base32_small,6,1,0.007555668751592748,completed_raw
cpython3147_saved,base64,base32_small,7,0,0.00753064999844355,completed_raw
cpython3147_saved,base64,base32_small,7,1,0.007281437499841559,completed_raw
cpython3147_saved,base64,base32_small,8,0,0.0075046000001748325,completed_raw
cpython3147_saved,base64,base32_small,8,1,0.007716306248767069,completed_raw
cpython3147_saved,base64,base32_small,9,0,0.0074917500005540205,completed_raw
cpython3147_saved,base64,base32_small,9,1,0.007609849999425933,completed_raw
cpython3147_saved,base64,base32_small,10,0,0.007532106250437209,completed_raw
cpython3147_saved,base64,base32_small,10,1,0.007539706250099698,completed_raw
cpython3147_saved,base64,base32_large,1,0,0.3784913999843411,completed_raw
cpython3147_saved,base64,base32_large,1,1,0.37969830000656657,completed_raw
cpython3147_saved,base64,base32_large,2,0,0.3840613999927882,completed_raw
cpython3147_saved,base64,base32_large,2,1,0.385875500011025,completed_raw
cpython3147_saved,base64,base32_large,3,0,0.3910916000022553,completed_raw
cpython3147_saved,base64,base32_large,3,1,0.3930586999922525,completed_raw
cpython3147_saved,base64,base32_large,4,0,0.3879072000272572,completed_raw
cpython3147_saved,base64,base32_large,4,1,0.3877710000087973,completed_raw
cpython3147_saved,base64,base32_large,5,0,0.3860807000019122,completed_raw
cpython3147_saved,base64,base32_large,5,1,0.3882138000044506,completed_raw
cpython3147_saved,base64,base32_large,6,0,0.39233420000527985,completed_raw
cpython3147_saved,base64,base32_large,6,1,0.3897530999965966,completed_raw
cpython3147_saved,base64,base32_large,7,0,0.38158020001719706,completed_raw
cpython3147_saved,base64,base32_large,7,1,0.3832090000214521,completed_raw
cpython3147_saved,base64,base32_large,8,0,0.37756609998177737,completed_raw
cpython3147_saved,base64,base32_large,8,1,0.37801059999037534,completed_raw
cpython3147_saved,base64,base32_large,9,0,0.37544139998499304,completed_raw
cpython3147_saved,base64,base32_large,9,1,0.37216080000507645,completed_raw
cpython3147_saved,base64,base32_large,10,0,0.37664880001102574,completed_raw
cpython3147_saved,base64,base32_large,10,1,0.36886950000189245,completed_raw
cpython3147_saved,base64,base16_small,1,0,0.0002926537109715355,completed_raw
cpython3147_saved,base64,base16_small,1,1,0.00028699414065158635,completed_raw
cpython3147_saved,base64,base16_small,2,0,0.0002931613281020873,completed_raw
cpython3147_saved,base64,base16_small,2,1,0.0002947863281406171,completed_raw
cpython3147_saved,base64,base16_small,3,0,0.0002930974609398618,completed_raw
cpython3147_saved,base64,base16_small,3,1,0.00029121835939349694,completed_raw
cpython3147_saved,base64,base16_small,4,0,0.0002955722655997306,completed_raw
cpython3147_saved,base64,base16_small,4,1,0.0002910855469053786,completed_raw
cpython3147_saved,base64,base16_small,5,0,0.0002922968749885513,completed_raw
cpython3147_saved,base64,base16_small,5,1,0.0002956501953121915,completed_raw
cpython3147_saved,base64,base16_small,6,0,0.00029258945312449214,completed_raw
cpython3147_saved,base64,base16_small,6,1,0.00029258632810069685,completed_raw
cpython3147_saved,base64,base16_small,7,0,0.0002897728515449671,completed_raw
cpython3147_saved,base64,base16_small,7,1,0.000290990039047756,completed_raw
cpython3147_saved,base64,base16_small,8,0,0.000291533203153449,completed_raw
cpython3147_saved,base64,base16_small,8,1,0.00029469785158653394,completed_raw
cpython3147_saved,base64,base16_small,9,0,0.00029373359376450026,completed_raw
cpython3147_saved,base64,base16_small,9,1,0.000291653906231204,completed_raw
cpython3147_saved,base64,base16_small,10,0,0.0002932064452920713,completed_raw
cpython3147_saved,base64,base16_small,10,1,0.0002907115234052071,completed_raw
cpython3147_saved,base64,base16_large,1,0,0.00614941562525928,completed_raw
cpython3147_saved,base64,base16_large,1,1,0.006075012499422883,completed_raw
cpython3147_saved,base64,base16_large,2,0,0.006052612499843235,completed_raw
cpython3147_saved,base64,base16_large,2,1,0.006113600000389852,completed_raw
cpython3147_saved,base64,base16_large,3,0,0.006507790625619236,completed_raw
cpython3147_saved,base64,base16_large,3,1,0.006208168749253673,completed_raw
cpython3147_saved,base64,base16_large,4,0,0.0063547843747073784,completed_raw
cpython3147_saved,base64,base16_large,4,1,0.006329281250145868,completed_raw
cpython3147_saved,base64,base16_large,5,0,0.006281768749431649,completed_raw
cpython3147_saved,base64,base16_large,5,1,0.006084190625188057,completed_raw
cpython3147_saved,base64,base16_large,6,0,0.0061593249993165955,completed_raw
cpython3147_saved,base64,base16_large,6,1,0.0059651437504726346,completed_raw
cpython3147_saved,base64,base16_large,7,0,0.006360109375236789,completed_raw
cpython3147_saved,base64,base16_large,7,1,0.006247837500268361,completed_raw
cpython3147_saved,base64,base16_large,8,0,0.006118406249697728,completed_raw
cpython3147_saved,base64,base16_large,8,1,0.006107012500251585,completed_raw
cpython3147_saved,base64,base16_large,9,0,0.006155440624752373,completed_raw
cpython3147_saved,base64,base16_large,9,1,0.006313087499620451,completed_raw
cpython3147_saved,base64,base16_large,10,0,0.00616495312533516,completed_raw
cpython3147_saved,base64,base16_large,10,1,0.006217928124897298,completed_raw
cpython3147_saved,base64,ascii85_small,1,0,0.01572334999946179,completed_raw
cpython3147_saved,base64,ascii85_small,1,1,0.015531837500020629,completed_raw
cpython3147_saved,base64,ascii85_small,2,0,0.0162139375024708,completed_raw
cpython3147_saved,base64,ascii85_small,2,1,0.016080262499599485,completed_raw
cpython3147_saved,base64,ascii85_small,3,0,0.016072900001745438,completed_raw
cpython3147_saved,base64,ascii85_small,3,1,0.016198150002310285,completed_raw
cpython3147_saved,base64,ascii85_small,4,0,0.016113537498313235,completed_raw
cpython3147_saved,base64,ascii85_small,4,1,0.016130575000715908,completed_raw
cpython3147_saved,base64,ascii85_small,5,0,0.01609230000030948,completed_raw
cpython3147_saved,base64,ascii85_small,5,1,0.015849299998080824,completed_raw
cpython3147_saved,base64,ascii85_small,6,0,0.01576718749856809,completed_raw
cpython3147_saved,base64,ascii85_small,6,1,0.015697462502430426,completed_raw
cpython3147_saved,base64,ascii85_small,7,0,0.0159931999987748,completed_raw
cpython3147_saved,base64,ascii85_small,7,1,0.01616749999811873,completed_raw
cpython3147_saved,base64,ascii85_small,8,0,0.016210887501074467,completed_raw
cpython3147_saved,base64,ascii85_small,8,1,0.016183625000849133,completed_raw
cpython3147_saved,base64,ascii85_small,9,0,0.01612548750199494,completed_raw
cpython3147_saved,base64,ascii85_small,9,1,0.016188312500162283,completed_raw
cpython3147_saved,base64,ascii85_small,10,0,0.0162629750011547,completed_raw
cpython3147_saved,base64,ascii85_small,10,1,0.016220762499870034,completed_raw
cpython3147_saved,base64,ascii85_large,1,0,0.8520980000030249,completed_raw
cpython3147_saved,base64,ascii85_large,1,1,0.8582142999803182,completed_raw
cpython3147_saved,base64,ascii85_large,2,0,0.8534880000224803,completed_raw
cpython3147_saved,base64,ascii85_large,2,1,0.8427534000074957,completed_raw
cpython3147_saved,base64,ascii85_large,3,0,0.8587319999933243,completed_raw
cpython3147_saved,base64,ascii85_large,3,1,0.8576152000168804,completed_raw
cpython3147_saved,base64,ascii85_large,4,0,0.852162800001679,completed_raw
cpython3147_saved,base64,ascii85_large,4,1,0.8465108999807853,completed_raw
cpython3147_saved,base64,ascii85_large,5,0,0.8487693000060972,completed_raw
cpython3147_saved,base64,ascii85_large,5,1,0.8524338999995962,completed_raw
cpython3147_saved,base64,ascii85_large,6,0,0.8436220000148751,completed_raw
cpython3147_saved,base64,ascii85_large,6,1,0.8454479000065476,completed_raw
cpython3147_saved,base64,ascii85_large,7,0,0.848876800009748,completed_raw
cpython3147_saved,base64,ascii85_large,7,1,0.8509849999973085,completed_raw
cpython3147_saved,base64,ascii85_large,8,0,0.8462977999879513,completed_raw
cpython3147_saved,base64,ascii85_large,8,1,0.8507253999996465,completed_raw
cpython3147_saved,base64,ascii85_large,9,0,0.8604626999876928,completed_raw
cpython3147_saved,base64,ascii85_large,9,1,0.8599352999881376,completed_raw
cpython3147_saved,base64,ascii85_large,10,0,0.8533682999841403,completed_raw
cpython3147_saved,base64,ascii85_large,10,1,0.8527866000076756,completed_raw
cpython3147_saved,base64,base85_small,1,0,0.005576684375228069,completed_raw
cpython3147_saved,base64,base85_small,1,1,0.005563209374486178,completed_raw
cpython3147_saved,base64,base85_small,2,0,0.005393806250140187,completed_raw
cpython3147_saved,base64,base85_small,2,1,0.0053703156245319406,completed_raw
cpython3147_saved,base64,base85_small,3,0,0.005324731249856995,completed_raw
cpython3147_saved,base64,base85_small,3,1,0.005336690624972107,completed_raw
cpython3147_saved,base64,base85_small,4,0,0.005443215624836739,completed_raw
cpython3147_saved,base64,base85_small,4,1,0.005401534374868788,completed_raw
cpython3147_saved,base64,base85_small,5,0,0.005607393750324263,completed_raw
cpython3147_saved,base64,base85_small,5,1,0.005610574999991513,completed_raw
cpython3147_saved,base64,base85_small,6,0,0.005501065625139745,completed_raw
cpython3147_saved,base64,base85_small,6,1,0.00546048437445279,completed_raw
cpython3147_saved,base64,base85_small,7,0,0.00553230312470987,completed_raw
cpython3147_saved,base64,base85_small,7,1,0.0055351406253976165,completed_raw
cpython3147_saved,base64,base85_small,8,0,0.005502431249624351,completed_raw
cpython3147_saved,base64,base85_small,8,1,0.00547321562498837,completed_raw
cpython3147_saved,base64,base85_small,9,0,0.005440896875370527,completed_raw
cpython3147_saved,base64,base85_small,9,1,0.005502490625076462,completed_raw
cpython3147_saved,base64,base85_small,10,0,0.005545328124753723,completed_raw
cpython3147_saved,base64,base85_small,10,1,0.005550824999772885,completed_raw
cpython3147_saved,base64,base85_large,1,0,0.2992515999940224,completed_raw
cpython3147_saved,base64,base85_large,1,1,0.30099820002214983,completed_raw
cpython3147_saved,base64,base85_large,2,0,0.2987431000219658,completed_raw
cpython3147_saved,base64,base85_large,2,1,0.29347010000492446,completed_raw
cpython3147_saved,base64,base85_large,3,0,0.29746800000430085,completed_raw
cpython3147_saved,base64,base85_large,3,1,0.2987315999926068,completed_raw
cpython3147_saved,base64,base85_large,4,0,0.29702590001397766,completed_raw
cpython3147_saved,base64,base85_large,4,1,0.2990335999929812,completed_raw
cpython3147_saved,base64,base85_large,5,0,0.30022219999227673,completed_raw
cpython3147_saved,base64,base85_large,5,1,0.30730580000090413,completed_raw
cpython3147_saved,base64,base85_large,6,0,0.30017669999506325,completed_raw
cpython3147_saved,base64,base85_large,6,1,0.3026300999918021,completed_raw
cpython3147_saved,base64,base85_large,7,0,0.3013712000101805,completed_raw
cpython3147_saved,base64,base85_large,7,1,0.30072599998675287,completed_raw
cpython3147_saved,base64,base85_large,8,0,0.29762870000558905,completed_raw
cpython3147_saved,base64,base85_large,8,1,0.29742840002290905,completed_raw
cpython3147_saved,base64,base85_large,9,0,0.29616210001404397,completed_raw
cpython3147_saved,base64,base85_large,9,1,0.3005260000063572,completed_raw
cpython3147_saved,base64,base85_large,10,0,0.30396509999991395,completed_raw
cpython3147_saved,base64,base85_large,10,1,0.2987999999895692,completed_raw
cpython3147_saved,bpe_tokeniser,bpe_tokeniser,1,0,3.578314499987755,completed_raw
cpython3147_saved,bpe_tokeniser,bpe_tokeniser,1,1,3.612936899997294,completed_raw
cpython3147_saved,bpe_tokeniser,bpe_tokeniser,2,0,3.5679693999991287,completed_raw
cpython3147_saved,bpe_tokeniser,bpe_tokeniser,2,1,3.5640276999911293,completed_raw
cpython3147_saved,bpe_tokeniser,bpe_tokeniser,3,0,3.5583781999885105,completed_raw
cpython3147_saved,bpe_tokeniser,bpe_tokeniser,3,1,3.574381299986271,completed_raw
cpython3147_saved,bpe_tokeniser,bpe_tokeniser,4,0,3.600639999989653,completed_raw
cpython3147_saved,bpe_tokeniser,bpe_tokeniser,4,1,3.6048579000052996,completed_raw
cpython3147_saved,bpe_tokeniser,bpe_tokeniser,5,0,3.595690000016475,completed_raw
cpython3147_saved,bpe_tokeniser,bpe_tokeniser,5,1,3.61182820002432,completed_raw
cpython3147_saved,bpe_tokeniser,bpe_tokeniser,6,0,3.5969562999962363,completed_raw
cpython3147_saved,bpe_tokeniser,bpe_tokeniser,6,1,3.6043862999940757,completed_raw
cpython3147_saved,bpe_tokeniser,bpe_tokeniser,7,0,3.5866313999868,completed_raw
cpython3147_saved,bpe_tokeniser,bpe_tokeniser,7,1,3.6057578999898396,completed_raw
cpython3147_saved,bpe_tokeniser,bpe_tokeniser,8,0,3.6098004000086803,completed_raw
cpython3147_saved,bpe_tokeniser,bpe_tokeniser,8,1,3.5948808999964967,completed_raw
cpython3147_saved,bpe_tokeniser,bpe_tokeniser,9,0,3.588763400010066,completed_raw
cpython3147_saved,bpe_tokeniser,bpe_tokeniser,9,1,3.5518881999887526,completed_raw
cpython3147_saved,bpe_tokeniser,bpe_tokeniser,10,0,3.5393397999869194,completed_raw
cpython3147_saved,bpe_tokeniser,bpe_tokeniser,10,1,3.5710232999990694,completed_raw
cpython3147_saved,chameleon,chameleon,1,0,0.01180001875036396,completed_raw
cpython3147_saved,chameleon,chameleon,1,1,0.0118235874997481,completed_raw
cpython3147_saved,chameleon,chameleon,2,0,0.011626487499597715,completed_raw
cpython3147_saved,chameleon,chameleon,2,1,0.011733956249372568,completed_raw
cpython3147_saved,chameleon,chameleon,3,0,0.012027862499962794,completed_raw
cpython3147_saved,chameleon,chameleon,3,1,0.011670362500808551,completed_raw
cpython3147_saved,chameleon,chameleon,4,0,0.011635487500825548,completed_raw
cpython3147_saved,chameleon,chameleon,4,1,0.011818324999694596,completed_raw
cpython3147_saved,chameleon,chameleon,5,0,0.011681993750244146,completed_raw
cpython3147_saved,chameleon,chameleon,5,1,0.011352762501701363,completed_raw
cpython3147_saved,chameleon,chameleon,6,0,0.011459418748927419,completed_raw
cpython3147_saved,chameleon,chameleon,6,1,0.011744156250642845,completed_raw
cpython3147_saved,chameleon,chameleon,7,0,0.01172051249886863,completed_raw
cpython3147_saved,chameleon,chameleon,7,1,0.011463881250165286,completed_raw
cpython3147_saved,chameleon,chameleon,8,0,0.011335625000356231,completed_raw
cpython3147_saved,chameleon,chameleon,8,1,0.01120053124941478,completed_raw
cpython3147_saved,chameleon,chameleon,9,0,0.011436574999606819,completed_raw
cpython3147_saved,chameleon,chameleon,9,1,0.01140092500099854,completed_raw
cpython3147_saved,chameleon,chameleon,10,0,0.011535237501448137,completed_raw
cpython3147_saved,chameleon,chameleon,10,1,0.011539299999640207,completed_raw
cpython3147_saved,chaos,chaos,1,0,0.04834984999615699,completed_raw
cpython3147_saved,chaos,chaos,1,1,0.04679272499924991,completed_raw
cpython3147_saved,chaos,chaos,2,0,0.046597175001807045,completed_raw
cpython3147_saved,chaos,chaos,2,1,0.046762600002693944,completed_raw
cpython3147_saved,chaos,chaos,3,0,0.04669094999553636,completed_raw
cpython3147_saved,chaos,chaos,3,1,0.04877482499432517,completed_raw
cpython3147_saved,chaos,chaos,4,0,0.04805717500130413,completed_raw
cpython3147_saved,chaos,chaos,4,1,0.04976922499918146,completed_raw
cpython3147_saved,chaos,chaos,5,0,0.049041799997212365,completed_raw
cpython3147_saved,chaos,chaos,5,1,0.05072137499519158,completed_raw
cpython3147_saved,chaos,chaos,6,0,0.047177050000755116,completed_raw
cpython3147_saved,chaos,chaos,6,1,0.04830204999598209,completed_raw
cpython3147_saved,chaos,chaos,7,0,0.04999702500208514,completed_raw
cpython3147_saved,chaos,chaos,7,1,0.048945000002277084,completed_raw
cpython3147_saved,chaos,chaos,8,0,0.047121150004386436,completed_raw
cpython3147_saved,chaos,chaos,8,1,0.04895950000354787,completed_raw
cpython3147_saved,chaos,chaos,9,0,0.0479102250028518,completed_raw
cpython3147_saved,chaos,chaos,9,1,0.04945004999899538,completed_raw
cpython3147_saved,chaos,chaos,10,0,0.047426775003259536,completed_raw
cpython3147_saved,chaos,chaos,10,1,0.04661607500020182,completed_raw
cpython3147_saved,comprehensions,comprehensions,1,0,1.3592126467898424e-05,completed_raw
cpython3147_saved,comprehensions,comprehensions,1,1,1.343745117310391e-05,completed_raw
cpython3147_saved,comprehensions,comprehensions,2,0,1.4370922851725254e-05,completed_raw
cpython3147_saved,comprehensions,comprehensions,2,1,1.4467749025470766e-05,completed_raw
cpython3147_saved,comprehensions,comprehensions,3,0,1.4606054687504866e-05,completed_raw
cpython3147_saved,comprehensions,comprehensions,3,1,1.3949621582298732e-05,completed_raw
cpython3147_saved,comprehensions,comprehensions,4,0,1.3659997556203507e-05,completed_raw
cpython3147_saved,comprehensions,comprehensions,4,1,1.3601818846353808e-05,completed_raw
cpython3147_saved,comprehensions,comprehensions,5,0,1.3895483398584929e-05,completed_raw
cpython3147_saved,comprehensions,comprehensions,5,1,1.3901416014761026e-05,completed_raw
cpython3147_saved,comprehensions,comprehensions,6,0,1.4495422362870158e-05,completed_raw
cpython3147_saved,comprehensions,comprehensions,6,1,1.434887695239695e-05,completed_raw
cpython3147_saved,comprehensions,comprehensions,7,0,1.3772497556630015e-05,completed_raw
cpython3147_saved,comprehensions,comprehensions,7,1,1.3702880860222422e-05,completed_raw
cpython3147_saved,comprehensions,comprehensions,8,0,1.3519409179707509e-05,completed_raw
cpython3147_saved,comprehensions,comprehensions,8,1,1.3908007812091228e-05,completed_raw
cpython3147_saved,comprehensions,comprehensions,9,0,1.4024218749852935e-05,completed_raw
cpython3147_saved,comprehensions,comprehensions,9,1,1.3507824704106497e-05,completed_raw
cpython3147_saved,comprehensions,comprehensions,10,0,1.403382568199163e-05,completed_raw
cpython3147_saved,comprehensions,comprehensions,10,1,1.4445959472197956e-05,completed_raw
cpython3147_saved,concurrent_imap,bench_mp_pool,1,0,0.1438810999970883,completed_raw
cpython3147_saved,concurrent_imap,bench_mp_pool,1,1,0.14195079999626614,completed_raw
cpython3147_saved,concurrent_imap,bench_mp_pool,2,0,0.14211720001185313,completed_raw
cpython3147_saved,concurrent_imap,bench_mp_pool,2,1,0.14608289999887347,completed_raw
cpython3147_saved,concurrent_imap,bench_mp_pool,3,0,0.1481041999941226,completed_raw
cpython3147_saved,concurrent_imap,bench_mp_pool,3,1,0.13855569998850115,completed_raw
cpython3147_saved,concurrent_imap,bench_mp_pool,4,0,0.13988220001920126,completed_raw
cpython3147_saved,concurrent_imap,bench_mp_pool,4,1,0.15322780000860803,completed_raw
cpython3147_saved,concurrent_imap,bench_mp_pool,5,0,0.14271040001767687,completed_raw
cpython3147_saved,concurrent_imap,bench_mp_pool,5,1,0.1487831999838818,completed_raw
cpython3147_saved,concurrent_imap,bench_mp_pool,6,0,0.14149839998572133,completed_raw
cpython3147_saved,concurrent_imap,bench_mp_pool,6,1,0.14812979998532683,completed_raw
cpython3147_saved,concurrent_imap,bench_mp_pool,7,0,0.16295430000172928,completed_raw
cpython3147_saved,concurrent_imap,bench_mp_pool,7,1,0.2975735999934841,completed_raw
cpython3147_saved,concurrent_imap,bench_mp_pool,8,0,0.14290820001042448,completed_raw
cpython3147_saved,concurrent_imap,bench_mp_pool,8,1,0.1460359999909997,completed_raw
cpython3147_saved,concurrent_imap,bench_mp_pool,9,0,0.15044279998983257,completed_raw
cpython3147_saved,concurrent_imap,bench_mp_pool,9,1,0.14760419999947771,completed_raw
cpython3147_saved,concurrent_imap,bench_mp_pool,10,0,0.15150029998039827,completed_raw
cpython3147_saved,concurrent_imap,bench_mp_pool,10,1,0.14321780001046136,completed_raw
cpython3147_saved,concurrent_imap,bench_thread_pool,1,0,0.000978416406269389,completed_raw
cpython3147_saved,concurrent_imap,bench_thread_pool,1,1,0.0010317710937215452,completed_raw
cpython3147_saved,concurrent_imap,bench_thread_pool,2,0,0.0011059367186589952,completed_raw
cpython3147_saved,concurrent_imap,bench_thread_pool,2,1,0.0010736765623278188,completed_raw
cpython3147_saved,concurrent_imap,bench_thread_pool,3,0,0.0010661617188816308,completed_raw
cpython3147_saved,concurrent_imap,bench_thread_pool,3,1,0.0010944812499928958,completed_raw
cpython3147_saved,concurrent_imap,bench_thread_pool,4,0,0.0010999351561622461,completed_raw
cpython3147_saved,concurrent_imap,bench_thread_pool,4,1,0.0009778242188076547,completed_raw
cpython3147_saved,concurrent_imap,bench_thread_pool,5,0,0.0010245640623907093,completed_raw
cpython3147_saved,concurrent_imap,bench_thread_pool,5,1,0.0009694234374819644,completed_raw
cpython3147_saved,concurrent_imap,bench_thread_pool,6,0,0.0010490195313650474,completed_raw
cpython3147_saved,concurrent_imap,bench_thread_pool,6,1,0.0010472843748630112,completed_raw
cpython3147_saved,concurrent_imap,bench_thread_pool,7,0,0.0009581632812114549,completed_raw
cpython3147_saved,concurrent_imap,bench_thread_pool,7,1,0.0009629750002204673,completed_raw
cpython3147_saved,concurrent_imap,bench_thread_pool,8,0,0.0009891070312733063,completed_raw
cpython3147_saved,concurrent_imap,bench_thread_pool,8,1,0.0009545320313009142,completed_raw
cpython3147_saved,concurrent_imap,bench_thread_pool,9,0,0.0009559874999922613,completed_raw
cpython3147_saved,concurrent_imap,bench_thread_pool,9,1,0.000924207031403057,completed_raw
cpython3147_saved,concurrent_imap,bench_thread_pool,10,0,0.0009389734373144165,completed_raw
cpython3147_saved,concurrent_imap,bench_thread_pool,10,1,0.0009295945312715048,completed_raw
cpython3147_saved,coroutines,coroutines,1,0,0.016755262498918455,completed_raw
cpython3147_saved,coroutines,coroutines,1,1,0.01727184999981546,completed_raw
cpython3147_saved,coroutines,coroutines,2,0,0.017376262501784367,completed_raw
cpython3147_saved,coroutines,coroutines,2,1,0.017941149999387562,completed_raw
cpython3147_saved,coroutines,coroutines,3,0,0.017496950000349898,completed_raw
cpython3147_saved,coroutines,coroutines,3,1,0.017053687501174863,completed_raw
cpython3147_saved,coroutines,coroutines,4,0,0.01730557500195573,completed_raw
cpython3147_saved,coroutines,coroutines,4,1,0.016757024997787084,completed_raw
cpython3147_saved,coroutines,coroutines,5,0,0.017486787499365164,completed_raw
cpython3147_saved,coroutines,coroutines,5,1,0.01751479999802541,completed_raw
cpython3147_saved,coroutines,coroutines,6,0,0.01721055000234628,completed_raw
cpython3147_saved,coroutines,coroutines,6,1,0.01679715000136639,completed_raw
cpython3147_saved,coroutines,coroutines,7,0,0.017046012500941288,completed_raw
cpython3147_saved,coroutines,coroutines,7,1,0.018267237501277123,completed_raw
cpython3147_saved,coroutines,coroutines,8,0,0.01791858749857056,completed_raw
cpython3147_saved,coroutines,coroutines,8,1,0.017212374998052837,completed_raw
cpython3147_saved,coroutines,coroutines,9,0,0.018218212499050424,completed_raw
cpython3147_saved,coroutines,coroutines,9,1,0.017009374998451676,completed_raw
cpython3147_saved,coroutines,coroutines,10,0,0.017646062500716653,completed_raw
cpython3147_saved,coroutines,coroutines,10,1,0.01792800000112038,completed_raw
cpython3147_saved,coverage,coverage,1,0,0.06668220000574365,completed_raw
cpython3147_saved,coverage,coverage,1,1,0.06754545000148937,completed_raw
cpython3147_saved,coverage,coverage,2,0,0.06395200001134071,completed_raw
cpython3147_saved,coverage,coverage,2,1,0.0652952000091318,completed_raw
cpython3147_saved,coverage,coverage,3,0,0.06626899998809677,completed_raw
cpython3147_saved,coverage,coverage,3,1,0.06766809998953249,completed_raw
cpython3147_saved,coverage,coverage,4,0,0.06489855000108946,completed_raw
cpython3147_saved,coverage,coverage,4,1,0.06414015000336803,completed_raw
cpython3147_saved,coverage,coverage,5,0,0.06175934999191668,completed_raw
cpython3147_saved,coverage,coverage,5,1,0.06573124999704305,completed_raw
cpython3147_saved,coverage,coverage,6,0,0.0641983999958029,completed_raw
cpython3147_saved,coverage,coverage,6,1,0.06397035000554752,completed_raw
cpython3147_saved,coverage,coverage,7,0,0.06461464999301825,completed_raw
cpython3147_saved,coverage,coverage,7,1,0.06672565000189934,completed_raw
cpython3147_saved,coverage,coverage,8,0,0.06640310000511818,completed_raw
cpython3147_saved,coverage,coverage,8,1,0.06705800000054296,completed_raw
cpython3147_saved,coverage,coverage,9,0,0.06554134999169037,completed_raw
cpython3147_saved,coverage,coverage,9,1,0.06660705000103917,completed_raw
cpython3147_saved,coverage,coverage,10,0,0.06456944999808911,completed_raw
cpython3147_saved,coverage,coverage,10,1,0.06663154999841936,completed_raw
cpython3147_saved,crypto_pyaes,crypto_pyaes,1,0,0.05941845000779722,completed_raw
cpython3147_saved,crypto_pyaes,crypto_pyaes,1,1,0.05857105000177398,completed_raw
cpython3147_saved,crypto_pyaes,crypto_pyaes,2,0,0.05726854999375064,completed_raw
cpython3147_saved,crypto_pyaes,crypto_pyaes,2,1,0.05801054999756161,completed_raw
cpython3147_saved,crypto_pyaes,crypto_pyaes,3,0,0.0557377500081202,completed_raw
cpython3147_saved,crypto_pyaes,crypto_pyaes,3,1,0.05493974999990314,completed_raw
cpython3147_saved,crypto_pyaes,crypto_pyaes,4,0,0.05915115000971127,completed_raw
cpython3147_saved,crypto_pyaes,crypto_pyaes,4,1,0.05823490000329912,completed_raw
cpython3147_saved,crypto_pyaes,crypto_pyaes,5,0,0.05741629999829456,completed_raw
cpython3147_saved,crypto_pyaes,crypto_pyaes,5,1,0.05790369999886025,completed_raw
cpython3147_saved,crypto_pyaes,crypto_pyaes,6,0,0.05772670000442304,completed_raw
cpython3147_saved,crypto_pyaes,crypto_pyaes,6,1,0.0584291499981191,completed_raw
cpython3147_saved,crypto_pyaes,crypto_pyaes,7,0,0.05557940001017414,completed_raw
cpython3147_saved,crypto_pyaes,crypto_pyaes,7,1,0.05712330000824295,completed_raw
cpython3147_saved,crypto_pyaes,crypto_pyaes,8,0,0.05832744999497663,completed_raw
cpython3147_saved,crypto_pyaes,crypto_pyaes,8,1,0.057716549999895506,completed_raw
cpython3147_saved,crypto_pyaes,crypto_pyaes,9,0,0.057049700000789016,completed_raw
cpython3147_saved,crypto_pyaes,crypto_pyaes,9,1,0.057481050011119805,completed_raw
cpython3147_saved,crypto_pyaes,crypto_pyaes,10,0,0.056909200007794425,completed_raw
cpython3147_saved,crypto_pyaes,crypto_pyaes,10,1,0.05809345000307076,completed_raw
cpython3147_saved,dask,dask,1,0,0.958531700016465,completed_raw
cpython3147_saved,dask,dask,1,1,0.8867180999950506,completed_raw
cpython3147_saved,dask,dask,2,0,0.9280923999904189,completed_raw
cpython3147_saved,dask,dask,2,1,0.9570209000085015,completed_raw
cpython3147_saved,dask,dask,3,0,0.9110792000137735,completed_raw
cpython3147_saved,dask,dask,3,1,0.9749668999866117,completed_raw
cpython3147_saved,dask,dask,4,0,0.9128849000262562,completed_raw
cpython3147_saved,dask,dask,4,1,0.8702976000204217,completed_raw
cpython3147_saved,dask,dask,5,0,1.012929799995618,completed_raw
cpython3147_saved,dask,dask,5,1,0.9372138000035193,completed_raw
cpython3147_saved,dask,dask,6,0,0.9653774999896996,completed_raw
cpython3147_saved,dask,dask,6,1,0.8602150999940932,completed_raw
cpython3147_saved,dask,dask,7,0,0.9166260000201873,completed_raw
cpython3147_saved,dask,dask,7,1,0.9526894000009634,completed_raw
cpython3147_saved,dask,dask,8,0,0.9296616000065114,completed_raw
cpython3147_saved,dask,dask,8,1,0.8702110000012908,completed_raw
cpython3147_saved,dask,dask,9,0,0.9264399000094272,completed_raw
cpython3147_saved,dask,dask,9,1,0.8956194999918807,completed_raw
cpython3147_saved,dask,dask,10,0,0.9339279000123497,completed_raw
cpython3147_saved,dask,dask,10,1,0.9159642000158783,completed_raw
cpython3147_saved,deepcopy,deepcopy,1,0,0.00021017206972828717,completed_raw
cpython3147_saved,deepcopy,deepcopy,1,1,0.0002200654286639292,completed_raw
cpython3147_saved,deepcopy,deepcopy,2,0,0.00021533007816287864,completed_raw
cpython3147_saved,deepcopy,deepcopy,2,1,0.0002185540989216861,completed_raw
cpython3147_saved,deepcopy,deepcopy,3,0,0.00020660605088096418,completed_raw
cpython3147_saved,deepcopy,deepcopy,3,1,0.0002142162102813927,completed_raw
cpython3147_saved,deepcopy,deepcopy,4,0,0.00021322695317849139,completed_raw
cpython3147_saved,deepcopy,deepcopy,4,1,0.000213368753065879,completed_raw
cpython3147_saved,deepcopy,deepcopy,5,0,0.0001977789077614034,completed_raw
cpython3147_saved,deepcopy,deepcopy,5,1,0.00019926113338897267,completed_raw
cpython3147_saved,deepcopy,deepcopy,6,0,0.00020853808399579066,completed_raw
cpython3147_saved,deepcopy,deepcopy,6,1,0.00021007695301022977,completed_raw
cpython3147_saved,deepcopy,deepcopy,7,0,0.00020299922164213058,completed_raw
cpython3147_saved,deepcopy,deepcopy,7,1,0.00021675663793985223,completed_raw
cpython3147_saved,deepcopy,deepcopy,8,0,0.00020580488245514061,completed_raw
cpython3147_saved,deepcopy,deepcopy,8,1,0.00021344862898331485,completed_raw
cpython3147_saved,deepcopy,deepcopy,9,0,0.00020628379098752703,completed_raw
cpython3147_saved,deepcopy,deepcopy,9,1,0.00022212109178099126,completed_raw
cpython3147_saved,deepcopy,deepcopy,10,0,0.00020806386862659565,completed_raw
cpython3147_saved,deepcopy,deepcopy,10,1,0.00021378769667990127,completed_raw
cpython3147_saved,deepcopy,deepcopy_reduce,1,0,2.1370407106147127e-06,completed_raw
cpython3147_saved,deepcopy,deepcopy_reduce,1,1,2.2172683715737662e-06,completed_raw
cpython3147_saved,deepcopy,deepcopy_reduce,2,0,2.2433517457010055e-06,completed_raw
cpython3147_saved,deepcopy,deepcopy_reduce,2,1,2.306164550436307e-06,completed_raw
cpython3147_saved,deepcopy,deepcopy_reduce,3,0,2.177020263616214e-06,completed_raw
cpython3147_saved,deepcopy,deepcopy_reduce,3,1,2.1202499387307228e-06,completed_raw
cpython3147_saved,deepcopy,deepcopy_reduce,4,0,2.1548400876980622e-06,completed_raw
cpython3147_saved,deepcopy,deepcopy_reduce,4,1,2.186442566110003e-06,completed_raw
cpython3147_saved,deepcopy,deepcopy_reduce,5,0,2.1225357054177607e-06,completed_raw
cpython3147_saved,deepcopy,deepcopy_reduce,5,1,2.236045837378242e-06,completed_raw
cpython3147_saved,deepcopy,deepcopy_reduce,6,0,2.2426071168979433e-06,completed_raw
cpython3147_saved,deepcopy,deepcopy_reduce,6,1,2.2637985228612933e-06,completed_raw
cpython3147_saved,deepcopy,deepcopy_reduce,7,0,2.231498718252567e-06,completed_raw
cpython3147_saved,deepcopy,deepcopy_reduce,7,1,2.2181335448401285e-06,completed_raw
cpython3147_saved,deepcopy,deepcopy_reduce,8,0,2.490737915028518e-06,completed_raw
cpython3147_saved,deepcopy,deepcopy_reduce,8,1,2.3479980471030615e-06,completed_raw
cpython3147_saved,deepcopy,deepcopy_reduce,9,0,2.141017150680824e-06,completed_raw
cpython3147_saved,deepcopy,deepcopy_reduce,9,1,2.1538711547641753e-06,completed_raw
cpython3147_saved,deepcopy,deepcopy_reduce,10,0,2.1498489379823127e-06,completed_raw
cpython3147_saved,deepcopy,deepcopy_reduce,10,1,2.1180130005404862e-06,completed_raw
cpython3147_saved,deepcopy,deepcopy_memo,1,0,2.2647436523470788e-05,completed_raw
cpython3147_saved,deepcopy,deepcopy_memo,1,1,2.2735607910107092e-05,completed_raw
cpython3147_saved,deepcopy,deepcopy_memo,2,0,2.2865734862875797e-05,completed_raw
cpython3147_saved,deepcopy,deepcopy_memo,2,1,2.176464843728354e-05,completed_raw
cpython3147_saved,deepcopy,deepcopy_memo,3,0,2.159241943289203e-05,completed_raw
cpython3147_saved,deepcopy,deepcopy_memo,3,1,2.124528808522541e-05,completed_raw
cpython3147_saved,deepcopy,deepcopy_memo,4,0,2.183497314334204e-05,completed_raw
cpython3147_saved,deepcopy,deepcopy_memo,4,1,2.221320800899207e-05,completed_raw
cpython3147_saved,deepcopy,deepcopy_memo,5,0,2.1431433108176634e-05,completed_raw
cpython3147_saved,deepcopy,deepcopy_memo,5,1,2.163101806829104e-05,completed_raw
cpython3147_saved,deepcopy,deepcopy_memo,6,0,2.1355688478053025e-05,completed_raw
cpython3147_saved,deepcopy,deepcopy_memo,6,1,2.152644042752172e-05,completed_raw
cpython3147_saved,deepcopy,deepcopy_memo,7,0,2.1588586424314826e-05,completed_raw
cpython3147_saved,deepcopy,deepcopy_memo,7,1,2.189118652395905e-05,completed_raw
cpython3147_saved,deepcopy,deepcopy_memo,8,0,2.1600146485667437e-05,completed_raw
cpython3147_saved,deepcopy,deepcopy_memo,8,1,2.190793457046425e-05,completed_raw
cpython3147_saved,deepcopy,deepcopy_memo,9,0,2.134261474395771e-05,completed_raw
cpython3147_saved,deepcopy,deepcopy_memo,9,1,2.1567077634898624e-05,completed_raw
cpython3147_saved,deepcopy,deepcopy_memo,10,0,2.178824463072715e-05,completed_raw
cpython3147_saved,deepcopy,deepcopy_memo,10,1,2.2067639157796748e-05,completed_raw
cpython3147_saved,deltablue,deltablue,1,0,0.0024918296876421664,completed_raw
cpython3147_saved,deltablue,deltablue,1,1,0.002469354687491432,completed_raw
cpython3147_saved,deltablue,deltablue,2,0,0.002550198437347717,completed_raw
cpython3147_saved,deltablue,deltablue,2,1,0.002434279687349772,completed_raw
cpython3147_saved,deltablue,deltablue,3,0,0.0024602203125141386,completed_raw
cpython3147_saved,deltablue,deltablue,3,1,0.002501584374840604,completed_raw
cpython3147_saved,deltablue,deltablue,4,0,0.0024959484376267937,completed_raw
cpython3147_saved,deltablue,deltablue,4,1,0.0024738109373174666,completed_raw
cpython3147_saved,deltablue,deltablue,5,0,0.0025281578123212967,completed_raw
cpython3147_saved,deltablue,deltablue,5,1,0.0026018656249107153,completed_raw
cpython3147_saved,deltablue,deltablue,6,0,0.0025390281248292013,completed_raw
cpython3147_saved,deltablue,deltablue,6,1,0.0026689906253523077,completed_raw
cpython3147_saved,deltablue,deltablue,7,0,0.002632718750191998,completed_raw
cpython3147_saved,deltablue,deltablue,7,1,0.0026097437498719955,completed_raw
cpython3147_saved,deltablue,deltablue,8,0,0.0025315234374829743,completed_raw
cpython3147_saved,deltablue,deltablue,8,1,0.00251460625031541,completed_raw
cpython3147_saved,deltablue,deltablue,9,0,0.0024399296876254084,completed_raw
cpython3147_saved,deltablue,deltablue,9,1,0.002410171874998923,completed_raw
cpython3147_saved,deltablue,deltablue,10,0,0.0025236484375454893,completed_raw
cpython3147_saved,deltablue,deltablue,10,1,0.002435135937503219,completed_raw
cpython3147_saved,django_template,django_template,1,0,0.029292974999407306,completed_raw
cpython3147_saved,django_template,django_template,1,1,0.030142300005536526,completed_raw
cpython3147_saved,django_template,django_template,2,0,0.027805500001704786,completed_raw
cpython3147_saved,django_template,django_template,2,1,0.02783462499792222,completed_raw
cpython3147_saved,django_template,django_template,3,0,0.02787137500126846,completed_raw
cpython3147_saved,django_template,django_template,3,1,0.02801957500196295,completed_raw
cpython3147_saved,django_template,django_template,4,0,0.028103600001486484,completed_raw
cpython3147_saved,django_template,django_template,4,1,0.027919149993977044,completed_raw
cpython3147_saved,django_template,django_template,5,0,0.029975799996464048,completed_raw
cpython3147_saved,django_template,django_template,5,1,0.03008159999444615,completed_raw
cpython3147_saved,django_template,django_template,6,0,0.028888250002637506,completed_raw
cpython3147_saved,django_template,django_template,6,1,0.029744399995252024,completed_raw
cpython3147_saved,django_template,django_template,7,0,0.029213825000624638,completed_raw
cpython3147_saved,django_template,django_template,7,1,0.030097174996626563,completed_raw
cpython3147_saved,django_template,django_template,8,0,0.02837849999923492,completed_raw
cpython3147_saved,django_template,django_template,8,1,0.02846424999734154,completed_raw
cpython3147_saved,django_template,django_template,9,0,0.030479999993985984,completed_raw
cpython3147_saved,django_template,django_template,9,1,0.029568975005531684,completed_raw
cpython3147_saved,django_template,django_template,10,0,0.027588250006374437,completed_raw
cpython3147_saved,django_template,django_template,10,1,0.027965650006080978,completed_raw
cpython3147_saved,docutils,docutils,1,0,1.7983377999917138,completed_raw
cpython3147_saved,docutils,docutils,1,1,1.841041899897391,completed_raw
cpython3147_saved,docutils,docutils,2,0,1.7694937000633217,completed_raw
cpython3147_saved,docutils,docutils,2,1,1.822794699924998,completed_raw
cpython3147_saved,docutils,docutils,3,0,1.7808850000146776,completed_raw
cpython3147_saved,docutils,docutils,3,1,1.8061674998898525,completed_raw
cpython3147_saved,docutils,docutils,4,0,1.8222999999125022,completed_raw
cpython3147_saved,docutils,docutils,4,1,1.8118214999558404,completed_raw
cpython3147_saved,docutils,docutils,5,0,1.7871970999403857,completed_raw
cpython3147_saved,docutils,docutils,5,1,1.8538082999293692,completed_raw
cpython3147_saved,docutils,docutils,6,0,1.7958219000138342,completed_raw
cpython3147_saved,docutils,docutils,6,1,1.8248562000517268,completed_raw
cpython3147_saved,docutils,docutils,7,0,1.815120899991598,completed_raw
cpython3147_saved,docutils,docutils,7,1,1.8442305999924429,completed_raw
cpython3147_saved,docutils,docutils,8,0,1.8318288000591565,completed_raw
cpython3147_saved,docutils,docutils,8,1,1.8198658000910655,completed_raw
cpython3147_saved,docutils,docutils,9,0,1.7895770000177436,completed_raw
cpython3147_saved,docutils,docutils,9,1,1.826090699993074,completed_raw
cpython3147_saved,docutils,docutils,10,0,1.7853306999022607,completed_raw
cpython3147_saved,docutils,docutils,10,1,1.8862876999482978,completed_raw
cpython3147_saved,dulwich_log,dulwich_log,1,0,0.05084020000504097,completed_raw
cpython3147_saved,dulwich_log,dulwich_log,1,1,0.05112725000071805,completed_raw
cpython3147_saved,dulwich_log,dulwich_log,2,0,0.05159392499626847,completed_raw
cpython3147_saved,dulwich_log,dulwich_log,2,1,0.05153279999649385,completed_raw
cpython3147_saved,dulwich_log,dulwich_log,3,0,0.05162637500325218,completed_raw
cpython3147_saved,dulwich_log,dulwich_log,3,1,0.05158894999476615,completed_raw
cpython3147_saved,dulwich_log,dulwich_log,4,0,0.05192697500024224,completed_raw
cpython3147_saved,dulwich_log,dulwich_log,4,1,0.05111142500390997,completed_raw
cpython3147_saved,dulwich_log,dulwich_log,5,0,0.05050019999907818,completed_raw
cpython3147_saved,dulwich_log,dulwich_log,5,1,0.0515654499977245,completed_raw
cpython3147_saved,dulwich_log,dulwich_log,6,0,0.050337674998445436,completed_raw
cpython3147_saved,dulwich_log,dulwich_log,6,1,0.05022544999519596,completed_raw
cpython3147_saved,dulwich_log,dulwich_log,7,0,0.05108062499493826,completed_raw
cpython3147_saved,dulwich_log,dulwich_log,7,1,0.05038679999415763,completed_raw
cpython3147_saved,dulwich_log,dulwich_log,8,0,0.05076977499993518,completed_raw
cpython3147_saved,dulwich_log,dulwich_log,8,1,0.050372074998449534,completed_raw
cpython3147_saved,dulwich_log,dulwich_log,9,0,0.05122999999730382,completed_raw
cpython3147_saved,dulwich_log,dulwich_log,9,1,0.05073327499849256,completed_raw
cpython3147_saved,dulwich_log,dulwich_log,10,0,0.05095230000006268,completed_raw
cpython3147_saved,dulwich_log,dulwich_log,10,1,0.05064262499945471,completed_raw
cpython3147_saved,fannkuch,fannkuch,1,0,0.31773499998962507,completed_raw
cpython3147_saved,fannkuch,fannkuch,1,1,0.3166864000086207,completed_raw
cpython3147_saved,fannkuch,fannkuch,2,0,0.3177183000079822,completed_raw
cpython3147_saved,fannkuch,fannkuch,2,1,0.3134571999835316,completed_raw
cpython3147_saved,fannkuch,fannkuch,3,0,0.3168545000080485,completed_raw
cpython3147_saved,fannkuch,fannkuch,3,1,0.3173556000110693,completed_raw
cpython3147_saved,fannkuch,fannkuch,4,0,0.32187400001566857,completed_raw
cpython3147_saved,fannkuch,fannkuch,4,1,0.3211192000017036,completed_raw
cpython3147_saved,fannkuch,fannkuch,5,0,0.3136765999952331,completed_raw
cpython3147_saved,fannkuch,fannkuch,5,1,0.3168098000169266,completed_raw
cpython3147_saved,fannkuch,fannkuch,6,0,0.31381180000607856,completed_raw
cpython3147_saved,fannkuch,fannkuch,6,1,0.31842659998801537,completed_raw
cpython3147_saved,fannkuch,fannkuch,7,0,0.31447250000201166,completed_raw
cpython3147_saved,fannkuch,fannkuch,7,1,0.31752730000880547,completed_raw
cpython3147_saved,fannkuch,fannkuch,8,0,0.3171712000039406,completed_raw
cpython3147_saved,fannkuch,fannkuch,8,1,0.3179377999913413,completed_raw
cpython3147_saved,fannkuch,fannkuch,9,0,0.31713480001781136,completed_raw
cpython3147_saved,fannkuch,fannkuch,9,1,0.3170929000189062,completed_raw
cpython3147_saved,fannkuch,fannkuch,10,0,0.31974279999849387,completed_raw
cpython3147_saved,fannkuch,fannkuch,10,1,0.31691970000974834,completed_raw
cpython3147_saved,fastapi,fastapi_http,1,0,0.3521992999885697,completed_raw
cpython3147_saved,fastapi,fastapi_http,1,1,0.36493050001445226,completed_raw
cpython3147_saved,fastapi,fastapi_http,2,0,0.35867699998198077,completed_raw
cpython3147_saved,fastapi,fastapi_http,2,1,0.3608708000101615,completed_raw
cpython3147_saved,fastapi,fastapi_http,3,0,0.36065119999693707,completed_raw
cpython3147_saved,fastapi,fastapi_http,3,1,0.3888098000024911,completed_raw
cpython3147_saved,fastapi,fastapi_http,4,0,0.3613873000140302,completed_raw
cpython3147_saved,fastapi,fastapi_http,4,1,0.3625317999976687,completed_raw
cpython3147_saved,fastapi,fastapi_http,5,0,0.35883370001101866,completed_raw
cpython3147_saved,fastapi,fastapi_http,5,1,0.36032529998919927,completed_raw
cpython3147_saved,fastapi,fastapi_http,6,0,0.36096759999054484,completed_raw
cpython3147_saved,fastapi,fastapi_http,6,1,0.3681475000048522,completed_raw
cpython3147_saved,fastapi,fastapi_http,7,0,0.35403560000122525,completed_raw
cpython3147_saved,fastapi,fastapi_http,7,1,0.3663191999949049,completed_raw
cpython3147_saved,fastapi,fastapi_http,8,0,0.3680970999994315,completed_raw
cpython3147_saved,fastapi,fastapi_http,8,1,0.3921567000215873,completed_raw
cpython3147_saved,fastapi,fastapi_http,9,0,0.37115009999251924,completed_raw
cpython3147_saved,fastapi,fastapi_http,9,1,0.36877220001770183,completed_raw
cpython3147_saved,fastapi,fastapi_http,10,0,0.3682676000171341,completed_raw
cpython3147_saved,fastapi,fastapi_http,10,1,0.3670358000090346,completed_raw
cpython3147_saved,float,float,1,0,0.05623845000809524,completed_raw
cpython3147_saved,float,float,1,1,0.055606050009373575,completed_raw
cpython3147_saved,float,float,2,0,0.05903264999506064,completed_raw
cpython3147_saved,float,float,2,1,0.055140149997896515,completed_raw
cpython3147_saved,float,float,3,0,0.05551779999223072,completed_raw
cpython3147_saved,float,float,3,1,0.05448575000627898,completed_raw
cpython3147_saved,float,float,4,0,0.055736499998602085,completed_raw
cpython3147_saved,float,float,4,1,0.05494849999377038,completed_raw
cpython3147_saved,float,float,5,0,0.055414899994502775,completed_raw
cpython3147_saved,float,float,5,1,0.05411564999667462,completed_raw
cpython3147_saved,float,float,6,0,0.05553985000005923,completed_raw
cpython3147_saved,float,float,6,1,0.05439565000415314,completed_raw
cpython3147_saved,float,float,7,0,0.05519099999219179,completed_raw
cpython3147_saved,float,float,7,1,0.05416384999989532,completed_raw
cpython3147_saved,float,float,8,0,0.05423290000180714,completed_raw
cpython3147_saved,float,float,8,1,0.054291049993480556,completed_raw
cpython3147_saved,float,float,9,0,0.05526469998585526,completed_raw
cpython3147_saved,float,float,9,1,0.05416265000530984,completed_raw
cpython3147_saved,float,float,10,0,0.05655734999163542,completed_raw
cpython3147_saved,float,float,10,1,0.0540455500013195,completed_raw
cpython3147_saved,gc_collect,create_gc_cycles,1,0,0.0014217429668406112,completed_raw
cpython3147_saved,gc_collect,create_gc_cycles,1,1,0.0014493132823645283,completed_raw
cpython3147_saved,gc_collect,create_gc_cycles,2,0,0.0014809617193805025,completed_raw
cpython3147_saved,gc_collect,create_gc_cycles,2,1,0.0014396031240266893,completed_raw
cpython3147_saved,gc_collect,create_gc_cycles,3,0,0.001457496093962618,completed_raw
cpython3147_saved,gc_collect,create_gc_cycles,3,1,0.0014499171870738792,completed_raw
cpython3147_saved,gc_collect,create_gc_cycles,4,0,0.0015178007806753158,completed_raw
cpython3147_saved,gc_collect,create_gc_cycles,4,1,0.001440068750298451,completed_raw
cpython3147_saved,gc_collect,create_gc_cycles,5,0,0.0015365406245564373,completed_raw
cpython3147_saved,gc_collect,create_gc_cycles,5,1,0.0014748687510746095,completed_raw
cpython3147_saved,gc_collect,create_gc_cycles,6,0,0.0014487742171240825,completed_raw
cpython3147_saved,gc_collect,create_gc_cycles,6,1,0.0014366062516728562,completed_raw
cpython3147_saved,gc_collect,create_gc_cycles,7,0,0.0015574625006138376,completed_raw
cpython3147_saved,gc_collect,create_gc_cycles,7,1,0.0015672585921038262,completed_raw
cpython3147_saved,gc_collect,create_gc_cycles,8,0,0.0014439874987601797,completed_raw
cpython3147_saved,gc_collect,create_gc_cycles,8,1,0.00145712578137136,completed_raw
cpython3147_saved,gc_collect,create_gc_cycles,9,0,0.001430469530987466,completed_raw
cpython3147_saved,gc_collect,create_gc_cycles,9,1,0.0014331765623865067,completed_raw
cpython3147_saved,gc_collect,create_gc_cycles,10,0,0.0014703820297654602,completed_raw
cpython3147_saved,gc_collect,create_gc_cycles,10,1,0.0014571101532965258,completed_raw
cpython3147_saved,gc_traversal,gc_traversal,1,0,0.002085332812384877,workload_unscored
cpython3147_saved,gc_traversal,gc_traversal,1,1,0.0021225015607342357,workload_unscored
cpython3147_saved,gc_traversal,gc_traversal,2,0,0.0020938125016982667,workload_unscored
cpython3147_saved,gc_traversal,gc_traversal,2,1,0.002131946876488655,workload_unscored
cpython3147_saved,gc_traversal,gc_traversal,3,0,0.0022096062484706636,workload_unscored
cpython3147_saved,gc_traversal,gc_traversal,3,1,0.0021339562522371125,workload_unscored
cpython3147_saved,gc_traversal,gc_traversal,4,0,0.0022935640604373475,workload_unscored
cpython3147_saved,gc_traversal,gc_traversal,4,1,0.0021490124991032644,workload_unscored
cpython3147_saved,gc_traversal,gc_traversal,5,0,0.002153817187718232,workload_unscored
cpython3147_saved,gc_traversal,gc_traversal,5,1,0.002172924998376402,workload_unscored
cpython3147_saved,gc_traversal,gc_traversal,6,0,0.002075459377920197,workload_unscored
cpython3147_saved,gc_traversal,gc_traversal,6,1,0.0021233515640233236,workload_unscored
cpython3147_saved,gc_traversal,gc_traversal,7,0,0.0021274374998938583,workload_unscored
cpython3147_saved,gc_traversal,gc_traversal,7,1,0.002165234375752334,workload_unscored
cpython3147_saved,gc_traversal,gc_traversal,8,0,0.002124729687693616,workload_unscored
cpython3147_saved,gc_traversal,gc_traversal,8,1,0.002114748440362746,workload_unscored
cpython3147_saved,gc_traversal,gc_traversal,9,0,0.002119387502261816,workload_unscored
cpython3147_saved,gc_traversal,gc_traversal,9,1,0.002164110939247621,workload_unscored
cpython3147_saved,gc_traversal,gc_traversal,10,0,0.0021204187505645677,workload_unscored
cpython3147_saved,gc_traversal,gc_traversal,10,1,0.0021210999984759837,workload_unscored
cpython3147_saved,generators,generators,1,0,0.026390825005364604,completed_raw
cpython3147_saved,generators,generators,1,1,0.026560924998193514,completed_raw
cpython3147_saved,generators,generators,2,0,0.027070074997027405,completed_raw
cpython3147_saved,generators,generators,2,1,0.027481950004585087,completed_raw
cpython3147_saved,generators,generators,3,0,0.027114949996757787,completed_raw
cpython3147_saved,generators,generators,3,1,0.027650024996546563,completed_raw
cpython3147_saved,generators,generators,4,0,0.026836949997232296,completed_raw
cpython3147_saved,generators,generators,4,1,0.026935724999930244,completed_raw
cpython3147_saved,generators,generators,5,0,0.0262908249933389,completed_raw
cpython3147_saved,generators,generators,5,1,0.02638107500388287,completed_raw
cpython3147_saved,generators,generators,6,0,0.026081250005518086,completed_raw
cpython3147_saved,generators,generators,6,1,0.026851474998693448,completed_raw
cpython3147_saved,generators,generators,7,0,0.02621542500128271,completed_raw
cpython3147_saved,generators,generators,7,1,0.02648257500550244,completed_raw
cpython3147_saved,generators,generators,8,0,0.02671997500146972,completed_raw
cpython3147_saved,generators,generators,8,1,0.026067150000017136,completed_raw
cpython3147_saved,generators,generators,9,0,0.025725424995471258,completed_raw
cpython3147_saved,generators,generators,9,1,0.02639972500037402,completed_raw
cpython3147_saved,generators,generators,10,0,0.026648799997929018,completed_raw
cpython3147_saved,generators,generators,10,1,0.026657024995074607,completed_raw
cpython3147_saved,genshi,genshi_text,1,0,0.019665537500259234,completed_raw
cpython3147_saved,genshi,genshi_text,1,1,0.019760499999392778,completed_raw
cpython3147_saved,genshi,genshi_text,2,0,0.019068575002165744,completed_raw
cpython3147_saved,genshi,genshi_text,2,1,0.01914740000211168,completed_raw
cpython3147_saved,genshi,genshi_text,3,0,0.019623637497716118,completed_raw
cpython3147_saved,genshi,genshi_text,3,1,0.019357737499376526,completed_raw
cpython3147_saved,genshi,genshi_text,4,0,0.019391649999306537,completed_raw
cpython3147_saved,genshi,genshi_text,4,1,0.01984137500039651,completed_raw
cpython3147_saved,genshi,genshi_text,5,0,0.019375474999833386,completed_raw
cpython3147_saved,genshi,genshi_text,5,1,0.01914873750138213,completed_raw
cpython3147_saved,genshi,genshi_text,6,0,0.018984737500431947,completed_raw
cpython3147_saved,genshi,genshi_text,6,1,0.019064950000029057,completed_raw
cpython3147_saved,genshi,genshi_text,7,0,0.019365312498848652,completed_raw
cpython3147_saved,genshi,genshi_text,7,1,0.019502849998389138,completed_raw
cpython3147_saved,genshi,genshi_text,8,0,0.019181687501259148,completed_raw
cpython3147_saved,genshi,genshi_text,8,1,0.019125862501823576,completed_raw
cpython3147_saved,genshi,genshi_text,9,0,0.018963499998790212,completed_raw
cpython3147_saved,genshi,genshi_text,9,1,0.01908416250080336,completed_raw
cpython3147_saved,genshi,genshi_text,10,0,0.01947979999749805,completed_raw
cpython3147_saved,genshi,genshi_text,10,1,0.02019456249763607,completed_raw
cpython3147_saved,genshi,genshi_xml,1,0,0.043494900004589,completed_raw
cpython3147_saved,genshi,genshi_xml,1,1,0.04290909999690484,completed_raw
cpython3147_saved,genshi,genshi_xml,2,0,0.04283042500173906,completed_raw
cpython3147_saved,genshi,genshi_xml,2,1,0.04201827499491628,completed_raw
cpython3147_saved,genshi,genshi_xml,3,0,0.043115574997500516,completed_raw
cpython3147_saved,genshi,genshi_xml,3,1,0.04233352500159526,completed_raw
cpython3147_saved,genshi,genshi_xml,4,0,0.04081777499959571,completed_raw
cpython3147_saved,genshi,genshi_xml,4,1,0.04183125000417931,completed_raw
cpython3147_saved,genshi,genshi_xml,5,0,0.04330865000520134,completed_raw
cpython3147_saved,genshi,genshi_xml,5,1,0.043577450000157114,completed_raw
cpython3147_saved,genshi,genshi_xml,6,0,0.042930125004204456,completed_raw
cpython3147_saved,genshi,genshi_xml,6,1,0.04258217500319006,completed_raw
cpython3147_saved,genshi,genshi_xml,7,0,0.042839349996938836,completed_raw
cpython3147_saved,genshi,genshi_xml,7,1,0.042388074994960334,completed_raw
cpython3147_saved,genshi,genshi_xml,8,0,0.042235200002323836,completed_raw
cpython3147_saved,genshi,genshi_xml,8,1,0.0420451999962097,completed_raw
cpython3147_saved,genshi,genshi_xml,9,0,0.043456350002088584,completed_raw
cpython3147_saved,genshi,genshi_xml,9,1,0.04147917500085896,completed_raw
cpython3147_saved,genshi,genshi_xml,10,0,0.042327925002609845,completed_raw
cpython3147_saved,genshi,genshi_xml,10,1,0.041533474999596365,completed_raw
cpython3147_saved,go,go,1,0,0.09580814999935683,completed_raw
cpython3147_saved,go,go,1,1,0.0946894000080647,completed_raw
cpython3147_saved,go,go,2,0,0.09627565000846516,completed_raw
cpython3147_saved,go,go,2,1,0.09408814999915194,completed_raw
cpython3147_saved,go,go,3,0,0.09524229999806266,completed_raw
cpython3147_saved,go,go,3,1,0.09679814999981318,completed_raw
cpython3147_saved,go,go,4,0,0.09469690000696573,completed_raw
cpython3147_saved,go,go,4,1,0.09735989999899175,completed_raw
cpython3147_saved,go,go,5,0,0.09435284999199212,completed_raw
cpython3147_saved,go,go,5,1,0.09520130000601057,completed_raw
cpython3147_saved,go,go,6,0,0.09615160000976175,completed_raw
cpython3147_saved,go,go,6,1,0.09802940000372473,completed_raw
cpython3147_saved,go,go,7,0,0.09451594999700319,completed_raw
cpython3147_saved,go,go,7,1,0.095925100002205,completed_raw
cpython3147_saved,go,go,8,0,0.09446300000126939,completed_raw
cpython3147_saved,go,go,8,1,0.09609289999934845,completed_raw
cpython3147_saved,go,go,9,0,0.09723469999153167,completed_raw
cpython3147_saved,go,go,9,1,0.09569039999041706,completed_raw
cpython3147_saved,go,go,10,0,0.094210249997559,completed_raw
cpython3147_saved,go,go,10,1,0.09784654999384657,completed_raw
cpython3147_saved,hexiom,hexiom,1,0,0.005157815625352669,completed_raw
cpython3147_saved,hexiom,hexiom,1,1,0.005158593749911233,completed_raw
cpython3147_saved,hexiom,hexiom,2,0,0.005125165625031514,completed_raw
cpython3147_saved,hexiom,hexiom,2,1,0.005104981250042329,completed_raw
cpython3147_saved,hexiom,hexiom,3,0,0.005033475000345788,completed_raw
cpython3147_saved,hexiom,hexiom,3,1,0.00498493437498837,completed_raw
cpython3147_saved,hexiom,hexiom,4,0,0.00497054062452662,completed_raw
cpython3147_saved,hexiom,hexiom,4,1,0.005051756250395556,completed_raw
cpython3147_saved,hexiom,hexiom,5,0,0.004967303124431055,completed_raw
cpython3147_saved,hexiom,hexiom,5,1,0.005049571875133552,completed_raw
cpython3147_saved,hexiom,hexiom,6,0,0.005027968750255241,completed_raw
cpython3147_saved,hexiom,hexiom,6,1,0.005159621874554432,completed_raw
cpython3147_saved,hexiom,hexiom,7,0,0.005295124999975087,completed_raw
cpython3147_saved,hexiom,hexiom,7,1,0.005041459375206614,completed_raw
cpython3147_saved,hexiom,hexiom,8,0,0.005062193749836297,completed_raw
cpython3147_saved,hexiom,hexiom,8,1,0.005035365625190025,completed_raw
cpython3147_saved,hexiom,hexiom,9,0,0.005133528125043085,completed_raw
cpython3147_saved,hexiom,hexiom,9,1,0.005145518749486655,completed_raw
cpython3147_saved,hexiom,hexiom,10,0,0.0051953656247860636,completed_raw
cpython3147_saved,hexiom,hexiom,10,1,0.005126296875459957,completed_raw
cpython3147_saved,html5lib,html5lib,1,0,0.043909200001508,completed_raw
cpython3147_saved,html5lib,html5lib,1,1,0.0424991250038147,completed_raw
cpython3147_saved,html5lib,html5lib,2,0,0.04371517500112532,completed_raw
cpython3147_saved,html5lib,html5lib,2,1,0.04359945000032894,completed_raw
cpython3147_saved,html5lib,html5lib,3,0,0.043939399998635054,completed_raw
cpython3147_saved,html5lib,html5lib,3,1,0.0422565500048222,completed_raw
cpython3147_saved,html5lib,html5lib,4,0,0.04173642499517882,completed_raw
cpython3147_saved,html5lib,html5lib,4,1,0.041711325000505894,completed_raw
cpython3147_saved,html5lib,html5lib,5,0,0.04226265000033891,completed_raw
cpython3147_saved,html5lib,html5lib,5,1,0.04208995000226423,completed_raw
cpython3147_saved,html5lib,html5lib,6,0,0.04298710000148276,completed_raw
cpython3147_saved,html5lib,html5lib,6,1,0.04324882500077365,completed_raw
cpython3147_saved,html5lib,html5lib,7,0,0.04327322499739239,completed_raw
cpython3147_saved,html5lib,html5lib,7,1,0.04285974999947939,completed_raw
cpython3147_saved,html5lib,html5lib,8,0,0.04250709999905666,completed_raw
cpython3147_saved,html5lib,html5lib,8,1,0.042162999998254236,completed_raw
cpython3147_saved,html5lib,html5lib,9,0,0.042407000000821427,completed_raw
cpython3147_saved,html5lib,html5lib,9,1,0.04187390000151936,completed_raw
cpython3147_saved,html5lib,html5lib,10,0,0.04154625000228407,completed_raw
cpython3147_saved,html5lib,html5lib,10,1,0.04175412499898812,completed_raw
cpython3147_saved,json_dumps,json_dumps,1,0,0.007417374999931781,completed_raw
cpython3147_saved,json_dumps,json_dumps,1,1,0.0074954812498617684,completed_raw
cpython3147_saved,json_dumps,json_dumps,2,0,0.007831818749764352,completed_raw
cpython3147_saved,json_dumps,json_dumps,2,1,0.007692937500905828,completed_raw
cpython3147_saved,json_dumps,json_dumps,3,0,0.007547087499915506,completed_raw
cpython3147_saved,json_dumps,json_dumps,3,1,0.007350387500991928,completed_raw
cpython3147_saved,json_dumps,json_dumps,4,0,0.007634531250005239,completed_raw
cpython3147_saved,json_dumps,json_dumps,4,1,0.007506787498641643,completed_raw
cpython3147_saved,json_dumps,json_dumps,5,0,0.007209125000372296,completed_raw
cpython3147_saved,json_dumps,json_dumps,5,1,0.007323018749957555,completed_raw
cpython3147_saved,json_dumps,json_dumps,6,0,0.007956737499625888,completed_raw
cpython3147_saved,json_dumps,json_dumps,6,1,0.007799762499416829,completed_raw
cpython3147_saved,json_dumps,json_dumps,7,0,0.0076985124997008825,completed_raw
cpython3147_saved,json_dumps,json_dumps,7,1,0.007498881250285194,completed_raw
cpython3147_saved,json_dumps,json_dumps,8,0,0.007894612499512732,completed_raw
cpython3147_saved,json_dumps,json_dumps,8,1,0.007834568750695325,completed_raw
cpython3147_saved,json_dumps,json_dumps,9,0,0.007580168750791927,completed_raw
cpython3147_saved,json_dumps,json_dumps,9,1,0.0075252499991620425,completed_raw
cpython3147_saved,json_dumps,json_dumps,10,0,0.007983118750416907,completed_raw
cpython3147_saved,json_dumps,json_dumps,10,1,0.007936443751532352,completed_raw
cpython3147_saved,json_loads,json_loads,1,0,1.8306152344393923e-05,completed_raw
cpython3147_saved,json_loads,json_loads,1,1,1.8073427733611423e-05,completed_raw
cpython3147_saved,json_loads,json_loads,2,0,1.807399414133215e-05,completed_raw
cpython3147_saved,json_loads,json_loads,2,1,1.809605468565678e-05,completed_raw
cpython3147_saved,json_loads,json_loads,3,0,1.7793671872823325e-05,completed_raw
cpython3147_saved,json_loads,json_loads,3,1,1.7908486327655737e-05,completed_raw
cpython3147_saved,json_loads,json_loads,4,0,1.8469472655624487e-05,completed_raw
cpython3147_saved,json_loads,json_loads,4,1,1.830975585903616e-05,completed_raw
cpython3147_saved,json_loads,json_loads,5,0,1.8005048826807978e-05,completed_raw
cpython3147_saved,json_loads,json_loads,5,1,1.797535156242702e-05,completed_raw
cpython3147_saved,json_loads,json_loads,6,0,1.823269531371352e-05,completed_raw
cpython3147_saved,json_loads,json_loads,6,1,1.8210820311992392e-05,completed_raw
cpython3147_saved,json_loads,json_loads,7,0,1.8821455077500106e-05,completed_raw
cpython3147_saved,json_loads,json_loads,7,1,1.928099609358469e-05,completed_raw
cpython3147_saved,json_loads,json_loads,8,0,1.784124023345157e-05,completed_raw
cpython3147_saved,json_loads,json_loads,8,1,1.7485498048586123e-05,completed_raw
cpython3147_saved,json_loads,json_loads,9,0,1.7995224609990146e-05,completed_raw
cpython3147_saved,json_loads,json_loads,9,1,1.7732675780735006e-05,completed_raw
cpython3147_saved,json_loads,json_loads,10,0,1.7937998046591018e-05,completed_raw
cpython3147_saved,json_loads,json_loads,10,1,1.7504550780245153e-05,completed_raw
cpython3147_saved,logging,logging_format,1,0,7.4090624991640656e-06,completed_raw
cpython3147_saved,logging,logging_format,1,1,7.4046142572115056e-06,completed_raw
cpython3147_saved,logging,logging_format,2,0,7.3724658207652284e-06,completed_raw
cpython3147_saved,logging,logging_format,2,1,7.605068358884637e-06,completed_raw
cpython3147_saved,logging,logging_format,3,0,7.98555664118794e-06,completed_raw
cpython3147_saved,logging,logging_format,3,1,7.5992578118189155e-06,completed_raw
cpython3147_saved,logging,logging_format,4,0,7.586459960862157e-06,completed_raw
cpython3147_saved,logging,logging_format,4,1,7.578256835927278e-06,completed_raw
cpython3147_saved,logging,logging_format,5,0,7.352495117629587e-06,completed_raw
cpython3147_saved,logging,logging_format,5,1,7.233505859005618e-06,completed_raw
cpython3147_saved,logging,logging_format,6,0,7.838891600897569e-06,completed_raw
cpython3147_saved,logging,logging_format,6,1,7.85106933562929e-06,completed_raw
cpython3147_saved,logging,logging_format,7,0,7.5896240232964375e-06,completed_raw
cpython3147_saved,logging,logging_format,7,1,7.585791014719234e-06,completed_raw
cpython3147_saved,logging,logging_format,8,0,7.48726562420643e-06,completed_raw
cpython3147_saved,logging,logging_format,8,1,7.5348632819327575e-06,completed_raw
cpython3147_saved,logging,logging_format,9,0,7.4721826180734755e-06,completed_raw
cpython3147_saved,logging,logging_format,9,1,7.43419921889199e-06,completed_raw
cpython3147_saved,logging,logging_format,10,0,7.5868457031447175e-06,completed_raw
cpython3147_saved,logging,logging_format,10,1,7.52083007711235e-06,completed_raw
cpython3147_saved,logging,logging_silent,1,0,7.001399993100677e-08,completed_raw
cpython3147_saved,logging,logging_silent,1,1,6.72467803997101e-08,completed_raw
cpython3147_saved,logging,logging_silent,2,0,6.884647368865515e-08,completed_raw
cpython3147_saved,logging,logging_silent,2,1,6.953578948198925e-08,completed_raw
cpython3147_saved,logging,logging_silent,3,0,7.010765075143866e-08,completed_raw
cpython3147_saved,logging,logging_silent,3,1,6.983078002509301e-08,completed_raw
cpython3147_saved,logging,logging_silent,4,0,6.98248672437174e-08,completed_raw
cpython3147_saved,logging,logging_silent,4,1,6.83350753760692e-08,completed_raw
cpython3147_saved,logging,logging_silent,5,0,7.043094635283964e-08,completed_raw
cpython3147_saved,logging,logging_silent,5,1,7.001029967979022e-08,completed_raw
cpython3147_saved,logging,logging_silent,6,0,6.770259857180605e-08,completed_raw
cpython3147_saved,logging,logging_silent,6,1,6.952377319402459e-08,completed_raw
cpython3147_saved,logging,logging_silent,7,0,6.883140564184487e-08,completed_raw
cpython3147_saved,logging,logging_silent,7,1,6.996162414951712e-08,completed_raw
cpython3147_saved,logging,logging_silent,8,0,7.012393951066898e-08,completed_raw
cpython3147_saved,logging,logging_silent,8,1,6.956413268754958e-08,completed_raw
cpython3147_saved,logging,logging_silent,9,0,6.747360229431009e-08,completed_raw
cpython3147_saved,logging,logging_silent,9,1,6.920188904135926e-08,completed_raw
cpython3147_saved,logging,logging_silent,10,0,6.838794708308171e-08,completed_raw
cpython3147_saved,logging,logging_silent,10,1,6.739517212084323e-08,completed_raw
cpython3147_saved,logging,logging_simple,1,0,6.931069336246765e-06,completed_raw
cpython3147_saved,logging,logging_simple,1,1,6.8462207025277165e-06,completed_raw
cpython3147_saved,logging,logging_simple,2,0,6.912968750327764e-06,completed_raw
cpython3147_saved,logging,logging_simple,2,1,6.9798095694295625e-06,completed_raw
cpython3147_saved,logging,logging_simple,3,0,6.897138672457004e-06,completed_raw
cpython3147_saved,logging,logging_simple,3,1,6.919702148877605e-06,completed_raw
cpython3147_saved,logging,logging_simple,4,0,6.849926758434321e-06,completed_raw
cpython3147_saved,logging,logging_simple,4,1,6.785722656843518e-06,completed_raw
cpython3147_saved,logging,logging_simple,5,0,7.00668457085385e-06,completed_raw
cpython3147_saved,logging,logging_simple,5,1,7.137392579181778e-06,completed_raw
cpython3147_saved,logging,logging_simple,6,0,7.050585936951848e-06,completed_raw
cpython3147_saved,logging,logging_simple,6,1,6.974775391199728e-06,completed_raw
cpython3147_saved,logging,logging_simple,7,0,6.872402343560679e-06,completed_raw
cpython3147_saved,logging,logging_simple,7,1,6.967221681009051e-06,completed_raw
cpython3147_saved,logging,logging_simple,8,0,6.897495117641483e-06,completed_raw
cpython3147_saved,logging,logging_simple,8,1,7.015161132528647e-06,completed_raw
cpython3147_saved,logging,logging_simple,9,0,6.853300780562676e-06,completed_raw
cpython3147_saved,logging,logging_simple,9,1,6.981386718507565e-06,completed_raw
cpython3147_saved,logging,logging_simple,10,0,6.966479492120925e-06,completed_raw
cpython3147_saved,logging,logging_simple,10,1,6.8959179685634805e-06,completed_raw
cpython3147_saved,mako,mako,1,0,0.007723725000687409,completed_raw
cpython3147_saved,mako,mako,1,1,0.007933268751003197,completed_raw
cpython3147_saved,mako,mako,2,0,0.007791643749442301,completed_raw
cpython3147_saved,mako,mako,2,1,0.007983931251146714,completed_raw
cpython3147_saved,mako,mako,3,0,0.007856081250793068,completed_raw
cpython3147_saved,mako,mako,3,1,0.007822587500413647,completed_raw
cpython3147_saved,mako,mako,4,0,0.008059693749601138,completed_raw
cpython3147_saved,mako,mako,4,1,0.007880837500124471,completed_raw
cpython3147_saved,mako,mako,5,0,0.007798968750648783,completed_raw
cpython3147_saved,mako,mako,5,1,0.007887262501753867,completed_raw
cpython3147_saved,mako,mako,6,0,0.007896287499534083,completed_raw
cpython3147_saved,mako,mako,6,1,0.007866093750635628,completed_raw
cpython3147_saved,mako,mako,7,0,0.007938000000649481,completed_raw
cpython3147_saved,mako,mako,7,1,0.007735643750493182,completed_raw
cpython3147_saved,mako,mako,8,0,0.007954506249006954,completed_raw
cpython3147_saved,mako,mako,8,1,0.007902850000391481,completed_raw
cpython3147_saved,mako,mako,9,0,0.007656806250452064,completed_raw
cpython3147_saved,mako,mako,9,1,0.007820656248441082,completed_raw
cpython3147_saved,mako,mako,10,0,0.00789241250095074,completed_raw
cpython3147_saved,mako,mako,10,1,0.007530974999099271,completed_raw
cpython3147_saved,mdp,mdp,1,0,0.9866221999982372,completed_raw
cpython3147_saved,mdp,mdp,1,1,0.9809615999984089,completed_raw
cpython3147_saved,mdp,mdp,2,0,0.977599600009853,completed_raw
cpython3147_saved,mdp,mdp,2,1,0.9686694999982137,completed_raw
cpython3147_saved,mdp,mdp,3,0,0.9741408999834675,completed_raw
cpython3147_saved,mdp,mdp,3,1,0.9799206999887247,completed_raw
cpython3147_saved,mdp,mdp,4,0,0.9852946000173688,completed_raw
cpython3147_saved,mdp,mdp,4,1,0.9835870999959297,completed_raw
cpython3147_saved,mdp,mdp,5,0,0.9869154999905732,completed_raw
cpython3147_saved,mdp,mdp,5,1,0.9898826999997254,completed_raw
cpython3147_saved,mdp,mdp,6,0,0.9703113999858033,completed_raw
cpython3147_saved,mdp,mdp,6,1,0.9785453999938909,completed_raw
cpython3147_saved,mdp,mdp,7,0,0.9920778999803588,completed_raw
cpython3147_saved,mdp,mdp,7,1,0.9929822999984026,completed_raw
cpython3147_saved,mdp,mdp,8,0,0.974499800009653,completed_raw
cpython3147_saved,mdp,mdp,8,1,0.9823325999896042,completed_raw
cpython3147_saved,mdp,mdp,9,0,0.9803613999974914,completed_raw
cpython3147_saved,mdp,mdp,9,1,0.980775400006678,completed_raw
cpython3147_saved,mdp,mdp,10,0,0.972632999997586,completed_raw
cpython3147_saved,mdp,mdp,10,1,0.9699951000220608,completed_raw
cpython3147_saved,meteor_contest,meteor_contest,1,0,0.09040664999338333,completed_raw
cpython3147_saved,meteor_contest,meteor_contest,1,1,0.089845399998012,completed_raw
cpython3147_saved,meteor_contest,meteor_contest,2,0,0.08980714999779593,completed_raw
cpython3147_saved,meteor_contest,meteor_contest,2,1,0.08980600000359118,completed_raw
cpython3147_saved,meteor_contest,meteor_contest,3,0,0.09026534999429714,completed_raw
cpython3147_saved,meteor_contest,meteor_contest,3,1,0.08942035000654869,completed_raw
cpython3147_saved,meteor_contest,meteor_contest,4,0,0.08978589999605902,completed_raw
cpython3147_saved,meteor_contest,meteor_contest,4,1,0.08825309999519959,completed_raw
cpython3147_saved,meteor_contest,meteor_contest,5,0,0.08880149999458808,completed_raw
cpython3147_saved,meteor_contest,meteor_contest,5,1,0.08968205000564922,completed_raw
cpython3147_saved,meteor_contest,meteor_contest,6,0,0.09002719999989495,completed_raw
cpython3147_saved,meteor_contest,meteor_contest,6,1,0.08833075000438839,completed_raw
cpython3147_saved,meteor_contest,meteor_contest,7,0,0.08963129999756347,completed_raw
cpython3147_saved,meteor_contest,meteor_contest,7,1,0.08980239999073092,completed_raw
cpython3147_saved,meteor_contest,meteor_contest,8,0,0.08840849999978673,completed_raw
cpython3147_saved,meteor_contest,meteor_contest,8,1,0.0901809999922989,completed_raw
cpython3147_saved,meteor_contest,meteor_contest,9,0,0.08869330000015907,completed_raw
cpython3147_saved,meteor_contest,meteor_contest,9,1,0.08926740000606515,completed_raw
cpython3147_saved,meteor_contest,meteor_contest,10,0,0.08911845000693575,completed_raw
cpython3147_saved,meteor_contest,meteor_contest,10,1,0.08976104999601375,completed_raw
cpython3147_saved,nbody,nbody,1,0,0.08192120000603609,completed_raw
cpython3147_saved,nbody,nbody,1,1,0.08125464999466203,completed_raw
cpython3147_saved,nbody,nbody,2,0,0.08262799998919945,completed_raw
cpython3147_saved,nbody,nbody,2,1,0.08305330001167022,completed_raw
cpython3147_saved,nbody,nbody,3,0,0.0848824999993667,completed_raw
cpython3147_saved,nbody,nbody,3,1,0.08585664999554865,completed_raw
cpython3147_saved,nbody,nbody,4,0,0.08340200000384357,completed_raw
cpython3147_saved,nbody,nbody,4,1,0.0825448499963386,completed_raw
cpython3147_saved,nbody,nbody,5,0,0.08254185000259895,completed_raw
cpython3147_saved,nbody,nbody,5,1,0.08305529999779537,completed_raw
cpython3147_saved,nbody,nbody,6,0,0.08230225001170766,completed_raw
cpython3147_saved,nbody,nbody,6,1,0.08317200001329184,completed_raw
cpython3147_saved,nbody,nbody,7,0,0.08113214999320917,completed_raw
cpython3147_saved,nbody,nbody,7,1,0.08360119999269955,completed_raw
cpython3147_saved,nbody,nbody,8,0,0.08358159998897463,completed_raw
cpython3147_saved,nbody,nbody,8,1,0.08299614999850746,completed_raw
cpython3147_saved,nbody,nbody,9,0,0.0831694999942556,completed_raw
cpython3147_saved,nbody,nbody,9,1,0.08231024999986403,completed_raw
cpython3147_saved,nbody,nbody,10,0,0.08323324999946635,completed_raw
cpython3147_saved,nbody,nbody,10,1,0.08036634999734815,completed_raw
cpython3147_saved,networkx,shortest_path,1,0,0.4322069000045303,completed_raw
cpython3147_saved,networkx,shortest_path,1,1,0.43473209999501705,completed_raw
cpython3147_saved,networkx,shortest_path,2,0,0.4220925999979954,completed_raw
cpython3147_saved,networkx,shortest_path,2,1,0.43570470000850037,completed_raw
cpython3147_saved,networkx,shortest_path,3,0,0.41288979997625574,completed_raw
cpython3147_saved,networkx,shortest_path,3,1,0.42422369998530485,completed_raw
cpython3147_saved,networkx,shortest_path,4,0,0.4101327999960631,completed_raw
cpython3147_saved,networkx,shortest_path,4,1,0.4284429000108503,completed_raw
cpython3147_saved,networkx,shortest_path,5,0,0.4308949999976903,completed_raw
cpython3147_saved,networkx,shortest_path,5,1,0.45191519998479635,completed_raw
cpython3147_saved,networkx,shortest_path,6,0,0.423127599991858,completed_raw
cpython3147_saved,networkx,shortest_path,6,1,0.42245320000802167,completed_raw
cpython3147_saved,networkx,shortest_path,7,0,0.41182050001225434,completed_raw
cpython3147_saved,networkx,shortest_path,7,1,0.4240993999992497,completed_raw
cpython3147_saved,networkx,shortest_path,8,0,0.44063749999622814,completed_raw
cpython3147_saved,networkx,shortest_path,8,1,0.42797809999319725,completed_raw
cpython3147_saved,networkx,shortest_path,9,0,0.4170866000058595,completed_raw
cpython3147_saved,networkx,shortest_path,9,1,0.42802220000885427,completed_raw
cpython3147_saved,networkx,shortest_path,10,0,0.41719859998556785,completed_raw
cpython3147_saved,networkx,shortest_path,10,1,0.41967730000033043,completed_raw
cpython3147_saved,networkx_connected_components,connected_components,1,0,0.37529969998286106,completed_raw
cpython3147_saved,networkx_connected_components,connected_components,1,1,0.3724148999899626,completed_raw
cpython3147_saved,networkx_connected_components,connected_components,2,0,0.3747608999838121,completed_raw
cpython3147_saved,networkx_connected_components,connected_components,2,1,0.36536600001272745,completed_raw
cpython3147_saved,networkx_connected_components,connected_components,3,0,0.38033710001036525,completed_raw
cpython3147_saved,networkx_connected_components,connected_components,3,1,0.3676313000032678,completed_raw
cpython3147_saved,networkx_connected_components,connected_components,4,0,0.3833937000017613,completed_raw
cpython3147_saved,networkx_connected_components,connected_components,4,1,0.3781936999876052,completed_raw
cpython3147_saved,networkx_connected_components,connected_components,5,0,0.3804791999864392,completed_raw
cpython3147_saved,networkx_connected_components,connected_components,5,1,0.38237649999791756,completed_raw
cpython3147_saved,networkx_connected_components,connected_components,6,0,0.3604384000063874,completed_raw
cpython3147_saved,networkx_connected_components,connected_components,6,1,0.3851892000238877,completed_raw
cpython3147_saved,networkx_connected_components,connected_components,7,0,0.3864850999962073,completed_raw
cpython3147_saved,networkx_connected_components,connected_components,7,1,0.38936880000983365,completed_raw
cpython3147_saved,networkx_connected_components,connected_components,8,0,0.3852601999824401,completed_raw
cpython3147_saved,networkx_connected_components,connected_components,8,1,0.3846087999991141,completed_raw
cpython3147_saved,networkx_connected_components,connected_components,9,0,0.37741259997710586,completed_raw
cpython3147_saved,networkx_connected_components,connected_components,9,1,0.38548810000065714,completed_raw
cpython3147_saved,networkx_connected_components,connected_components,10,0,0.4304646000091452,completed_raw
cpython3147_saved,networkx_connected_components,connected_components,10,1,0.3736211000068579,completed_raw
cpython3147_saved,networkx_k_core,k_core,1,0,1.9769795000029262,completed_raw
cpython3147_saved,networkx_k_core,k_core,1,1,2.1077302000194322,completed_raw
cpython3147_saved,networkx_k_core,k_core,2,0,1.9527339999913238,completed_raw
cpython3147_saved,networkx_k_core,k_core,2,1,2.3300292999774683,completed_raw
cpython3147_saved,networkx_k_core,k_core,3,0,1.9593383999890648,completed_raw
cpython3147_saved,networkx_k_core,k_core,3,1,2.1073204000131227,completed_raw
cpython3147_saved,networkx_k_core,k_core,4,0,2.0010176000068896,completed_raw
cpython3147_saved,networkx_k_core,k_core,4,1,2.1335811000026297,completed_raw
cpython3147_saved,networkx_k_core,k_core,5,0,2.0541299000033177,completed_raw
cpython3147_saved,networkx_k_core,k_core,5,1,2.150854400009848,completed_raw
cpython3147_saved,networkx_k_core,k_core,6,0,1.9696223000064492,completed_raw
cpython3147_saved,networkx_k_core,k_core,6,1,2.096366499987198,completed_raw
cpython3147_saved,networkx_k_core,k_core,7,0,1.9422054000024218,completed_raw
cpython3147_saved,networkx_k_core,k_core,7,1,2.1531318000052124,completed_raw
cpython3147_saved,networkx_k_core,k_core,8,0,1.9637333000137005,completed_raw
cpython3147_saved,networkx_k_core,k_core,8,1,2.1492000999860466,completed_raw
cpython3147_saved,networkx_k_core,k_core,9,0,2.003785200009588,completed_raw
cpython3147_saved,networkx_k_core,k_core,9,1,2.284211399994092,completed_raw
cpython3147_saved,networkx_k_core,k_core,10,0,2.0881834999891,completed_raw
cpython3147_saved,networkx_k_core,k_core,10,1,2.268257099989569,completed_raw
cpython3147_saved,nqueens,nqueens,1,0,0.07696710000163876,completed_raw
cpython3147_saved,nqueens,nqueens,1,1,0.07578944999841042,completed_raw
cpython3147_saved,nqueens,nqueens,2,0,0.07656950000091456,completed_raw
cpython3147_saved,nqueens,nqueens,2,1,0.07529459999932442,completed_raw
cpython3147_saved,nqueens,nqueens,3,0,0.07673154999793041,completed_raw
cpython3147_saved,nqueens,nqueens,3,1,0.07775505000608973,completed_raw
cpython3147_saved,nqueens,nqueens,4,0,0.07784700000775047,completed_raw
cpython3147_saved,nqueens,nqueens,4,1,0.07435840000107419,completed_raw
cpython3147_saved,nqueens,nqueens,5,0,0.07513679999101441,completed_raw
cpython3147_saved,nqueens,nqueens,5,1,0.07583195000188425,completed_raw
cpython3147_saved,nqueens,nqueens,6,0,0.07715224999992643,completed_raw
cpython3147_saved,nqueens,nqueens,6,1,0.07759590000205208,completed_raw
cpython3147_saved,nqueens,nqueens,7,0,0.07600105000892654,completed_raw
cpython3147_saved,nqueens,nqueens,7,1,0.07850875001167879,completed_raw
cpython3147_saved,nqueens,nqueens,8,0,0.075072050007293,completed_raw
cpython3147_saved,nqueens,nqueens,8,1,0.07657099999778438,completed_raw
cpython3147_saved,nqueens,nqueens,9,0,0.07611215001088567,completed_raw
cpython3147_saved,nqueens,nqueens,9,1,0.07639329999801703,completed_raw
cpython3147_saved,nqueens,nqueens,10,0,0.08702740000444464,completed_raw
cpython3147_saved,nqueens,nqueens,10,1,0.07496904999425169,completed_raw
cpython3147_saved,pathlib,pathlib,1,0,0.0418710000012652,completed_raw
cpython3147_saved,pathlib,pathlib,1,1,0.04150037499493919,completed_raw
cpython3147_saved,pathlib,pathlib,2,0,0.041310449996672105,completed_raw
cpython3147_saved,pathlib,pathlib,2,1,0.042300049994082656,completed_raw
cpython3147_saved,pathlib,pathlib,3,0,0.04246969999803696,completed_raw
cpython3147_saved,pathlib,pathlib,3,1,0.041379499998583924,completed_raw
cpython3147_saved,pathlib,pathlib,4,0,0.045996225002454594,completed_raw
cpython3147_saved,pathlib,pathlib,4,1,0.04265914999996312,completed_raw
cpython3147_saved,pathlib,pathlib,5,0,0.04345027499948628,completed_raw
cpython3147_saved,pathlib,pathlib,5,1,0.04117769999720622,completed_raw
cpython3147_saved,pathlib,pathlib,6,0,0.04136382499564206,completed_raw
cpython3147_saved,pathlib,pathlib,6,1,0.04334212500543799,completed_raw
cpython3147_saved,pathlib,pathlib,7,0,0.0418065000048955,completed_raw
cpython3147_saved,pathlib,pathlib,7,1,0.04139609999401728,completed_raw
cpython3147_saved,pathlib,pathlib,8,0,0.04231637500197394,completed_raw
cpython3147_saved,pathlib,pathlib,8,1,0.04339389999950072,completed_raw
cpython3147_saved,pathlib,pathlib,9,0,0.0421862000002875,completed_raw
cpython3147_saved,pathlib,pathlib,9,1,0.04236175000551157,completed_raw
cpython3147_saved,pathlib,pathlib,10,0,0.04156985000008717,completed_raw
cpython3147_saved,pathlib,pathlib,10,1,0.042403949999425095,completed_raw
cpython3147_saved,pickle,pickle,1,0,9.236860351791165e-06,completed_raw
cpython3147_saved,pickle,pickle,1,1,9.061010742072994e-06,completed_raw
cpython3147_saved,pickle,pickle,2,0,9.275541992792569e-06,completed_raw
cpython3147_saved,pickle,pickle,2,1,9.204951172137044e-06,completed_raw
cpython3147_saved,pickle,pickle,3,0,9.206274413031679e-06,completed_raw
cpython3147_saved,pickle,pickle,3,1,9.292207032274291e-06,completed_raw
cpython3147_saved,pickle,pickle,4,0,1.1606904297423171e-05,completed_raw
cpython3147_saved,pickle,pickle,4,1,9.071293945339676e-06,completed_raw
cpython3147_saved,pickle,pickle,5,0,9.134658202469837e-06,completed_raw
cpython3147_saved,pickle,pickle,5,1,9.098032225551834e-06,completed_raw
cpython3147_saved,pickle,pickle,6,0,9.415849609695215e-06,completed_raw
cpython3147_saved,pickle,pickle,6,1,9.813979492889757e-06,completed_raw
cpython3147_saved,pickle,pickle,7,0,9.186425781138042e-06,completed_raw
cpython3147_saved,pickle,pickle,7,1,9.209165038726042e-06,completed_raw
cpython3147_saved,pickle,pickle,8,0,9.02303710859087e-06,completed_raw
cpython3147_saved,pickle,pickle,8,1,9.03272460845983e-06,completed_raw
cpython3147_saved,pickle,pickle,9,0,9.125336913484716e-06,completed_raw
cpython3147_saved,pickle,pickle,9,1,9.086464844187958e-06,completed_raw
cpython3147_saved,pickle,pickle,10,0,9.99144042879152e-06,completed_raw
cpython3147_saved,pickle,pickle,10,1,1.0436123045565181e-05,completed_raw
cpython3147_saved,pickle_dict,pickle_dict,1,0,2.446138671530207e-05,completed_raw
cpython3147_saved,pickle_dict,pickle_dict,1,1,2.4292441406714715e-05,completed_raw
cpython3147_saved,pickle_dict,pickle_dict,2,0,2.350316406136699e-05,completed_raw
cpython3147_saved,pickle_dict,pickle_dict,2,1,2.310724609060344e-05,completed_raw
cpython3147_saved,pickle_dict,pickle_dict,3,0,2.365140625215645e-05,completed_raw
cpython3147_saved,pickle_dict,pickle_dict,3,1,2.3459335938014193e-05,completed_raw
cpython3147_saved,pickle_dict,pickle_dict,4,0,2.3505976560045384e-05,completed_raw
cpython3147_saved,pickle_dict,pickle_dict,4,1,2.3164003903275442e-05,completed_raw
cpython3147_saved,pickle_dict,pickle_dict,5,0,2.316160156397018e-05,completed_raw
cpython3147_saved,pickle_dict,pickle_dict,5,1,2.303648437305128e-05,completed_raw
cpython3147_saved,pickle_dict,pickle_dict,6,0,2.4445566407393925e-05,completed_raw
cpython3147_saved,pickle_dict,pickle_dict,6,1,2.440179687255295e-05,completed_raw
cpython3147_saved,pickle_dict,pickle_dict,7,0,2.4072656248108615e-05,completed_raw
cpython3147_saved,pickle_dict,pickle_dict,7,1,2.306886718770329e-05,completed_raw
cpython3147_saved,pickle_dict,pickle_dict,8,0,2.40437499996915e-05,completed_raw
cpython3147_saved,pickle_dict,pickle_dict,8,1,2.3785371098483665e-05,completed_raw
cpython3147_saved,pickle_dict,pickle_dict,9,0,2.317466796739609e-05,completed_raw
cpython3147_saved,pickle_dict,pickle_dict,9,1,2.3212050780330174e-05,completed_raw
cpython3147_saved,pickle_dict,pickle_dict,10,0,2.3165957031778817e-05,completed_raw
cpython3147_saved,pickle_dict,pickle_dict,10,1,2.3146230466863928e-05,completed_raw
cpython3147_saved,pickle_list,pickle_list,1,0,3.96881835982299e-06,completed_raw
cpython3147_saved,pickle_list,pickle_list,1,1,4.041520995912151e-06,completed_raw
cpython3147_saved,pickle_list,pickle_list,2,0,3.99723144539621e-06,completed_raw
cpython3147_saved,pickle_list,pickle_list,2,1,3.957089843709127e-06,completed_raw
cpython3147_saved,pickle_list,pickle_list,3,0,4.111496581771234e-06,completed_raw
cpython3147_saved,pickle_list,pickle_list,3,1,4.01252441406541e-06,completed_raw
cpython3147_saved,pickle_list,pickle_list,4,0,3.902438965042165e-06,completed_raw
cpython3147_saved,pickle_list,pickle_list,4,1,3.961582031308808e-06,completed_raw
cpython3147_saved,pickle_list,pickle_list,5,0,4.068999023587594e-06,completed_raw
cpython3147_saved,pickle_list,pickle_list,5,1,4.121909179133354e-06,completed_raw
cpython3147_saved,pickle_list,pickle_list,6,0,3.967050781028547e-06,completed_raw
cpython3147_saved,pickle_list,pickle_list,6,1,4.110297851411815e-06,completed_raw
cpython3147_saved,pickle_list,pickle_list,7,0,3.882951660472145e-06,completed_raw
cpython3147_saved,pickle_list,pickle_list,7,1,3.898430175297562e-06,completed_raw
cpython3147_saved,pickle_list,pickle_list,8,0,4.083725585957154e-06,completed_raw
cpython3147_saved,pickle_list,pickle_list,8,1,4.1610986329487785e-06,completed_raw
cpython3147_saved,pickle_list,pickle_list,9,0,4.0376733394964505e-06,completed_raw
cpython3147_saved,pickle_list,pickle_list,9,1,4.046120605494252e-06,completed_raw
cpython3147_saved,pickle_list,pickle_list,10,0,4.060500488378694e-06,completed_raw
cpython3147_saved,pickle_list,pickle_list,10,1,4.089606933632695e-06,completed_raw
cpython3147_saved,pickle_pure_python,pickle_pure_python,1,0,0.0002515720312658232,completed_raw
cpython3147_saved,pickle_pure_python,pickle_pure_python,1,1,0.0002605060937185044,completed_raw
cpython3147_saved,pickle_pure_python,pickle_pure_python,2,0,0.00025329281247650216,completed_raw
cpython3147_saved,pickle_pure_python,pickle_pure_python,2,1,0.0002544553125062521,completed_raw
cpython3147_saved,pickle_pure_python,pickle_pure_python,3,0,0.00025673687500784583,completed_raw
cpython3147_saved,pickle_pure_python,pickle_pure_python,3,1,0.00026033484373328976,completed_raw
cpython3147_saved,pickle_pure_python,pickle_pure_python,4,0,0.0002557564062499296,completed_raw
cpython3147_saved,pickle_pure_python,pickle_pure_python,4,1,0.00025517062499602616,completed_raw
cpython3147_saved,pickle_pure_python,pickle_pure_python,5,0,0.0002535726562655327,completed_raw
cpython3147_saved,pickle_pure_python,pickle_pure_python,5,1,0.00026530296877353977,completed_raw
cpython3147_saved,pickle_pure_python,pickle_pure_python,6,0,0.0002659401562596031,completed_raw
cpython3147_saved,pickle_pure_python,pickle_pure_python,6,1,0.00026363968750047205,completed_raw
cpython3147_saved,pickle_pure_python,pickle_pure_python,7,0,0.000258402656254475,completed_raw
cpython3147_saved,pickle_pure_python,pickle_pure_python,7,1,0.00025738906247170236,completed_raw
cpython3147_saved,pickle_pure_python,pickle_pure_python,8,0,0.00025557765625308095,completed_raw
cpython3147_saved,pickle_pure_python,pickle_pure_python,8,1,0.00025482921873845046,completed_raw
cpython3147_saved,pickle_pure_python,pickle_pure_python,9,0,0.0002587896874956641,completed_raw
cpython3147_saved,pickle_pure_python,pickle_pure_python,9,1,0.00025911546872521286,completed_raw
cpython3147_saved,pickle_pure_python,pickle_pure_python,10,0,0.00025515515626466366,completed_raw
cpython3147_saved,pickle_pure_python,pickle_pure_python,10,1,0.00025441796874474675,completed_raw
cpython3147_saved,pidigits,pidigits,1,0,0.16339699999662116,completed_raw
cpython3147_saved,pidigits,pidigits,1,1,0.16425000000162981,completed_raw
cpython3147_saved,pidigits,pidigits,2,0,0.16403440001886338,completed_raw
cpython3147_saved,pidigits,pidigits,2,1,0.16081380000105128,completed_raw
cpython3147_saved,pidigits,pidigits,3,0,0.16347339999629185,completed_raw
cpython3147_saved,pidigits,pidigits,3,1,0.162772000010591,completed_raw
cpython3147_saved,pidigits,pidigits,4,0,0.16558689999510534,completed_raw
cpython3147_saved,pidigits,pidigits,4,1,0.16347629998927005,completed_raw
cpython3147_saved,pidigits,pidigits,5,0,0.164353400003165,completed_raw
cpython3147_saved,pidigits,pidigits,5,1,0.16195110001717694,completed_raw
cpython3147_saved,pidigits,pidigits,6,0,0.16225480000139214,completed_raw
cpython3147_saved,pidigits,pidigits,6,1,0.16132030001608655,completed_raw
cpython3147_saved,pidigits,pidigits,7,0,0.16151150001678616,completed_raw
cpython3147_saved,pidigits,pidigits,7,1,0.16233370002009906,completed_raw
cpython3147_saved,pidigits,pidigits,8,0,0.1619324999919627,completed_raw
cpython3147_saved,pidigits,pidigits,8,1,0.16462529997806996,completed_raw
cpython3147_saved,pidigits,pidigits,9,0,0.1648482000164222,completed_raw
cpython3147_saved,pidigits,pidigits,9,1,0.16285010002320632,completed_raw
cpython3147_saved,pidigits,pidigits,10,0,0.16227640002034605,completed_raw
cpython3147_saved,pidigits,pidigits,10,1,0.16145389998564497,completed_raw
cpython3147_saved,pprint,pprint_safe_repr,1,0,0.5908768999797758,completed_raw
cpython3147_saved,pprint,pprint_safe_repr,1,1,0.5963330999948084,completed_raw
cpython3147_saved,pprint,pprint_safe_repr,2,0,0.5924341999925673,completed_raw
cpython3147_saved,pprint,pprint_safe_repr,2,1,0.596361000003526,completed_raw
cpython3147_saved,pprint,pprint_safe_repr,3,0,0.5934974999981932,completed_raw
cpython3147_saved,pprint,pprint_safe_repr,3,1,0.6048989999981131,completed_raw
cpython3147_saved,pprint,pprint_safe_repr,4,0,0.6125143000099342,completed_raw
cpython3147_saved,pprint,pprint_safe_repr,4,1,0.6121909000212327,completed_raw
cpython3147_saved,pprint,pprint_safe_repr,5,0,0.5929010999971069,completed_raw
cpython3147_saved,pprint,pprint_safe_repr,5,1,0.5890579000115395,completed_raw
cpython3147_saved,pprint,pprint_safe_repr,6,0,0.5980094000115059,completed_raw
cpython3147_saved,pprint,pprint_safe_repr,6,1,0.5993867999932263,completed_raw
cpython3147_saved,pprint,pprint_safe_repr,7,0,0.600302400009241,completed_raw
cpython3147_saved,pprint,pprint_safe_repr,7,1,0.6014040000154637,completed_raw
cpython3147_saved,pprint,pprint_safe_repr,8,0,0.6035291999869514,completed_raw
cpython3147_saved,pprint,pprint_safe_repr,8,1,0.6065656999999192,completed_raw
cpython3147_saved,pprint,pprint_safe_repr,9,0,0.5992509999778122,completed_raw
cpython3147_saved,pprint,pprint_safe_repr,9,1,0.5986396000080276,completed_raw
cpython3147_saved,pprint,pprint_safe_repr,10,0,0.5914971999882255,completed_raw
cpython3147_saved,pprint,pprint_safe_repr,10,1,0.5944201000093017,completed_raw
cpython3147_saved,pprint,pprint_pformat,1,0,1.2280841000028886,completed_raw
cpython3147_saved,pprint,pprint_pformat,1,1,1.2262265000026673,completed_raw
cpython3147_saved,pprint,pprint_pformat,2,0,1.2444732000003569,completed_raw
cpython3147_saved,pprint,pprint_pformat,2,1,1.2512983999913558,completed_raw
cpython3147_saved,pprint,pprint_pformat,3,0,1.2263687000086065,completed_raw
cpython3147_saved,pprint,pprint_pformat,3,1,1.229865500004962,completed_raw
cpython3147_saved,pprint,pprint_pformat,4,0,1.231465399992885,completed_raw
cpython3147_saved,pprint,pprint_pformat,4,1,1.2305080000078306,completed_raw
cpython3147_saved,pprint,pprint_pformat,5,0,1.2566005999979097,completed_raw
cpython3147_saved,pprint,pprint_pformat,5,1,1.222683700005291,completed_raw
cpython3147_saved,pprint,pprint_pformat,6,0,1.2851344000082463,completed_raw
cpython3147_saved,pprint,pprint_pformat,6,1,1.2199080999998841,completed_raw
cpython3147_saved,pprint,pprint_pformat,7,0,1.233580100000836,completed_raw
cpython3147_saved,pprint,pprint_pformat,7,1,1.2298784999875352,completed_raw
cpython3147_saved,pprint,pprint_pformat,8,0,1.221528300025966,completed_raw
cpython3147_saved,pprint,pprint_pformat,8,1,1.2254446000151802,completed_raw
cpython3147_saved,pprint,pprint_pformat,9,0,1.2358472000050824,completed_raw
cpython3147_saved,pprint,pprint_pformat,9,1,1.228047200012952,completed_raw
cpython3147_saved,pprint,pprint_pformat,10,0,1.2255105999938678,completed_raw
cpython3147_saved,pprint,pprint_pformat,10,1,1.2136375000118278,completed_raw
cpython3147_saved,pyflate,pyflate,1,0,0.3520159999898169,completed_raw
cpython3147_saved,pyflate,pyflate,1,1,0.34471440000925213,completed_raw
cpython3147_saved,pyflate,pyflate,2,0,0.33795699998154305,completed_raw
cpython3147_saved,pyflate,pyflate,2,1,0.3363433000049554,completed_raw
cpython3147_saved,pyflate,pyflate,3,0,0.3543530000024475,completed_raw
cpython3147_saved,pyflate,pyflate,3,1,0.34613489999901503,completed_raw
cpython3147_saved,pyflate,pyflate,4,0,0.3341731999826152,completed_raw
cpython3147_saved,pyflate,pyflate,4,1,0.33490360001451336,completed_raw
cpython3147_saved,pyflate,pyflate,5,0,0.3681529000168666,completed_raw
cpython3147_saved,pyflate,pyflate,5,1,0.3487099999911152,completed_raw
cpython3147_saved,pyflate,pyflate,6,0,0.33480909999343567,completed_raw
cpython3147_saved,pyflate,pyflate,6,1,0.33761889999732375,completed_raw
cpython3147_saved,pyflate,pyflate,7,0,0.33700890000909567,completed_raw
cpython3147_saved,pyflate,pyflate,7,1,0.36431630002334714,completed_raw
cpython3147_saved,pyflate,pyflate,8,0,0.3385126999928616,completed_raw
cpython3147_saved,pyflate,pyflate,8,1,0.33721960001275875,completed_raw
cpython3147_saved,pyflate,pyflate,9,0,0.3575894999958109,completed_raw
cpython3147_saved,pyflate,pyflate,9,1,0.3559170999797061,completed_raw
cpython3147_saved,pyflate,pyflate,10,0,0.33598289999645203,completed_raw
cpython3147_saved,pyflate,pyflate,10,1,0.3421375000034459,completed_raw
cpython3147_saved,python_startup,python_startup,1,0,0.01822777499910444,completed_raw
cpython3147_saved,python_startup,python_startup,1,1,0.018622125000547385,completed_raw
cpython3147_saved,python_startup,python_startup,1,2,0.017809625001973473,completed_raw
cpython3147_saved,python_startup,python_startup,1,3,0.018451975000061793,completed_raw
cpython3147_saved,python_startup,python_startup,1,4,0.01892258750012843,completed_raw
cpython3147_saved,python_startup,python_startup,1,5,0.01870876249813591,completed_raw
cpython3147_saved,python_startup,python_startup,2,0,0.018418949999613687,completed_raw
cpython3147_saved,python_startup,python_startup,2,1,0.01907572500203969,completed_raw
cpython3147_saved,python_startup,python_startup,2,2,0.01839163749900763,completed_raw
cpython3147_saved,python_startup,python_startup,2,3,0.018482524999853922,completed_raw
cpython3147_saved,python_startup,python_startup,2,4,0.01861320000170963,completed_raw
cpython3147_saved,python_startup,python_startup,2,5,0.018538550000812393,completed_raw
cpython3147_saved,python_startup,python_startup,3,0,0.018221350001113024,completed_raw
cpython3147_saved,python_startup,python_startup,3,1,0.017927012500877026,completed_raw
cpython3147_saved,python_startup,python_startup,3,2,0.01801581250037998,completed_raw
cpython3147_saved,python_startup,python_startup,3,3,0.018071987502480624,completed_raw
cpython3147_saved,python_startup,python_startup,3,4,0.018757550002192147,completed_raw
cpython3147_saved,python_startup,python_startup,3,5,0.018980112501594704,completed_raw
cpython3147_saved,python_startup,python_startup,4,0,0.017997287501202663,completed_raw
cpython3147_saved,python_startup,python_startup,4,1,0.017766062501323177,completed_raw
cpython3147_saved,python_startup,python_startup,4,2,0.01886170000216225,completed_raw
cpython3147_saved,python_startup,python_startup,4,3,0.020190437502606073,completed_raw
cpython3147_saved,python_startup,python_startup,4,4,0.017931400001543807,completed_raw
cpython3147_saved,python_startup,python_startup,4,5,0.018467437501385575,completed_raw
cpython3147_saved,python_startup,python_startup,5,0,0.01891256250019069,completed_raw
cpython3147_saved,python_startup,python_startup,5,1,0.018727987499005394,completed_raw
cpython3147_saved,python_startup,python_startup,5,2,0.0186537750014395,completed_raw
cpython3147_saved,python_startup,python_startup,5,3,0.01830883750153589,completed_raw
cpython3147_saved,python_startup,python_startup,5,4,0.01782354999886593,completed_raw
cpython3147_saved,python_startup,python_startup,5,5,0.019101924997812603,completed_raw
cpython3147_saved,python_startup,python_startup,6,0,0.018496524997317465,completed_raw
cpython3147_saved,python_startup,python_startup,6,1,0.018554599999333732,completed_raw
cpython3147_saved,python_startup,python_startup,6,2,0.018518562501412816,completed_raw
cpython3147_saved,python_startup,python_startup,6,3,0.01906988750124583,completed_raw
cpython3147_saved,python_startup,python_startup,6,4,0.018731162501353538,completed_raw
cpython3147_saved,python_startup,python_startup,6,5,0.01815956249993178,completed_raw
cpython3147_saved,python_startup,python_startup,7,0,0.018733025000983616,completed_raw
cpython3147_saved,python_startup,python_startup,7,1,0.01990988749821554,completed_raw
cpython3147_saved,python_startup,python_startup,7,2,0.019940587499149842,completed_raw
cpython3147_saved,python_startup,python_startup,7,3,0.019715312500920845,completed_raw
cpython3147_saved,python_startup,python_startup,7,4,0.018079199999192497,completed_raw
cpython3147_saved,python_startup,python_startup,7,5,0.019081837497651577,completed_raw
cpython3147_saved,python_startup,python_startup,8,0,0.018077012500725687,completed_raw
cpython3147_saved,python_startup,python_startup,8,1,0.018465149998519337,completed_raw
cpython3147_saved,python_startup,python_startup,8,2,0.018628699999680975,completed_raw
cpython3147_saved,python_startup,python_startup,8,3,0.018587400001706555,completed_raw
cpython3147_saved,python_startup,python_startup,8,4,0.018159212500904687,completed_raw
cpython3147_saved,python_startup,python_startup,8,5,0.01788958749966696,completed_raw
cpython3147_saved,python_startup,python_startup,9,0,0.018409050000627758,completed_raw
cpython3147_saved,python_startup,python_startup,9,1,0.018926125001598848,completed_raw
cpython3147_saved,python_startup,python_startup,9,2,0.018346762499277247,completed_raw
cpython3147_saved,python_startup,python_startup,9,3,0.018689312499191146,completed_raw
cpython3147_saved,python_startup,python_startup,9,4,0.018527625001297565,completed_raw
cpython3147_saved,python_startup,python_startup,9,5,0.018893637497967575,completed_raw
cpython3147_saved,python_startup,python_startup,10,0,0.018426425001962343,completed_raw
cpython3147_saved,python_startup,python_startup,10,1,0.018738825001491932,completed_raw
cpython3147_saved,python_startup,python_startup,10,2,0.018433400000503752,completed_raw
cpython3147_saved,python_startup,python_startup,10,3,0.019592812499467982,completed_raw
cpython3147_saved,python_startup,python_startup,10,4,0.018624299998919014,completed_raw
cpython3147_saved,python_startup,python_startup,10,5,0.01840123749934719,completed_raw
cpython3147_saved,python_startup_no_site,python_startup_no_site,1,0,0.016287875001580687,completed_raw
cpython3147_saved,python_startup_no_site,python_startup_no_site,1,1,0.015566925001621712,completed_raw
cpython3147_saved,python_startup_no_site,python_startup_no_site,1,2,0.016025987497414462,completed_raw
cpython3147_saved,python_startup_no_site,python_startup_no_site,1,3,0.015828137500648154,completed_raw
cpython3147_saved,python_startup_no_site,python_startup_no_site,1,4,0.01641181249942747,completed_raw
cpython3147_saved,python_startup_no_site,python_startup_no_site,1,5,0.01612091249990044,completed_raw
cpython3147_saved,python_startup_no_site,python_startup_no_site,2,0,0.015190474998235004,completed_raw
cpython3147_saved,python_startup_no_site,python_startup_no_site,2,1,0.015416449998156168,completed_raw
cpython3147_saved,python_startup_no_site,python_startup_no_site,2,2,0.01712488749762997,completed_raw
cpython3147_saved,python_startup_no_site,python_startup_no_site,2,3,0.01556188749964349,completed_raw
cpython3147_saved,python_startup_no_site,python_startup_no_site,2,4,0.015068799999426119,completed_raw
cpython3147_saved,python_startup_no_site,python_startup_no_site,2,5,0.015885649998381268,completed_raw
cpython3147_saved,python_startup_no_site,python_startup_no_site,3,0,0.015140137500566198,completed_raw
cpython3147_saved,python_startup_no_site,python_startup_no_site,3,1,0.015677287501603132,completed_raw
cpython3147_saved,python_startup_no_site,python_startup_no_site,3,2,0.01489648750066408,completed_raw
cpython3147_saved,python_startup_no_site,python_startup_no_site,3,3,0.01470288749987958,completed_raw
cpython3147_saved,python_startup_no_site,python_startup_no_site,3,4,0.015234087499266025,completed_raw
cpython3147_saved,python_startup_no_site,python_startup_no_site,3,5,0.01548594999985653,completed_raw
cpython3147_saved,python_startup_no_site,python_startup_no_site,4,0,0.015580012499412987,completed_raw
cpython3147_saved,python_startup_no_site,python_startup_no_site,4,1,0.014897674998792354,completed_raw
cpython3147_saved,python_startup_no_site,python_startup_no_site,4,2,0.01514527499966789,completed_raw
cpython3147_saved,python_startup_no_site,python_startup_no_site,4,3,0.015620262500306126,completed_raw
cpython3147_saved,python_startup_no_site,python_startup_no_site,4,4,0.015973574998497497,completed_raw
cpython3147_saved,python_startup_no_site,python_startup_no_site,4,5,0.016629149999062065,completed_raw
cpython3147_saved,python_startup_no_site,python_startup_no_site,5,0,0.015603675001329975,completed_raw
cpython3147_saved,python_startup_no_site,python_startup_no_site,5,1,0.016275025001959875,completed_raw
cpython3147_saved,python_startup_no_site,python_startup_no_site,5,2,0.015021787497971673,completed_raw
cpython3147_saved,python_startup_no_site,python_startup_no_site,5,3,0.015331924998463364,completed_raw
cpython3147_saved,python_startup_no_site,python_startup_no_site,5,4,0.014785275001486298,completed_raw
cpython3147_saved,python_startup_no_site,python_startup_no_site,5,5,0.015848487499170005,completed_raw
cpython3147_saved,python_startup_no_site,python_startup_no_site,6,0,0.015167450001172256,completed_raw
cpython3147_saved,python_startup_no_site,python_startup_no_site,6,1,0.015887099998508347,completed_raw
cpython3147_saved,python_startup_no_site,python_startup_no_site,6,2,0.01567477500066161,completed_raw
cpython3147_saved,python_startup_no_site,python_startup_no_site,6,3,0.01763310000023921,completed_raw
cpython3147_saved,python_startup_no_site,python_startup_no_site,6,4,0.015212424998026108,completed_raw
cpython3147_saved,python_startup_no_site,python_startup_no_site,6,5,0.015423612498125294,completed_raw
cpython3147_saved,python_startup_no_site,python_startup_no_site,7,0,0.014910037501977058,completed_raw
cpython3147_saved,python_startup_no_site,python_startup_no_site,7,1,0.01511313749870169,completed_raw
cpython3147_saved,python_startup_no_site,python_startup_no_site,7,2,0.014885237498674542,completed_raw
cpython3147_saved,python_startup_no_site,python_startup_no_site,7,3,0.015127624999877298,completed_raw
cpython3147_saved,python_startup_no_site,python_startup_no_site,7,4,0.015247337501932634,completed_raw
cpython3147_saved,python_startup_no_site,python_startup_no_site,7,5,0.018003799999860348,completed_raw
cpython3147_saved,python_startup_no_site,python_startup_no_site,8,0,0.016600062499492196,completed_raw
cpython3147_saved,python_startup_no_site,python_startup_no_site,8,1,0.018303374999959487,completed_raw
cpython3147_saved,python_startup_no_site,python_startup_no_site,8,2,0.016881075000128476,completed_raw
cpython3147_saved,python_startup_no_site,python_startup_no_site,8,3,0.01702413750172127,completed_raw
cpython3147_saved,python_startup_no_site,python_startup_no_site,8,4,0.017382162499416154,completed_raw
cpython3147_saved,python_startup_no_site,python_startup_no_site,8,5,0.01910887499980163,completed_raw
cpython3147_saved,python_startup_no_site,python_startup_no_site,9,0,0.01552622500094003,completed_raw
cpython3147_saved,python_startup_no_site,python_startup_no_site,9,1,0.015609487501933472,completed_raw
cpython3147_saved,python_startup_no_site,python_startup_no_site,9,2,0.01537226250002277,completed_raw
cpython3147_saved,python_startup_no_site,python_startup_no_site,9,3,0.014805875001911772,completed_raw
cpython3147_saved,python_startup_no_site,python_startup_no_site,9,4,0.015217287498671794,completed_raw
cpython3147_saved,python_startup_no_site,python_startup_no_site,9,5,0.01515944999846397,completed_raw
cpython3147_saved,python_startup_no_site,python_startup_no_site,10,0,0.015264724999724422,completed_raw
cpython3147_saved,python_startup_no_site,python_startup_no_site,10,1,0.014899124998919433,completed_raw
cpython3147_saved,python_startup_no_site,python_startup_no_site,10,2,0.014995037501648767,completed_raw
cpython3147_saved,python_startup_no_site,python_startup_no_site,10,3,0.01538048749716836,completed_raw
cpython3147_saved,python_startup_no_site,python_startup_no_site,10,4,0.0152832749990921,completed_raw
cpython3147_saved,python_startup_no_site,python_startup_no_site,10,5,0.01570585000081337,completed_raw
cpython3147_saved,raytrace,raytrace,1,0,0.22575330000836402,completed_raw
cpython3147_saved,raytrace,raytrace,1,1,0.2276756000064779,completed_raw
cpython3147_saved,raytrace,raytrace,2,0,0.2263774999883026,completed_raw
cpython3147_saved,raytrace,raytrace,2,1,0.22969739997643046,completed_raw
cpython3147_saved,raytrace,raytrace,3,0,0.2276551999966614,completed_raw
cpython3147_saved,raytrace,raytrace,3,1,0.22750940002151765,completed_raw
cpython3147_saved,raytrace,raytrace,4,0,0.22655679998570122,completed_raw
cpython3147_saved,raytrace,raytrace,4,1,0.22959390000323765,completed_raw
cpython3147_saved,raytrace,raytrace,5,0,0.22860790000413544,completed_raw
cpython3147_saved,raytrace,raytrace,5,1,0.22689360001822934,completed_raw
cpython3147_saved,raytrace,raytrace,6,0,0.2222512999724131,completed_raw
cpython3147_saved,raytrace,raytrace,6,1,0.22739349998300895,completed_raw
cpython3147_saved,raytrace,raytrace,7,0,0.22789889998966828,completed_raw
cpython3147_saved,raytrace,raytrace,7,1,0.22694459999911487,completed_raw
cpython3147_saved,raytrace,raytrace,8,0,0.22884720002184622,completed_raw
cpython3147_saved,raytrace,raytrace,8,1,0.22989799999049865,completed_raw
cpython3147_saved,raytrace,raytrace,9,0,0.2268499000056181,completed_raw
cpython3147_saved,raytrace,raytrace,9,1,0.22991110000293702,completed_raw
cpython3147_saved,raytrace,raytrace,10,0,0.22232800000347197,completed_raw
cpython3147_saved,raytrace,raytrace,10,1,0.22713770001428202,completed_raw
cpython3147_saved,regex_compile,regex_compile,1,0,0.09875189999002032,completed_raw
cpython3147_saved,regex_compile,regex_compile,1,1,0.09963850000349339,completed_raw
cpython3147_saved,regex_compile,regex_compile,2,0,0.09953709998808336,completed_raw
cpython3147_saved,regex_compile,regex_compile,2,1,0.09936034999554977,completed_raw
cpython3147_saved,regex_compile,regex_compile,3,0,0.09728375000122469,completed_raw
cpython3147_saved,regex_compile,regex_compile,3,1,0.1054322999989381,completed_raw
cpython3147_saved,regex_compile,regex_compile,4,0,0.09630180000385735,completed_raw
cpython3147_saved,regex_compile,regex_compile,4,1,0.09795910000684671,completed_raw
cpython3147_saved,regex_compile,regex_compile,5,0,0.09583765000570565,completed_raw
cpython3147_saved,regex_compile,regex_compile,5,1,0.09709745000873227,completed_raw
cpython3147_saved,regex_compile,regex_compile,6,0,0.09716854999714997,completed_raw
cpython3147_saved,regex_compile,regex_compile,6,1,0.09834450000198558,completed_raw
cpython3147_saved,regex_compile,regex_compile,7,0,0.09838720000698231,completed_raw
cpython3147_saved,regex_compile,regex_compile,7,1,0.09656824999547098,completed_raw
cpython3147_saved,regex_compile,regex_compile,8,0,0.09578709999914281,completed_raw
cpython3147_saved,regex_compile,regex_compile,8,1,0.09727149999525864,completed_raw
cpython3147_saved,regex_compile,regex_compile,9,0,0.09875190000457224,completed_raw
cpython3147_saved,regex_compile,regex_compile,9,1,0.09884779999265447,completed_raw
cpython3147_saved,regex_compile,regex_compile,10,0,0.09655740000016522,completed_raw
cpython3147_saved,regex_compile,regex_compile,10,1,0.09650349999719765,completed_raw
cpython3147_saved,regex_dna,regex_dna,1,0,0.13666610000655055,completed_raw
cpython3147_saved,regex_dna,regex_dna,1,1,0.1383551999751944,completed_raw
cpython3147_saved,regex_dna,regex_dna,2,0,0.1357576999871526,completed_raw
cpython3147_saved,regex_dna,regex_dna,2,1,0.13528660000883974,completed_raw
cpython3147_saved,regex_dna,regex_dna,3,0,0.14132819999940693,completed_raw
cpython3147_saved,regex_dna,regex_dna,3,1,0.1399344999808818,completed_raw
cpython3147_saved,regex_dna,regex_dna,4,0,0.13727440001093782,completed_raw
cpython3147_saved,regex_dna,regex_dna,4,1,0.1391654000035487,completed_raw
cpython3147_saved,regex_dna,regex_dna,5,0,0.13855070000863634,completed_raw
cpython3147_saved,regex_dna,regex_dna,5,1,0.13845820000278763,completed_raw
cpython3147_saved,regex_dna,regex_dna,6,0,0.13868340000044554,completed_raw
cpython3147_saved,regex_dna,regex_dna,6,1,0.13747149999835528,completed_raw
cpython3147_saved,regex_dna,regex_dna,7,0,0.13643660000525415,completed_raw
cpython3147_saved,regex_dna,regex_dna,7,1,0.13519699999596924,completed_raw
cpython3147_saved,regex_dna,regex_dna,8,0,0.13648320001084358,completed_raw
cpython3147_saved,regex_dna,regex_dna,8,1,0.13898130002780817,completed_raw
cpython3147_saved,regex_dna,regex_dna,9,0,0.1354122000047937,completed_raw
cpython3147_saved,regex_dna,regex_dna,9,1,0.13611990000936203,completed_raw
cpython3147_saved,regex_dna,regex_dna,10,0,0.1358098000055179,completed_raw
cpython3147_saved,regex_dna,regex_dna,10,1,0.13696179998805746,completed_raw
cpython3147_saved,regex_effbot,regex_effbot,1,0,0.0018808112501574215,completed_raw
cpython3147_saved,regex_effbot,regex_effbot,1,1,0.0018494112497137393,completed_raw
cpython3147_saved,regex_effbot,regex_effbot,2,0,0.001871281249987078,completed_raw
cpython3147_saved,regex_effbot,regex_effbot,2,1,0.001864357500016922,completed_raw
cpython3147_saved,regex_effbot,regex_effbot,3,0,0.0018749237500742312,completed_raw
cpython3147_saved,regex_effbot,regex_effbot,3,1,0.0018656750002264745,completed_raw
cpython3147_saved,regex_effbot,regex_effbot,4,0,0.0018665937499463326,completed_raw
cpython3147_saved,regex_effbot,regex_effbot,4,1,0.0018534200000431156,completed_raw
cpython3147_saved,regex_effbot,regex_effbot,5,0,0.0018752237501757918,completed_raw
cpython3147_saved,regex_effbot,regex_effbot,5,1,0.001850032499714871,completed_raw
cpython3147_saved,regex_effbot,regex_effbot,6,0,0.0018347149998589884,completed_raw
cpython3147_saved,regex_effbot,regex_effbot,6,1,0.0018452837499353335,completed_raw
cpython3147_saved,regex_effbot,regex_effbot,7,0,0.0018703775000176392,completed_raw
cpython3147_saved,regex_effbot,regex_effbot,7,1,0.0018578499999421182,completed_raw
cpython3147_saved,regex_effbot,regex_effbot,8,0,0.0018585012501716846,completed_raw
cpython3147_saved,regex_effbot,regex_effbot,8,1,0.0018490275000658586,completed_raw
cpython3147_saved,regex_effbot,regex_effbot,9,0,0.0018449562499881721,completed_raw
cpython3147_saved,regex_effbot,regex_effbot,9,1,0.001880023749981774,completed_raw
cpython3147_saved,regex_effbot,regex_effbot,10,0,0.0018597262500406942,completed_raw
cpython3147_saved,regex_effbot,regex_effbot,10,1,0.0018501887501770399,completed_raw
cpython3147_saved,regex_v8,regex_v8,1,0,0.015965487498760922,completed_raw
cpython3147_saved,regex_v8,regex_v8,1,1,0.016206774998863693,completed_raw
cpython3147_saved,regex_v8,regex_v8,2,0,0.01604818750274717,completed_raw
cpython3147_saved,regex_v8,regex_v8,2,1,0.016236949999438366,completed_raw
cpython3147_saved,regex_v8,regex_v8,3,0,0.015577387501252815,completed_raw
cpython3147_saved,regex_v8,regex_v8,3,1,0.01546434999909252,completed_raw
cpython3147_saved,regex_v8,regex_v8,4,0,0.01555562499925145,completed_raw
cpython3147_saved,regex_v8,regex_v8,4,1,0.015440650000527967,completed_raw
cpython3147_saved,regex_v8,regex_v8,5,0,0.015641712499927962,completed_raw
cpython3147_saved,regex_v8,regex_v8,5,1,0.015410862499265932,completed_raw
cpython3147_saved,regex_v8,regex_v8,6,0,0.015554962501482805,completed_raw
cpython3147_saved,regex_v8,regex_v8,6,1,0.015670925000449643,completed_raw
cpython3147_saved,regex_v8,regex_v8,7,0,0.0156083125002624,completed_raw
cpython3147_saved,regex_v8,regex_v8,7,1,0.01589047500237939,completed_raw
cpython3147_saved,regex_v8,regex_v8,8,0,0.01565221249984461,completed_raw
cpython3147_saved,regex_v8,regex_v8,8,1,0.01570177499888814,completed_raw
cpython3147_saved,regex_v8,regex_v8,9,0,0.015425500001583714,completed_raw
cpython3147_saved,regex_v8,regex_v8,9,1,0.01538227499986533,completed_raw
cpython3147_saved,regex_v8,regex_v8,10,0,0.015733050000562798,completed_raw
cpython3147_saved,regex_v8,regex_v8,10,1,0.01617709999845829,completed_raw
cpython3147_saved,richards,richards,1,0,0.03427350000129081,completed_raw
cpython3147_saved,richards,richards,1,1,0.03445717500289902,completed_raw
cpython3147_saved,richards,richards,2,0,0.034319325000979006,completed_raw
cpython3147_saved,richards,richards,2,1,0.034224600000015926,completed_raw
cpython3147_saved,richards,richards,3,0,0.0330814749977435,completed_raw
cpython3147_saved,richards,richards,3,1,0.033308224999927916,completed_raw
cpython3147_saved,richards,richards,4,0,0.033946174997254275,completed_raw
cpython3147_saved,richards,richards,4,1,0.03378477500518784,completed_raw
cpython3147_saved,richards,richards,5,0,0.034351649999734946,completed_raw
cpython3147_saved,richards,richards,5,1,0.034323175001190975,completed_raw
cpython3147_saved,richards,richards,6,0,0.034692950001044665,completed_raw
cpython3147_saved,richards,richards,6,1,0.03462959999887971,completed_raw
cpython3147_saved,richards,richards,7,0,0.034128750005038455,completed_raw
cpython3147_saved,richards,richards,7,1,0.03430059999664081,completed_raw
cpython3147_saved,richards,richards,8,0,0.033804325001256075,completed_raw
cpython3147_saved,richards,richards,8,1,0.034541599998192396,completed_raw
cpython3147_saved,richards,richards,9,0,0.03420997500506928,completed_raw
cpython3147_saved,richards,richards,9,1,0.03426404999481747,completed_raw
cpython3147_saved,richards,richards,10,0,0.03395279999676859,completed_raw
cpython3147_saved,richards,richards,10,1,0.03419289999874309,completed_raw
cpython3147_saved,richards_super,richards_super,1,0,0.03816407499834895,completed_raw
cpython3147_saved,richards_super,richards_super,1,1,0.038253099999565165,completed_raw
cpython3147_saved,richards_super,richards_super,2,0,0.038101975005702116,completed_raw
cpython3147_saved,richards_super,richards_super,2,1,0.03835840000101598,completed_raw
cpython3147_saved,richards_super,richards_super,3,0,0.03845592500147177,completed_raw
cpython3147_saved,richards_super,richards_super,3,1,0.03799752500344766,completed_raw
cpython3147_saved,richards_super,richards_super,4,0,0.038550474993826356,completed_raw
cpython3147_saved,richards_super,richards_super,4,1,0.038988275002338924,completed_raw
cpython3147_saved,richards_super,richards_super,5,0,0.038631650000752416,completed_raw
cpython3147_saved,richards_super,richards_super,5,1,0.038881349995790515,completed_raw
cpython3147_saved,richards_super,richards_super,6,0,0.03798357499908889,completed_raw
cpython3147_saved,richards_super,richards_super,6,1,0.03895209999609506,completed_raw
cpython3147_saved,richards_super,richards_super,7,0,0.038723425001080614,completed_raw
cpython3147_saved,richards_super,richards_super,7,1,0.03849877500033472,completed_raw
cpython3147_saved,richards_super,richards_super,8,0,0.0382850000023609,completed_raw
cpython3147_saved,richards_super,richards_super,8,1,0.03734429999894928,completed_raw
cpython3147_saved,richards_super,richards_super,9,0,0.03855189999740105,completed_raw
cpython3147_saved,richards_super,richards_super,9,1,0.03863640000054147,completed_raw
cpython3147_saved,richards_super,richards_super,10,0,0.0387172249975265,completed_raw
cpython3147_saved,richards_super,richards_super,10,1,0.038212949999433476,completed_raw
cpython3147_saved,scimark,scimark_fft,1,0,0.22981669998262078,completed_raw
cpython3147_saved,scimark,scimark_fft,1,1,0.22486479999497533,completed_raw
cpython3147_saved,scimark,scimark_fft,2,0,0.22058100000140257,completed_raw
cpython3147_saved,scimark,scimark_fft,2,1,0.221974100015359,completed_raw
cpython3147_saved,scimark,scimark_fft,3,0,0.22168270000838675,completed_raw
cpython3147_saved,scimark,scimark_fft,3,1,0.2270822999998927,completed_raw
cpython3147_saved,scimark,scimark_fft,4,0,0.2233321999956388,completed_raw
cpython3147_saved,scimark,scimark_fft,4,1,0.22862790001090616,completed_raw
cpython3147_saved,scimark,scimark_fft,5,0,0.22672109998529777,completed_raw
cpython3147_saved,scimark,scimark_fft,5,1,0.2297738999768626,completed_raw
cpython3147_saved,scimark,scimark_fft,6,0,0.22630010001012124,completed_raw
cpython3147_saved,scimark,scimark_fft,6,1,0.2278134000080172,completed_raw
cpython3147_saved,scimark,scimark_fft,7,0,0.2294292000005953,completed_raw
cpython3147_saved,scimark,scimark_fft,7,1,0.22765340001205914,completed_raw
cpython3147_saved,scimark,scimark_fft,8,0,0.2315113999939058,completed_raw
cpython3147_saved,scimark,scimark_fft,8,1,0.22873810000601225,completed_raw
cpython3147_saved,scimark,scimark_fft,9,0,0.22631550001096912,completed_raw
cpython3147_saved,scimark,scimark_fft,9,1,0.23071010000421666,completed_raw
cpython3147_saved,scimark,scimark_fft,10,0,0.23386179999215528,completed_raw
cpython3147_saved,scimark,scimark_fft,10,1,0.2306619999872055,completed_raw
cpython3147_saved,scimark,scimark_lu,1,0,0.07685915000911336,completed_raw
cpython3147_saved,scimark,scimark_lu,1,1,0.07484250000561588,completed_raw
cpython3147_saved,scimark,scimark_lu,2,0,0.07309649999660905,completed_raw
cpython3147_saved,scimark,scimark_lu,2,1,0.07454744999995455,completed_raw
cpython3147_saved,scimark,scimark_lu,3,0,0.07261429999198299,completed_raw
cpython3147_saved,scimark,scimark_lu,3,1,0.07409305000328459,completed_raw
cpython3147_saved,scimark,scimark_lu,4,0,0.073657999993884,completed_raw
cpython3147_saved,scimark,scimark_lu,4,1,0.07420955000270624,completed_raw
cpython3147_saved,scimark,scimark_lu,5,0,0.07558879999851342,completed_raw
cpython3147_saved,scimark,scimark_lu,5,1,0.07691435000742786,completed_raw
cpython3147_saved,scimark,scimark_lu,6,0,0.07664450000447687,completed_raw
cpython3147_saved,scimark,scimark_lu,6,1,0.0750065500033088,completed_raw
cpython3147_saved,scimark,scimark_lu,7,0,0.0767442999931518,completed_raw
cpython3147_saved,scimark,scimark_lu,7,1,0.07609210000373423,completed_raw
cpython3147_saved,scimark,scimark_lu,8,0,0.07535465000546537,completed_raw
cpython3147_saved,scimark,scimark_lu,8,1,0.07622180000180379,completed_raw
cpython3147_saved,scimark,scimark_lu,9,0,0.07484234998992179,completed_raw
cpython3147_saved,scimark,scimark_lu,9,1,0.07598744999268092,completed_raw
cpython3147_saved,scimark,scimark_lu,10,0,0.07604144999640994,completed_raw
cpython3147_saved,scimark,scimark_lu,10,1,0.07651245000306517,completed_raw
cpython3147_saved,scimark,scimark_monte_carlo,1,0,0.052511100002448075,completed_raw
cpython3147_saved,scimark,scimark_monte_carlo,1,1,0.05312354999477975,completed_raw
cpython3147_saved,scimark,scimark_monte_carlo,2,0,0.05352639999182429,completed_raw
cpython3147_saved,scimark,scimark_monte_carlo,2,1,0.05342560001008678,completed_raw
cpython3147_saved,scimark,scimark_monte_carlo,3,0,0.0522023499943316,completed_raw
cpython3147_saved,scimark,scimark_monte_carlo,3,1,0.05291505000786856,completed_raw
cpython3147_saved,scimark,scimark_monte_carlo,4,0,0.05296880000969395,completed_raw
cpython3147_saved,scimark,scimark_monte_carlo,4,1,0.052905699994880706,completed_raw
cpython3147_saved,scimark,scimark_monte_carlo,5,0,0.05213759999605827,completed_raw
cpython3147_saved,scimark,scimark_monte_carlo,5,1,0.052752700008568354,completed_raw
cpython3147_saved,scimark,scimark_monte_carlo,6,0,0.052569350009434856,completed_raw
cpython3147_saved,scimark,scimark_monte_carlo,6,1,0.05218610000156332,completed_raw
cpython3147_saved,scimark,scimark_monte_carlo,7,0,0.05337254999903962,completed_raw
cpython3147_saved,scimark,scimark_monte_carlo,7,1,0.05243835000146646,completed_raw
cpython3147_saved,scimark,scimark_monte_carlo,8,0,0.053982950004865415,completed_raw
cpython3147_saved,scimark,scimark_monte_carlo,8,1,0.05277735000709072,completed_raw
cpython3147_saved,scimark,scimark_monte_carlo,9,0,0.05209774999821093,completed_raw
cpython3147_saved,scimark,scimark_monte_carlo,9,1,0.053336500001023524,completed_raw
cpython3147_saved,scimark,scimark_monte_carlo,10,0,0.05263795000792015,completed_raw
cpython3147_saved,scimark,scimark_monte_carlo,10,1,0.05279240000527352,completed_raw
cpython3147_saved,scimark,scimark_sor,1,0,0.09925295000721235,completed_raw
cpython3147_saved,scimark,scimark_sor,1,1,0.09847285000432748,completed_raw
cpython3147_saved,scimark,scimark_sor,2,0,0.09819084999617189,completed_raw
cpython3147_saved,scimark,scimark_sor,2,1,0.09762980000232346,completed_raw
cpython3147_saved,scimark,scimark_sor,3,0,0.09849599999142811,completed_raw
cpython3147_saved,scimark,scimark_sor,3,1,0.09803735000605229,completed_raw
cpython3147_saved,scimark,scimark_sor,4,0,0.09817754999676254,completed_raw
cpython3147_saved,scimark,scimark_sor,4,1,0.09657085000071675,completed_raw
cpython3147_saved,scimark,scimark_sor,5,0,0.09814119999646209,completed_raw
cpython3147_saved,scimark,scimark_sor,5,1,0.09790600000997074,completed_raw
cpython3147_saved,scimark,scimark_sor,6,0,0.09763495001243427,completed_raw
cpython3147_saved,scimark,scimark_sor,6,1,0.09784095000941306,completed_raw
cpython3147_saved,scimark,scimark_sor,7,0,0.09851044999959413,completed_raw
cpython3147_saved,scimark,scimark_sor,7,1,0.09799130000465084,completed_raw
cpython3147_saved,scimark,scimark_sor,8,0,0.09730525000486523,completed_raw
cpython3147_saved,scimark,scimark_sor,8,1,0.09547770000062883,completed_raw
cpython3147_saved,scimark,scimark_sor,9,0,0.09599450000678189,completed_raw
cpython3147_saved,scimark,scimark_sor,9,1,0.0963599999959115,completed_raw
cpython3147_saved,scimark,scimark_sor,10,0,0.09646319999592379,completed_raw
cpython3147_saved,scimark,scimark_sor,10,1,0.09612899999774527,completed_raw
cpython3147_saved,scimark,scimark_sparse_mat_mult,1,0,0.0031177500000012515,completed_raw
cpython3147_saved,scimark,scimark_sparse_mat_mult,1,1,0.0031108031248550105,completed_raw
cpython3147_saved,scimark,scimark_sparse_mat_mult,2,0,0.003097020312452514,completed_raw
cpython3147_saved,scimark,scimark_sparse_mat_mult,2,1,0.003134645312456996,completed_raw
cpython3147_saved,scimark,scimark_sparse_mat_mult,3,0,0.0031389953123834857,completed_raw
cpython3147_saved,scimark,scimark_sparse_mat_mult,3,1,0.0030649812497358653,completed_raw
cpython3147_saved,scimark,scimark_sparse_mat_mult,4,0,0.0030405218749365304,completed_raw
cpython3147_saved,scimark,scimark_sparse_mat_mult,4,1,0.0030011859375917993,completed_raw
cpython3147_saved,scimark,scimark_sparse_mat_mult,5,0,0.003604190624628245,completed_raw
cpython3147_saved,scimark,scimark_sparse_mat_mult,5,1,0.0033753359375623404,completed_raw
cpython3147_saved,scimark,scimark_sparse_mat_mult,6,0,0.0031729625002299144,completed_raw
cpython3147_saved,scimark,scimark_sparse_mat_mult,6,1,0.003219289062599273,completed_raw
cpython3147_saved,scimark,scimark_sparse_mat_mult,7,0,0.0029905203127782443,completed_raw
cpython3147_saved,scimark,scimark_sparse_mat_mult,7,1,0.003034085937542841,completed_raw
cpython3147_saved,scimark,scimark_sparse_mat_mult,8,0,0.003170546875026048,completed_raw
cpython3147_saved,scimark,scimark_sparse_mat_mult,8,1,0.0031046421877363173,completed_raw
cpython3147_saved,scimark,scimark_sparse_mat_mult,9,0,0.0031623328122805106,completed_raw
cpython3147_saved,scimark,scimark_sparse_mat_mult,9,1,0.003059443749862112,completed_raw
cpython3147_saved,scimark,scimark_sparse_mat_mult,10,0,0.003100482812442351,completed_raw
cpython3147_saved,scimark,scimark_sparse_mat_mult,10,1,0.003178242187914293,completed_raw
cpython3147_saved,spectral_norm,spectral_norm,1,0,0.07627799999318086,completed_raw
cpython3147_saved,spectral_norm,spectral_norm,1,1,0.07623740000417456,completed_raw
cpython3147_saved,spectral_norm,spectral_norm,2,0,0.07488825000473298,completed_raw
cpython3147_saved,spectral_norm,spectral_norm,2,1,0.07608810000238009,completed_raw
cpython3147_saved,spectral_norm,spectral_norm,3,0,0.07731609999609645,completed_raw
cpython3147_saved,spectral_norm,spectral_norm,3,1,0.07624729999224655,completed_raw
cpython3147_saved,spectral_norm,spectral_norm,4,0,0.07419675000710413,completed_raw
cpython3147_saved,spectral_norm,spectral_norm,4,1,0.07511299999896437,completed_raw
cpython3147_saved,spectral_norm,spectral_norm,5,0,0.07558694999897853,completed_raw
cpython3147_saved,spectral_norm,spectral_norm,5,1,0.07494320000114385,completed_raw
cpython3147_saved,spectral_norm,spectral_norm,6,0,0.07507160000386648,completed_raw
cpython3147_saved,spectral_norm,spectral_norm,6,1,0.07556839998869691,completed_raw
cpython3147_saved,spectral_norm,spectral_norm,7,0,0.07586650000303052,completed_raw
cpython3147_saved,spectral_norm,spectral_norm,7,1,0.0770755499979714,completed_raw
cpython3147_saved,spectral_norm,spectral_norm,8,0,0.07602784999471623,completed_raw
cpython3147_saved,spectral_norm,spectral_norm,8,1,0.07647835000534542,completed_raw
cpython3147_saved,spectral_norm,spectral_norm,9,0,0.07649579999269918,completed_raw
cpython3147_saved,spectral_norm,spectral_norm,9,1,0.0752063500112854,completed_raw
cpython3147_saved,spectral_norm,spectral_norm,10,0,0.0752329500101041,completed_raw
cpython3147_saved,spectral_norm,spectral_norm,10,1,0.07593520000227727,completed_raw
cpython3147_saved,sphinx,sphinx,1,0,0.7795437999884598,completed_raw
cpython3147_saved,sphinx,sphinx,1,1,0.7126252000161912,completed_raw
cpython3147_saved,sphinx,sphinx,2,0,0.7690042000031099,completed_raw
cpython3147_saved,sphinx,sphinx,2,1,0.7128954000072554,completed_raw
cpython3147_saved,sphinx,sphinx,3,0,0.7700363000039943,completed_raw
cpython3147_saved,sphinx,sphinx,3,1,0.7051438000053167,completed_raw
cpython3147_saved,sphinx,sphinx,4,0,0.7679667999909725,completed_raw
cpython3147_saved,sphinx,sphinx,4,1,0.7096561999933328,completed_raw
cpython3147_saved,sphinx,sphinx,5,0,0.7768544999998994,completed_raw
cpython3147_saved,sphinx,sphinx,5,1,0.718164899997646,completed_raw
cpython3147_saved,sphinx,sphinx,6,0,0.7796250999963377,completed_raw
cpython3147_saved,sphinx,sphinx,6,1,0.7264884000178427,completed_raw
cpython3147_saved,sphinx,sphinx,7,0,0.7724664999986999,completed_raw
cpython3147_saved,sphinx,sphinx,7,1,0.7100856000033673,completed_raw
cpython3147_saved,sphinx,sphinx,8,0,0.7704133999941405,completed_raw
cpython3147_saved,sphinx,sphinx,8,1,0.7110010999895167,completed_raw
cpython3147_saved,sphinx,sphinx,9,0,0.7681774999946356,completed_raw
cpython3147_saved,sphinx,sphinx,9,1,0.7158027999976184,completed_raw
cpython3147_saved,sphinx,sphinx,10,0,0.7649467999872286,completed_raw
cpython3147_saved,sphinx,sphinx,10,1,0.7072435999871232,completed_raw
cpython3147_saved,sqlalchemy_declarative,sqlalchemy_declarative,1,0,0.0873015000106534,completed_raw
cpython3147_saved,sqlalchemy_declarative,sqlalchemy_declarative,1,1,0.08875070000067353,completed_raw
cpython3147_saved,sqlalchemy_declarative,sqlalchemy_declarative,2,0,0.09026110000559129,completed_raw
cpython3147_saved,sqlalchemy_declarative,sqlalchemy_declarative,2,1,0.08838534999813419,completed_raw
cpython3147_saved,sqlalchemy_declarative,sqlalchemy_declarative,3,0,0.08778055000584573,completed_raw
cpython3147_saved,sqlalchemy_declarative,sqlalchemy_declarative,3,1,0.08806540000659879,completed_raw
cpython3147_saved,sqlalchemy_declarative,sqlalchemy_declarative,4,0,0.08787334999942686,completed_raw
cpython3147_saved,sqlalchemy_declarative,sqlalchemy_declarative,4,1,0.08749820000957698,completed_raw
cpython3147_saved,sqlalchemy_declarative,sqlalchemy_declarative,5,0,0.09357224999985192,completed_raw
cpython3147_saved,sqlalchemy_declarative,sqlalchemy_declarative,5,1,0.09277850000944454,completed_raw
cpython3147_saved,sqlalchemy_declarative,sqlalchemy_declarative,6,0,0.08895064999524038,completed_raw
cpython3147_saved,sqlalchemy_declarative,sqlalchemy_declarative,6,1,0.08861655001237523,completed_raw
cpython3147_saved,sqlalchemy_declarative,sqlalchemy_declarative,7,0,0.08924435000517406,completed_raw
cpython3147_saved,sqlalchemy_declarative,sqlalchemy_declarative,7,1,0.08992544998181984,completed_raw
cpython3147_saved,sqlalchemy_declarative,sqlalchemy_declarative,8,0,0.08836615001200698,completed_raw
cpython3147_saved,sqlalchemy_declarative,sqlalchemy_declarative,8,1,0.08889970001473557,completed_raw
cpython3147_saved,sqlalchemy_declarative,sqlalchemy_declarative,9,0,0.08947345000342466,completed_raw
cpython3147_saved,sqlalchemy_declarative,sqlalchemy_declarative,9,1,0.09011000000464264,completed_raw
cpython3147_saved,sqlalchemy_declarative,sqlalchemy_declarative,10,0,0.09019525001349393,completed_raw
cpython3147_saved,sqlalchemy_declarative,sqlalchemy_declarative,10,1,0.08862439999938942,completed_raw
cpython3147_saved,sqlalchemy_imperative,sqlalchemy_imperative,1,0,0.011082687500675092,completed_raw
cpython3147_saved,sqlalchemy_imperative,sqlalchemy_imperative,1,1,0.011102181248134002,completed_raw
cpython3147_saved,sqlalchemy_imperative,sqlalchemy_imperative,2,0,0.011362400000507478,completed_raw
cpython3147_saved,sqlalchemy_imperative,sqlalchemy_imperative,2,1,0.011255549999987124,completed_raw
cpython3147_saved,sqlalchemy_imperative,sqlalchemy_imperative,3,0,0.011973175000093761,completed_raw
cpython3147_saved,sqlalchemy_imperative,sqlalchemy_imperative,3,1,0.011128856252980768,completed_raw
cpython3147_saved,sqlalchemy_imperative,sqlalchemy_imperative,4,0,0.01107870625128271,completed_raw
cpython3147_saved,sqlalchemy_imperative,sqlalchemy_imperative,4,1,0.01139507500192849,completed_raw
cpython3147_saved,sqlalchemy_imperative,sqlalchemy_imperative,5,0,0.01163582499975746,completed_raw
cpython3147_saved,sqlalchemy_imperative,sqlalchemy_imperative,5,1,0.011767650001274887,completed_raw
cpython3147_saved,sqlalchemy_imperative,sqlalchemy_imperative,6,0,0.010876681250010733,completed_raw
cpython3147_saved,sqlalchemy_imperative,sqlalchemy_imperative,6,1,0.010956168749544304,completed_raw
cpython3147_saved,sqlalchemy_imperative,sqlalchemy_imperative,7,0,0.011372425000445219,completed_raw
cpython3147_saved,sqlalchemy_imperative,sqlalchemy_imperative,7,1,0.010839375003342866,completed_raw
cpython3147_saved,sqlalchemy_imperative,sqlalchemy_imperative,8,0,0.010982331245031673,completed_raw
cpython3147_saved,sqlalchemy_imperative,sqlalchemy_imperative,8,1,0.01122767500419286,completed_raw
cpython3147_saved,sqlalchemy_imperative,sqlalchemy_imperative,9,0,0.011238824999963981,completed_raw
cpython3147_saved,sqlalchemy_imperative,sqlalchemy_imperative,9,1,0.011138231249788078,completed_raw
cpython3147_saved,sqlalchemy_imperative,sqlalchemy_imperative,10,0,0.011113918755654595,completed_raw
cpython3147_saved,sqlalchemy_imperative,sqlalchemy_imperative,10,1,0.011206418752408354,completed_raw
cpython3147_saved,sqlglot_v2,sqlglot_v2_normalize,1,0,0.08782780000183266,completed_raw
cpython3147_saved,sqlglot_v2,sqlglot_v2_normalize,1,1,0.08797174999199342,completed_raw
cpython3147_saved,sqlglot_v2,sqlglot_v2_normalize,2,0,0.08858640000107698,completed_raw
cpython3147_saved,sqlglot_v2,sqlglot_v2_normalize,2,1,0.08665794999978971,completed_raw
cpython3147_saved,sqlglot_v2,sqlglot_v2_normalize,3,0,0.08843119999801274,completed_raw
cpython3147_saved,sqlglot_v2,sqlglot_v2_normalize,3,1,0.08774629999243189,completed_raw
cpython3147_saved,sqlglot_v2,sqlglot_v2_normalize,4,0,0.09074574998521712,completed_raw
cpython3147_saved,sqlglot_v2,sqlglot_v2_normalize,4,1,0.09030999999959022,completed_raw
cpython3147_saved,sqlglot_v2,sqlglot_v2_normalize,5,0,0.08903015000396408,completed_raw
cpython3147_saved,sqlglot_v2,sqlglot_v2_normalize,5,1,0.10391750000417233,completed_raw
cpython3147_saved,sqlglot_v2,sqlglot_v2_normalize,6,0,0.08994199997687247,completed_raw
cpython3147_saved,sqlglot_v2,sqlglot_v2_normalize,6,1,0.1132814500015229,completed_raw
cpython3147_saved,sqlglot_v2,sqlglot_v2_normalize,7,0,0.08747859999130014,completed_raw
cpython3147_saved,sqlglot_v2,sqlglot_v2_normalize,7,1,0.0877133500034688,completed_raw
cpython3147_saved,sqlglot_v2,sqlglot_v2_normalize,8,0,0.08702799999446142,completed_raw
cpython3147_saved,sqlglot_v2,sqlglot_v2_normalize,8,1,0.0884065999998711,completed_raw
cpython3147_saved,sqlglot_v2,sqlglot_v2_normalize,9,0,0.08789724999223836,completed_raw
cpython3147_saved,sqlglot_v2,sqlglot_v2_normalize,9,1,0.08904285001335666,completed_raw
cpython3147_saved,sqlglot_v2,sqlglot_v2_normalize,10,0,0.08797629999753553,completed_raw
cpython3147_saved,sqlglot_v2,sqlglot_v2_normalize,10,1,0.08819674998812843,completed_raw
cpython3147_saved,sqlglot_v2_optimize,sqlglot_v2_optimize,1,0,0.04198062499926891,completed_raw
cpython3147_saved,sqlglot_v2_optimize,sqlglot_v2_optimize,1,1,0.04271832500671735,completed_raw
cpython3147_saved,sqlglot_v2_optimize,sqlglot_v2_optimize,2,0,0.041018025010998826,completed_raw
cpython3147_saved,sqlglot_v2_optimize,sqlglot_v2_optimize,2,1,0.04293632500775857,completed_raw
cpython3147_saved,sqlglot_v2_optimize,sqlglot_v2_optimize,3,0,0.04245424999680836,completed_raw
cpython3147_saved,sqlglot_v2_optimize,sqlglot_v2_optimize,3,1,0.04256097500183387,completed_raw
cpython3147_saved,sqlglot_v2_optimize,sqlglot_v2_optimize,4,0,0.04371615000127349,completed_raw
cpython3147_saved,sqlglot_v2_optimize,sqlglot_v2_optimize,4,1,0.042869999997492414,completed_raw
cpython3147_saved,sqlglot_v2_optimize,sqlglot_v2_optimize,5,0,0.04290607500297483,completed_raw
cpython3147_saved,sqlglot_v2_optimize,sqlglot_v2_optimize,5,1,0.04320487499353476,completed_raw
cpython3147_saved,sqlglot_v2_optimize,sqlglot_v2_optimize,6,0,0.04209430000628345,completed_raw
cpython3147_saved,sqlglot_v2_optimize,sqlglot_v2_optimize,6,1,0.042534975000307895,completed_raw
cpython3147_saved,sqlglot_v2_optimize,sqlglot_v2_optimize,7,0,0.04238404999341583,completed_raw
cpython3147_saved,sqlglot_v2_optimize,sqlglot_v2_optimize,7,1,0.04309942499821773,completed_raw
cpython3147_saved,sqlglot_v2_optimize,sqlglot_v2_optimize,8,0,0.042349174997070804,completed_raw
cpython3147_saved,sqlglot_v2_optimize,sqlglot_v2_optimize,8,1,0.041694399995321874,completed_raw
cpython3147_saved,sqlglot_v2_optimize,sqlglot_v2_optimize,9,0,0.04141557500406634,completed_raw
cpython3147_saved,sqlglot_v2_optimize,sqlglot_v2_optimize,9,1,0.042126599997573067,completed_raw
cpython3147_saved,sqlglot_v2_optimize,sqlglot_v2_optimize,10,0,0.042736000003060326,completed_raw
cpython3147_saved,sqlglot_v2_optimize,sqlglot_v2_optimize,10,1,0.04266089999873657,completed_raw
cpython3147_saved,sqlglot_v2_parse,sqlglot_v2_parse,1,0,0.0009840914060532668,completed_raw
cpython3147_saved,sqlglot_v2_parse,sqlglot_v2_parse,1,1,0.0009905929684919101,completed_raw
cpython3147_saved,sqlglot_v2_parse,sqlglot_v2_parse,2,0,0.0009911406243645615,completed_raw
cpython3147_saved,sqlglot_v2_parse,sqlglot_v2_parse,2,1,0.0009875429682324466,completed_raw
cpython3147_saved,sqlglot_v2_parse,sqlglot_v2_parse,3,0,0.0009910421874792519,completed_raw
cpython3147_saved,sqlglot_v2_parse,sqlglot_v2_parse,3,1,0.0009878429696073,completed_raw
cpython3147_saved,sqlglot_v2_parse,sqlglot_v2_parse,4,0,0.0009866804698503984,completed_raw
cpython3147_saved,sqlglot_v2_parse,sqlglot_v2_parse,4,1,0.001004994531513148,completed_raw
cpython3147_saved,sqlglot_v2_parse,sqlglot_v2_parse,5,0,0.0009726718751608132,completed_raw
cpython3147_saved,sqlglot_v2_parse,sqlglot_v2_parse,5,1,0.0009794499994768557,completed_raw
cpython3147_saved,sqlglot_v2_parse,sqlglot_v2_parse,6,0,0.0010022523433690367,completed_raw
cpython3147_saved,sqlglot_v2_parse,sqlglot_v2_parse,6,1,0.0009943273441876954,completed_raw
cpython3147_saved,sqlglot_v2_parse,sqlglot_v2_parse,7,0,0.0009881515618417325,completed_raw
cpython3147_saved,sqlglot_v2_parse,sqlglot_v2_parse,7,1,0.0009842171880336537,completed_raw
cpython3147_saved,sqlglot_v2_parse,sqlglot_v2_parse,8,0,0.0009927046871780476,completed_raw
cpython3147_saved,sqlglot_v2_parse,sqlglot_v2_parse,8,1,0.0009873890619473968,completed_raw
cpython3147_saved,sqlglot_v2_parse,sqlglot_v2_parse,9,0,0.0009911398440181074,completed_raw
cpython3147_saved,sqlglot_v2_parse,sqlglot_v2_parse,9,1,0.001002941407250546,completed_raw
cpython3147_saved,sqlglot_v2_parse,sqlglot_v2_parse,10,0,0.0009909187501762062,completed_raw
cpython3147_saved,sqlglot_v2_parse,sqlglot_v2_parse,10,1,0.0009556726561186224,completed_raw
cpython3147_saved,sqlglot_v2_transpile,sqlglot_v2_transpile,1,0,0.0012235851561399613,completed_raw
cpython3147_saved,sqlglot_v2_transpile,sqlglot_v2_transpile,1,1,0.0012162914065356745,completed_raw
cpython3147_saved,sqlglot_v2_transpile,sqlglot_v2_transpile,2,0,0.0012322312495598453,completed_raw
cpython3147_saved,sqlglot_v2_transpile,sqlglot_v2_transpile,2,1,0.0012332335941209749,completed_raw
cpython3147_saved,sqlglot_v2_transpile,sqlglot_v2_transpile,3,0,0.0012504070311933901,completed_raw
cpython3147_saved,sqlglot_v2_transpile,sqlglot_v2_transpile,3,1,0.001221557031840348,completed_raw
cpython3147_saved,sqlglot_v2_transpile,sqlglot_v2_transpile,4,0,0.0011962070311710704,completed_raw
cpython3147_saved,sqlglot_v2_transpile,sqlglot_v2_transpile,4,1,0.0012093601562810363,completed_raw
cpython3147_saved,sqlglot_v2_transpile,sqlglot_v2_transpile,5,0,0.0012161531246874802,completed_raw
cpython3147_saved,sqlglot_v2_transpile,sqlglot_v2_transpile,5,1,0.0012198617175727122,completed_raw
cpython3147_saved,sqlglot_v2_transpile,sqlglot_v2_transpile,6,0,0.0012302156255827867,completed_raw
cpython3147_saved,sqlglot_v2_transpile,sqlglot_v2_transpile,6,1,0.0012220249993788457,completed_raw
cpython3147_saved,sqlglot_v2_transpile,sqlglot_v2_transpile,7,0,0.0012305929690228368,completed_raw
cpython3147_saved,sqlglot_v2_transpile,sqlglot_v2_transpile,7,1,0.0012350531251286156,completed_raw
cpython3147_saved,sqlglot_v2_transpile,sqlglot_v2_transpile,8,0,0.001230011719144386,completed_raw
cpython3147_saved,sqlglot_v2_transpile,sqlglot_v2_transpile,8,1,0.001234701561543261,completed_raw
cpython3147_saved,sqlglot_v2_transpile,sqlglot_v2_transpile,9,0,0.0012277781252123532,completed_raw
cpython3147_saved,sqlglot_v2_transpile,sqlglot_v2_transpile,9,1,0.001233868750887268,completed_raw
cpython3147_saved,sqlglot_v2_transpile,sqlglot_v2_transpile,10,0,0.001230248436513648,completed_raw
cpython3147_saved,sqlglot_v2_transpile,sqlglot_v2_transpile,10,1,0.001216817968270334,completed_raw
cpython3147_saved,sqlite_synth,sqlite_synth,1,0,1.833352661240184e-06,completed_raw
cpython3147_saved,sqlite_synth,sqlite_synth,1,1,1.8230575560274076e-06,completed_raw
cpython3147_saved,sqlite_synth,sqlite_synth,2,0,1.821472168206384e-06,completed_raw
cpython3147_saved,sqlite_synth,sqlite_synth,2,1,1.8161895751767076e-06,completed_raw
cpython3147_saved,sqlite_synth,sqlite_synth,3,0,1.8349014281326959e-06,completed_raw
cpython3147_saved,sqlite_synth,sqlite_synth,3,1,1.845039367509571e-06,completed_raw
cpython3147_saved,sqlite_synth,sqlite_synth,4,0,1.8254898073166714e-06,completed_raw
cpython3147_saved,sqlite_synth,sqlite_synth,4,1,1.8369064331835716e-06,completed_raw
cpython3147_saved,sqlite_synth,sqlite_synth,5,0,1.8587966921224108e-06,completed_raw
cpython3147_saved,sqlite_synth,sqlite_synth,5,1,1.844335937306596e-06,completed_raw
cpython3147_saved,sqlite_synth,sqlite_synth,6,0,1.8303695679122711e-06,completed_raw
cpython3147_saved,sqlite_synth,sqlite_synth,6,1,1.8415405276250851e-06,completed_raw
cpython3147_saved,sqlite_synth,sqlite_synth,7,0,1.832424926462295e-06,completed_raw
cpython3147_saved,sqlite_synth,sqlite_synth,7,1,1.8379959105807586e-06,completed_raw
cpython3147_saved,sqlite_synth,sqlite_synth,8,0,1.8341125489484966e-06,completed_raw
cpython3147_saved,sqlite_synth,sqlite_synth,8,1,1.8388519285039706e-06,completed_raw
cpython3147_saved,sqlite_synth,sqlite_synth,9,0,1.8128158569830077e-06,completed_raw
cpython3147_saved,sqlite_synth,sqlite_synth,9,1,1.82136840809477e-06,completed_raw
cpython3147_saved,sqlite_synth,sqlite_synth,10,0,1.831021118281484e-06,completed_raw
cpython3147_saved,sqlite_synth,sqlite_synth,10,1,1.8397018433091716e-06,completed_raw
cpython3147_saved,sympy,sympy_expand,1,0,0.3433060999959707,completed_raw
cpython3147_saved,sympy,sympy_expand,1,1,0.3452679000038188,completed_raw
cpython3147_saved,sympy,sympy_expand,2,0,0.35117980002542026,completed_raw
cpython3147_saved,sympy,sympy_expand,2,1,0.3440254000015557,completed_raw
cpython3147_saved,sympy,sympy_expand,3,0,0.3511156000022311,completed_raw
cpython3147_saved,sympy,sympy_expand,3,1,0.3548037000000477,completed_raw
cpython3147_saved,sympy,sympy_expand,4,0,0.35515770001802593,completed_raw
cpython3147_saved,sympy,sympy_expand,4,1,0.35142110000015236,completed_raw
cpython3147_saved,sympy,sympy_expand,5,0,0.3507184999762103,completed_raw
cpython3147_saved,sympy,sympy_expand,5,1,0.3506819999893196,completed_raw
cpython3147_saved,sympy,sympy_expand,6,0,0.34022660000482574,completed_raw
cpython3147_saved,sympy,sympy_expand,6,1,0.34624080001958646,completed_raw
cpython3147_saved,sympy,sympy_expand,7,0,0.3536160000076052,completed_raw
cpython3147_saved,sympy,sympy_expand,7,1,0.349262900010217,completed_raw
cpython3147_saved,sympy,sympy_expand,8,0,0.35166700000991113,completed_raw
cpython3147_saved,sympy,sympy_expand,8,1,0.34826450000400655,completed_raw
cpython3147_saved,sympy,sympy_expand,9,0,0.34800040000118315,completed_raw
cpython3147_saved,sympy,sympy_expand,9,1,0.3483124000194948,completed_raw
cpython3147_saved,sympy,sympy_expand,10,0,0.3513851000170689,completed_raw
cpython3147_saved,sympy,sympy_expand,10,1,0.35002919999533333,completed_raw
cpython3147_saved,sympy,sympy_integrate,1,0,0.014577674995962298,completed_raw
cpython3147_saved,sympy,sympy_integrate,1,1,0.014524512494972441,completed_raw
cpython3147_saved,sympy,sympy_integrate,2,0,0.014666449995274888,completed_raw
cpython3147_saved,sympy,sympy_integrate,2,1,0.014619899997342145,completed_raw
cpython3147_saved,sympy,sympy_integrate,3,0,0.014671312503196532,completed_raw
cpython3147_saved,sympy,sympy_integrate,3,1,0.014449562495428836,completed_raw
cpython3147_saved,sympy,sympy_integrate,4,0,0.01474242499898537,completed_raw
cpython3147_saved,sympy,sympy_integrate,4,1,0.014609375000873115,completed_raw
cpython3147_saved,sympy,sympy_integrate,5,0,0.014513099999021506,completed_raw
cpython3147_saved,sympy,sympy_integrate,5,1,0.014653012502094498,completed_raw
cpython3147_saved,sympy,sympy_integrate,6,0,0.014801337500102818,completed_raw
cpython3147_saved,sympy,sympy_integrate,6,1,0.01457307501550531,completed_raw
cpython3147_saved,sympy,sympy_integrate,7,0,0.0144237374952354,completed_raw
cpython3147_saved,sympy,sympy_integrate,7,1,0.014569174996722722,completed_raw
cpython3147_saved,sympy,sympy_integrate,8,0,0.014549812502082204,completed_raw
cpython3147_saved,sympy,sympy_integrate,8,1,0.01445493749997695,completed_raw
cpython3147_saved,sympy,sympy_integrate,9,0,0.01489597500403761,completed_raw
cpython3147_saved,sympy,sympy_integrate,9,1,0.01516078749409644,completed_raw
cpython3147_saved,sympy,sympy_integrate,10,0,0.01474114999291487,completed_raw
cpython3147_saved,sympy,sympy_integrate,10,1,0.014746137498150347,completed_raw
cpython3147_saved,sympy,sympy_sum,1,0,0.10163119999924675,completed_raw
cpython3147_saved,sympy,sympy_sum,1,1,0.10469050001120195,completed_raw
cpython3147_saved,sympy,sympy_sum,2,0,0.10164129998884164,completed_raw
cpython3147_saved,sympy,sympy_sum,2,1,0.10183659999165684,completed_raw
cpython3147_saved,sympy,sympy_sum,3,0,0.10549150002771057,completed_raw
cpython3147_saved,sympy,sympy_sum,3,1,0.10711410001385957,completed_raw
cpython3147_saved,sympy,sympy_sum,4,0,0.10460849999799393,completed_raw
cpython3147_saved,sympy,sympy_sum,4,1,0.10472390000359155,completed_raw
cpython3147_saved,sympy,sympy_sum,5,0,0.10185889998683706,completed_raw
cpython3147_saved,sympy,sympy_sum,5,1,0.10172350000357255,completed_raw
cpython3147_saved,sympy,sympy_sum,6,0,0.10282500000903383,completed_raw
cpython3147_saved,sympy,sympy_sum,6,1,0.10484139999607578,completed_raw
cpython3147_saved,sympy,sympy_sum,7,0,0.10129910000250675,completed_raw
cpython3147_saved,sympy,sympy_sum,7,1,0.10106279997853562,completed_raw
cpython3147_saved,sympy,sympy_sum,8,0,0.10504729999229312,completed_raw
cpython3147_saved,sympy,sympy_sum,8,1,0.10431759999482892,completed_raw
cpython3147_saved,sympy,sympy_sum,9,0,0.10615410000900738,completed_raw
cpython3147_saved,sympy,sympy_sum,9,1,0.11583759999484755,completed_raw
cpython3147_saved,sympy,sympy_sum,10,0,0.10516340000322089,completed_raw
cpython3147_saved,sympy,sympy_sum,10,1,0.10215839999727905,completed_raw
cpython3147_saved,sympy,sympy_str,1,0,0.20250789998681284,completed_raw
cpython3147_saved,sympy,sympy_str,1,1,0.20203179999953136,completed_raw
cpython3147_saved,sympy,sympy_str,2,0,0.19899219999206252,completed_raw
cpython3147_saved,sympy,sympy_str,2,1,0.20016839998424985,completed_raw
cpython3147_saved,sympy,sympy_str,3,0,0.20376500001293607,completed_raw
cpython3147_saved,sympy,sympy_str,3,1,0.20597229999839328,completed_raw
cpython3147_saved,sympy,sympy_str,4,0,0.2033528999891132,completed_raw
cpython3147_saved,sympy,sympy_str,4,1,0.20107089998782612,completed_raw
cpython3147_saved,sympy,sympy_str,5,0,0.2018083999864757,completed_raw
cpython3147_saved,sympy,sympy_str,5,1,0.20417299997643568,completed_raw
cpython3147_saved,sympy,sympy_str,6,0,0.1984851000015624,completed_raw
cpython3147_saved,sympy,sympy_str,6,1,0.20355400000698864,completed_raw
cpython3147_saved,sympy,sympy_str,7,0,0.2025595000013709,completed_raw
cpython3147_saved,sympy,sympy_str,7,1,0.2039746000082232,completed_raw
cpython3147_saved,sympy,sympy_str,8,0,0.20406580000417307,completed_raw
cpython3147_saved,sympy,sympy_str,8,1,0.2046062999870628,completed_raw
cpython3147_saved,sympy,sympy_str,9,0,0.2034787000156939,completed_raw
cpython3147_saved,sympy,sympy_str,9,1,0.20649949999642558,completed_raw
cpython3147_saved,sympy,sympy_str,10,0,0.20144219999201596,completed_raw
cpython3147_saved,sympy,sympy_str,10,1,0.202492100012023,completed_raw
cpython3147_saved,telco,telco,1,0,0.005543512499571079,completed_raw
cpython3147_saved,telco,telco,1,1,0.005513034375326242,completed_raw
cpython3147_saved,telco,telco,2,0,0.005760990625276463,completed_raw
cpython3147_saved,telco,telco,2,1,0.005691087500053982,completed_raw
cpython3147_saved,telco,telco,3,0,0.005848831250659714,completed_raw
cpython3147_saved,telco,telco,3,1,0.005809806249999383,completed_raw
cpython3147_saved,telco,telco,4,0,0.005759349999607366,completed_raw
cpython3147_saved,telco,telco,4,1,0.005857125000147789,completed_raw
cpython3147_saved,telco,telco,5,0,0.005638137499772711,completed_raw
cpython3147_saved,telco,telco,5,1,0.005681656250089873,completed_raw
cpython3147_saved,telco,telco,6,0,0.005829071874359215,completed_raw
cpython3147_saved,telco,telco,6,1,0.005803118750009162,completed_raw
cpython3147_saved,telco,telco,7,0,0.0056282468749486725,completed_raw
cpython3147_saved,telco,telco,7,1,0.005672087499988265,completed_raw
cpython3147_saved,telco,telco,8,0,0.005708706250516116,completed_raw
cpython3147_saved,telco,telco,8,1,0.005681893750079325,completed_raw
cpython3147_saved,telco,telco,9,0,0.005693224999959057,completed_raw
cpython3147_saved,telco,telco,9,1,0.00562451875066472,completed_raw
cpython3147_saved,telco,telco,10,0,0.005761243750384892,completed_raw
cpython3147_saved,telco,telco,10,1,0.005692840625670215,completed_raw
cpython3147_saved,tomli_loads,tomli_loads,1,0,1.7513735000102315,completed_raw
cpython3147_saved,tomli_loads,tomli_loads,1,1,1.7615213000099175,completed_raw
cpython3147_saved,tomli_loads,tomli_loads,2,0,1.770919899980072,completed_raw
cpython3147_saved,tomli_loads,tomli_loads,2,1,1.7661329999973532,completed_raw
cpython3147_saved,tomli_loads,tomli_loads,3,0,1.7408458999998402,completed_raw
cpython3147_saved,tomli_loads,tomli_loads,3,1,1.7523949000169523,completed_raw
cpython3147_saved,tomli_loads,tomli_loads,4,0,1.7516628000012133,completed_raw
cpython3147_saved,tomli_loads,tomli_loads,4,1,1.7880514999851584,completed_raw
cpython3147_saved,tomli_loads,tomli_loads,5,0,1.7691327999928035,completed_raw
cpython3147_saved,tomli_loads,tomli_loads,5,1,1.7647293000190984,completed_raw
cpython3147_saved,tomli_loads,tomli_loads,6,0,1.7391128999879584,completed_raw
cpython3147_saved,tomli_loads,tomli_loads,6,1,1.7494713999913074,completed_raw
cpython3147_saved,tomli_loads,tomli_loads,7,0,1.7393671000027098,completed_raw
cpython3147_saved,tomli_loads,tomli_loads,7,1,1.7495832000277005,completed_raw
cpython3147_saved,tomli_loads,tomli_loads,8,0,1.7649160000146367,completed_raw
cpython3147_saved,tomli_loads,tomli_loads,8,1,1.772871599998325,completed_raw
cpython3147_saved,tomli_loads,tomli_loads,9,0,1.736666899989359,completed_raw
cpython3147_saved,tomli_loads,tomli_loads,9,1,1.7412537000200246,completed_raw
cpython3147_saved,tomli_loads,tomli_loads,10,0,1.7133794999972451,completed_raw
cpython3147_saved,tomli_loads,tomli_loads,10,1,1.7687881999881938,completed_raw
cpython3147_saved,tornado_http,tornado_http,1,0,0.13904370000818744,completed_raw
cpython3147_saved,tornado_http,tornado_http,1,1,0.1327097000030335,completed_raw
cpython3147_saved,tornado_http,tornado_http,2,0,0.13692509999964386,completed_raw
cpython3147_saved,tornado_http,tornado_http,2,1,0.13434779999079183,completed_raw
cpython3147_saved,tornado_http,tornado_http,3,0,0.13866450000205077,completed_raw
cpython3147_saved,tornado_http,tornado_http,3,1,0.14053030000650324,completed_raw
cpython3147_saved,tornado_http,tornado_http,4,0,0.13877199997659773,completed_raw
cpython3147_saved,tornado_http,tornado_http,4,1,0.13769769997452386,completed_raw
cpython3147_saved,tornado_http,tornado_http,5,0,0.1347628000075929,completed_raw
cpython3147_saved,tornado_http,tornado_http,5,1,0.13175369999953546,completed_raw
cpython3147_saved,tornado_http,tornado_http,6,0,0.14167909999378026,completed_raw
cpython3147_saved,tornado_http,tornado_http,6,1,0.13407420000294223,completed_raw
cpython3147_saved,tornado_http,tornado_http,7,0,0.13439979997929186,completed_raw
cpython3147_saved,tornado_http,tornado_http,7,1,0.14687530000810511,completed_raw
cpython3147_saved,tornado_http,tornado_http,8,0,0.14683490002062172,completed_raw
cpython3147_saved,tornado_http,tornado_http,8,1,0.1639943000045605,completed_raw
cpython3147_saved,tornado_http,tornado_http,9,0,0.14653980001457967,completed_raw
cpython3147_saved,tornado_http,tornado_http,9,1,0.14014869998209178,completed_raw
cpython3147_saved,tornado_http,tornado_http,10,0,0.13465580000774935,completed_raw
cpython3147_saved,tornado_http,tornado_http,10,1,0.1483058999874629,completed_raw
cpython3147_saved,typing_runtime_protocols,typing_runtime_protocols,1,0,0.00012365644533929299,completed_raw
cpython3147_saved,typing_runtime_protocols,typing_runtime_protocols,1,1,0.0001253969726633386,completed_raw
cpython3147_saved,typing_runtime_protocols,typing_runtime_protocols,2,0,0.00012605371094309703,completed_raw
cpython3147_saved,typing_runtime_protocols,typing_runtime_protocols,2,1,0.0001280083007770827,completed_raw
cpython3147_saved,typing_runtime_protocols,typing_runtime_protocols,3,0,0.00012563779296215216,completed_raw
cpython3147_saved,typing_runtime_protocols,typing_runtime_protocols,3,1,0.00012676210937456744,completed_raw
cpython3147_saved,typing_runtime_protocols,typing_runtime_protocols,4,0,0.0001298487304666196,completed_raw
cpython3147_saved,typing_runtime_protocols,typing_runtime_protocols,4,1,0.00013220107422284855,completed_raw
cpython3147_saved,typing_runtime_protocols,typing_runtime_protocols,5,0,0.00013163916014491406,completed_raw
cpython3147_saved,typing_runtime_protocols,typing_runtime_protocols,5,1,0.0001314993164100997,completed_raw
cpython3147_saved,typing_runtime_protocols,typing_runtime_protocols,6,0,0.00012623818361134909,completed_raw
cpython3147_saved,typing_runtime_protocols,typing_runtime_protocols,6,1,0.0001276548828172963,completed_raw
cpython3147_saved,typing_runtime_protocols,typing_runtime_protocols,7,0,0.00013107617186847165,completed_raw
cpython3147_saved,typing_runtime_protocols,typing_runtime_protocols,7,1,0.00013144121092523164,completed_raw
cpython3147_saved,typing_runtime_protocols,typing_runtime_protocols,8,0,0.0001280762695046178,completed_raw
cpython3147_saved,typing_runtime_protocols,typing_runtime_protocols,8,1,0.00013039775390666364,completed_raw
cpython3147_saved,typing_runtime_protocols,typing_runtime_protocols,9,0,0.0001267608398336506,completed_raw
cpython3147_saved,typing_runtime_protocols,typing_runtime_protocols,9,1,0.00012496552733409771,completed_raw
cpython3147_saved,typing_runtime_protocols,typing_runtime_protocols,10,0,0.00012665517576238017,completed_raw
cpython3147_saved,typing_runtime_protocols,typing_runtime_protocols,10,1,0.00012855166013991948,completed_raw
cpython3147_saved,unpack_sequence,unpack_sequence,1,0,3.6712615969491934e-08,completed_raw
cpython3147_saved,unpack_sequence,unpack_sequence,1,1,3.651748657240716e-08,completed_raw
cpython3147_saved,unpack_sequence,unpack_sequence,2,0,3.695764160482895e-08,completed_raw
cpython3147_saved,unpack_sequence,unpack_sequence,2,1,3.687338256952444e-08,completed_raw
cpython3147_saved,unpack_sequence,unpack_sequence,3,0,3.674108886464467e-08,completed_raw
cpython3147_saved,unpack_sequence,unpack_sequence,3,1,3.661859130588141e-08,completed_raw
cpython3147_saved,unpack_sequence,unpack_sequence,4,0,3.6836639401016666e-08,completed_raw
cpython3147_saved,unpack_sequence,unpack_sequence,4,1,3.653778075651815e-08,completed_raw
cpython3147_saved,unpack_sequence,unpack_sequence,5,0,3.586471557959214e-08,completed_raw
cpython3147_saved,unpack_sequence,unpack_sequence,5,1,3.585516356707785e-08,completed_raw
cpython3147_saved,unpack_sequence,unpack_sequence,6,0,3.6806060776939374e-08,completed_raw
cpython3147_saved,unpack_sequence,unpack_sequence,6,1,3.6674316401530406e-08,completed_raw
cpython3147_saved,unpack_sequence,unpack_sequence,7,0,3.6773864753314454e-08,completed_raw
cpython3147_saved,unpack_sequence,unpack_sequence,7,1,3.6770294187249417e-08,completed_raw
cpython3147_saved,unpack_sequence,unpack_sequence,8,0,3.6203247066879385e-08,completed_raw
cpython3147_saved,unpack_sequence,unpack_sequence,8,1,3.6039306632318355e-08,completed_raw
cpython3147_saved,unpack_sequence,unpack_sequence,9,0,3.647952270924293e-08,completed_raw
cpython3147_saved,unpack_sequence,unpack_sequence,9,1,3.647695923092442e-08,completed_raw
cpython3147_saved,unpack_sequence,unpack_sequence,10,0,3.6483673095943914e-08,completed_raw
cpython3147_saved,unpack_sequence,unpack_sequence,10,1,3.738650512730146e-08,completed_raw
cpython3147_saved,unpickle,unpickle,1,0,1.0486093748340863e-05,completed_raw
cpython3147_saved,unpickle,unpickle,1,1,1.0036611328700928e-05,completed_raw
cpython3147_saved,unpickle,unpickle,2,0,9.566015626205626e-06,completed_raw
cpython3147_saved,unpickle,unpickle,2,1,9.733291017255397e-06,completed_raw
cpython3147_saved,unpickle,unpickle,3,0,9.802490234278594e-06,completed_raw
cpython3147_saved,unpickle,unpickle,3,1,9.834833983290992e-06,completed_raw
cpython3147_saved,unpickle,unpickle,4,0,9.881572265157956e-06,completed_raw
cpython3147_saved,unpickle,unpickle,4,1,9.924013670570276e-06,completed_raw
cpython3147_saved,unpickle,unpickle,5,0,9.682539061373064e-06,completed_raw
cpython3147_saved,unpickle,unpickle,5,1,9.647753904573619e-06,completed_raw
cpython3147_saved,unpickle,unpickle,6,0,9.70737304726299e-06,completed_raw
cpython3147_saved,unpickle,unpickle,6,1,9.855527343916037e-06,completed_raw
cpython3147_saved,unpickle,unpickle,7,0,9.833310548401641e-06,completed_raw
cpython3147_saved,unpickle,unpickle,7,1,9.990996093733884e-06,completed_raw
cpython3147_saved,unpickle,unpickle,8,0,9.717138672726832e-06,completed_raw
cpython3147_saved,unpickle,unpickle,8,1,9.457890624275932e-06,completed_raw
cpython3147_saved,unpickle,unpickle,9,0,9.775214846285962e-06,completed_raw
cpython3147_saved,unpickle,unpickle,9,1,9.556416014788737e-06,completed_raw
cpython3147_saved,unpickle,unpickle,10,0,1.0125566407737097e-05,completed_raw
cpython3147_saved,unpickle,unpickle,10,1,1.0019062500532527e-05,completed_raw
cpython3147_saved,unpickle_list,unpickle_list,1,0,3.2470458990019322e-06,completed_raw
cpython3147_saved,unpickle_list,unpickle_list,1,1,3.2037817376817657e-06,completed_raw
cpython3147_saved,unpickle_list,unpickle_list,2,0,3.27658935503905e-06,completed_raw
cpython3147_saved,unpickle_list,unpickle_list,2,1,3.1940991213730284e-06,completed_raw
cpython3147_saved,unpickle_list,unpickle_list,3,0,3.2232250980257503e-06,completed_raw
cpython3147_saved,unpickle_list,unpickle_list,3,1,3.1903076177286493e-06,completed_raw
cpython3147_saved,unpickle_list,unpickle_list,4,0,3.256130371198651e-06,completed_raw
cpython3147_saved,unpickle_list,unpickle_list,4,1,3.2236816402075875e-06,completed_raw
cpython3147_saved,unpickle_list,unpickle_list,5,0,3.263979492373892e-06,completed_raw
cpython3147_saved,unpickle_list,unpickle_list,5,1,3.2664550779770707e-06,completed_raw
cpython3147_saved,unpickle_list,unpickle_list,6,0,3.2040405272937276e-06,completed_raw
cpython3147_saved,unpickle_list,unpickle_list,6,1,3.207124023418828e-06,completed_raw
cpython3147_saved,unpickle_list,unpickle_list,7,0,3.2641430664170913e-06,completed_raw
cpython3147_saved,unpickle_list,unpickle_list,7,1,3.2447998044915493e-06,completed_raw
cpython3147_saved,unpickle_list,unpickle_list,8,0,3.176008300442845e-06,completed_raw
cpython3147_saved,unpickle_list,unpickle_list,8,1,3.1912719727245077e-06,completed_raw
cpython3147_saved,unpickle_list,unpickle_list,9,0,3.2070483399593284e-06,completed_raw
cpython3147_saved,unpickle_list,unpickle_list,9,1,3.2187622075241506e-06,completed_raw
cpython3147_saved,unpickle_list,unpickle_list,10,0,3.133984375125465e-06,completed_raw
cpython3147_saved,unpickle_list,unpickle_list,10,1,3.1133422851326033e-06,completed_raw
cpython3147_saved,unpickle_pure_python,unpickle_pure_python,1,0,0.00016942734373515123,completed_raw
cpython3147_saved,unpickle_pure_python,unpickle_pure_python,1,1,0.00016402406249653722,completed_raw
cpython3147_saved,unpickle_pure_python,unpickle_pure_python,2,0,0.0001701634374967398,completed_raw
cpython3147_saved,unpickle_pure_python,unpickle_pure_python,2,1,0.00016985906249828987,completed_raw
cpython3147_saved,unpickle_pure_python,unpickle_pure_python,3,0,0.0001686562499799038,completed_raw
cpython3147_saved,unpickle_pure_python,unpickle_pure_python,3,1,0.00017033734375218045,completed_raw
cpython3147_saved,unpickle_pure_python,unpickle_pure_python,4,0,0.000165043906235951,completed_raw
cpython3147_saved,unpickle_pure_python,unpickle_pure_python,4,1,0.00016657578125887085,completed_raw
cpython3147_saved,unpickle_pure_python,unpickle_pure_python,5,0,0.00016947624999374966,completed_raw
cpython3147_saved,unpickle_pure_python,unpickle_pure_python,5,1,0.00017116968751906825,completed_raw
cpython3147_saved,unpickle_pure_python,unpickle_pure_python,6,0,0.00016714124999452906,completed_raw
cpython3147_saved,unpickle_pure_python,unpickle_pure_python,6,1,0.00016868171878741122,completed_raw
cpython3147_saved,unpickle_pure_python,unpickle_pure_python,7,0,0.00016401359375777246,completed_raw
cpython3147_saved,unpickle_pure_python,unpickle_pure_python,7,1,0.00016924718752306945,completed_raw
cpython3147_saved,unpickle_pure_python,unpickle_pure_python,8,0,0.00016677500002515444,completed_raw
cpython3147_saved,unpickle_pure_python,unpickle_pure_python,8,1,0.00016822000002321148,completed_raw
cpython3147_saved,unpickle_pure_python,unpickle_pure_python,9,0,0.0001709332812424691,completed_raw
cpython3147_saved,unpickle_pure_python,unpickle_pure_python,9,1,0.0001700414062725031,completed_raw
cpython3147_saved,unpickle_pure_python,unpickle_pure_python,10,0,0.00016784015624580207,completed_raw
cpython3147_saved,unpickle_pure_python,unpickle_pure_python,10,1,0.00016767375000199537,completed_raw
cpython3147_saved,xdsl,xdsl_constant_fold,1,0,0.03355937499873107,completed_raw
cpython3147_saved,xdsl,xdsl_constant_fold,1,1,0.03346204999979818,completed_raw
cpython3147_saved,xdsl,xdsl_constant_fold,2,0,0.03418959999544313,completed_raw
cpython3147_saved,xdsl,xdsl_constant_fold,2,1,0.03368452499853447,completed_raw
cpython3147_saved,xdsl,xdsl_constant_fold,3,0,0.03376392499922076,completed_raw
cpython3147_saved,xdsl,xdsl_constant_fold,3,1,0.032876149998628534,completed_raw
cpython3147_saved,xdsl,xdsl_constant_fold,4,0,0.03374405000067782,completed_raw
cpython3147_saved,xdsl,xdsl_constant_fold,4,1,0.03409642499900656,completed_raw
cpython3147_saved,xdsl,xdsl_constant_fold,5,0,0.03408267500344664,completed_raw
cpython3147_saved,xdsl,xdsl_constant_fold,5,1,0.0335613750066841,completed_raw
cpython3147_saved,xdsl,xdsl_constant_fold,6,0,0.033882250005262904,completed_raw
cpython3147_saved,xdsl,xdsl_constant_fold,6,1,0.033561174997885246,completed_raw
cpython3147_saved,xdsl,xdsl_constant_fold,7,0,0.033962674999202136,completed_raw
cpython3147_saved,xdsl,xdsl_constant_fold,7,1,0.03328745000180788,completed_raw
cpython3147_saved,xdsl,xdsl_constant_fold,8,0,0.03374387499934528,completed_raw
cpython3147_saved,xdsl,xdsl_constant_fold,8,1,0.03346014999988256,completed_raw
cpython3147_saved,xdsl,xdsl_constant_fold,9,0,0.03376482499879785,completed_raw
cpython3147_saved,xdsl,xdsl_constant_fold,9,1,0.03323022500262596,completed_raw
cpython3147_saved,xdsl,xdsl_constant_fold,10,0,0.03359527500288095,completed_raw
cpython3147_saved,xdsl,xdsl_constant_fold,10,1,0.03340970000135712,completed_raw
cpython3147_saved,xml_etree,xml_etree_parse,1,0,0.12354030000278726,completed_raw
cpython3147_saved,xml_etree,xml_etree_parse,1,1,0.119796499988297,completed_raw
cpython3147_saved,xml_etree,xml_etree_parse,2,0,0.12378119997447357,completed_raw
cpython3147_saved,xml_etree,xml_etree_parse,2,1,0.12028440000722185,completed_raw
cpython3147_saved,xml_etree,xml_etree_parse,3,0,0.12388410000130534,completed_raw
cpython3147_saved,xml_etree,xml_etree_parse,3,1,0.12094530000467785,completed_raw
cpython3147_saved,xml_etree,xml_etree_parse,4,0,0.12155100001837127,completed_raw
cpython3147_saved,xml_etree,xml_etree_parse,4,1,0.1175144000153523,completed_raw
cpython3147_saved,xml_etree,xml_etree_parse,5,0,0.11851289999322034,completed_raw
cpython3147_saved,xml_etree,xml_etree_parse,5,1,0.12019700001110323,completed_raw
cpython3147_saved,xml_etree,xml_etree_parse,6,0,0.11840830001165159,completed_raw
cpython3147_saved,xml_etree,xml_etree_parse,6,1,0.11934810000821017,completed_raw
cpython3147_saved,xml_etree,xml_etree_parse,7,0,0.12002729999949224,completed_raw
cpython3147_saved,xml_etree,xml_etree_parse,7,1,0.1157785999821499,completed_raw
cpython3147_saved,xml_etree,xml_etree_parse,8,0,0.1580035999941174,completed_raw
cpython3147_saved,xml_etree,xml_etree_parse,8,1,0.19574219998321496,completed_raw
cpython3147_saved,xml_etree,xml_etree_parse,9,0,0.12693729999591596,completed_raw
cpython3147_saved,xml_etree,xml_etree_parse,9,1,0.12986819999059662,completed_raw
cpython3147_saved,xml_etree,xml_etree_parse,10,0,0.11804179998580366,completed_raw
cpython3147_saved,xml_etree,xml_etree_parse,10,1,0.12147470001946203,completed_raw
cpython3147_saved,xml_etree,xml_etree_iterparse,1,0,0.07551714999135584,completed_raw
cpython3147_saved,xml_etree,xml_etree_iterparse,1,1,0.07484950000070967,completed_raw
cpython3147_saved,xml_etree,xml_etree_iterparse,2,0,0.07937730000412557,completed_raw
cpython3147_saved,xml_etree,xml_etree_iterparse,2,1,0.0754875999991782,completed_raw
cpython3147_saved,xml_etree,xml_etree_iterparse,3,0,0.07501510001020506,completed_raw
cpython3147_saved,xml_etree,xml_etree_iterparse,3,1,0.07688505000260193,completed_raw
cpython3147_saved,xml_etree,xml_etree_iterparse,4,0,0.07357179999235086,completed_raw
cpython3147_saved,xml_etree,xml_etree_iterparse,4,1,0.073003699988476,completed_raw
cpython3147_saved,xml_etree,xml_etree_iterparse,5,0,0.0758798500028206,completed_raw
cpython3147_saved,xml_etree,xml_etree_iterparse,5,1,0.07678514999861363,completed_raw
cpython3147_saved,xml_etree,xml_etree_iterparse,6,0,0.07482784999592695,completed_raw
cpython3147_saved,xml_etree,xml_etree_iterparse,6,1,0.07587719999719411,completed_raw
cpython3147_saved,xml_etree,xml_etree_iterparse,7,0,0.07412010000552982,completed_raw
cpython3147_saved,xml_etree,xml_etree_iterparse,7,1,0.07532509999873582,completed_raw
cpython3147_saved,xml_etree,xml_etree_iterparse,8,0,0.07509990000107791,completed_raw
cpython3147_saved,xml_etree,xml_etree_iterparse,8,1,0.07294540001021232,completed_raw
cpython3147_saved,xml_etree,xml_etree_iterparse,9,0,0.0738402999995742,completed_raw
cpython3147_saved,xml_etree,xml_etree_iterparse,9,1,0.07351734999974724,completed_raw
cpython3147_saved,xml_etree,xml_etree_iterparse,10,0,0.07849475000693928,completed_raw
cpython3147_saved,xml_etree,xml_etree_iterparse,10,1,0.07307240000227466,completed_raw
cpython3147_saved,xml_etree,xml_etree_generate,1,0,0.0682680000027176,completed_raw
cpython3147_saved,xml_etree,xml_etree_generate,1,1,0.06778199999826029,completed_raw
cpython3147_saved,xml_etree,xml_etree_generate,2,0,0.06797670001105871,completed_raw
cpython3147_saved,xml_etree,xml_etree_generate,2,1,0.06867710000369698,completed_raw
cpython3147_saved,xml_etree,xml_etree_generate,3,0,0.06714369999826886,completed_raw
cpython3147_saved,xml_etree,xml_etree_generate,3,1,0.07077949999074917,completed_raw
cpython3147_saved,xml_etree,xml_etree_generate,4,0,0.06677320000017062,completed_raw
cpython3147_saved,xml_etree,xml_etree_generate,4,1,0.06975185000919737,completed_raw
cpython3147_saved,xml_etree,xml_etree_generate,5,0,0.06939570000395179,completed_raw
cpython3147_saved,xml_etree,xml_etree_generate,5,1,0.07245965000765864,completed_raw
cpython3147_saved,xml_etree,xml_etree_generate,6,0,0.06935770000563934,completed_raw
cpython3147_saved,xml_etree,xml_etree_generate,6,1,0.07060920000367332,completed_raw
cpython3147_saved,xml_etree,xml_etree_generate,7,0,0.06772224999440368,completed_raw
cpython3147_saved,xml_etree,xml_etree_generate,7,1,0.06995984999230132,completed_raw
cpython3147_saved,xml_etree,xml_etree_generate,8,0,0.06857245000719558,completed_raw
cpython3147_saved,xml_etree,xml_etree_generate,8,1,0.07122425000125077,completed_raw
cpython3147_saved,xml_etree,xml_etree_generate,9,0,0.06881174999580253,completed_raw
cpython3147_saved,xml_etree,xml_etree_generate,9,1,0.07025735000206623,completed_raw
cpython3147_saved,xml_etree,xml_etree_generate,10,0,0.0717422500019893,completed_raw
cpython3147_saved,xml_etree,xml_etree_generate,10,1,0.07155325000348967,completed_raw
cpython3147_saved,xml_etree,xml_etree_process,1,0,0.049258700004429556,completed_raw
cpython3147_saved,xml_etree,xml_etree_process,1,1,0.04847054999845568,completed_raw
cpython3147_saved,xml_etree,xml_etree_process,2,0,0.048677250000764616,completed_raw
cpython3147_saved,xml_etree,xml_etree_process,2,1,0.04971967500023311,completed_raw
cpython3147_saved,xml_etree,xml_etree_process,3,0,0.04775964999862481,completed_raw
cpython3147_saved,xml_etree,xml_etree_process,3,1,0.04780162499810103,completed_raw
cpython3147_saved,xml_etree,xml_etree_process,4,0,0.04911934999836376,completed_raw
cpython3147_saved,xml_etree,xml_etree_process,4,1,0.04895620000024792,completed_raw
cpython3147_saved,xml_etree,xml_etree_process,5,0,0.04887474999850383,completed_raw
cpython3147_saved,xml_etree,xml_etree_process,5,1,0.0493736499993247,completed_raw
cpython3147_saved,xml_etree,xml_etree_process,6,0,0.04930232500191778,completed_raw
cpython3147_saved,xml_etree,xml_etree_process,6,1,0.047553899996273685,completed_raw
cpython3147_saved,xml_etree,xml_etree_process,7,0,0.04928749999817228,completed_raw
cpython3147_saved,xml_etree,xml_etree_process,7,1,0.04804472499381518,completed_raw
cpython3147_saved,xml_etree,xml_etree_process,8,0,0.04873070000030566,completed_raw
cpython3147_saved,xml_etree,xml_etree_process,8,1,0.04754110000067158,completed_raw
cpython3147_saved,xml_etree,xml_etree_process,9,0,0.04852674999710871,completed_raw
cpython3147_saved,xml_etree,xml_etree_process,9,1,0.04796119999809889,completed_raw
cpython3147_saved,xml_etree,xml_etree_process,10,0,0.04841034999844851,completed_raw
cpython3147_saved,xml_etree,xml_etree_process,10,1,0.04793035000329837,completed_raw
