Python benchmark suite 1.14.0


==================================================
( 1/97) creating venv for benchmark (2to3)

(trying common venv first)

==================================================
( 2/97) creating venv for benchmark (argparse)

(trying common venv first)

==================================================
( 3/97) creating venv for benchmark (argparse_subparsers)

(trying common venv first)

==================================================
( 4/97) creating venv for benchmark (async_generators)

(trying common venv first)

==================================================
( 5/97) creating venv for benchmark (async_tree)

(trying common venv first)

==================================================
( 6/97) creating venv for benchmark (async_tree_cpu_io_mixed)

(trying common venv first)

==================================================
( 7/97) creating venv for benchmark (async_tree_cpu_io_mixed_tg)

(trying common venv first)

==================================================
( 8/97) creating venv for benchmark (async_tree_eager)

(trying common venv first)

==================================================
( 9/97) creating venv for benchmark (async_tree_eager_cpu_io_mixed)

(trying common venv first)

==================================================
(10/97) creating venv for benchmark (async_tree_eager_cpu_io_mixed_tg)

(trying common venv first)

==================================================
(11/97) creating venv for benchmark (async_tree_eager_io)

(trying common venv first)

==================================================
(12/97) creating venv for benchmark (async_tree_eager_io_tg)

(trying common venv first)

==================================================
(13/97) creating venv for benchmark (async_tree_eager_memoization)

(trying common venv first)

==================================================
(14/97) creating venv for benchmark (async_tree_eager_memoization_tg)

(trying common venv first)

==================================================
(15/97) creating venv for benchmark (async_tree_eager_tg)

(trying common venv first)

==================================================
(16/97) creating venv for benchmark (async_tree_io)

(trying common venv first)

==================================================
(17/97) creating venv for benchmark (async_tree_io_tg)

(trying common venv first)

==================================================
(18/97) creating venv for benchmark (async_tree_memoization)

(trying common venv first)

==================================================
(19/97) creating venv for benchmark (async_tree_memoization_tg)

(trying common venv first)

==================================================
(20/97) creating venv for benchmark (async_tree_tg)

(trying common venv first)

==================================================
(21/97) creating venv for benchmark (asyncio_tcp)

(trying common venv first)

==================================================
(22/97) creating venv for benchmark (asyncio_tcp_ssl)

(trying common venv first)

==================================================
(23/97) creating venv for benchmark (asyncio_websockets)

(trying common venv first)

==================================================
(24/97) creating venv for benchmark (base64)

(trying common venv first)

==================================================
(25/97) creating venv for benchmark (bpe_tokeniser)

(trying common venv first)

==================================================
(26/97) creating venv for benchmark (chameleon)

(trying common venv first)

==================================================
(27/97) creating venv for benchmark (chaos)

(trying common venv first)

==================================================
(28/97) creating venv for benchmark (comprehensions)

(trying common venv first)

==================================================
(29/97) creating venv for benchmark (concurrent_imap)

(trying common venv first)

==================================================
(30/97) creating venv for benchmark (coroutines)

(trying common venv first)

==================================================
(31/97) creating venv for benchmark (coverage)

(trying common venv first)

==================================================
(32/97) creating venv for benchmark (crypto_pyaes)

(trying common venv first)

==================================================
(33/97) creating venv for benchmark (dask)

(trying common venv first)

==================================================
(34/97) creating venv for benchmark (deepcopy)

(trying common venv first)

==================================================
(35/97) creating venv for benchmark (deltablue)

(trying common venv first)

==================================================
(36/97) creating venv for benchmark (django_template)

(trying common venv first)

==================================================
(37/97) creating venv for benchmark (docutils)

(trying common venv first)

==================================================
(38/97) creating venv for benchmark (dulwich_log)

(trying common venv first)

==================================================
(39/97) creating venv for benchmark (fannkuch)

(trying common venv first)

==================================================
(40/97) creating venv for benchmark (fastapi)

(trying common venv first)

==================================================
(41/97) creating venv for benchmark (float)

(trying common venv first)

==================================================
(42/97) creating venv for benchmark (gc_collect)

(trying common venv first)

==================================================
(43/97) creating venv for benchmark (gc_traversal)

(trying common venv first)

==================================================
(44/97) creating venv for benchmark (generators)

(trying common venv first)

==================================================
(45/97) creating venv for benchmark (genshi)

(trying common venv first)

==================================================
(46/97) creating venv for benchmark (go)

(trying common venv first)

==================================================
(47/97) creating venv for benchmark (hexiom)

(trying common venv first)

==================================================
(48/97) creating venv for benchmark (html5lib)

(trying common venv first)

==================================================
(49/97) creating venv for benchmark (json_dumps)

(trying common venv first)

==================================================
(50/97) creating venv for benchmark (json_loads)

(trying common venv first)

==================================================
(51/97) creating venv for benchmark (logging)

(trying common venv first)

==================================================
(52/97) creating venv for benchmark (mako)

(trying common venv first)

==================================================
(53/97) creating venv for benchmark (mdp)

(trying common venv first)

==================================================
(54/97) creating venv for benchmark (meteor_contest)

(trying common venv first)

==================================================
(55/97) creating venv for benchmark (nbody)

(trying common venv first)

==================================================
(56/97) creating venv for benchmark (networkx)

(trying common venv first)

==================================================
(57/97) creating venv for benchmark (networkx_connected_components)

(trying common venv first)

==================================================
(58/97) creating venv for benchmark (networkx_k_core)

(trying common venv first)

==================================================
(59/97) creating venv for benchmark (nqueens)

(trying common venv first)

==================================================
(60/97) creating venv for benchmark (pathlib)

(trying common venv first)

==================================================
(61/97) creating venv for benchmark (pickle)

(trying common venv first)

==================================================
(62/97) creating venv for benchmark (pickle_dict)

(trying common venv first)

==================================================
(63/97) creating venv for benchmark (pickle_list)

(trying common venv first)

==================================================
(64/97) creating venv for benchmark (pickle_pure_python)

(trying common venv first)

==================================================
(65/97) creating venv for benchmark (pidigits)

(trying common venv first)

==================================================
(66/97) creating venv for benchmark (pprint)

(trying common venv first)

==================================================
(67/97) creating venv for benchmark (pyflate)

(trying common venv first)

==================================================
(68/97) creating venv for benchmark (python_startup)

(trying common venv first)

==================================================
(69/97) creating venv for benchmark (python_startup_no_site)

(trying common venv first)

==================================================
(70/97) creating venv for benchmark (raytrace)

(trying common venv first)

==================================================
(71/97) creating venv for benchmark (regex_compile)

(trying common venv first)

==================================================
(72/97) creating venv for benchmark (regex_dna)

(trying common venv first)

==================================================
(73/97) creating venv for benchmark (regex_effbot)

(trying common venv first)

==================================================
(74/97) creating venv for benchmark (regex_v8)

(trying common venv first)

==================================================
(75/97) creating venv for benchmark (richards)

(trying common venv first)

==================================================
(76/97) creating venv for benchmark (richards_super)

(trying common venv first)

==================================================
(77/97) creating venv for benchmark (scimark)

(trying common venv first)

==================================================
(78/97) creating venv for benchmark (spectral_norm)

(trying common venv first)

==================================================
(79/97) creating venv for benchmark (sphinx)

(trying common venv first)

==================================================
(80/97) creating venv for benchmark (sqlalchemy_declarative)

(trying common venv first)

==================================================
(81/97) creating venv for benchmark (sqlalchemy_imperative)

(trying common venv first)

==================================================
(82/97) creating venv for benchmark (sqlglot_v2)

(trying common venv first)

==================================================
(83/97) creating venv for benchmark (sqlglot_v2_optimize)

(trying common venv first)

==================================================
(84/97) creating venv for benchmark (sqlglot_v2_parse)

(trying common venv first)

==================================================
(85/97) creating venv for benchmark (sqlglot_v2_transpile)

(trying common venv first)

==================================================
(86/97) creating venv for benchmark (sqlite_synth)

(trying common venv first)

==================================================
(87/97) creating venv for benchmark (sympy)

(trying common venv first)

==================================================
(88/97) creating venv for benchmark (telco)

(trying common venv first)

==================================================
(89/97) creating venv for benchmark (tomli_loads)

(trying common venv first)

==================================================
(90/97) creating venv for benchmark (tornado_http)

(trying common venv first)

==================================================
(91/97) creating venv for benchmark (typing_runtime_protocols)

(trying common venv first)

==================================================
(92/97) creating venv for benchmark (unpack_sequence)

(trying common venv first)

==================================================
(93/97) creating venv for benchmark (unpickle)

(trying common venv first)

==================================================
(94/97) creating venv for benchmark (unpickle_list)

(trying common venv first)

==================================================
(95/97) creating venv for benchmark (unpickle_pure_python)

(trying common venv first)

==================================================
(96/97) creating venv for benchmark (xdsl)

(trying common venv first)

==================================================
(97/97) creating venv for benchmark (xml_etree)

(trying common venv first)

[ 1/97] 2to3...
Traceback (most recent call last):
  File "C:\Python\Python314\Lib\site-packages\pyperformance\data-files\benchmarks\bm_2to3\run_benchmark.py", line 25, in <module>
    runner.bench_command('2to3', command)
    ~~~~~~~~~~~~~~~~~~~~^^^^^^^^^^^^^^^^^
  File "C:\Python\Python314\Lib\site-packages\pyperf\_runner.py", line 750, in bench_command
    return self._main(task)
           ~~~~~~~~~~^^^^^^
  File "C:\Python\Python314\Lib\site-packages\pyperf\_runner.py", line 463, in _main
    bench = self._worker(task)
  File "C:\Python\Python314\Lib\site-packages\pyperf\_runner.py", line 437, in _worker
    run = task.create_run()
  File "C:\Python\Python314\Lib\site-packages\pyperf\_worker.py", line 300, in create_run
    self.compute()
    ~~~~~~~~~~~~^^
  File "C:\Python\Python314\Lib\site-packages\pyperf\_command.py", line 66, in compute
    WorkerTask.compute(self)
    ~~~~~~~~~~~~~~~~~~^^^^^^
  File "C:\Python\Python314\Lib\site-packages\pyperf\_worker.py", line 287, in compute
    self.calibrate_loops()
    ~~~~~~~~~~~~~~~~~~~~^^
  File "C:\Python\Python314\Lib\site-packages\pyperf\_worker.py", line 250, in calibrate_loops
    self._compute_values(self.warmups, nvalue,
    ~~~~~~~~~~~~~~~~~~~~^^^^^^^^^^^^^^^^^^^^^^
                         is_warmup=True,
                         ^^^^^^^^^^^^^^^
                         calibrate_loops=True)
                         ^^^^^^^^^^^^^^^^^^^^^
  File "C:\Python\Python314\Lib\site-packages\pyperf\_worker.py", line 76, in _compute_values
    with contextlib.ExitStack() as stack:
    ^^^^^^^^^^^^^^^^^^^^^^^^^^^^^^^^^^^^^
    ...<4 lines>...
    raw_value = float(raw_value)

  File "C:\Python\Python314\Lib\site-packages\pyperf\_worker.py", line 79, in _compute_values
    raw_value = task_func(self, self.loops)
  File "C:\Python\Python314\Lib\functools.py", line 393, in __call__
    return self.func(*pto_args, *args, **keywords)
           ~~~~~~~~~^^^^^^^^^^^^^^^^^^^^^^^^^^^^^^
  File "C:\Python\Python314\Lib\site-packages\pyperf\_command.py", line 43, in bench_command
    raise Exception("Command failed with exit code %s"
                    % proc.returncode)
Exception: Command failed with exit code 1
Traceback (most recent call last):
  File "C:\Python\Python314\Lib\site-packages\pyperformance\data-files\benchmarks\bm_2to3\run_benchmark.py", line 25, in <module>
    runner.bench_command('2to3', command)
    ~~~~~~~~~~~~~~~~~~~~^^^^^^^^^^^^^^^^^
  File "C:\Python\Python314\Lib\site-packages\pyperf\_runner.py", line 750, in bench_command
    return self._main(task)
           ~~~~~~~~~~^^^^^^
  File "C:\Python\Python314\Lib\site-packages\pyperf\_runner.py", line 468, in _main
    bench = self._manager()
  File "C:\Python\Python314\Lib\site-packages\pyperf\_runner.py", line 681, in _manager
    bench = Manager(self).create_bench()
  File "C:\Python\Python314\Lib\site-packages\pyperf\_manager.py", line 243, in create_bench
    worker_bench, run = self.create_worker_bench()
                        ~~~~~~~~~~~~~~~~~~~~~~~~^^
  File "C:\Python\Python314\Lib\site-packages\pyperf\_manager.py", line 142, in create_worker_bench
    suite = self.create_suite()
  File "C:\Python\Python314\Lib\site-packages\pyperf\_manager.py", line 132, in create_suite
    suite = self.spawn_worker(self.calibrate_loops, 0)
  File "C:\Python\Python314\Lib\site-packages\pyperf\_manager.py", line 118, in spawn_worker
    raise RuntimeError("%s failed with exit code %s"
                       % (cmd[0], exitcode))
RuntimeError: D:\CantorAI\xlang3\build\Release\xlang3.exe failed with exit code 1
Traceback (most recent call last):
  File "C:\Python\Python314\Lib\site-packages\pyperformance\run.py", line 171, in run_benchmarks
    result = bench.run(
        bench_venv.python,
    ...<3 lines>...
        verbose=options.verbose,
    )
  File "C:\Python\Python314\Lib\site-packages\pyperformance\_benchmark.py", line 193, in run
    bench = _run_perf_script(
        python,
    ...<4 lines>...
        verbose=verbose,
    )
  File "C:\Python\Python314\Lib\site-packages\pyperformance\_benchmark.py", line 250, in _run_perf_script
    raise RuntimeError("Benchmark died")
RuntimeError: Benchmark died
ERROR: Benchmark 2to3 failed: Benchmark died
[ 2/97] argparse...
...........
WARNING: the benchmark result may be unstable
* Not enough samples to get a stable result (95% certainly of less than 1% variation)

Try to rerun the benchmark with more runs, values and/or loops.
Run 'xlang3.exe -m pyperf system tune' command to reduce the system jitter.
Use pyperf stats, pyperf dump and pyperf hist to analyze results.
Use --quiet option to hide these warnings.

many_optionals: Mean +- std dev: 9.28 ms +- 0.16 ms
[ 3/97] argparse_subparsers...
...........
WARNING: the benchmark result may be unstable
* Not enough samples to get a stable result (95% certainly of less than 1% variation)

Try to rerun the benchmark with more runs, values and/or loops.
Run 'xlang3.exe -m pyperf system tune' command to reduce the system jitter.
Use pyperf stats, pyperf dump and pyperf hist to analyze results.
Use --quiet option to hide these warnings.

subparsers: Mean +- std dev: 189 ms +- 13 ms
[ 4/97] async_generators...
..ERROR: Benchmark async_generators timed out
[ 5/97] async_tree...
ERROR: Benchmark async_tree timed out
[ 6/97] async_tree_cpu_io_mixed...
ERROR: Benchmark async_tree_cpu_io_mixed timed out
[ 7/97] async_tree_cpu_io_mixed_tg...
ERROR: Benchmark async_tree_cpu_io_mixed_tg timed out
[ 8/97] async_tree_eager...
ERROR: Benchmark async_tree_eager timed out
[ 9/97] async_tree_eager_cpu_io_mixed...
ERROR: Benchmark async_tree_eager_cpu_io_mixed timed out
[10/97] async_tree_eager_cpu_io_mixed_tg...
ERROR: Benchmark async_tree_eager_cpu_io_mixed_tg timed out
[11/97] async_tree_eager_io...
ERROR: Benchmark async_tree_eager_io timed out
[12/97] async_tree_eager_io_tg...
ERROR: Benchmark async_tree_eager_io_tg timed out
[13/97] async_tree_eager_memoization...
ERROR: Benchmark async_tree_eager_memoization timed out
[14/97] async_tree_eager_memoization_tg...
ERROR: Benchmark async_tree_eager_memoization_tg timed out
[15/97] async_tree_eager_tg...
ERROR: Benchmark async_tree_eager_tg timed out
[16/97] async_tree_io...
ERROR: Benchmark async_tree_io timed out
[17/97] async_tree_io_tg...
ERROR: Benchmark async_tree_io_tg timed out
[18/97] async_tree_memoization...
ERROR: Benchmark async_tree_memoization timed out
[19/97] async_tree_memoization_tg...
ERROR: Benchmark async_tree_memoization_tg timed out
[20/97] async_tree_tg...
ERROR: Benchmark async_tree_tg timed out
[21/97] asyncio_tcp...
.ERROR: Benchmark asyncio_tcp timed out
[22/97] asyncio_tcp_ssl...
Traceback (most recent call last):
  File "C:\Python\Python314\Lib\site-packages\pyperformance\data-files\benchmarks\bm_asyncio_tcp\run_benchmark.py", line 72, in <module>
    runner.bench_async_func(name, main, args.ssl)
    ~~~~~~~~~~~~~~~~~~~~~~~^^^^^^^^^^^^^^^^^^^^^^
  File "C:\Python\Python314\Lib\site-packages\pyperf\_runner.py", line 613, in bench_async_func
    result = self._main(task)
  File "C:\Python\Python314\Lib\site-packages\pyperf\_runner.py", line 463, in _main
    bench = self._worker(task)
  File "C:\Python\Python314\Lib\site-packages\pyperf\_runner.py", line 437, in _worker
    run = task.create_run()
  File "C:\Python\Python314\Lib\site-packages\pyperf\_worker.py", line 300, in create_run
    self.compute()
    ~~~~~~~~~~~~^^
  File "C:\Python\Python314\Lib\site-packages\pyperf\_worker.py", line 364, in compute
    WorkerTask.compute(self)
    ~~~~~~~~~~~~~~~~~~^^^^^^
  File "C:\Python\Python314\Lib\site-packages\pyperf\_worker.py", line 287, in compute
    self.calibrate_loops()
    ~~~~~~~~~~~~~~~~~~~~^^
  File "C:\Python\Python314\Lib\site-packages\pyperf\_worker.py", line 250, in calibrate_loops
    self._compute_values(self.warmups, nvalue,
    ~~~~~~~~~~~~~~~~~~~~^^^^^^^^^^^^^^^^^^^^^^
                         is_warmup=True,
                         ^^^^^^^^^^^^^^^
                         calibrate_loops=True)
                         ^^^^^^^^^^^^^^^^^^^^^
  File "C:\Python\Python314\Lib\site-packages\pyperf\_worker.py", line 76, in _compute_values
    with contextlib.ExitStack() as stack:
    ^^^^^^^^^^^^^^^^^^^^^^^^^^^^^^^^^^^^^
    ...<4 lines>...
    raw_value = float(raw_value)

  File "C:\Python\Python314\Lib\site-packages\pyperf\_worker.py", line 79, in _compute_values
    raw_value = task_func(self, self.loops)
  File "C:\Python\Python314\Lib\site-packages\pyperf\_runner.py", line 604, in task_func
    dt = loop.run_until_complete(main())
  File "C:\Python\Python314\Lib\asyncio\base_events.py", line 720, in run_until_complete
    return future.result()
           ~~~~~~~~~~~~~^^
  File "C:\Python\Python314\Lib\asyncio\futures.py", line 208, in result
    raise self._exception.with_traceback(self._exception_tb)
  File "C:\Python\Python314\Lib\asyncio\tasks.py", line 289, in __step_run_and_handle_result
    result = coro.send(None)
  File "C:\Python\Python314\Lib\site-packages\pyperf\_runner.py", line 589, in main
    await local_func()
  File "C:\Python\Python314\Lib\site-packages\pyperformance\data-files\benchmarks\bm_asyncio_tcp\run_benchmark.py", line 47, in main
        async with server:
        ^^^^^^^^^^^^^^^^^^
    ...<13 lines>...
    def add_cmdline_args(cmd, args):
    ^^^^
  File "C:\Python\Python314\Lib\site-packages\pyperformance\data-files\benchmarks\bm_asyncio_tcp\run_benchmark.py", line 52, in main
    data = await reader.read(CHUNK_SIZE)
           ^^^^^^^^^^^^^^^^^^^^^^^^^^^^^
  File "C:\Python\Python314\Lib\asyncio\streams.py", line 737, in read
    await self._wait_for_data('read')
  File "C:\Python\Python314\Lib\asyncio\streams.py", line 546, in _wait_for_data
    await self._waiter
  File "C:\Python\Python314\Lib\asyncio\futures.py", line 295, in __await__
    yield self  # This tells Task to wait for completion.
  File "C:\Python\Python314\Lib\asyncio\tasks.py", line 362, in __wakeup
    future.result()
    ~~~~~~~~~~~~~^^
  File "C:\Python\Python314\Lib\asyncio\futures.py", line 208, in result
    raise self._exception.with_traceback(self._exception_tb)
  File "C:\Python\Python314\Lib\asyncio\sslproto.py", line 740, in _do_read
    self._do_read__copied()
    ~~~~~~~~~~~~~~~~~~~~~^^
  File "C:\Python\Python314\Lib\asyncio\sslproto.py", line 785, in _do_read__copied
    chunk = self._sslobj.read(self.max_size)
  File "C:\Python\Python314\Lib\ssl.py", line 868, in read
    v = self._sslobj.read(len)
_ssl.SSLZeroReturnError: (6, 'TLS read: TLS/SSL connection has been closed')
Traceback (most recent call last):
  File "C:\Python\Python314\Lib\site-packages\pyperformance\data-files\benchmarks\bm_asyncio_tcp\run_benchmark.py", line 72, in <module>
    runner.bench_async_func(name, main, args.ssl)
    ~~~~~~~~~~~~~~~~~~~~~~~^^^^^^^^^^^^^^^^^^^^^^
  File "C:\Python\Python314\Lib\site-packages\pyperf\_runner.py", line 613, in bench_async_func
    result = self._main(task)
  File "C:\Python\Python314\Lib\site-packages\pyperf\_runner.py", line 468, in _main
    bench = self._manager()
  File "C:\Python\Python314\Lib\site-packages\pyperf\_runner.py", line 681, in _manager
    bench = Manager(self).create_bench()
  File "C:\Python\Python314\Lib\site-packages\pyperf\_manager.py", line 243, in create_bench
    worker_bench, run = self.create_worker_bench()
                        ~~~~~~~~~~~~~~~~~~~~~~~~^^
  File "C:\Python\Python314\Lib\site-packages\pyperf\_manager.py", line 142, in create_worker_bench
    suite = self.create_suite()
  File "C:\Python\Python314\Lib\site-packages\pyperf\_manager.py", line 132, in create_suite
    suite = self.spawn_worker(self.calibrate_loops, 0)
  File "C:\Python\Python314\Lib\site-packages\pyperf\_manager.py", line 118, in spawn_worker
    raise RuntimeError("%s failed with exit code %s"
                       % (cmd[0], exitcode))
RuntimeError: D:\CantorAI\xlang3\build\Release\xlang3.exe failed with exit code 1
Traceback (most recent call last):
  File "C:\Python\Python314\Lib\site-packages\pyperformance\run.py", line 171, in run_benchmarks
    result = bench.run(
        bench_venv.python,
    ...<3 lines>...
        verbose=options.verbose,
    )
  File "C:\Python\Python314\Lib\site-packages\pyperformance\_benchmark.py", line 193, in run
    bench = _run_perf_script(
        python,
    ...<4 lines>...
        verbose=verbose,
    )
  File "C:\Python\Python314\Lib\site-packages\pyperformance\_benchmark.py", line 250, in _run_perf_script
    raise RuntimeError("Benchmark died")
RuntimeError: Benchmark died
ERROR: Benchmark asyncio_tcp_ssl failed: Benchmark died
[23/97] asyncio_websockets...
Traceback (most recent call last):
  File "C:\Python\Python314\Lib\site-packages\pyperformance\data-files\benchmarks\bm_asyncio_websockets\run_benchmark.py", line 9, in <module>
    import websockets.server
ModuleNotFoundError: No module named 'websockets'
Traceback (most recent call last):
  File "C:\Python\Python314\Lib\site-packages\pyperformance\run.py", line 171, in run_benchmarks
    result = bench.run(
        bench_venv.python,
    ...<3 lines>...
        verbose=options.verbose,
    )
  File "C:\Python\Python314\Lib\site-packages\pyperformance\_benchmark.py", line 193, in run
    bench = _run_perf_script(
        python,
    ...<4 lines>...
        verbose=verbose,
    )
  File "C:\Python\Python314\Lib\site-packages\pyperformance\_benchmark.py", line 250, in _run_perf_script
    raise RuntimeError("Benchmark died")
RuntimeError: Benchmark died
ERROR: Benchmark asyncio_websockets failed: Benchmark died
[24/97] base64...
ERROR: Benchmark base64 timed out
[25/97] bpe_tokeniser...
ERROR: Benchmark bpe_tokeniser timed out
[26/97] chameleon...
Traceback (most recent call last):
  File "C:\Python\Python314\Lib\site-packages\pyperformance\data-files\benchmarks\bm_chameleon\run_benchmark.py", line 5, in <module>
    from chameleon import PageTemplate
ModuleNotFoundError: No module named 'chameleon'
Traceback (most recent call last):
  File "C:\Python\Python314\Lib\site-packages\pyperformance\run.py", line 171, in run_benchmarks
    result = bench.run(
        bench_venv.python,
    ...<3 lines>...
        verbose=options.verbose,
    )
  File "C:\Python\Python314\Lib\site-packages\pyperformance\_benchmark.py", line 193, in run
    bench = _run_perf_script(
        python,
    ...<4 lines>...
        verbose=verbose,
    )
  File "C:\Python\Python314\Lib\site-packages\pyperformance\_benchmark.py", line 250, in _run_perf_script
    raise RuntimeError("Benchmark died")
RuntimeError: Benchmark died
ERROR: Benchmark chameleon failed: Benchmark died
[27/97] chaos...
.........ERROR: Benchmark chaos timed out
[28/97] comprehensions...
...........
WARNING: the benchmark result may be unstable
* Not enough samples to get a stable result (95% certainly of less than 1% variation)

Try to rerun the benchmark with more runs, values and/or loops.
Run 'xlang3.exe -m pyperf system tune' command to reduce the system jitter.
Use pyperf stats, pyperf dump and pyperf hist to analyze results.
Use --quiet option to hide these warnings.

comprehensions: Mean +- std dev: 209 us +- 4 us
[29/97] concurrent_imap...
Traceback (most recent call last):
  File "<string>", line 1, in <module>
    from multiprocessing.spawn import spawn_main; spawn_main(parent_pid=32108, pipe_handle=556)
                                                  ~~~~~~~~~~^^^^^^^^^^^^^^^^^^^^^^^^^^^^^^^^^^^
  File "C:\Python\Python314\Lib\multiprocessing\spawn.py", line 122, in spawn_main
    exitcode = _main(fd, parent_sentinel)
  File "C:\Python\Python314\Lib\multiprocessing\spawn.py", line 127, in _main
    with os.fdopen(fd, 'rb', closefd=True) as from_parent:
    ^^^^^^^^^^^^^^^^^^^^^^^^^^^^^^^^^^^^^^^^^^^^^^^^^^^^^^
    ...<7 lines>...
    return self._bootstrap(parent_sentinel)

  File "C:\Python\Python314\Lib\multiprocessing\spawn.py", line 132, in _main
    self = reduction.pickle.load(from_parent)
  File "C:\Python\Python314\Lib\pickle.py", line 1875, in _load
    return _Unpickler(file, fix_imports=fix_imports, buffers=buffers,
           ~~~~~~~~~~~~~~~~~~~~~~~~~~~~~~~~~~~~~~~~~~~~~~~~~~~~~~~~~~
                     encoding=encoding, errors=errors).load()
                     ~~~~~~~~~~~~~~~~~~~~~~~~~~~~~~~~~~~~~~^^
  File "C:\Python\Python314\Lib\pickle.py", line 1318, in load
    raise EOFError
EOFError
Traceback (most recent call last):
  File "C:\Python\Python314\Lib\site-packages\pyperformance\data-files\benchmarks\bm_concurrent_imap\run_benchmark.py", line 31, in <module>
    runner.bench_func("bench_mp_pool", bench_mp_pool, num_core, count, chunk)
    ~~~~~~~~~~~~~~~~~^^^^^^^^^^^^^^^^^^^^^^^^^^^^^^^^^^^^^^^^^^^^^^^^^^^^^^^^
  File "C:\Python\Python314\Lib\site-packages\pyperf\_runner.py", line 545, in bench_func
    result = self._main(task)
  File "C:\Python\Python314\Lib\site-packages\pyperf\_runner.py", line 463, in _main
    bench = self._worker(task)
  File "C:\Python\Python314\Lib\site-packages\pyperf\_runner.py", line 437, in _worker
    run = task.create_run()
  File "C:\Python\Python314\Lib\site-packages\pyperf\_worker.py", line 300, in create_run
    self.compute()
    ~~~~~~~~~~~~^^
  File "C:\Python\Python314\Lib\site-packages\pyperf\_worker.py", line 364, in compute
    WorkerTask.compute(self)
    ~~~~~~~~~~~~~~~~~~^^^^^^
  File "C:\Python\Python314\Lib\site-packages\pyperf\_worker.py", line 287, in compute
    self.calibrate_loops()
    ~~~~~~~~~~~~~~~~~~~~^^
  File "C:\Python\Python314\Lib\site-packages\pyperf\_worker.py", line 250, in calibrate_loops
    self._compute_values(self.warmups, nvalue,
    ~~~~~~~~~~~~~~~~~~~~^^^^^^^^^^^^^^^^^^^^^^
                         is_warmup=True,
                         ^^^^^^^^^^^^^^^
                         calibrate_loops=True)
                         ^^^^^^^^^^^^^^^^^^^^^
  File "C:\Python\Python314\Lib\site-packages\pyperf\_worker.py", line 76, in _compute_values
    with contextlib.ExitStack() as stack:
    ^^^^^^^^^^^^^^^^^^^^^^^^^^^^^^^^^^^^^
    ...<4 lines>...
    raw_value = float(raw_value)

  File "C:\Python\Python314\Lib\site-packages\pyperf\_worker.py", line 79, in _compute_values
    raw_value = task_func(self, self.loops)
  File "C:\Python\Python314\Lib\site-packages\pyperf\_runner.py", line 538, in task_func
    local_func()
    ~~~~~~~~~~^^
  File "C:\Python\Python314\Lib\functools.py", line 393, in __call__
    return self.func(*pto_args, *args, **keywords)
           ~~~~~~~~~^^^^^^^^^^^^^^^^^^^^^^^^^^^^^^
  File "C:\Python\Python314\Lib\site-packages\pyperformance\data-files\benchmarks\bm_concurrent_imap\run_benchmark.py", line 14, in bench_mp_pool
    with Pool(p) as pool:
         ~~~~^^^
  File "C:\Python\Python314\Lib\multiprocessing\pool.py", line 215, in __init__
    self._repopulate_pool()
    ~~~~~~~~~~~~~~~~~~~~~^^
  File "C:\Python\Python314\Lib\multiprocessing\pool.py", line 306, in _repopulate_pool
    return self._repopulate_pool_static(self._ctx, self.Process,
           ~~~~~~~~~~~~~~~~~~~~~~~~~~~~^^^^^^^^^^^^^^^^^^^^^^^^^
                                        self._processes,
                                        ^^^^^^^^^^^^^^^^
    ...<3 lines>...
                                        self._maxtasksperchild,
                                        ^^^^^^^^^^^^^^^^^^^^^^^
                                        self._wrap_exception)
                                        ^^^^^^^^^^^^^^^^^^^^^
  File "C:\Python\Python314\Lib\multiprocessing\pool.py", line 329, in _repopulate_pool_static
    w.start()
    ~~~~~~~^^
  File "C:\Python\Python314\Lib\multiprocessing\process.py", line 121, in start
    self._popen = self._Popen(self)
                  ~~~~~~~~~~~^^^^^^
  File "C:\Python\Python314\Lib\multiprocessing\context.py", line 343, in _Popen
    return Popen(process_obj)
  File "C:\Python\Python314\Lib\multiprocessing\popen_spawn_win32.py", line 73, in __init__
        with open(wfd, 'wb', closefd=True) as to_child:
        ^^^^^^^^^^^^^^^^^^^^^^^^^^^^^^^^^^^^^^^^^^^^^^^
    ...<27 lines>...
    def duplicate_for_child(self, handle):
    ^^^^
  File "C:\Python\Python314\Lib\multiprocessing\popen_spawn_win32.py", line 97, in __init__
    reduction.dump(process_obj, to_child)
    ~~~~~~~~~~~~~~^^^^^^^^^^^^^^^^^^^^^^^
  File "C:\Python\Python314\Lib\multiprocessing\reduction.py", line 60, in dump
    ForkingPickler(file, protocol).dump(obj)
    ~~~~~~~~~~~~~~~~~~~~~~~~~~~~~~~~~~~^^^^^
  File "C:\Python\Python314\Lib\pickle.py", line 498, in dump
    self.save(obj)
    ~~~~~~~~~^^^^^
  File "C:\Python\Python314\Lib\pickle.py", line 615, in save
    self.save_reduce(obj=obj, *rv)
    ~~~~~~~~~~~~~~~~^^^^^^^^^^^^^^
  File "C:\Python\Python314\Lib\pickle.py", line 761, in save_reduce
    save(state)
    ~~~~^^^^^^^
  File "C:\Python\Python314\Lib\pickle.py", line 572, in save
    f(self, obj)  # Call unbound method with explicit self
    ~^^^^^^^^^^^
  File "C:\Python\Python314\Lib\pickle.py", line 1058, in save_dict
    self._batch_setitems(obj.items(), obj)
    ~~~~~~~~~~~~~~~~~~~~^^^^^^^^^^^^^^^^^^
  File "C:\Python\Python314\Lib\pickle.py", line 1084, in _batch_setitems
    save(v)
    ~~~~^^^
  File "C:\Python\Python314\Lib\pickle.py", line 572, in save
    f(self, obj)  # Call unbound method with explicit self
    ~^^^^^^^^^^^
  File "C:\Python\Python314\Lib\pickle.py", line 976, in save_tuple
    save(element)
    ~~~~^^^^^^^^^
  File "C:\Python\Python314\Lib\pickle.py", line 615, in save
    self.save_reduce(obj=obj, *rv)
    ~~~~~~~~~~~~~~~~^^^^^^^^^^^^^^
  File "C:\Python\Python314\Lib\pickle.py", line 761, in save_reduce
    save(state)
    ~~~~^^^^^^^
  File "C:\Python\Python314\Lib\pickle.py", line 572, in save
    f(self, obj)  # Call unbound method with explicit self
    ~^^^^^^^^^^^
  File "C:\Python\Python314\Lib\pickle.py", line 976, in save_tuple
    save(element)
    ~~~~^^^^^^^^^
  File "C:\Python\Python314\Lib\pickle.py", line 590, in save
    rv = reduce(self.proto)
  File "C:\Python\Python314\Lib\multiprocessing\synchronize.py", line 106, in __getstate__
    h = context.get_spawning_popen().duplicate_for_child(sl.handle)
  File "C:\Python\Python314\Lib\multiprocessing\popen_spawn_win32.py", line 103, in duplicate_for_child
    return reduction.duplicate(handle, self.sentinel)
           ~~~~~~~~~~~~~~~~~~~^^^^^^^^^^^^^^^^^^^^^^^
  File "C:\Python\Python314\Lib\multiprocessing\reduction.py", line 79, in duplicate
    return _winapi.DuplicateHandle(
           ~~~~~~~~~~~~~~~~~~~~~~~^
        source_process, handle, target_process,
        ^^^^^^^^^^^^^^^^^^^^^^^^^^^^^^^^^^^^^^^
        0, inheritable, _winapi.DUPLICATE_SAME_ACCESS)
        ^^^^^^^^^^^^^^^^^^^^^^^^^^^^^^^^^^^^^^^^^^^^^^
OSError: DuplicateHandle failed with Win32 error 6
when serializing tuple item 2
when serializing multiprocessing.queues.SimpleQueue state
when serializing multiprocessing.queues.SimpleQueue object
when serializing tuple item 0
when serializing dict item '_args'
when serializing multiprocessing.context.SpawnProcess state
when serializing multiprocessing.context.SpawnProcess object
Traceback (most recent call last):
  File "C:\Python\Python314\Lib\site-packages\pyperformance\data-files\benchmarks\bm_concurrent_imap\run_benchmark.py", line 31, in <module>
    runner.bench_func("bench_mp_pool", bench_mp_pool, num_core, count, chunk)
    ~~~~~~~~~~~~~~~~~^^^^^^^^^^^^^^^^^^^^^^^^^^^^^^^^^^^^^^^^^^^^^^^^^^^^^^^^
  File "C:\Python\Python314\Lib\site-packages\pyperf\_runner.py", line 545, in bench_func
    result = self._main(task)
  File "C:\Python\Python314\Lib\site-packages\pyperf\_runner.py", line 468, in _main
    bench = self._manager()
  File "C:\Python\Python314\Lib\site-packages\pyperf\_runner.py", line 681, in _manager
    bench = Manager(self).create_bench()
  File "C:\Python\Python314\Lib\site-packages\pyperf\_manager.py", line 243, in create_bench
    worker_bench, run = self.create_worker_bench()
                        ~~~~~~~~~~~~~~~~~~~~~~~~^^
  File "C:\Python\Python314\Lib\site-packages\pyperf\_manager.py", line 142, in create_worker_bench
    suite = self.create_suite()
  File "C:\Python\Python314\Lib\site-packages\pyperf\_manager.py", line 132, in create_suite
    suite = self.spawn_worker(self.calibrate_loops, 0)
  File "C:\Python\Python314\Lib\site-packages\pyperf\_manager.py", line 118, in spawn_worker
    raise RuntimeError("%s failed with exit code %s"
                       % (cmd[0], exitcode))
RuntimeError: D:\CantorAI\xlang3\build\Release\xlang3.exe failed with exit code 1
Traceback (most recent call last):
  File "C:\Python\Python314\Lib\site-packages\pyperformance\run.py", line 171, in run_benchmarks
    result = bench.run(
        bench_venv.python,
    ...<3 lines>...
        verbose=options.verbose,
    )
ERROR: Benchmark concurrent_imap failed: Benchmark died
[30/97] coroutines...
  File "C:\Python\Python314\Lib\site-packages\pyperformance\_benchmark.py", line 193, in run
    bench = _run_perf_script(
        python,
    ...<4 lines>...
        verbose=verbose,
    )
  File "C:\Python\Python314\Lib\site-packages\pyperformance\_benchmark.py", line 250, in _run_perf_script
    raise RuntimeError("Benchmark died")
RuntimeError: Benchmark died
...........
WARNING: the benchmark result may be unstable
* Not enough samples to get a stable result (95% certainly of less than 1% variation)

Try to rerun the benchmark with more runs, values and/or loops.
Run 'xlang3.exe -m pyperf system tune' command to reduce the system jitter.
Use pyperf stats, pyperf dump and pyperf hist to analyze results.
Use --quiet option to hide these warnings.

coroutines: Mean +- std dev: 374 ms +- 4 ms
[31/97] coverage...
Traceback (most recent call last):
  File "C:\Python\Python314\Lib\site-packages\pyperformance\data-files\benchmarks\bm_coverage\run_benchmark.py", line 5, in <module>
    import coverage
ModuleNotFoundError: No module named 'coverage'
Traceback (most recent call last):
  File "C:\Python\Python314\Lib\site-packages\pyperformance\run.py", line 171, in run_benchmarks
    result = bench.run(
        bench_venv.python,
    ...<3 lines>...
        verbose=options.verbose,
    )
  File "C:\Python\Python314\Lib\site-packages\pyperformance\_benchmark.py", line 193, in run
    bench = _run_perf_script(
        python,
    ...<4 lines>...
        verbose=verbose,
    )
  File "C:\Python\Python314\Lib\site-packages\pyperformance\_benchmark.py", line 250, in _run_perf_script
    raise RuntimeError("Benchmark died")
RuntimeError: Benchmark died
ERROR: Benchmark coverage failed: Benchmark died
[32/97] crypto_pyaes...
Traceback (most recent call last):
  File "C:\Python\Python314\Lib\site-packages\pyperformance\data-files\benchmarks\bm_crypto_pyaes\run_benchmark.py", line 10, in <module>
    import pyaes
ModuleNotFoundError: No module named 'pyaes'
Traceback (most recent call last):
  File "C:\Python\Python314\Lib\site-packages\pyperformance\run.py", line 171, in run_benchmarks
    result = bench.run(
        bench_venv.python,
    ...<3 lines>...
        verbose=options.verbose,
    )
  File "C:\Python\Python314\Lib\site-packages\pyperformance\_benchmark.py", line 193, in run
    bench = _run_perf_script(
        python,
    ...<4 lines>...
        verbose=verbose,
    )
  File "C:\Python\Python314\Lib\site-packages\pyperformance\_benchmark.py", line 250, in _run_perf_script
    raise RuntimeError("Benchmark died")
ERROR: Benchmark crypto_pyaes failed: Benchmark died
[33/97] dask...
RuntimeError: Benchmark died
Traceback (most recent call last):
  File "C:\Python\Python314\Lib\site-packages\pyperformance\data-files\benchmarks\bm_dask\run_benchmark.py", line 7, in <module>
    from dask.distributed import Client, Worker, Scheduler, wait
ModuleNotFoundError: No module named 'dask'
Traceback (most recent call last):
  File "C:\Python\Python314\Lib\site-packages\pyperformance\run.py", line 171, in run_benchmarks
    result = bench.run(
        bench_venv.python,
    ...<3 lines>...
        verbose=options.verbose,
    )
  File "C:\Python\Python314\Lib\site-packages\pyperformance\_benchmark.py", line 193, in run
    bench = _run_perf_script(
        python,
    ...<4 lines>...
        verbose=verbose,
    )
  File "C:\Python\Python314\Lib\site-packages\pyperformance\_benchmark.py", line 250, in _run_perf_script
    raise RuntimeError("Benchmark died")
RuntimeError: Benchmark died
ERROR: Benchmark dask failed: Benchmark died
[34/97] deepcopy...
...........
WARNING: the benchmark result may be unstable
* Not enough samples to get a stable result (95% certainly of less than 1% variation)

Try to rerun the benchmark with more runs, values and/or loops.
Run 'xlang3.exe -m pyperf system tune' command to reduce the system jitter.
Use pyperf stats, pyperf dump and pyperf hist to analyze results.
Use --quiet option to hide these warnings.

deepcopy: Mean +- std dev: 4.55 ms +- 0.08 ms
...........
WARNING: the benchmark result may be unstable
* Not enough samples to get a stable result (95% certainly of less than 1% variation)

Try to rerun the benchmark with more runs, values and/or loops.
Run 'xlang3.exe -m pyperf system tune' command to reduce the system jitter.
Use pyperf stats, pyperf dump and pyperf hist to analyze results.
Use --quiet option to hide these warnings.

deepcopy_reduce: Mean +- std dev: 44.4 us +- 0.5 us
.ERROR: Benchmark deepcopy timed out
[35/97] deltablue...
...........
WARNING: the benchmark result may be unstable
* Not enough samples to get a stable result (95% certainly of less than 1% variation)

Try to rerun the benchmark with more runs, values and/or loops.
Run 'xlang3.exe -m pyperf system tune' command to reduce the system jitter.
Use pyperf stats, pyperf dump and pyperf hist to analyze results.
Use --quiet option to hide these warnings.

deltablue: Mean +- std dev: 61.0 ms +- 1.4 ms
[36/97] django_template...
Traceback (most recent call last):
  File "C:\Python\Python314\Lib\site-packages\pyperformance\data-files\benchmarks\bm_django_template\run_benchmark.py", line 8, in <module>
    import django.conf
ModuleNotFoundError: No module named 'django'
Traceback (most recent call last):
  File "C:\Python\Python314\Lib\site-packages\pyperformance\run.py", line 171, in run_benchmarks
    result = bench.run(
        bench_venv.python,
    ...<3 lines>...
        verbose=options.verbose,
    )
  File "C:\Python\Python314\Lib\site-packages\pyperformance\_benchmark.py", line 193, in run
    bench = _run_perf_script(
        python,
    ...<4 lines>...
        verbose=verbose,
    )
  File "C:\Python\Python314\Lib\site-packages\pyperformance\_benchmark.py", line 250, in _run_perf_script
    raise RuntimeError("Benchmark died")
RuntimeError: Benchmark died
ERROR: Benchmark django_template failed: Benchmark died
[37/97] docutils...
Traceback (most recent call last):
  File "C:\Python\Python314\Lib\site-packages\pyperformance\data-files\benchmarks\bm_docutils\run_benchmark.py", line 8, in <module>
    import docutils
ModuleNotFoundError: No module named 'docutils'
Traceback (most recent call last):
  File "C:\Python\Python314\Lib\site-packages\pyperformance\run.py", line 171, in run_benchmarks
    result = bench.run(
        bench_venv.python,
    ...<3 lines>...
        verbose=options.verbose,
    )
  File "C:\Python\Python314\Lib\site-packages\pyperformance\_benchmark.py", line 193, in run
    bench = _run_perf_script(
        python,
    ...<4 lines>...
        verbose=verbose,
    )
  File "C:\Python\Python314\Lib\site-packages\pyperformance\_benchmark.py", line 250, in _run_perf_script
    raise RuntimeError("Benchmark died")
RuntimeError: Benchmark died
ERROR: Benchmark docutils failed: Benchmark died
[38/97] dulwich_log...
Traceback (most recent call last):
  File "C:\Python\Python314\Lib\site-packages\pyperformance\data-files\benchmarks\bm_dulwich_log\run_benchmark.py", line 9, in <module>
    import dulwich.repo
ModuleNotFoundError: No module named 'dulwich'
Traceback (most recent call last):
  File "C:\Python\Python314\Lib\site-packages\pyperformance\run.py", line 171, in run_benchmarks
    result = bench.run(
        bench_venv.python,
    ...<3 lines>...
        verbose=options.verbose,
    )
  File "C:\Python\Python314\Lib\site-packages\pyperformance\_benchmark.py", line 193, in run
    bench = _run_perf_script(
        python,
    ...<4 lines>...
        verbose=verbose,
    )
  File "C:\Python\Python314\Lib\site-packages\pyperformance\_benchmark.py", line 250, in _run_perf_script
    raise RuntimeError("Benchmark died")
RuntimeError: Benchmark died
ERROR: Benchmark dulwich_log failed: Benchmark died
[39/97] fannkuch...
...ERROR: Benchmark fannkuch timed out
[40/97] fastapi...
Traceback (most recent call last):
  File "C:\Python\Python314\Lib\site-packages\pyperformance\data-files\benchmarks\bm_fastapi\run_benchmark.py", line 18, in <module>
    import httpx
ModuleNotFoundError: No module named 'httpx'
Traceback (most recent call last):
  File "C:\Python\Python314\Lib\site-packages\pyperformance\run.py", line 171, in run_benchmarks
    result = bench.run(
        bench_venv.python,
    ...<3 lines>...
        verbose=options.verbose,
    )
  File "C:\Python\Python314\Lib\site-packages\pyperformance\_benchmark.py", line 193, in run
    bench = _run_perf_script(
        python,
    ...<4 lines>...
        verbose=verbose,
    )
  File "C:\Python\Python314\Lib\site-packages\pyperformance\_benchmark.py", line 250, in _run_perf_script
    raise RuntimeError("Benchmark died")
RuntimeError: Benchmark died
ERROR: Benchmark fastapi failed: Benchmark died
[41/97] float...
...........
WARNING: the benchmark result may be unstable
* Not enough samples to get a stable result (95% certainly of less than 1% variation)

Try to rerun the benchmark with more runs, values and/or loops.
Run 'xlang3.exe -m pyperf system tune' command to reduce the system jitter.
Use pyperf stats, pyperf dump and pyperf hist to analyze results.
Use --quiet option to hide these warnings.

float: Mean +- std dev: 76.3 ms +- 1.3 ms
[42/97] gc_collect...
Traceback (most recent call last):
  File "C:\Python\Python314\Lib\site-packages\pyperformance\data-files\benchmarks\bm_gc_collect\run_benchmark.py", line 64, in <module>
    runner.bench_time_func("create_gc_cycles", benchamark_collection, CYCLES, LINKS)
    ~~~~~~~~~~~~~~~~~~~~~~^^^^^^^^^^^^^^^^^^^^^^^^^^^^^^^^^^^^^^^^^^^^^^^^^^^^^^^^^^
  File "C:\Python\Python314\Lib\site-packages\pyperf\_runner.py", line 502, in bench_time_func
    result = self._main(task)
  File "C:\Python\Python314\Lib\site-packages\pyperf\_runner.py", line 463, in _main
    bench = self._worker(task)
  File "C:\Python\Python314\Lib\site-packages\pyperf\_runner.py", line 437, in _worker
    run = task.create_run()
  File "C:\Python\Python314\Lib\site-packages\pyperf\_worker.py", line 300, in create_run
    self.compute()
    ~~~~~~~~~~~~^^
  File "C:\Python\Python314\Lib\site-packages\pyperf\_worker.py", line 364, in compute
    WorkerTask.compute(self)
    ~~~~~~~~~~~~~~~~~~^^^^^^
  File "C:\Python\Python314\Lib\site-packages\pyperf\_worker.py", line 287, in compute
    self.calibrate_loops()
    ~~~~~~~~~~~~~~~~~~~~^^
  File "C:\Python\Python314\Lib\site-packages\pyperf\_worker.py", line 250, in calibrate_loops
    self._compute_values(self.warmups, nvalue,
    ~~~~~~~~~~~~~~~~~~~~^^^^^^^^^^^^^^^^^^^^^^
                         is_warmup=True,
                         ^^^^^^^^^^^^^^^
                         calibrate_loops=True)
                         ^^^^^^^^^^^^^^^^^^^^^
  File "C:\Python\Python314\Lib\site-packages\pyperf\_worker.py", line 76, in _compute_values
    with contextlib.ExitStack() as stack:
    ^^^^^^^^^^^^^^^^^^^^^^^^^^^^^^^^^^^^^
    ...<4 lines>...
    raw_value = float(raw_value)

  File "C:\Python\Python314\Lib\site-packages\pyperf\_worker.py", line 79, in _compute_values
    raw_value = task_func(self, self.loops)
  File "C:\Python\Python314\Lib\site-packages\pyperf\_runner.py", line 497, in task_func
    return time_func(loops, *args)
  File "C:\Python\Python314\Lib\site-packages\pyperformance\data-files\benchmarks\bm_gc_collect\run_benchmark.py", line 56, in benchamark_collection
    assert collected is None or collected >= cycles * (links + 1)
AssertionError
Traceback (most recent call last):
  File "C:\Python\Python314\Lib\site-packages\pyperformance\data-files\benchmarks\bm_gc_collect\run_benchmark.py", line 64, in <module>
    runner.bench_time_func("create_gc_cycles", benchamark_collection, CYCLES, LINKS)
    ~~~~~~~~~~~~~~~~~~~~~~^^^^^^^^^^^^^^^^^^^^^^^^^^^^^^^^^^^^^^^^^^^^^^^^^^^^^^^^^^
  File "C:\Python\Python314\Lib\site-packages\pyperf\_runner.py", line 502, in bench_time_func
    result = self._main(task)
  File "C:\Python\Python314\Lib\site-packages\pyperf\_runner.py", line 468, in _main
    bench = self._manager()
  File "C:\Python\Python314\Lib\site-packages\pyperf\_runner.py", line 681, in _manager
    bench = Manager(self).create_bench()
  File "C:\Python\Python314\Lib\site-packages\pyperf\_manager.py", line 243, in create_bench
    worker_bench, run = self.create_worker_bench()
                        ~~~~~~~~~~~~~~~~~~~~~~~~^^
  File "C:\Python\Python314\Lib\site-packages\pyperf\_manager.py", line 142, in create_worker_bench
    suite = self.create_suite()
  File "C:\Python\Python314\Lib\site-packages\pyperf\_manager.py", line 132, in create_suite
    suite = self.spawn_worker(self.calibrate_loops, 0)
  File "C:\Python\Python314\Lib\site-packages\pyperf\_manager.py", line 118, in spawn_worker
    raise RuntimeError("%s failed with exit code %s"
                       % (cmd[0], exitcode))
RuntimeError: D:\CantorAI\xlang3\build\Release\xlang3.exe failed with exit code 1
Traceback (most recent call last):
ERROR: Benchmark gc_collect failed: Benchmark died
[43/97] gc_traversal...
  File "C:\Python\Python314\Lib\site-packages\pyperformance\run.py", line 171, in run_benchmarks
    result = bench.run(
        bench_venv.python,
    ...<3 lines>...
        verbose=options.verbose,
    )
  File "C:\Python\Python314\Lib\site-packages\pyperformance\_benchmark.py", line 193, in run
    bench = _run_perf_script(
        python,
    ...<4 lines>...
        verbose=verbose,
    )
  File "C:\Python\Python314\Lib\site-packages\pyperformance\_benchmark.py", line 250, in _run_perf_script
    raise RuntimeError("Benchmark died")
RuntimeError: Benchmark died
...........
WARNING: the benchmark result may be unstable
* Not enough samples to get a stable result (95% certainly of less than 1% variation)

Try to rerun the benchmark with more runs, values and/or loops.
Run 'xlang3.exe -m pyperf system tune' command to reduce the system jitter.
Use pyperf stats, pyperf dump and pyperf hist to analyze results.
Use --quiet option to hide these warnings.

gc_traversal: Mean +- std dev: 1.14 ms +- 0.01 ms
[44/97] generators...
....ERROR: Benchmark generators timed out
[45/97] genshi...
Traceback (most recent call last):
  File "C:\Python\Python314\Lib\site-packages\pyperformance\data-files\benchmarks\bm_genshi\run_benchmark.py", line 7, in <module>
    from genshi.template import MarkupTemplate, NewTextTemplate
ModuleNotFoundError: No module named 'genshi'
Traceback (most recent call last):
  File "C:\Python\Python314\Lib\site-packages\pyperformance\run.py", line 171, in run_benchmarks
    result = bench.run(
        bench_venv.python,
    ...<3 lines>...
        verbose=options.verbose,
    )
  File "C:\Python\Python314\Lib\site-packages\pyperformance\_benchmark.py", line 193, in run
    bench = _run_perf_script(
        python,
    ...<4 lines>...
        verbose=verbose,
    )
  File "C:\Python\Python314\Lib\site-packages\pyperformance\_benchmark.py", line 250, in _run_perf_script
    raise RuntimeError("Benchmark died")
RuntimeError: Benchmark died
ERROR: Benchmark genshi failed: Benchmark died
[46/97] go...
....ERROR: Benchmark go timed out
[47/97] hexiom...
...........
WARNING: the benchmark result may be unstable
* Not enough samples to get a stable result (95% certainly of less than 1% variation)

Try to rerun the benchmark with more runs, values and/or loops.
Run 'xlang3.exe -m pyperf system tune' command to reduce the system jitter.
Use pyperf stats, pyperf dump and pyperf hist to analyze results.
Use --quiet option to hide these warnings.

hexiom: Mean +- std dev: 72.1 ms +- 1.0 ms
[48/97] html5lib...
Traceback (most recent call last):
  File "C:\Python\Python314\Lib\site-packages\pyperformance\data-files\benchmarks\bm_html5lib\run_benchmark.py", line 9, in <module>
    import html5lib
ModuleNotFoundError: No module named 'html5lib'
Traceback (most recent call last):
  File "C:\Python\Python314\Lib\site-packages\pyperformance\run.py", line 171, in run_benchmarks
    result = bench.run(
        bench_venv.python,
    ...<3 lines>...
        verbose=options.verbose,
    )
ERROR: Benchmark html5lib failed: Benchmark died
[49/97] json_dumps...
  File "C:\Python\Python314\Lib\site-packages\pyperformance\_benchmark.py", line 193, in run
    bench = _run_perf_script(
        python,
    ...<4 lines>...
        verbose=verbose,
    )
  File "C:\Python\Python314\Lib\site-packages\pyperformance\_benchmark.py", line 250, in _run_perf_script
    raise RuntimeError("Benchmark died")
RuntimeError: Benchmark died
...........
WARNING: the benchmark result may be unstable
* Not enough samples to get a stable result (95% certainly of less than 1% variation)

Try to rerun the benchmark with more runs, values and/or loops.
Run 'xlang3.exe -m pyperf system tune' command to reduce the system jitter.
Use pyperf stats, pyperf dump and pyperf hist to analyze results.
Use --quiet option to hide these warnings.

json_dumps: Mean +- std dev: 40.3 ms +- 0.5 ms
[50/97] json_loads...
...........
json_loads: Mean +- std dev: 97.7 us +- 0.8 us
[51/97] logging...
...........
WARNING: the benchmark result may be unstable
* Not enough samples to get a stable result (95% certainly of less than 1% variation)

Try to rerun the benchmark with more runs, values and/or loops.
Run 'xlang3.exe -m pyperf system tune' command to reduce the system jitter.
Use pyperf stats, pyperf dump and pyperf hist to analyze results.
Use --quiet option to hide these warnings.

logging_format: Mean +- std dev: 107 us +- 3 us
...........
logging_silent: Mean +- std dev: 1.53 us +- 0.01 us
Traceback (most recent call last):
  File "C:\Python\Python314\Lib\site-packages\pyperf\_runner.py", line 651, in _display_result
            with catch_broken_pipe_error(wfile):
                bench.dump(wfile)
    else:
  File "C:\Python\Python314\Lib\site-packages\pyperf\_runner.py", line 652, in _display_result
    bench.dump(wfile)
    ~~~~~~~~~~^^^^^^^
  File "C:\Python\Python314\Lib\site-packages\pyperf\_bench.py", line 589, in dump
    suite.dump(file, compact=compact, replace=replace)
    ~~~~~~~~~~^^^^^^^^^^^^^^^^^^^^^^^^^^^^^^^^^^^^^^^^
  File "C:\Python\Python314\Lib\site-packages\pyperf\_bench.py", line 859, in dump
    dump(data, file, compact)
    ~~~~^^^^^^^^^^^^^^^^^^^^^
  File "C:\Python\Python314\Lib\site-packages\pyperf\_bench.py", line 850, in dump
    fp.flush()
    ~~~~~~~~^^
OSError: file descriptor write failed: Invalid argument

During handling of the above exception, another exception occurred:

Traceback (most recent call last):
  File "C:\Python\Python314\Lib\site-packages\pyperformance\data-files\benchmarks\bm_logging\run_benchmark.py", line 162, in <module>
    runner.bench_time_func(name, bench_func,
    ~~~~~~~~~~~~~~~~~~~~~~^^^^^^^^^^^^^^^^^^
                           logger, stream,
                           ^^^^^^^^^^^^^^^
                           inner_loops=10)
                           ^^^^^^^^^^^^^^^
  File "C:\Python\Python314\Lib\site-packages\pyperf\_runner.py", line 502, in bench_time_func
    result = self._main(task)
  File "C:\Python\Python314\Lib\site-packages\pyperf\_runner.py", line 463, in _main
    bench = self._worker(task)
  File "C:\Python\Python314\Lib\site-packages\pyperf\_runner.py", line 439, in _worker
    self._display_result(bench, checks=False)
    ~~~~~~~~~~~~~~~~~~~~^^^^^^^^^^^^^^^^^^^^^
  File "C:\Python\Python314\Lib\site-packages\pyperf\_runner.py", line 650, in _display_result
        with wpipe.open_text() as wfile:
        ^^^^^^^^^^^^^^^^^^^^^^^^^^^^^^^^
    ...<2 lines>...
    else:
    ^^^^
OSError: file descriptor write failed: Invalid argument
....ERROR: Benchmark logging timed out
[52/97] mako...
Traceback (most recent call last):
  File "C:\Python\Python314\Lib\site-packages\pyperformance\data-files\benchmarks\bm_mako\run_benchmark.py", line 18, in <module>
    import mako   # noqa
ModuleNotFoundError: No module named 'mako'
Traceback (most recent call last):
  File "C:\Python\Python314\Lib\site-packages\pyperformance\run.py", line 171, in run_benchmarks
    result = bench.run(
        bench_venv.python,
    ...<3 lines>...
        verbose=options.verbose,
    )
  File "C:\Python\Python314\Lib\site-packages\pyperformance\_benchmark.py", line 193, in run
    bench = _run_perf_script(
        python,
    ...<4 lines>...
        verbose=verbose,
    )
  File "C:\Python\Python314\Lib\site-packages\pyperformance\_benchmark.py", line 250, in _run_perf_script
    raise RuntimeError("Benchmark died")
RuntimeError: Benchmark died
ERROR: Benchmark mako failed: Benchmark died
[53/97] mdp...
Traceback (most recent call last):
  File "C:\Python\Python314\Lib\site-packages\pyperformance\data-files\benchmarks\bm_mdp\run_benchmark.py", line 267, in <module>
    runner.bench_time_func('mdp', bench_mdp)
    ~~~~~~~~~~~~~~~~~~~~~~^^^^^^^^^^^^^^^^^^
  File "C:\Python\Python314\Lib\site-packages\pyperf\_runner.py", line 502, in bench_time_func
    result = self._main(task)
  File "C:\Python\Python314\Lib\site-packages\pyperf\_runner.py", line 463, in _main
    bench = self._worker(task)
  File "C:\Python\Python314\Lib\site-packages\pyperf\_runner.py", line 437, in _worker
    run = task.create_run()
  File "C:\Python\Python314\Lib\site-packages\pyperf\_worker.py", line 300, in create_run
    self.compute()
    ~~~~~~~~~~~~^^
  File "C:\Python\Python314\Lib\site-packages\pyperf\_worker.py", line 364, in compute
    WorkerTask.compute(self)
    ~~~~~~~~~~~~~~~~~~^^^^^^
  File "C:\Python\Python314\Lib\site-packages\pyperf\_worker.py", line 287, in compute
    self.calibrate_loops()
    ~~~~~~~~~~~~~~~~~~~~^^
  File "C:\Python\Python314\Lib\site-packages\pyperf\_worker.py", line 250, in calibrate_loops
    self._compute_values(self.warmups, nvalue,
    ~~~~~~~~~~~~~~~~~~~~^^^^^^^^^^^^^^^^^^^^^^
                         is_warmup=True,
                         ^^^^^^^^^^^^^^^
                         calibrate_loops=True)
                         ^^^^^^^^^^^^^^^^^^^^^
  File "C:\Python\Python314\Lib\site-packages\pyperf\_worker.py", line 76, in _compute_values
    with contextlib.ExitStack() as stack:
    ^^^^^^^^^^^^^^^^^^^^^^^^^^^^^^^^^^^^^
    ...<4 lines>...
    raw_value = float(raw_value)

  File "C:\Python\Python314\Lib\site-packages\pyperf\_worker.py", line 79, in _compute_values
    raw_value = task_func(self, self.loops)
  File "C:\Python\Python314\Lib\site-packages\pyperf\_runner.py", line 497, in task_func
    return time_func(loops, *args)
  File "C:\Python\Python314\Lib\site-packages\pyperformance\data-files\benchmarks\bm_mdp\run_benchmark.py", line 254, in bench_mdp
    result = Battle().evaluate(0.192)
  File "C:\Python\Python314\Lib\site-packages\pyperformance\data-files\benchmarks\bm_mdp\run_benchmark.py", line 221, in evaluate
    stateps = topoSort([initial_statep], self.getSuccessorsList)
  File "C:\Python\Python314\Lib\site-packages\pyperformance\data-files\benchmarks\bm_mdp\run_benchmark.py", line 30, in topoSort
    assert(current in visited)
    ~~~~~~^^^^^^^^^^^^^^^^^^^^
AssertionError
Traceback (most recent call last):
  File "C:\Python\Python314\Lib\site-packages\pyperformance\data-files\benchmarks\bm_mdp\run_benchmark.py", line 267, in <module>
    runner.bench_time_func('mdp', bench_mdp)
    ~~~~~~~~~~~~~~~~~~~~~~^^^^^^^^^^^^^^^^^^
  File "C:\Python\Python314\Lib\site-packages\pyperf\_runner.py", line 502, in bench_time_func
    result = self._main(task)
  File "C:\Python\Python314\Lib\site-packages\pyperf\_runner.py", line 468, in _main
    bench = self._manager()
  File "C:\Python\Python314\Lib\site-packages\pyperf\_runner.py", line 681, in _manager
    bench = Manager(self).create_bench()
  File "C:\Python\Python314\Lib\site-packages\pyperf\_manager.py", line 243, in create_bench
    worker_bench, run = self.create_worker_bench()
                        ~~~~~~~~~~~~~~~~~~~~~~~~^^
  File "C:\Python\Python314\Lib\site-packages\pyperf\_manager.py", line 142, in create_worker_bench
    suite = self.create_suite()
  File "C:\Python\Python314\Lib\site-packages\pyperf\_manager.py", line 132, in create_suite
    suite = self.spawn_worker(self.calibrate_loops, 0)
  File "C:\Python\Python314\Lib\site-packages\pyperf\_manager.py", line 118, in spawn_worker
    raise RuntimeError("%s failed with exit code %s"
                       % (cmd[0], exitcode))
RuntimeError: D:\CantorAI\xlang3\build\Release\xlang3.exe failed with exit code 1
Traceback (most recent call last):
  File "C:\Python\Python314\Lib\site-packages\pyperformance\run.py", line 171, in run_benchmarks
    result = bench.run(
        bench_venv.python,
    ...<3 lines>...
        verbose=options.verbose,
    )
  File "C:\Python\Python314\Lib\site-packages\pyperformance\_benchmark.py", line 193, in run
    bench = _run_perf_script(
        python,
    ...<4 lines>...
        verbose=verbose,
    )
  File "C:\Python\Python314\Lib\site-packages\pyperformance\_benchmark.py", line 250, in _run_perf_script
    raise RuntimeError("Benchmark died")
RuntimeError: Benchmark died
ERROR: Benchmark mdp failed: Benchmark died
[54/97] meteor_contest...
....ERROR: Benchmark meteor_contest timed out
[55/97] nbody...
...........
nbody: Mean +- std dev: 284 ms +- 2 ms
[56/97] networkx...
Traceback (most recent call last):
  File "C:\Python\Python314\Lib\site-packages\pyperformance\data-files\benchmarks\bm_networkx\run_benchmark.py", line 16, in <module>
    import networkx
ModuleNotFoundError: No module named 'networkx'
Traceback (most recent call last):
  File "C:\Python\Python314\Lib\site-packages\pyperformance\run.py", line 171, in run_benchmarks
    result = bench.run(
        bench_venv.python,
    ...<3 lines>...
        verbose=options.verbose,
    )
  File "C:\Python\Python314\Lib\site-packages\pyperformance\_benchmark.py", line 193, in run
    bench = _run_perf_script(
        python,
    ...<4 lines>...
        verbose=verbose,
    )
ERROR: Benchmark networkx failed: Benchmark died
[57/97] networkx_connected_components...
  File "C:\Python\Python314\Lib\site-packages\pyperformance\_benchmark.py", line 250, in _run_perf_script
    raise RuntimeError("Benchmark died")
RuntimeError: Benchmark died
Traceback (most recent call last):
  File "C:\Python\Python314\Lib\site-packages\pyperformance\data-files\benchmarks\bm_networkx\run_benchmark.py", line 16, in <module>
    import networkx
ModuleNotFoundError: No module named 'networkx'
Traceback (most recent call last):
  File "C:\Python\Python314\Lib\site-packages\pyperformance\run.py", line 171, in run_benchmarks
    result = bench.run(
        bench_venv.python,
    ...<3 lines>...
        verbose=options.verbose,
    )
ERROR: Benchmark networkx_connected_components failed: Benchmark died
[58/97] networkx_k_core...
  File "C:\Python\Python314\Lib\site-packages\pyperformance\_benchmark.py", line 193, in run
    bench = _run_perf_script(
        python,
    ...<4 lines>...
        verbose=verbose,
    )
  File "C:\Python\Python314\Lib\site-packages\pyperformance\_benchmark.py", line 250, in _run_perf_script
    raise RuntimeError("Benchmark died")
RuntimeError: Benchmark died
Traceback (most recent call last):
  File "C:\Python\Python314\Lib\site-packages\pyperformance\data-files\benchmarks\bm_networkx\run_benchmark.py", line 16, in <module>
    import networkx
ModuleNotFoundError: No module named 'networkx'
Traceback (most recent call last):
  File "C:\Python\Python314\Lib\site-packages\pyperformance\run.py", line 171, in run_benchmarks
    result = bench.run(
        bench_venv.python,
    ...<3 lines>...
        verbose=options.verbose,
    )
  File "C:\Python\Python314\Lib\site-packages\pyperformance\_benchmark.py", line 193, in run
    bench = _run_perf_script(
        python,
    ...<4 lines>...
        verbose=verbose,
    )
  File "C:\Python\Python314\Lib\site-packages\pyperformance\_benchmark.py", line 250, in _run_perf_script
    raise RuntimeError("Benchmark died")
RuntimeError: Benchmark died
ERROR: Benchmark networkx_k_core failed: Benchmark died
[59/97] nqueens...
Traceback (most recent call last):
  File "C:\Python\Python314\Lib\site-packages\pyperf\_runner.py", line 651, in _display_result
            with catch_broken_pipe_error(wfile):
                bench.dump(wfile)
    else:
  File "C:\Python\Python314\Lib\site-packages\pyperf\_runner.py", line 652, in _display_result
    bench.dump(wfile)
    ~~~~~~~~~~^^^^^^^
  File "C:\Python\Python314\Lib\site-packages\pyperf\_bench.py", line 589, in dump
    suite.dump(file, compact=compact, replace=replace)
    ~~~~~~~~~~^^^^^^^^^^^^^^^^^^^^^^^^^^^^^^^^^^^^^^^^
  File "C:\Python\Python314\Lib\site-packages\pyperf\_bench.py", line 859, in dump
    dump(data, file, compact)
    ~~~~^^^^^^^^^^^^^^^^^^^^^
  File "C:\Python\Python314\Lib\site-packages\pyperf\_bench.py", line 850, in dump
    fp.flush()
    ~~~~~~~~^^
OSError: file descriptor write failed: Invalid argument

During handling of the above exception, another exception occurred:

Traceback (most recent call last):
  File "C:\Python\Python314\Lib\site-packages\pyperformance\data-files\benchmarks\bm_nqueens\run_benchmark.py", line 62, in <module>
    runner.bench_func('nqueens', bench_n_queens, queen_count)
    ~~~~~~~~~~~~~~~~~^^^^^^^^^^^^^^^^^^^^^^^^^^^^^^^^^^^^^^^^
  File "C:\Python\Python314\Lib\site-packages\pyperf\_runner.py", line 545, in bench_func
    result = self._main(task)
  File "C:\Python\Python314\Lib\site-packages\pyperf\_runner.py", line 463, in _main
    bench = self._worker(task)
  File "C:\Python\Python314\Lib\site-packages\pyperf\_runner.py", line 439, in _worker
    self._display_result(bench, checks=False)
    ~~~~~~~~~~~~~~~~~~~~^^^^^^^^^^^^^^^^^^^^^
  File "C:\Python\Python314\Lib\site-packages\pyperf\_runner.py", line 650, in _display_result
        with wpipe.open_text() as wfile:
        ^^^^^^^^^^^^^^^^^^^^^^^^^^^^^^^^
    ...<2 lines>...
    else:
    ^^^^
OSError: file descriptor write failed: Invalid argument
.......ERROR: Benchmark nqueens timed out
[60/97] pathlib...
.....ERROR: Benchmark pathlib timed out
[61/97] pickle...
...........
WARNING: the benchmark result may be unstable
* Not enough samples to get a stable result (95% certainly of less than 1% variation)

Try to rerun the benchmark with more runs, values and/or loops.
Run 'xlang3.exe -m pyperf system tune' command to reduce the system jitter.
Use pyperf stats, pyperf dump and pyperf hist to analyze results.
Use --quiet option to hide these warnings.

pickle: Mean +- std dev: 35.2 us +- 2.9 us
[62/97] pickle_dict...
...........
WARNING: the benchmark result may be unstable
* Not enough samples to get a stable result (95% certainly of less than 1% variation)

Try to rerun the benchmark with more runs, values and/or loops.
Run 'xlang3.exe -m pyperf system tune' command to reduce the system jitter.
Use pyperf stats, pyperf dump and pyperf hist to analyze results.
Use --quiet option to hide these warnings.

pickle_dict: Mean +- std dev: 33.7 us +- 1.3 us
[63/97] pickle_list...
...........
WARNING: the benchmark result may be unstable
* Not enough samples to get a stable result (95% certainly of less than 1% variation)

Try to rerun the benchmark with more runs, values and/or loops.
Run 'xlang3.exe -m pyperf system tune' command to reduce the system jitter.
Use pyperf stats, pyperf dump and pyperf hist to analyze results.
Use --quiet option to hide these warnings.

pickle_list: Mean +- std dev: 6.50 us +- 0.13 us
[64/97] pickle_pure_python...
...........
WARNING: the benchmark result may be unstable
* Not enough samples to get a stable result (95% certainly of less than 1% variation)

Try to rerun the benchmark with more runs, values and/or loops.
Run 'xlang3.exe -m pyperf system tune' command to reduce the system jitter.
Use pyperf stats, pyperf dump and pyperf hist to analyze results.
Use --quiet option to hide these warnings.

pickle_pure_python: Mean +- std dev: 6.51 ms +- 0.12 ms
[65/97] pidigits...
...........
pidigits: Mean +- std dev: 367 ms +- 3 ms
[66/97] pprint...
ERROR: Benchmark pprint timed out
[67/97] pyflate...
.ERROR: Benchmark pyflate timed out
[68/97] python_startup...
Traceback (most recent call last):
  File "C:\Python\Python314\Lib\site-packages\pyperformance\data-files\benchmarks\bm_python_startup\run_benchmark.py", line 37, in <module>
    runner.bench_command(name, command)
    ~~~~~~~~~~~~~~~~~~~~^^^^^^^^^^^^^^^
  File "C:\Python\Python314\Lib\site-packages\pyperf\_runner.py", line 750, in bench_command
    return self._main(task)
           ~~~~~~~~~~^^^^^^
  File "C:\Python\Python314\Lib\site-packages\pyperf\_runner.py", line 463, in _main
    bench = self._worker(task)
  File "C:\Python\Python314\Lib\site-packages\pyperf\_runner.py", line 437, in _worker
    run = task.create_run()
  File "C:\Python\Python314\Lib\site-packages\pyperf\_worker.py", line 300, in create_run
    self.compute()
    ~~~~~~~~~~~~^^
  File "C:\Python\Python314\Lib\site-packages\pyperf\_command.py", line 66, in compute
    WorkerTask.compute(self)
    ~~~~~~~~~~~~~~~~~~^^^^^^
  File "C:\Python\Python314\Lib\site-packages\pyperf\_worker.py", line 287, in compute
    self.calibrate_loops()
    ~~~~~~~~~~~~~~~~~~~~^^
  File "C:\Python\Python314\Lib\site-packages\pyperf\_worker.py", line 250, in calibrate_loops
    self._compute_values(self.warmups, nvalue,
    ~~~~~~~~~~~~~~~~~~~~^^^^^^^^^^^^^^^^^^^^^^
                         is_warmup=True,
                         ^^^^^^^^^^^^^^^
                         calibrate_loops=True)
                         ^^^^^^^^^^^^^^^^^^^^^
  File "C:\Python\Python314\Lib\site-packages\pyperf\_worker.py", line 76, in _compute_values
    with contextlib.ExitStack() as stack:
    ^^^^^^^^^^^^^^^^^^^^^^^^^^^^^^^^^^^^^
    ...<4 lines>...
    raw_value = float(raw_value)

  File "C:\Python\Python314\Lib\site-packages\pyperf\_worker.py", line 79, in _compute_values
    raw_value = task_func(self, self.loops)
  File "C:\Python\Python314\Lib\functools.py", line 393, in __call__
    return self.func(*pto_args, *args, **keywords)
           ~~~~~~~~~^^^^^^^^^^^^^^^^^^^^^^^^^^^^^^
  File "C:\Python\Python314\Lib\site-packages\pyperf\_command.py", line 43, in bench_command
    raise Exception("Command failed with exit code %s"
                    % proc.returncode)
Exception: Command failed with exit code 1
Traceback (most recent call last):
  File "C:\Python\Python314\Lib\site-packages\pyperformance\data-files\benchmarks\bm_python_startup\run_benchmark.py", line 37, in <module>
    runner.bench_command(name, command)
    ~~~~~~~~~~~~~~~~~~~~^^^^^^^^^^^^^^^
  File "C:\Python\Python314\Lib\site-packages\pyperf\_runner.py", line 750, in bench_command
    return self._main(task)
           ~~~~~~~~~~^^^^^^
  File "C:\Python\Python314\Lib\site-packages\pyperf\_runner.py", line 468, in _main
    bench = self._manager()
  File "C:\Python\Python314\Lib\site-packages\pyperf\_runner.py", line 681, in _manager
    bench = Manager(self).create_bench()
  File "C:\Python\Python314\Lib\site-packages\pyperf\_manager.py", line 243, in create_bench
    worker_bench, run = self.create_worker_bench()
                        ~~~~~~~~~~~~~~~~~~~~~~~~^^
  File "C:\Python\Python314\Lib\site-packages\pyperf\_manager.py", line 142, in create_worker_bench
    suite = self.create_suite()
  File "C:\Python\Python314\Lib\site-packages\pyperf\_manager.py", line 132, in create_suite
    suite = self.spawn_worker(self.calibrate_loops, 0)
  File "C:\Python\Python314\Lib\site-packages\pyperf\_manager.py", line 118, in spawn_worker
    raise RuntimeError("%s failed with exit code %s"
                       % (cmd[0], exitcode))
RuntimeError: D:\CantorAI\xlang3\build\Release\xlang3.exe failed with exit code 1
Traceback (most recent call last):
  File "C:\Python\Python314\Lib\site-packages\pyperformance\run.py", line 171, in run_benchmarks
    result = bench.run(
        bench_venv.python,
    ...<3 lines>...
        verbose=options.verbose,
    )
  File "C:\Python\Python314\Lib\site-packages\pyperformance\_benchmark.py", line 193, in run
    bench = _run_perf_script(
        python,
    ...<4 lines>...
        verbose=verbose,
    )
  File "C:\Python\Python314\Lib\site-packages\pyperformance\_benchmark.py", line 250, in _run_perf_script
    raise RuntimeError("Benchmark died")
RuntimeError: Benchmark died
ERROR: Benchmark python_startup failed: Benchmark died
[69/97] python_startup_no_site...
Traceback (most recent call last):
  File "C:\Python\Python314\Lib\site-packages\pyperformance\data-files\benchmarks\bm_python_startup\run_benchmark.py", line 37, in <module>
    runner.bench_command(name, command)
    ~~~~~~~~~~~~~~~~~~~~^^^^^^^^^^^^^^^
  File "C:\Python\Python314\Lib\site-packages\pyperf\_runner.py", line 750, in bench_command
    return self._main(task)
           ~~~~~~~~~~^^^^^^
  File "C:\Python\Python314\Lib\site-packages\pyperf\_runner.py", line 463, in _main
    bench = self._worker(task)
  File "C:\Python\Python314\Lib\site-packages\pyperf\_runner.py", line 437, in _worker
    run = task.create_run()
  File "C:\Python\Python314\Lib\site-packages\pyperf\_worker.py", line 300, in create_run
    self.compute()
    ~~~~~~~~~~~~^^
  File "C:\Python\Python314\Lib\site-packages\pyperf\_command.py", line 66, in compute
    WorkerTask.compute(self)
    ~~~~~~~~~~~~~~~~~~^^^^^^
  File "C:\Python\Python314\Lib\site-packages\pyperf\_worker.py", line 287, in compute
    self.calibrate_loops()
    ~~~~~~~~~~~~~~~~~~~~^^
  File "C:\Python\Python314\Lib\site-packages\pyperf\_worker.py", line 250, in calibrate_loops
    self._compute_values(self.warmups, nvalue,
    ~~~~~~~~~~~~~~~~~~~~^^^^^^^^^^^^^^^^^^^^^^
                         is_warmup=True,
                         ^^^^^^^^^^^^^^^
                         calibrate_loops=True)
                         ^^^^^^^^^^^^^^^^^^^^^
  File "C:\Python\Python314\Lib\site-packages\pyperf\_worker.py", line 76, in _compute_values
    with contextlib.ExitStack() as stack:
    ^^^^^^^^^^^^^^^^^^^^^^^^^^^^^^^^^^^^^
    ...<4 lines>...
    raw_value = float(raw_value)

  File "C:\Python\Python314\Lib\site-packages\pyperf\_worker.py", line 79, in _compute_values
    raw_value = task_func(self, self.loops)
  File "C:\Python\Python314\Lib\functools.py", line 393, in __call__
    return self.func(*pto_args, *args, **keywords)
           ~~~~~~~~~^^^^^^^^^^^^^^^^^^^^^^^^^^^^^^
  File "C:\Python\Python314\Lib\site-packages\pyperf\_command.py", line 43, in bench_command
    raise Exception("Command failed with exit code %s"
                    % proc.returncode)
Exception: Command failed with exit code 1
Traceback (most recent call last):
  File "C:\Python\Python314\Lib\site-packages\pyperformance\data-files\benchmarks\bm_python_startup\run_benchmark.py", line 37, in <module>
    runner.bench_command(name, command)
    ~~~~~~~~~~~~~~~~~~~~^^^^^^^^^^^^^^^
  File "C:\Python\Python314\Lib\site-packages\pyperf\_runner.py", line 750, in bench_command
    return self._main(task)
           ~~~~~~~~~~^^^^^^
  File "C:\Python\Python314\Lib\site-packages\pyperf\_runner.py", line 468, in _main
    bench = self._manager()
  File "C:\Python\Python314\Lib\site-packages\pyperf\_runner.py", line 681, in _manager
    bench = Manager(self).create_bench()
  File "C:\Python\Python314\Lib\site-packages\pyperf\_manager.py", line 243, in create_bench
    worker_bench, run = self.create_worker_bench()
                        ~~~~~~~~~~~~~~~~~~~~~~~~^^
  File "C:\Python\Python314\Lib\site-packages\pyperf\_manager.py", line 142, in create_worker_bench
    suite = self.create_suite()
  File "C:\Python\Python314\Lib\site-packages\pyperf\_manager.py", line 132, in create_suite
    suite = self.spawn_worker(self.calibrate_loops, 0)
  File "C:\Python\Python314\Lib\site-packages\pyperf\_manager.py", line 118, in spawn_worker
    raise RuntimeError("%s failed with exit code %s"
                       % (cmd[0], exitcode))
RuntimeError: D:\CantorAI\xlang3\build\Release\xlang3.exe failed with exit code 1
Traceback (most recent call last):
  File "C:\Python\Python314\Lib\site-packages\pyperformance\run.py", line 171, in run_benchmarks
    result = bench.run(
        bench_venv.python,
    ...<3 lines>...
        verbose=options.verbose,
    )
  File "C:\Python\Python314\Lib\site-packages\pyperformance\_benchmark.py", line 193, in run
    bench = _run_perf_script(
        python,
    ...<4 lines>...
        verbose=verbose,
    )
  File "C:\Python\Python314\Lib\site-packages\pyperformance\_benchmark.py", line 250, in _run_perf_script
    raise RuntimeError("Benchmark died")
RuntimeError: Benchmark died
ERROR: Benchmark python_startup_no_site failed: Benchmark died
[70/97] raytrace...
..ERROR: Benchmark raytrace timed out
[71/97] regex_compile...
C:\Python\Python314\Lib\site-packages\pyperformance\data-files\benchmarks\bm_regex_compile\run_benchmark.py:33: DeprecationWarning: 'count' is passed as positional argument
  return real_sub(regex, *args)
C:\Python\Python314\Lib\site-packages\pyperformance\data-files\benchmarks\bm_regex_compile\run_benchmark.py:33: DeprecationWarning: 'count' is passed as positional argument
  return real_sub(regex, *args)
C:\Python\Python314\Lib\site-packages\pyperformance\data-files\benchmarks\bm_regex_compile\run_benchmark.py:33: DeprecationWarning: 'count' is passed as positional argument
  return real_sub(regex, *args)
C:\Python\Python314\Lib\site-packages\pyperformance\data-files\benchmarks\bm_regex_compile\run_benchmark.py:33: DeprecationWarning: 'count' is passed as positional argument
  return real_sub(regex, *args)
C:\Python\Python314\Lib\site-packages\pyperformance\data-files\benchmarks\bm_regex_compile\run_benchmark.py:33: DeprecationWarning: 'count' is passed as positional argument
  return real_sub(regex, *args)
...ERROR: Benchmark regex_compile timed out
[72/97] regex_dna...
..........ERROR: Benchmark regex_dna timed out
[73/97] regex_effbot...
...........
WARNING: the benchmark result may be unstable
* Not enough samples to get a stable result (95% certainly of less than 1% variation)

Try to rerun the benchmark with more runs, values and/or loops.
Run 'xlang3.exe -m pyperf system tune' command to reduce the system jitter.
Use pyperf stats, pyperf dump and pyperf hist to analyze results.
Use --quiet option to hide these warnings.

regex_effbot: Mean +- std dev: 13.0 ms +- 0.1 ms
[74/97] regex_v8...
...........
WARNING: the benchmark result may be unstable
* Not enough samples to get a stable result (95% certainly of less than 1% variation)

Try to rerun the benchmark with more runs, values and/or loops.
Run 'xlang3.exe -m pyperf system tune' command to reduce the system jitter.
Use pyperf stats, pyperf dump and pyperf hist to analyze results.
Use --quiet option to hide these warnings.

regex_v8: Mean +- std dev: 68.9 ms +- 1.0 ms
[75/97] richards...
...........
richards: Mean +- std dev: 432 ms +- 4 ms
[76/97] richards_super...
.........ERROR: Benchmark richards_super timed out
[77/97] scimark...
Traceback (most recent call last):
  File "C:\Python\Python314\Lib\site-packages\pyperformance\data-files\benchmarks\bm_scimark\run_benchmark.py", line 415, in <module>
    runner.bench_time_func(name, *args)
    ~~~~~~~~~~~~~~~~~~~~~~^^^^^^^^^^^^^
  File "C:\Python\Python314\Lib\site-packages\pyperf\_runner.py", line 502, in bench_time_func
    result = self._main(task)
  File "C:\Python\Python314\Lib\site-packages\pyperf\_runner.py", line 463, in _main
    bench = self._worker(task)
  File "C:\Python\Python314\Lib\site-packages\pyperf\_runner.py", line 437, in _worker
    run = task.create_run()
  File "C:\Python\Python314\Lib\site-packages\pyperf\_worker.py", line 300, in create_run
    self.compute()
    ~~~~~~~~~~~~^^
  File "C:\Python\Python314\Lib\site-packages\pyperf\_worker.py", line 364, in compute
    WorkerTask.compute(self)
    ~~~~~~~~~~~~~~~~~~^^^^^^
  File "C:\Python\Python314\Lib\site-packages\pyperf\_worker.py", line 287, in compute
    self.calibrate_loops()
    ~~~~~~~~~~~~~~~~~~~~^^
  File "C:\Python\Python314\Lib\site-packages\pyperf\_worker.py", line 250, in calibrate_loops
    self._compute_values(self.warmups, nvalue,
    ~~~~~~~~~~~~~~~~~~~~^^^^^^^^^^^^^^^^^^^^^^
                         is_warmup=True,
                         ^^^^^^^^^^^^^^^
                         calibrate_loops=True)
                         ^^^^^^^^^^^^^^^^^^^^^
  File "C:\Python\Python314\Lib\site-packages\pyperf\_worker.py", line 76, in _compute_values
    with contextlib.ExitStack() as stack:
    ^^^^^^^^^^^^^^^^^^^^^^^^^^^^^^^^^^^^^
    ...<4 lines>...
    raw_value = float(raw_value)

  File "C:\Python\Python314\Lib\site-packages\pyperf\_worker.py", line 79, in _compute_values
    raw_value = task_func(self, self.loops)
  File "C:\Python\Python314\Lib\site-packages\pyperf\_runner.py", line 497, in task_func
    return time_func(loops, *args)
  File "C:\Python\Python314\Lib\site-packages\pyperformance\data-files\benchmarks\bm_scimark\run_benchmark.py", line 378, in bench_FFT
    x = copy_vector(init_vec)
  File "C:\Python\Python314\Lib\site-packages\pyperformance\data-files\benchmarks\bm_scimark\run_benchmark.py", line 114, in copy_vector
    vec2[:] = vec[:]
              ~~~^^^
TypeError: object cannot be interpreted as an integer
Traceback (most recent call last):
  File "C:\Python\Python314\Lib\site-packages\pyperformance\data-files\benchmarks\bm_scimark\run_benchmark.py", line 415, in <module>
    runner.bench_time_func(name, *args)
    ~~~~~~~~~~~~~~~~~~~~~~^^^^^^^^^^^^^
  File "C:\Python\Python314\Lib\site-packages\pyperf\_runner.py", line 502, in bench_time_func
    result = self._main(task)
  File "C:\Python\Python314\Lib\site-packages\pyperf\_runner.py", line 468, in _main
    bench = self._manager()
  File "C:\Python\Python314\Lib\site-packages\pyperf\_runner.py", line 681, in _manager
    bench = Manager(self).create_bench()
  File "C:\Python\Python314\Lib\site-packages\pyperf\_manager.py", line 243, in create_bench
    worker_bench, run = self.create_worker_bench()
                        ~~~~~~~~~~~~~~~~~~~~~~~~^^
  File "C:\Python\Python314\Lib\site-packages\pyperf\_manager.py", line 142, in create_worker_bench
    suite = self.create_suite()
  File "C:\Python\Python314\Lib\site-packages\pyperf\_manager.py", line 132, in create_suite
    suite = self.spawn_worker(self.calibrate_loops, 0)
  File "C:\Python\Python314\Lib\site-packages\pyperf\_manager.py", line 118, in spawn_worker
    raise RuntimeError("%s failed with exit code %s"
                       % (cmd[0], exitcode))
RuntimeError: D:\CantorAI\xlang3\build\Release\xlang3.exe failed with exit code 1
Traceback (most recent call last):
ERROR: Benchmark scimark failed: Benchmark died
[78/97] spectral_norm...
  File "C:\Python\Python314\Lib\site-packages\pyperformance\run.py", line 171, in run_benchmarks
    result = bench.run(
        bench_venv.python,
    ...<3 lines>...
        verbose=options.verbose,
    )
  File "C:\Python\Python314\Lib\site-packages\pyperformance\_benchmark.py", line 193, in run
    bench = _run_perf_script(
        python,
    ...<4 lines>...
        verbose=verbose,
    )
  File "C:\Python\Python314\Lib\site-packages\pyperformance\_benchmark.py", line 250, in _run_perf_script
    raise RuntimeError("Benchmark died")
RuntimeError: Benchmark died
...........
spectral_norm: Mean +- std dev: 464 ms +- 3 ms
[79/97] sphinx...
Traceback (most recent call last):
  File "C:\Python\Python314\Lib\site-packages\pyperformance\data-files\benchmarks\bm_sphinx\run_benchmark.py", line 11, in <module>
    from sphinx.cmd.build import main as sphinx_main
ModuleNotFoundError: No module named 'sphinx'
Traceback (most recent call last):
  File "C:\Python\Python314\Lib\site-packages\pyperformance\run.py", line 171, in run_benchmarks
    result = bench.run(
        bench_venv.python,
    ...<3 lines>...
        verbose=options.verbose,
    )
  File "C:\Python\Python314\Lib\site-packages\pyperformance\_benchmark.py", line 193, in run
    bench = _run_perf_script(
        python,
    ...<4 lines>...
        verbose=verbose,
    )
  File "C:\Python\Python314\Lib\site-packages\pyperformance\_benchmark.py", line 250, in _run_perf_script
    raise RuntimeError("Benchmark died")
RuntimeError: Benchmark died
ERROR: Benchmark sphinx failed: Benchmark died
[80/97] sqlalchemy_declarative...
Traceback (most recent call last):
  File "C:\Python\Python314\Lib\site-packages\pyperformance\data-files\benchmarks\bm_sqlalchemy_declarative\run_benchmark.py", line 3, in <module>
    from sqlalchemy import Column, ForeignKey, Integer, String
ModuleNotFoundError: No module named 'sqlalchemy'
Traceback (most recent call last):
  File "C:\Python\Python314\Lib\site-packages\pyperformance\run.py", line 171, in run_benchmarks
    result = bench.run(
        bench_venv.python,
    ...<3 lines>...
        verbose=options.verbose,
    )
  File "C:\Python\Python314\Lib\site-packages\pyperformance\_benchmark.py", line 193, in run
    bench = _run_perf_script(
        python,
    ...<4 lines>...
        verbose=verbose,
    )
  File "C:\Python\Python314\Lib\site-packages\pyperformance\_benchmark.py", line 250, in _run_perf_script
    raise RuntimeError("Benchmark died")
RuntimeError: Benchmark died
ERROR: Benchmark sqlalchemy_declarative failed: Benchmark died
[81/97] sqlalchemy_imperative...
Traceback (most recent call last):
  File "C:\Python\Python314\Lib\site-packages\pyperformance\data-files\benchmarks\bm_sqlalchemy_imperative\run_benchmark.py", line 3, in <module>
    from sqlalchemy import Column, ForeignKey, Integer, String, Table, MetaData
ModuleNotFoundError: No module named 'sqlalchemy'
Traceback (most recent call last):
  File "C:\Python\Python314\Lib\site-packages\pyperformance\run.py", line 171, in run_benchmarks
    result = bench.run(
        bench_venv.python,
    ...<3 lines>...
        verbose=options.verbose,
    )
  File "C:\Python\Python314\Lib\site-packages\pyperformance\_benchmark.py", line 193, in run
    bench = _run_perf_script(
        python,
    ...<4 lines>...
        verbose=verbose,
    )
  File "C:\Python\Python314\Lib\site-packages\pyperformance\_benchmark.py", line 250, in _run_perf_script
    raise RuntimeError("Benchmark died")
RuntimeError: Benchmark died
ERROR: Benchmark sqlalchemy_imperative failed: Benchmark died
[82/97] sqlglot_v2...
Traceback (most recent call last):
  File "C:\Python\Python314\Lib\site-packages\pyperformance\data-files\benchmarks\bm_sqlglot_v2\run_benchmark.py", line 3, in <module>
    from sqlglot import parse_one, transpile
ModuleNotFoundError: No module named 'sqlglot'
Traceback (most recent call last):
  File "C:\Python\Python314\Lib\site-packages\pyperformance\run.py", line 171, in run_benchmarks
    result = bench.run(
        bench_venv.python,
    ...<3 lines>...
        verbose=options.verbose,
    )
  File "C:\Python\Python314\Lib\site-packages\pyperformance\_benchmark.py", line 193, in run
    bench = _run_perf_script(
        python,
    ...<4 lines>...
        verbose=verbose,
    )
  File "C:\Python\Python314\Lib\site-packages\pyperformance\_benchmark.py", line 250, in _run_perf_script
    raise RuntimeError("Benchmark died")
RuntimeError: Benchmark died
ERROR: Benchmark sqlglot_v2 failed: Benchmark died
[83/97] sqlglot_v2_optimize...
Traceback (most recent call last):
  File "C:\Python\Python314\Lib\site-packages\pyperformance\data-files\benchmarks\bm_sqlglot_v2\run_benchmark.py", line 3, in <module>
    from sqlglot import parse_one, transpile
ModuleNotFoundError: No module named 'sqlglot'
Traceback (most recent call last):
  File "C:\Python\Python314\Lib\site-packages\pyperformance\run.py", line 171, in run_benchmarks
ERROR: Benchmark sqlglot_v2_optimize failed: Benchmark died
    result = bench.run(
        bench_venv.python,
    ...<3 lines>...
[84/97] sqlglot_v2_parse...
        verbose=options.verbose,
    )
  File "C:\Python\Python314\Lib\site-packages\pyperformance\_benchmark.py", line 193, in run
    bench = _run_perf_script(
        python,
    ...<4 lines>...
        verbose=verbose,
    )
  File "C:\Python\Python314\Lib\site-packages\pyperformance\_benchmark.py", line 250, in _run_perf_script
    raise RuntimeError("Benchmark died")
RuntimeError: Benchmark died
Traceback (most recent call last):
  File "C:\Python\Python314\Lib\site-packages\pyperformance\data-files\benchmarks\bm_sqlglot_v2\run_benchmark.py", line 3, in <module>
    from sqlglot import parse_one, transpile
ModuleNotFoundError: No module named 'sqlglot'
Traceback (most recent call last):
  File "C:\Python\Python314\Lib\site-packages\pyperformance\run.py", line 171, in run_benchmarks
    result = bench.run(
        bench_venv.python,
    ...<3 lines>...
        verbose=options.verbose,
    )
  File "C:\Python\Python314\Lib\site-packages\pyperformance\_benchmark.py", line 193, in run
    bench = _run_perf_script(
        python,
    ...<4 lines>...
        verbose=verbose,
    )
  File "C:\Python\Python314\Lib\site-packages\pyperformance\_benchmark.py", line 250, in _run_perf_script
    raise RuntimeError("Benchmark died")
RuntimeError: Benchmark died
ERROR: Benchmark sqlglot_v2_parse failed: Benchmark died
[85/97] sqlglot_v2_transpile...
Traceback (most recent call last):
  File "C:\Python\Python314\Lib\site-packages\pyperformance\data-files\benchmarks\bm_sqlglot_v2\run_benchmark.py", line 3, in <module>
    from sqlglot import parse_one, transpile
ModuleNotFoundError: No module named 'sqlglot'
Traceback (most recent call last):
  File "C:\Python\Python314\Lib\site-packages\pyperformance\run.py", line 171, in run_benchmarks
    result = bench.run(
        bench_venv.python,
    ...<3 lines>...
        verbose=options.verbose,
    )
  File "C:\Python\Python314\Lib\site-packages\pyperformance\_benchmark.py", line 193, in run
    bench = _run_perf_script(
        python,
    ...<4 lines>...
        verbose=verbose,
    )
  File "C:\Python\Python314\Lib\site-packages\pyperformance\_benchmark.py", line 250, in _run_perf_script
    raise RuntimeError("Benchmark died")
RuntimeError: Benchmark died
ERROR: Benchmark sqlglot_v2_transpile failed: Benchmark died
[86/97] sqlite_synth...
Traceback (most recent call last):
  File "C:\Python\Python314\Lib\site-packages\pyperformance\data-files\benchmarks\bm_sqlite_synth\run_benchmark.py", line 57, in <module>
    runner.bench_time_func('sqlite_synth', bench_sqlite)
    ~~~~~~~~~~~~~~~~~~~~~~^^^^^^^^^^^^^^^^^^^^^^^^^^^^^^
  File "C:\Python\Python314\Lib\site-packages\pyperf\_runner.py", line 502, in bench_time_func
    result = self._main(task)
  File "C:\Python\Python314\Lib\site-packages\pyperf\_runner.py", line 463, in _main
    bench = self._worker(task)
  File "C:\Python\Python314\Lib\site-packages\pyperf\_runner.py", line 437, in _worker
    run = task.create_run()
  File "C:\Python\Python314\Lib\site-packages\pyperf\_worker.py", line 300, in create_run
    self.compute()
    ~~~~~~~~~~~~^^
  File "C:\Python\Python314\Lib\site-packages\pyperf\_worker.py", line 364, in compute
    WorkerTask.compute(self)
    ~~~~~~~~~~~~~~~~~~^^^^^^
  File "C:\Python\Python314\Lib\site-packages\pyperf\_worker.py", line 287, in compute
    self.calibrate_loops()
    ~~~~~~~~~~~~~~~~~~~~^^
  File "C:\Python\Python314\Lib\site-packages\pyperf\_worker.py", line 250, in calibrate_loops
    self._compute_values(self.warmups, nvalue,
    ~~~~~~~~~~~~~~~~~~~~^^^^^^^^^^^^^^^^^^^^^^
                         is_warmup=True,
                         ^^^^^^^^^^^^^^^
                         calibrate_loops=True)
                         ^^^^^^^^^^^^^^^^^^^^^
  File "C:\Python\Python314\Lib\site-packages\pyperf\_worker.py", line 76, in _compute_values
    with contextlib.ExitStack() as stack:
    ^^^^^^^^^^^^^^^^^^^^^^^^^^^^^^^^^^^^^
    ...<4 lines>...
    raw_value = float(raw_value)

  File "C:\Python\Python314\Lib\site-packages\pyperf\_worker.py", line 79, in _compute_values
    raw_value = task_func(self, self.loops)
  File "C:\Python\Python314\Lib\site-packages\pyperf\_runner.py", line 497, in task_func
    return time_func(loops, *args)
  File "C:\Python\Python314\Lib\site-packages\pyperformance\data-files\benchmarks\bm_sqlite_synth\run_benchmark.py", line 44, in bench_sqlite
    conn.create_aggregate("avglength", 1, AvgLength)
    ~~~~~~~~~~~~~~~~~~~~~^^^^^^^^^^^^^^^^^^^^^^^^^^^
AttributeError: 'Connection' object has no attribute 'create_aggregate'
Traceback (most recent call last):
  File "C:\Python\Python314\Lib\site-packages\pyperformance\data-files\benchmarks\bm_sqlite_synth\run_benchmark.py", line 57, in <module>
    runner.bench_time_func('sqlite_synth', bench_sqlite)
    ~~~~~~~~~~~~~~~~~~~~~~^^^^^^^^^^^^^^^^^^^^^^^^^^^^^^
  File "C:\Python\Python314\Lib\site-packages\pyperf\_runner.py", line 502, in bench_time_func
    result = self._main(task)
  File "C:\Python\Python314\Lib\site-packages\pyperf\_runner.py", line 468, in _main
    bench = self._manager()
  File "C:\Python\Python314\Lib\site-packages\pyperf\_runner.py", line 681, in _manager
    bench = Manager(self).create_bench()
  File "C:\Python\Python314\Lib\site-packages\pyperf\_manager.py", line 243, in create_bench
    worker_bench, run = self.create_worker_bench()
                        ~~~~~~~~~~~~~~~~~~~~~~~~^^
  File "C:\Python\Python314\Lib\site-packages\pyperf\_manager.py", line 142, in create_worker_bench
    suite = self.create_suite()
  File "C:\Python\Python314\Lib\site-packages\pyperf\_manager.py", line 132, in create_suite
    suite = self.spawn_worker(self.calibrate_loops, 0)
  File "C:\Python\Python314\Lib\site-packages\pyperf\_manager.py", line 118, in spawn_worker
    raise RuntimeError("%s failed with exit code %s"
                       % (cmd[0], exitcode))
RuntimeError: D:\CantorAI\xlang3\build\Release\xlang3.exe failed with exit code 1
Traceback (most recent call last):
  File "C:\Python\Python314\Lib\site-packages\pyperformance\run.py", line 171, in run_benchmarks
    result = bench.run(
        bench_venv.python,
    ...<3 lines>...
        verbose=options.verbose,
    )
  File "C:\Python\Python314\Lib\site-packages\pyperformance\_benchmark.py", line 193, in run
    bench = _run_perf_script(
        python,
    ...<4 lines>...
        verbose=verbose,
    )
  File "C:\Python\Python314\Lib\site-packages\pyperformance\_benchmark.py", line 250, in _run_perf_script
    raise RuntimeError("Benchmark died")
RuntimeError: Benchmark died
ERROR: Benchmark sqlite_synth failed: Benchmark died
[87/97] sympy...
Traceback (most recent call last):
  File "C:\Python\Python314\Lib\site-packages\pyperformance\data-files\benchmarks\bm_sympy\run_benchmark.py", line 3, in <module>
    from sympy import expand, symbols, integrate, tan, summation
ModuleNotFoundError: No module named 'sympy'
Traceback (most recent call last):
  File "C:\Python\Python314\Lib\site-packages\pyperformance\run.py", line 171, in run_benchmarks
    result = bench.run(
        bench_venv.python,
    ...<3 lines>...
        verbose=options.verbose,
    )
  File "C:\Python\Python314\Lib\site-packages\pyperformance\_benchmark.py", line 193, in run
    bench = _run_perf_script(
        python,
    ...<4 lines>...
        verbose=verbose,
    )
  File "C:\Python\Python314\Lib\site-packages\pyperformance\_benchmark.py", line 250, in _run_perf_script
    raise RuntimeError("Benchmark died")
ERROR: Benchmark sympy failed: Benchmark died
[88/97] telco...
RuntimeError: Benchmark died
.ERROR: Benchmark telco timed out
[89/97] tomli_loads...
Traceback (most recent call last):
  File "C:\Python\Python314\Lib\site-packages\pyperformance\data-files\benchmarks\bm_tomli_loads\run_benchmark.py", line 15, in <module>
    import tomli
ModuleNotFoundError: No module named 'tomli'
Traceback (most recent call last):
  File "C:\Python\Python314\Lib\site-packages\pyperformance\run.py", line 171, in run_benchmarks
ERROR: Benchmark tomli_loads failed: Benchmark died
    result = bench.run(
        bench_venv.python,
    ...<3 lines>...
        verbose=options.verbose,
[90/97] tornado_http...
    )
  File "C:\Python\Python314\Lib\site-packages\pyperformance\_benchmark.py", line 193, in run
    bench = _run_perf_script(
        python,
    ...<4 lines>...
        verbose=verbose,
    )
  File "C:\Python\Python314\Lib\site-packages\pyperformance\_benchmark.py", line 250, in _run_perf_script
    raise RuntimeError("Benchmark died")
RuntimeError: Benchmark died
Traceback (most recent call last):
  File "C:\Python\Python314\Lib\site-packages\pyperformance\data-files\benchmarks\bm_tornado_http\run_benchmark.py", line 14, in <module>
    from tornado.httpclient import AsyncHTTPClient
ModuleNotFoundError: No module named 'tornado'
Traceback (most recent call last):
  File "C:\Python\Python314\Lib\site-packages\pyperformance\run.py", line 171, in run_benchmarks
    result = bench.run(
        bench_venv.python,
    ...<3 lines>...
        verbose=options.verbose,
    )
  File "C:\Python\Python314\Lib\site-packages\pyperformance\_benchmark.py", line 193, in run
    bench = _run_perf_script(
        python,
    ...<4 lines>...
        verbose=verbose,
    )
  File "C:\Python\Python314\Lib\site-packages\pyperformance\_benchmark.py", line 250, in _run_perf_script
    raise RuntimeError("Benchmark died")
RuntimeError: Benchmark died
ERROR: Benchmark tornado_http failed: Benchmark died
[91/97] typing_runtime_protocols...
...........
typing_runtime_protocols: Mean +- std dev: 3.26 ms +- 0.03 ms
[92/97] unpack_sequence...
...........
WARNING: the benchmark result may be unstable
* Not enough samples to get a stable result (95% certainly of less than 1% variation)

Try to rerun the benchmark with more runs, values and/or loops.
Run 'xlang3.exe -m pyperf system tune' command to reduce the system jitter.
Use pyperf stats, pyperf dump and pyperf hist to analyze results.
Use --quiet option to hide these warnings.

unpack_sequence: Mean +- std dev: 151 ns +- 2 ns
[93/97] unpickle...
...........
WARNING: the benchmark result may be unstable
* Not enough samples to get a stable result (95% certainly of less than 1% variation)

Try to rerun the benchmark with more runs, values and/or loops.
Run 'xlang3.exe -m pyperf system tune' command to reduce the system jitter.
Use pyperf stats, pyperf dump and pyperf hist to analyze results.
Use --quiet option to hide these warnings.

unpickle: Mean +- std dev: 64.5 us +- 0.9 us
[94/97] unpickle_list...
...........
WARNING: the benchmark result may be unstable
* Not enough samples to get a stable result (95% certainly of less than 1% variation)

Try to rerun the benchmark with more runs, values and/or loops.
Run 'xlang3.exe -m pyperf system tune' command to reduce the system jitter.
Use pyperf stats, pyperf dump and pyperf hist to analyze results.
Use --quiet option to hide these warnings.

unpickle_list: Mean +- std dev: 11.2 us +- 0.1 us
[95/97] unpickle_pure_python...
...........
unpickle_pure_python: Mean +- std dev: 4.30 ms +- 0.03 ms
[96/97] xdsl...
Traceback (most recent call last):
  File "C:\Python\Python314\Lib\site-packages\pyperformance\data-files\benchmarks\bm_xdsl\run_benchmark.py", line 28, in <module>
    from xdsl.context import Context
ModuleNotFoundError: No module named 'xdsl'
Traceback (most recent call last):
ERROR: Benchmark xdsl failed: Benchmark died
[97/97] xml_etree...
  File "C:\Python\Python314\Lib\site-packages\pyperformance\run.py", line 171, in run_benchmarks
    result = bench.run(
        bench_venv.python,
    ...<3 lines>...
        verbose=options.verbose,
    )
  File "C:\Python\Python314\Lib\site-packages\pyperformance\_benchmark.py", line 193, in run
    bench = _run_perf_script(
        python,
    ...<4 lines>...
        verbose=verbose,
    )
  File "C:\Python\Python314\Lib\site-packages\pyperformance\_benchmark.py", line 250, in _run_perf_script
    raise RuntimeError("Benchmark died")
RuntimeError: Benchmark died
Traceback (most recent call last):
  File "C:\Python\Python314\Lib\site-packages\pyperformance\data-files\benchmarks\bm_xml_etree\run_benchmark.py", line 292, in <module>
    runner.bench_time_func(name, bench_etree, etree_module, bench_func)
    ~~~~~~~~~~~~~~~~~~~~~~^^^^^^^^^^^^^^^^^^^^^^^^^^^^^^^^^^^^^^^^^^^^^
  File "C:\Python\Python314\Lib\site-packages\pyperf\_runner.py", line 502, in bench_time_func
    result = self._main(task)
  File "C:\Python\Python314\Lib\site-packages\pyperf\_runner.py", line 463, in _main
    bench = self._worker(task)
  File "C:\Python\Python314\Lib\site-packages\pyperf\_runner.py", line 437, in _worker
    run = task.create_run()
  File "C:\Python\Python314\Lib\site-packages\pyperf\_worker.py", line 300, in create_run
    self.compute()
    ~~~~~~~~~~~~^^
  File "C:\Python\Python314\Lib\site-packages\pyperf\_worker.py", line 364, in compute
    WorkerTask.compute(self)
    ~~~~~~~~~~~~~~~~~~^^^^^^
  File "C:\Python\Python314\Lib\site-packages\pyperf\_worker.py", line 287, in compute
    self.calibrate_loops()
    ~~~~~~~~~~~~~~~~~~~~^^
  File "C:\Python\Python314\Lib\site-packages\pyperf\_worker.py", line 250, in calibrate_loops
    self._compute_values(self.warmups, nvalue,
    ~~~~~~~~~~~~~~~~~~~~^^^^^^^^^^^^^^^^^^^^^^
                         is_warmup=True,
                         ^^^^^^^^^^^^^^^
                         calibrate_loops=True)
                         ^^^^^^^^^^^^^^^^^^^^^
  File "C:\Python\Python314\Lib\site-packages\pyperf\_worker.py", line 76, in _compute_values
    with contextlib.ExitStack() as stack:
    ^^^^^^^^^^^^^^^^^^^^^^^^^^^^^^^^^^^^^
    ...<4 lines>...
    raw_value = float(raw_value)

  File "C:\Python\Python314\Lib\site-packages\pyperf\_worker.py", line 79, in _compute_values
    raw_value = task_func(self, self.loops)
  File "C:\Python\Python314\Lib\site-packages\pyperf\_runner.py", line 497, in task_func
    return time_func(loops, *args)
  File "C:\Python\Python314\Lib\site-packages\pyperformance\data-files\benchmarks\bm_xml_etree\run_benchmark.py", line 190, in bench_etree
    bench_func(etree, file_path, xml_data, xml_root)
    ~~~~~~~~~~^^^^^^^^^^^^^^^^^^^^^^^^^^^^^^^^^^^^^^
  File "C:\Python\Python314\Lib\site-packages\pyperformance\data-files\benchmarks\bm_xml_etree\run_benchmark.py", line 147, in bench_parse
    root1 = etree.parse(xml_file).getroot()
            ~~~~~~~~~~~^^^^^^^^^^
  File "C:\Python\Python314\Lib\xml\etree\ElementTree.py", line 1227, in parse
    tree.parse(source, parser)
    ~~~~~~~~~~^^^^^^^^^^^^^^^^
  File "C:\Python\Python314\Lib\xml\etree\ElementTree.py", line 585, in parse
    self._root = parser.close()
                 ~~~~~~~~~~~~^^
  File "C:\Python\Python314\Lib\xml\etree\ElementTree.py", line 1752, in close
    return close_handler()
  File "C:\Python\Python314\Lib\xml\etree\ElementTree.py", line 1454, in close
    assert len(self._elem) == 0, "missing end tags"
AssertionError: missing end tags
Traceback (most recent call last):
  File "C:\Python\Python314\Lib\site-packages\pyperformance\data-files\benchmarks\bm_xml_etree\run_benchmark.py", line 292, in <module>
    runner.bench_time_func(name, bench_etree, etree_module, bench_func)
    ~~~~~~~~~~~~~~~~~~~~~~^^^^^^^^^^^^^^^^^^^^^^^^^^^^^^^^^^^^^^^^^^^^^
  File "C:\Python\Python314\Lib\site-packages\pyperf\_runner.py", line 502, in bench_time_func
    result = self._main(task)
  File "C:\Python\Python314\Lib\site-packages\pyperf\_runner.py", line 468, in _main
    bench = self._manager()
  File "C:\Python\Python314\Lib\site-packages\pyperf\_runner.py", line 681, in _manager
    bench = Manager(self).create_bench()
  File "C:\Python\Python314\Lib\site-packages\pyperf\_manager.py", line 243, in create_bench
    worker_bench, run = self.create_worker_bench()
                        ~~~~~~~~~~~~~~~~~~~~~~~~^^
  File "C:\Python\Python314\Lib\site-packages\pyperf\_manager.py", line 142, in create_worker_bench
    suite = self.create_suite()
  File "C:\Python\Python314\Lib\site-packages\pyperf\_manager.py", line 132, in create_suite
    suite = self.spawn_worker(self.calibrate_loops, 0)
  File "C:\Python\Python314\Lib\site-packages\pyperf\_manager.py", line 118, in spawn_worker
    raise RuntimeError("%s failed with exit code %s"
                       % (cmd[0], exitcode))
RuntimeError: D:\CantorAI\xlang3\build\Release\xlang3.exe failed with exit code 1
Traceback (most recent call last):
  File "C:\Python\Python314\Lib\site-packages\pyperformance\run.py", line 171, in run_benchmarks
    result = bench.run(
        bench_venv.python,
    ...<3 lines>...
        verbose=options.verbose,
    )
  File "C:\Python\Python314\Lib\site-packages\pyperformance\_benchmark.py", line 193, in run
    bench = _run_perf_script(
        python,
    ...<4 lines>...
        verbose=verbose,
    )
  File "C:\Python\Python314\Lib\site-packages\pyperformance\_benchmark.py", line 250, in _run_perf_script
    raise RuntimeError("Benchmark died")
RuntimeError: Benchmark died
ERROR: Benchmark xml_etree failed: Benchmark died

Performance version: 1.14.0

### many_optionals ###
Mean +- std dev: 9.28 ms +- 0.16 ms

### subparsers ###
Mean +- std dev: 189 ms +- 13 ms

### comprehensions ###
Mean +- std dev: 209 us +- 4 us

### coroutines ###
Mean +- std dev: 374 ms +- 4 ms

### deltablue ###
Mean +- std dev: 61.0 ms +- 1.4 ms

### float ###
Mean +- std dev: 76.3 ms +- 1.3 ms

### gc_traversal ###
Mean +- std dev: 1.14 ms +- 0.01 ms

### hexiom ###
Mean +- std dev: 72.1 ms +- 1.0 ms

### json_dumps ###
Mean +- std dev: 40.3 ms +- 0.5 ms

### json_loads ###
Mean +- std dev: 97.7 us +- 0.8 us

### nbody ###
Mean +- std dev: 284 ms +- 2 ms

### pickle ###
Mean +- std dev: 35.2 us +- 2.9 us

### pickle_dict ###
Mean +- std dev: 33.7 us +- 1.3 us

### pickle_list ###
Mean +- std dev: 6.50 us +- 0.13 us

### pickle_pure_python ###
Mean +- std dev: 6.51 ms +- 0.12 ms

### pidigits ###
Mean +- std dev: 367 ms +- 3 ms

### regex_effbot ###
Mean +- std dev: 13.0 ms +- 0.1 ms

### regex_v8 ###
Mean +- std dev: 68.9 ms +- 1.0 ms

### richards ###
Mean +- std dev: 432 ms +- 4 ms

### spectral_norm ###
Mean +- std dev: 464 ms +- 3 ms

### typing_runtime_protocols ###
Mean +- std dev: 3.26 ms +- 0.03 ms

### unpack_sequence ###
Mean +- std dev: 151 ns +- 2 ns

### unpickle ###
Mean +- std dev: 64.5 us +- 0.9 us

### unpickle_list ###
Mean +- std dev: 11.2 us +- 0.1 us

### unpickle_pure_python ###
Mean +- std dev: 4.30 ms +- 0.03 ms

72 benchmarks failed:
- 2to3 (Benchmark died)
- async_generators (Benchmark timed out)
- async_tree (Benchmark timed out)
- async_tree_cpu_io_mixed (Benchmark timed out)
- async_tree_cpu_io_mixed_tg (Benchmark timed out)
- async_tree_eager (Benchmark timed out)
- async_tree_eager_cpu_io_mixed (Benchmark timed out)
- async_tree_eager_cpu_io_mixed_tg (Benchmark timed out)
- async_tree_eager_io (Benchmark timed out)
- async_tree_eager_io_tg (Benchmark timed out)
- async_tree_eager_memoization (Benchmark timed out)
- async_tree_eager_memoization_tg (Benchmark timed out)
- async_tree_eager_tg (Benchmark timed out)
- async_tree_io (Benchmark timed out)
- async_tree_io_tg (Benchmark timed out)
- async_tree_memoization (Benchmark timed out)
- async_tree_memoization_tg (Benchmark timed out)
- async_tree_tg (Benchmark timed out)
- asyncio_tcp (Benchmark timed out)
- asyncio_tcp_ssl (Benchmark died)
- asyncio_websockets (Benchmark died)
- base64 (Benchmark timed out)
- bpe_tokeniser (Benchmark timed out)
- chameleon (Benchmark died)
- chaos (Benchmark timed out)
- concurrent_imap (Benchmark died)
- coverage (Benchmark died)
- crypto_pyaes (Benchmark died)
- dask (Benchmark died)
- deepcopy (Benchmark timed out)
- django_template (Benchmark died)
- docutils (Benchmark died)
- dulwich_log (Benchmark died)
- fannkuch (Benchmark timed out)
- fastapi (Benchmark died)
- gc_collect (Benchmark died)
- generators (Benchmark timed out)
- genshi (Benchmark died)
- go (Benchmark timed out)
- html5lib (Benchmark died)
- logging (Benchmark timed out)
- mako (Benchmark died)
- mdp (Benchmark died)
- meteor_contest (Benchmark timed out)
- networkx (Benchmark died)
- networkx_connected_components (Benchmark died)
- networkx_k_core (Benchmark died)
- nqueens (Benchmark timed out)
- pathlib (Benchmark timed out)
- pprint (Benchmark timed out)
- pyflate (Benchmark timed out)
- python_startup (Benchmark died)
- python_startup_no_site (Benchmark died)
- raytrace (Benchmark timed out)
- regex_compile (Benchmark timed out)
- regex_dna (Benchmark timed out)
- richards_super (Benchmark timed out)
- scimark (Benchmark died)
- sphinx (Benchmark died)
- sqlalchemy_declarative (Benchmark died)
- sqlalchemy_imperative (Benchmark died)
- sqlglot_v2 (Benchmark died)
- sqlglot_v2_optimize (Benchmark died)
- sqlglot_v2_parse (Benchmark died)
- sqlglot_v2_transpile (Benchmark died)
- sqlite_synth (Benchmark died)
- sympy (Benchmark died)
- telco (Benchmark timed out)
- tomli_loads (Benchmark died)
- tornado_http (Benchmark died)
- xdsl (Benchmark died)
- xml_etree (Benchmark died)
