Benchmark dependency sites: C:\Python\Python314\Lib\site-packages
Full-case timeout overrides: async_tree*=30s, async_tree_eager=300s
Python benchmark suite 1.14.0


==================================================
( 1/97) creating venv for benchmark (2to3)

(trying common venv first)

==================================================
( 2/97) creating venv for benchmark (argparse)

(trying common venv first)

==================================================
( 3/97) creating venv for benchmark (argparse_subparsers)

(trying common venv first)

==================================================
( 4/97) creating venv for benchmark (async_generators)

(trying common venv first)

==================================================
( 5/97) creating venv for benchmark (async_tree)

(trying common venv first)

==================================================
( 6/97) creating venv for benchmark (async_tree_cpu_io_mixed)

(trying common venv first)

==================================================
( 7/97) creating venv for benchmark (async_tree_cpu_io_mixed_tg)

(trying common venv first)

==================================================
( 8/97) creating venv for benchmark (async_tree_eager)

(trying common venv first)

==================================================
( 9/97) creating venv for benchmark (async_tree_eager_cpu_io_mixed)

(trying common venv first)

==================================================
(10/97) creating venv for benchmark (async_tree_eager_cpu_io_mixed_tg)

(trying common venv first)

==================================================
(11/97) creating venv for benchmark (async_tree_eager_io)

(trying common venv first)

==================================================
(12/97) creating venv for benchmark (async_tree_eager_io_tg)

(trying common venv first)

==================================================
(13/97) creating venv for benchmark (async_tree_eager_memoization)

(trying common venv first)

==================================================
(14/97) creating venv for benchmark (async_tree_eager_memoization_tg)

(trying common venv first)

==================================================
(15/97) creating venv for benchmark (async_tree_eager_tg)

(trying common venv first)

==================================================
(16/97) creating venv for benchmark (async_tree_io)

(trying common venv first)

==================================================
(17/97) creating venv for benchmark (async_tree_io_tg)

(trying common venv first)

==================================================
(18/97) creating venv for benchmark (async_tree_memoization)

(trying common venv first)

==================================================
(19/97) creating venv for benchmark (async_tree_memoization_tg)

(trying common venv first)

==================================================
(20/97) creating venv for benchmark (async_tree_tg)

(trying common venv first)

==================================================
(21/97) creating venv for benchmark (asyncio_tcp)

(trying common venv first)

==================================================
(22/97) creating venv for benchmark (asyncio_tcp_ssl)

(trying common venv first)

==================================================
(23/97) creating venv for benchmark (asyncio_websockets)

(trying common venv first)

==================================================
(24/97) creating venv for benchmark (base64)

(trying common venv first)

==================================================
(25/97) creating venv for benchmark (bpe_tokeniser)

(trying common venv first)

==================================================
(26/97) creating venv for benchmark (chameleon)

(trying common venv first)

==================================================
(27/97) creating venv for benchmark (chaos)

(trying common venv first)

==================================================
(28/97) creating venv for benchmark (comprehensions)

(trying common venv first)

==================================================
(29/97) creating venv for benchmark (concurrent_imap)

(trying common venv first)

==================================================
(30/97) creating venv for benchmark (coroutines)

(trying common venv first)

==================================================
(31/97) creating venv for benchmark (coverage)

(trying common venv first)

==================================================
(32/97) creating venv for benchmark (crypto_pyaes)

(trying common venv first)

==================================================
(33/97) creating venv for benchmark (dask)

(trying common venv first)

==================================================
(34/97) creating venv for benchmark (deepcopy)

(trying common venv first)

==================================================
(35/97) creating venv for benchmark (deltablue)

(trying common venv first)

==================================================
(36/97) creating venv for benchmark (django_template)

(trying common venv first)

==================================================
(37/97) creating venv for benchmark (docutils)

(trying common venv first)

==================================================
(38/97) creating venv for benchmark (dulwich_log)

(trying common venv first)

==================================================
(39/97) creating venv for benchmark (fannkuch)

(trying common venv first)

==================================================
(40/97) creating venv for benchmark (fastapi)

(trying common venv first)

==================================================
(41/97) creating venv for benchmark (float)

(trying common venv first)

==================================================
(42/97) creating venv for benchmark (gc_collect)

(trying common venv first)

==================================================
(43/97) creating venv for benchmark (gc_traversal)

(trying common venv first)

==================================================
(44/97) creating venv for benchmark (generators)

(trying common venv first)

==================================================
(45/97) creating venv for benchmark (genshi)

(trying common venv first)

==================================================
(46/97) creating venv for benchmark (go)

(trying common venv first)

==================================================
(47/97) creating venv for benchmark (hexiom)

(trying common venv first)

==================================================
(48/97) creating venv for benchmark (html5lib)

(trying common venv first)

==================================================
(49/97) creating venv for benchmark (json_dumps)

(trying common venv first)

==================================================
(50/97) creating venv for benchmark (json_loads)

(trying common venv first)

==================================================
(51/97) creating venv for benchmark (logging)

(trying common venv first)

==================================================
(52/97) creating venv for benchmark (mako)

(trying common venv first)

==================================================
(53/97) creating venv for benchmark (mdp)

(trying common venv first)

==================================================
(54/97) creating venv for benchmark (meteor_contest)

(trying common venv first)

==================================================
(55/97) creating venv for benchmark (nbody)

(trying common venv first)

==================================================
(56/97) creating venv for benchmark (networkx)

(trying common venv first)

==================================================
(57/97) creating venv for benchmark (networkx_connected_components)

(trying common venv first)

==================================================
(58/97) creating venv for benchmark (networkx_k_core)

(trying common venv first)

==================================================
(59/97) creating venv for benchmark (nqueens)

(trying common venv first)

==================================================
(60/97) creating venv for benchmark (pathlib)

(trying common venv first)

==================================================
(61/97) creating venv for benchmark (pickle)

(trying common venv first)

==================================================
(62/97) creating venv for benchmark (pickle_dict)

(trying common venv first)

==================================================
(63/97) creating venv for benchmark (pickle_list)

(trying common venv first)

==================================================
(64/97) creating venv for benchmark (pickle_pure_python)

(trying common venv first)

==================================================
(65/97) creating venv for benchmark (pidigits)

(trying common venv first)

==================================================
(66/97) creating venv for benchmark (pprint)

(trying common venv first)

==================================================
(67/97) creating venv for benchmark (pyflate)

(trying common venv first)

==================================================
(68/97) creating venv for benchmark (python_startup)

(trying common venv first)

==================================================
(69/97) creating venv for benchmark (python_startup_no_site)

(trying common venv first)

==================================================
(70/97) creating venv for benchmark (raytrace)

(trying common venv first)

==================================================
(71/97) creating venv for benchmark (regex_compile)

(trying common venv first)

==================================================
(72/97) creating venv for benchmark (regex_dna)

(trying common venv first)

==================================================
(73/97) creating venv for benchmark (regex_effbot)

(trying common venv first)

==================================================
(74/97) creating venv for benchmark (regex_v8)

(trying common venv first)

==================================================
(75/97) creating venv for benchmark (richards)

(trying common venv first)

==================================================
(76/97) creating venv for benchmark (richards_super)

(trying common venv first)

==================================================
(77/97) creating venv for benchmark (scimark)

(trying common venv first)

==================================================
(78/97) creating venv for benchmark (spectral_norm)

(trying common venv first)

==================================================
(79/97) creating venv for benchmark (sphinx)

(trying common venv first)

==================================================
(80/97) creating venv for benchmark (sqlalchemy_declarative)

(trying common venv first)

==================================================
(81/97) creating venv for benchmark (sqlalchemy_imperative)

(trying common venv first)

==================================================
(82/97) creating venv for benchmark (sqlglot_v2)

(trying common venv first)

==================================================
(83/97) creating venv for benchmark (sqlglot_v2_optimize)

(trying common venv first)

==================================================
(84/97) creating venv for benchmark (sqlglot_v2_parse)

(trying common venv first)

==================================================
(85/97) creating venv for benchmark (sqlglot_v2_transpile)

(trying common venv first)

==================================================
(86/97) creating venv for benchmark (sqlite_synth)

(trying common venv first)

==================================================
(87/97) creating venv for benchmark (sympy)

(trying common venv first)

==================================================
(88/97) creating venv for benchmark (telco)

(trying common venv first)

==================================================
(89/97) creating venv for benchmark (tomli_loads)

(trying common venv first)

==================================================
(90/97) creating venv for benchmark (tornado_http)

(trying common venv first)

==================================================
(91/97) creating venv for benchmark (typing_runtime_protocols)

(trying common venv first)

==================================================
(92/97) creating venv for benchmark (unpack_sequence)

(trying common venv first)

==================================================
(93/97) creating venv for benchmark (unpickle)

(trying common venv first)

==================================================
(94/97) creating venv for benchmark (unpickle_list)

(trying common venv first)

==================================================
(95/97) creating venv for benchmark (unpickle_pure_python)

(trying common venv first)

==================================================
(96/97) creating venv for benchmark (xdsl)

(trying common venv first)

==================================================
(97/97) creating venv for benchmark (xml_etree)

(trying common venv first)

[ 1/97] 2to3...
Traceback (most recent call last):
  File "C:\Python\Python314\Lib\site-packages\pyperformance\data-files\benchmarks\bm_2to3\run_benchmark.py", line 25, in <module>
    runner.bench_command('2to3', command)
    ~~~~~~~~~~~~~~~~~~~~^^^^^^^^^^^^^^^^^
  File "C:\Python\Python314\Lib\site-packages\pyperf\_runner.py", line 750, in bench_command
    return self._main(task)
           ~~~~~~~~~~^^^^^^
  File "C:\Python\Python314\Lib\site-packages\pyperf\_runner.py", line 463, in _main
    bench = self._worker(task)
  File "C:\Python\Python314\Lib\site-packages\pyperf\_runner.py", line 436, in _worker
    self._process_priority()
    ~~~~~~~~~~~~~~~~~~~~~~^^
  File "C:\Python\Python314\Lib\site-packages\pyperf\_runner.py", line 431, in _process_priority
    if not set_highest_priority():
           ~~~~~~~~~~~~~~~~~~~~^^
  File "C:\Python\Python314\Lib\site-packages\pyperf\_cpu_utils.py", line 173, in set_highest_priority
    proc = psutil.Process()
  File "C:\Python\Python314\Lib\site-packages\psutil\__init__.py", line 314, in __init__
    self._init(pid)
    ~~~~~~~~~~^^^^^
  File "C:\Python\Python314\Lib\site-packages\psutil\__init__.py", line 347, in _init
    self._ident = self._get_ident()
                  ~~~~~~~~~~~~~~~^^
  File "C:\Python\Python314\Lib\site-packages\psutil\__init__.py", line 388, in _get_ident
    self._create_time = self._proc.create_time(fast_only=True)
                        ~~~~~~~~~~~~~~~~~~~~~~^^^^^^^^^^^^^^^^
  File "C:\Python\Python314\Lib\site-packages\psutil\_pswindows.py", line 666, in wrapper
    return fun(self, *args, **kwargs)
  File "C:\Python\Python314\Lib\site-packages\psutil\_pswindows.py", line 914, in create_time
    _user, _system, created = cext.proc_times(self.pid)
                              ~~~~~~~~~~~~~~~^^^^^^^^^^
AttributeError: module 'psutil._psutil_windows' has no attribute 'proc_times'
Traceback (most recent call last):
  File "C:\Python\Python314\Lib\site-packages\pyperformance\data-files\benchmarks\bm_2to3\run_benchmark.py", line 25, in <module>
    runner.bench_command('2to3', command)
    ~~~~~~~~~~~~~~~~~~~~^^^^^^^^^^^^^^^^^
  File "C:\Python\Python314\Lib\site-packages\pyperf\_runner.py", line 750, in bench_command
    return self._main(task)
           ~~~~~~~~~~^^^^^^
  File "C:\Python\Python314\Lib\site-packages\pyperf\_runner.py", line 468, in _main
    bench = self._manager()
  File "C:\Python\Python314\Lib\site-packages\pyperf\_runner.py", line 681, in _manager
    bench = Manager(self).create_bench()
  File "C:\Python\Python314\Lib\site-packages\pyperf\_manager.py", line 243, in create_bench
    worker_bench, run = self.create_worker_bench()
                        ~~~~~~~~~~~~~~~~~~~~~~~~^^
  File "C:\Python\Python314\Lib\site-packages\pyperf\_manager.py", line 142, in create_worker_bench
    suite = self.create_suite()
  File "C:\Python\Python314\Lib\site-packages\pyperf\_manager.py", line 132, in create_suite
    suite = self.spawn_worker(self.calibrate_loops, 0)
  File "C:\Python\Python314\Lib\site-packages\pyperf\_manager.py", line 118, in spawn_worker
    raise RuntimeError("%s failed with exit code %s"
                       % (cmd[0], exitcode))
RuntimeError: D:\CantorAI\xlang3\build-repro\Release\xlang3.exe failed with exit code 1
Traceback (most recent call last):
  File "C:\Python\Python314\Lib\site-packages\pyperformance\run.py", line 171, in run_benchmarks
    result = bench.run(
        bench_venv.python,
    ...<3 lines>...
        verbose=options.verbose,
    )
  File "D:\CantorAI\xlang3\benchmarks\diagnostics\run_pyperformance_xlang3_shimmed.py", line 145, in run_named_benchmark
    return original_benchmark_run(benchmark, *positional, **keywords)
  File "C:\Python\Python314\Lib\site-packages\pyperformance\_benchmark.py", line 193, in run
    bench = _run_perf_script(
        python,
    ...<4 lines>...
        verbose=verbose,
    )
  File "C:\Python\Python314\Lib\site-packages\pyperformance\_benchmark.py", line 250, in _run_perf_script
    raise RuntimeError("Benchmark died")
RuntimeError: Benchmark died
ERROR: Benchmark 2to3 failed: Benchmark died
[ 2/97] argparse...
Traceback (most recent call last):
  File "C:\Python\Python314\Lib\site-packages\pyperformance\data-files\benchmarks\bm_argparse\run_benchmark.py", line 125, in <module>
    runner.bench_func(args.benchmark, BENCHMARKS[args.benchmark])
    ~~~~~~~~~~~~~~~~~^^^^^^^^^^^^^^^^^^^^^^^^^^^^^^^^^^^^^^^^^^^^
  File "C:\Python\Python314\Lib\site-packages\pyperf\_runner.py", line 545, in bench_func
    result = self._main(task)
  File "C:\Python\Python314\Lib\site-packages\pyperf\_runner.py", line 463, in _main
    bench = self._worker(task)
  File "C:\Python\Python314\Lib\site-packages\pyperf\_runner.py", line 436, in _worker
    self._process_priority()
    ~~~~~~~~~~~~~~~~~~~~~~^^
  File "C:\Python\Python314\Lib\site-packages\pyperf\_runner.py", line 431, in _process_priority
    if not set_highest_priority():
           ~~~~~~~~~~~~~~~~~~~~^^
  File "C:\Python\Python314\Lib\site-packages\pyperf\_cpu_utils.py", line 173, in set_highest_priority
    proc = psutil.Process()
  File "C:\Python\Python314\Lib\site-packages\psutil\__init__.py", line 314, in __init__
    self._init(pid)
    ~~~~~~~~~~^^^^^
  File "C:\Python\Python314\Lib\site-packages\psutil\__init__.py", line 347, in _init
    self._ident = self._get_ident()
                  ~~~~~~~~~~~~~~~^^
  File "C:\Python\Python314\Lib\site-packages\psutil\__init__.py", line 388, in _get_ident
    self._create_time = self._proc.create_time(fast_only=True)
                        ~~~~~~~~~~~~~~~~~~~~~~^^^^^^^^^^^^^^^^
  File "C:\Python\Python314\Lib\site-packages\psutil\_pswindows.py", line 666, in wrapper
    return fun(self, *args, **kwargs)
  File "C:\Python\Python314\Lib\site-packages\psutil\_pswindows.py", line 914, in create_time
    _user, _system, created = cext.proc_times(self.pid)
                              ~~~~~~~~~~~~~~~^^^^^^^^^^
AttributeError: module 'psutil._psutil_windows' has no attribute 'proc_times'
Traceback (most recent call last):
  File "C:\Python\Python314\Lib\site-packages\pyperformance\data-files\benchmarks\bm_argparse\run_benchmark.py", line 125, in <module>
    runner.bench_func(args.benchmark, BENCHMARKS[args.benchmark])
    ~~~~~~~~~~~~~~~~~^^^^^^^^^^^^^^^^^^^^^^^^^^^^^^^^^^^^^^^^^^^^
  File "C:\Python\Python314\Lib\site-packages\pyperf\_runner.py", line 545, in bench_func
    result = self._main(task)
  File "C:\Python\Python314\Lib\site-packages\pyperf\_runner.py", line 468, in _main
    bench = self._manager()
  File "C:\Python\Python314\Lib\site-packages\pyperf\_runner.py", line 681, in _manager
    bench = Manager(self).create_bench()
  File "C:\Python\Python314\Lib\site-packages\pyperf\_manager.py", line 243, in create_bench
    worker_bench, run = self.create_worker_bench()
                        ~~~~~~~~~~~~~~~~~~~~~~~~^^
  File "C:\Python\Python314\Lib\site-packages\pyperf\_manager.py", line 142, in create_worker_bench
    suite = self.create_suite()
  File "C:\Python\Python314\Lib\site-packages\pyperf\_manager.py", line 132, in create_suite
    suite = self.spawn_worker(self.calibrate_loops, 0)
  File "C:\Python\Python314\Lib\site-packages\pyperf\_manager.py", line 118, in spawn_worker
    raise RuntimeError("%s failed with exit code %s"
                       % (cmd[0], exitcode))
RuntimeError: D:\CantorAI\xlang3\build-repro\Release\xlang3.exe failed with exit code 1
Traceback (most recent call last):
  File "C:\Python\Python314\Lib\site-packages\pyperformance\run.py", line 171, in run_benchmarks
    result = bench.run(
        bench_venv.python,
    ...<3 lines>...
        verbose=options.verbose,
    )
  File "D:\CantorAI\xlang3\benchmarks\diagnostics\run_pyperformance_xlang3_shimmed.py", line 145, in run_named_benchmark
    return original_benchmark_run(benchmark, *positional, **keywords)
  File "C:\Python\Python314\Lib\site-packages\pyperformance\_benchmark.py", line 193, in run
    bench = _run_perf_script(
        python,
    ...<4 lines>...
        verbose=verbose,
    )
  File "C:\Python\Python314\Lib\site-packages\pyperformance\_benchmark.py", line 250, in _run_perf_script
    raise RuntimeError("Benchmark died")
RuntimeError: Benchmark died
ERROR: Benchmark argparse failed: Benchmark died
[ 3/97] argparse_subparsers...
Traceback (most recent call last):
  File "C:\Python\Python314\Lib\site-packages\pyperformance\data-files\benchmarks\bm_argparse\run_benchmark.py", line 125, in <module>
    runner.bench_func(args.benchmark, BENCHMARKS[args.benchmark])
    ~~~~~~~~~~~~~~~~~^^^^^^^^^^^^^^^^^^^^^^^^^^^^^^^^^^^^^^^^^^^^
  File "C:\Python\Python314\Lib\site-packages\pyperf\_runner.py", line 545, in bench_func
    result = self._main(task)
  File "C:\Python\Python314\Lib\site-packages\pyperf\_runner.py", line 463, in _main
    bench = self._worker(task)
  File "C:\Python\Python314\Lib\site-packages\pyperf\_runner.py", line 436, in _worker
    self._process_priority()
    ~~~~~~~~~~~~~~~~~~~~~~^^
  File "C:\Python\Python314\Lib\site-packages\pyperf\_runner.py", line 431, in _process_priority
    if not set_highest_priority():
           ~~~~~~~~~~~~~~~~~~~~^^
  File "C:\Python\Python314\Lib\site-packages\pyperf\_cpu_utils.py", line 173, in set_highest_priority
    proc = psutil.Process()
  File "C:\Python\Python314\Lib\site-packages\psutil\__init__.py", line 314, in __init__
    self._init(pid)
    ~~~~~~~~~~^^^^^
  File "C:\Python\Python314\Lib\site-packages\psutil\__init__.py", line 347, in _init
    self._ident = self._get_ident()
                  ~~~~~~~~~~~~~~~^^
  File "C:\Python\Python314\Lib\site-packages\psutil\__init__.py", line 388, in _get_ident
    self._create_time = self._proc.create_time(fast_only=True)
                        ~~~~~~~~~~~~~~~~~~~~~~^^^^^^^^^^^^^^^^
  File "C:\Python\Python314\Lib\site-packages\psutil\_pswindows.py", line 666, in wrapper
    return fun(self, *args, **kwargs)
  File "C:\Python\Python314\Lib\site-packages\psutil\_pswindows.py", line 914, in create_time
    _user, _system, created = cext.proc_times(self.pid)
                              ~~~~~~~~~~~~~~~^^^^^^^^^^
AttributeError: module 'psutil._psutil_windows' has no attribute 'proc_times'
Traceback (most recent call last):
  File "C:\Python\Python314\Lib\site-packages\pyperformance\data-files\benchmarks\bm_argparse\run_benchmark.py", line 125, in <module>
    runner.bench_func(args.benchmark, BENCHMARKS[args.benchmark])
    ~~~~~~~~~~~~~~~~~^^^^^^^^^^^^^^^^^^^^^^^^^^^^^^^^^^^^^^^^^^^^
  File "C:\Python\Python314\Lib\site-packages\pyperf\_runner.py", line 545, in bench_func
    result = self._main(task)
  File "C:\Python\Python314\Lib\site-packages\pyperf\_runner.py", line 468, in _main
    bench = self._manager()
  File "C:\Python\Python314\Lib\site-packages\pyperf\_runner.py", line 681, in _manager
    bench = Manager(self).create_bench()
  File "C:\Python\Python314\Lib\site-packages\pyperf\_manager.py", line 243, in create_bench
    worker_bench, run = self.create_worker_bench()
                        ~~~~~~~~~~~~~~~~~~~~~~~~^^
  File "C:\Python\Python314\Lib\site-packages\pyperf\_manager.py", line 142, in create_worker_bench
    suite = self.create_suite()
  File "C:\Python\Python314\Lib\site-packages\pyperf\_manager.py", line 132, in create_suite
    suite = self.spawn_worker(self.calibrate_loops, 0)
  File "C:\Python\Python314\Lib\site-packages\pyperf\_manager.py", line 118, in spawn_worker
    raise RuntimeError("%s failed with exit code %s"
                       % (cmd[0], exitcode))
RuntimeError: D:\CantorAI\xlang3\build-repro\Release\xlang3.exe failed with exit code 1
Traceback (most recent call last):
  File "C:\Python\Python314\Lib\site-packages\pyperformance\run.py", line 171, in run_benchmarks
    result = bench.run(
        bench_venv.python,
    ...<3 lines>...
        verbose=options.verbose,
    )
  File "D:\CantorAI\xlang3\benchmarks\diagnostics\run_pyperformance_xlang3_shimmed.py", line 145, in run_named_benchmark
    return original_benchmark_run(benchmark, *positional, **keywords)
  File "C:\Python\Python314\Lib\site-packages\pyperformance\_benchmark.py", line 193, in run
    bench = _run_perf_script(
        python,
    ...<4 lines>...
        verbose=verbose,
    )
  File "C:\Python\Python314\Lib\site-packages\pyperformance\_benchmark.py", line 250, in _run_perf_script
    raise RuntimeError("Benchmark died")
RuntimeError: Benchmark died
ERROR: Benchmark argparse_subparsers failed: Benchmark died
[ 4/97] async_generators...
Traceback (most recent call last):
  File "C:\Python\Python314\Lib\site-packages\pyperformance\data-files\benchmarks\bm_async_generators\run_benchmark.py", line 45, in <module>
    runner.bench_async_func('async_generators', bench_async_generators)
    ~~~~~~~~~~~~~~~~~~~~~~~^^^^^^^^^^^^^^^^^^^^^^^^^^^^^^^^^^^^^^^^^^^^
  File "C:\Python\Python314\Lib\site-packages\pyperf\_runner.py", line 613, in bench_async_func
    result = self._main(task)
  File "C:\Python\Python314\Lib\site-packages\pyperf\_runner.py", line 463, in _main
    bench = self._worker(task)
  File "C:\Python\Python314\Lib\site-packages\pyperf\_runner.py", line 436, in _worker
    self._process_priority()
    ~~~~~~~~~~~~~~~~~~~~~~^^
  File "C:\Python\Python314\Lib\site-packages\pyperf\_runner.py", line 431, in _process_priority
    if not set_highest_priority():
           ~~~~~~~~~~~~~~~~~~~~^^
  File "C:\Python\Python314\Lib\site-packages\pyperf\_cpu_utils.py", line 173, in set_highest_priority
    proc = psutil.Process()
  File "C:\Python\Python314\Lib\site-packages\psutil\__init__.py", line 314, in __init__
    self._init(pid)
    ~~~~~~~~~~^^^^^
  File "C:\Python\Python314\Lib\site-packages\psutil\__init__.py", line 347, in _init
    self._ident = self._get_ident()
                  ~~~~~~~~~~~~~~~^^
  File "C:\Python\Python314\Lib\site-packages\psutil\__init__.py", line 388, in _get_ident
    self._create_time = self._proc.create_time(fast_only=True)
                        ~~~~~~~~~~~~~~~~~~~~~~^^^^^^^^^^^^^^^^
  File "C:\Python\Python314\Lib\site-packages\psutil\_pswindows.py", line 666, in wrapper
    return fun(self, *args, **kwargs)
  File "C:\Python\Python314\Lib\site-packages\psutil\_pswindows.py", line 914, in create_time
    _user, _system, created = cext.proc_times(self.pid)
                              ~~~~~~~~~~~~~~~^^^^^^^^^^
AttributeError: module 'psutil._psutil_windows' has no attribute 'proc_times'
Traceback (most recent call last):
  File "C:\Python\Python314\Lib\site-packages\pyperformance\data-files\benchmarks\bm_async_generators\run_benchmark.py", line 45, in <module>
    runner.bench_async_func('async_generators', bench_async_generators)
    ~~~~~~~~~~~~~~~~~~~~~~~^^^^^^^^^^^^^^^^^^^^^^^^^^^^^^^^^^^^^^^^^^^^
  File "C:\Python\Python314\Lib\site-packages\pyperf\_runner.py", line 613, in bench_async_func
    result = self._main(task)
  File "C:\Python\Python314\Lib\site-packages\pyperf\_runner.py", line 468, in _main
    bench = self._manager()
  File "C:\Python\Python314\Lib\site-packages\pyperf\_runner.py", line 681, in _manager
    bench = Manager(self).create_bench()
  File "C:\Python\Python314\Lib\site-packages\pyperf\_manager.py", line 243, in create_bench
    worker_bench, run = self.create_worker_bench()
                        ~~~~~~~~~~~~~~~~~~~~~~~~^^
  File "C:\Python\Python314\Lib\site-packages\pyperf\_manager.py", line 142, in create_worker_bench
    suite = self.create_suite()
  File "C:\Python\Python314\Lib\site-packages\pyperf\_manager.py", line 132, in create_suite
    suite = self.spawn_worker(self.calibrate_loops, 0)
  File "C:\Python\Python314\Lib\site-packages\pyperf\_manager.py", line 118, in spawn_worker
    raise RuntimeError("%s failed with exit code %s"
                       % (cmd[0], exitcode))
RuntimeError: D:\CantorAI\xlang3\build-repro\Release\xlang3.exe failed with exit code 1
Traceback (most recent call last):
  File "C:\Python\Python314\Lib\site-packages\pyperformance\run.py", line 171, in run_benchmarks
    result = bench.run(
        bench_venv.python,
    ...<3 lines>...
        verbose=options.verbose,
    )
  File "D:\CantorAI\xlang3\benchmarks\diagnostics\run_pyperformance_xlang3_shimmed.py", line 145, in run_named_benchmark
    return original_benchmark_run(benchmark, *positional, **keywords)
  File "C:\Python\Python314\Lib\site-packages\pyperformance\_benchmark.py", line 193, in run
    bench = _run_perf_script(
        python,
    ...<4 lines>...
        verbose=verbose,
    )
  File "C:\Python\Python314\Lib\site-packages\pyperformance\_benchmark.py", line 250, in _run_perf_script
    raise RuntimeError("Benchmark died")
RuntimeError: Benchmark died
ERROR: Benchmark async_generators failed: Benchmark died
[ 5/97] async_tree...
Traceback (most recent call last):
  File "C:\Python\Python314\Lib\site-packages\pyperformance\data-files\benchmarks\bm_async_tree\run_benchmark.py", line 201, in <module>
    runner.bench_async_func(bench_name, async_tree.run)
    ~~~~~~~~~~~~~~~~~~~~~~~^^^^^^^^^^^^^^^^^^^^^^^^^^^^
  File "C:\Python\Python314\Lib\site-packages\pyperf\_runner.py", line 613, in bench_async_func
    result = self._main(task)
  File "C:\Python\Python314\Lib\site-packages\pyperf\_runner.py", line 463, in _main
    bench = self._worker(task)
  File "C:\Python\Python314\Lib\site-packages\pyperf\_runner.py", line 436, in _worker
    self._process_priority()
    ~~~~~~~~~~~~~~~~~~~~~~^^
  File "C:\Python\Python314\Lib\site-packages\pyperf\_runner.py", line 431, in _process_priority
    if not set_highest_priority():
           ~~~~~~~~~~~~~~~~~~~~^^
  File "C:\Python\Python314\Lib\site-packages\pyperf\_cpu_utils.py", line 173, in set_highest_priority
    proc = psutil.Process()
  File "C:\Python\Python314\Lib\site-packages\psutil\__init__.py", line 314, in __init__
    self._init(pid)
    ~~~~~~~~~~^^^^^
  File "C:\Python\Python314\Lib\site-packages\psutil\__init__.py", line 347, in _init
    self._ident = self._get_ident()
                  ~~~~~~~~~~~~~~~^^
  File "C:\Python\Python314\Lib\site-packages\psutil\__init__.py", line 388, in _get_ident
    self._create_time = self._proc.create_time(fast_only=True)
                        ~~~~~~~~~~~~~~~~~~~~~~^^^^^^^^^^^^^^^^
  File "C:\Python\Python314\Lib\site-packages\psutil\_pswindows.py", line 666, in wrapper
    return fun(self, *args, **kwargs)
  File "C:\Python\Python314\Lib\site-packages\psutil\_pswindows.py", line 914, in create_time
    _user, _system, created = cext.proc_times(self.pid)
                              ~~~~~~~~~~~~~~~^^^^^^^^^^
AttributeError: module 'psutil._psutil_windows' has no attribute 'proc_times'
Traceback (most recent call last):
  File "C:\Python\Python314\Lib\site-packages\pyperformance\data-files\benchmarks\bm_async_tree\run_benchmark.py", line 201, in <module>
    runner.bench_async_func(bench_name, async_tree.run)
    ~~~~~~~~~~~~~~~~~~~~~~~^^^^^^^^^^^^^^^^^^^^^^^^^^^^
  File "C:\Python\Python314\Lib\site-packages\pyperf\_runner.py", line 613, in bench_async_func
    result = self._main(task)
  File "C:\Python\Python314\Lib\site-packages\pyperf\_runner.py", line 468, in _main
    bench = self._manager()
  File "C:\Python\Python314\Lib\site-packages\pyperf\_runner.py", line 681, in _manager
    bench = Manager(self).create_bench()
  File "C:\Python\Python314\Lib\site-packages\pyperf\_manager.py", line 243, in create_bench
    worker_bench, run = self.create_worker_bench()
                        ~~~~~~~~~~~~~~~~~~~~~~~~^^
  File "C:\Python\Python314\Lib\site-packages\pyperf\_manager.py", line 142, in create_worker_bench
    suite = self.create_suite()
  File "C:\Python\Python314\Lib\site-packages\pyperf\_manager.py", line 132, in create_suite
    suite = self.spawn_worker(self.calibrate_loops, 0)
  File "C:\Python\Python314\Lib\site-packages\pyperf\_manager.py", line 118, in spawn_worker
    raise RuntimeError("%s failed with exit code %s"
                       % (cmd[0], exitcode))
RuntimeError: D:\CantorAI\xlang3\build-repro\Release\xlang3.exe failed with exit code 1
Traceback (most recent call last):
  File "C:\Python\Python314\Lib\site-packages\pyperformance\run.py", line 171, in run_benchmarks
    result = bench.run(
        bench_venv.python,
    ...<3 lines>...
        verbose=options.verbose,
    )
  File "D:\CantorAI\xlang3\benchmarks\diagnostics\run_pyperformance_xlang3_shimmed.py", line 145, in run_named_benchmark
    return original_benchmark_run(benchmark, *positional, **keywords)
  File "C:\Python\Python314\Lib\site-packages\pyperformance\_benchmark.py", line 193, in run
    bench = _run_perf_script(
        python,
    ...<4 lines>...
        verbose=verbose,
    )
  File "C:\Python\Python314\Lib\site-packages\pyperformance\_benchmark.py", line 250, in _run_perf_script
    raise RuntimeError("Benchmark died")
RuntimeError: Benchmark died
ERROR: Benchmark async_tree failed: Benchmark died
[ 6/97] async_tree_cpu_io_mixed...
Traceback (most recent call last):
  File "C:\Python\Python314\Lib\site-packages\pyperformance\data-files\benchmarks\bm_async_tree\run_benchmark.py", line 201, in <module>
    runner.bench_async_func(bench_name, async_tree.run)
    ~~~~~~~~~~~~~~~~~~~~~~~^^^^^^^^^^^^^^^^^^^^^^^^^^^^
  File "C:\Python\Python314\Lib\site-packages\pyperf\_runner.py", line 613, in bench_async_func
    result = self._main(task)
  File "C:\Python\Python314\Lib\site-packages\pyperf\_runner.py", line 463, in _main
    bench = self._worker(task)
  File "C:\Python\Python314\Lib\site-packages\pyperf\_runner.py", line 436, in _worker
    self._process_priority()
    ~~~~~~~~~~~~~~~~~~~~~~^^
  File "C:\Python\Python314\Lib\site-packages\pyperf\_runner.py", line 431, in _process_priority
    if not set_highest_priority():
           ~~~~~~~~~~~~~~~~~~~~^^
  File "C:\Python\Python314\Lib\site-packages\pyperf\_cpu_utils.py", line 173, in set_highest_priority
    proc = psutil.Process()
  File "C:\Python\Python314\Lib\site-packages\psutil\__init__.py", line 314, in __init__
    self._init(pid)
    ~~~~~~~~~~^^^^^
  File "C:\Python\Python314\Lib\site-packages\psutil\__init__.py", line 347, in _init
    self._ident = self._get_ident()
                  ~~~~~~~~~~~~~~~^^
  File "C:\Python\Python314\Lib\site-packages\psutil\__init__.py", line 388, in _get_ident
    self._create_time = self._proc.create_time(fast_only=True)
                        ~~~~~~~~~~~~~~~~~~~~~~^^^^^^^^^^^^^^^^
  File "C:\Python\Python314\Lib\site-packages\psutil\_pswindows.py", line 666, in wrapper
    return fun(self, *args, **kwargs)
  File "C:\Python\Python314\Lib\site-packages\psutil\_pswindows.py", line 914, in create_time
    _user, _system, created = cext.proc_times(self.pid)
                              ~~~~~~~~~~~~~~~^^^^^^^^^^
AttributeError: module 'psutil._psutil_windows' has no attribute 'proc_times'
Traceback (most recent call last):
  File "C:\Python\Python314\Lib\site-packages\pyperformance\data-files\benchmarks\bm_async_tree\run_benchmark.py", line 201, in <module>
    runner.bench_async_func(bench_name, async_tree.run)
    ~~~~~~~~~~~~~~~~~~~~~~~^^^^^^^^^^^^^^^^^^^^^^^^^^^^
  File "C:\Python\Python314\Lib\site-packages\pyperf\_runner.py", line 613, in bench_async_func
    result = self._main(task)
  File "C:\Python\Python314\Lib\site-packages\pyperf\_runner.py", line 468, in _main
    bench = self._manager()
  File "C:\Python\Python314\Lib\site-packages\pyperf\_runner.py", line 681, in _manager
    bench = Manager(self).create_bench()
  File "C:\Python\Python314\Lib\site-packages\pyperf\_manager.py", line 243, in create_bench
    worker_bench, run = self.create_worker_bench()
                        ~~~~~~~~~~~~~~~~~~~~~~~~^^
  File "C:\Python\Python314\Lib\site-packages\pyperf\_manager.py", line 142, in create_worker_bench
    suite = self.create_suite()
  File "C:\Python\Python314\Lib\site-packages\pyperf\_manager.py", line 132, in create_suite
    suite = self.spawn_worker(self.calibrate_loops, 0)
  File "C:\Python\Python314\Lib\site-packages\pyperf\_manager.py", line 118, in spawn_worker
    raise RuntimeError("%s failed with exit code %s"
                       % (cmd[0], exitcode))
RuntimeError: D:\CantorAI\xlang3\build-repro\Release\xlang3.exe failed with exit code 1
Traceback (most recent call last):
  File "C:\Python\Python314\Lib\site-packages\pyperformance\run.py", line 171, in run_benchmarks
    result = bench.run(
        bench_venv.python,
    ...<3 lines>...
        verbose=options.verbose,
    )
  File "D:\CantorAI\xlang3\benchmarks\diagnostics\run_pyperformance_xlang3_shimmed.py", line 145, in run_named_benchmark
    return original_benchmark_run(benchmark, *positional, **keywords)
  File "C:\Python\Python314\Lib\site-packages\pyperformance\_benchmark.py", line 193, in run
    bench = _run_perf_script(
        python,
    ...<4 lines>...
        verbose=verbose,
    )
  File "C:\Python\Python314\Lib\site-packages\pyperformance\_benchmark.py", line 250, in _run_perf_script
    raise RuntimeError("Benchmark died")
RuntimeError: Benchmark died
ERROR: Benchmark async_tree_cpu_io_mixed failed: Benchmark died
[ 7/97] async_tree_cpu_io_mixed_tg...
Traceback (most recent call last):
  File "C:\Python\Python314\Lib\site-packages\pyperformance\data-files\benchmarks\bm_async_tree\run_benchmark.py", line 201, in <module>
    runner.bench_async_func(bench_name, async_tree.run)
    ~~~~~~~~~~~~~~~~~~~~~~~^^^^^^^^^^^^^^^^^^^^^^^^^^^^
  File "C:\Python\Python314\Lib\site-packages\pyperf\_runner.py", line 613, in bench_async_func
    result = self._main(task)
  File "C:\Python\Python314\Lib\site-packages\pyperf\_runner.py", line 463, in _main
    bench = self._worker(task)
  File "C:\Python\Python314\Lib\site-packages\pyperf\_runner.py", line 436, in _worker
    self._process_priority()
    ~~~~~~~~~~~~~~~~~~~~~~^^
  File "C:\Python\Python314\Lib\site-packages\pyperf\_runner.py", line 431, in _process_priority
    if not set_highest_priority():
           ~~~~~~~~~~~~~~~~~~~~^^
  File "C:\Python\Python314\Lib\site-packages\pyperf\_cpu_utils.py", line 173, in set_highest_priority
    proc = psutil.Process()
  File "C:\Python\Python314\Lib\site-packages\psutil\__init__.py", line 314, in __init__
    self._init(pid)
    ~~~~~~~~~~^^^^^
  File "C:\Python\Python314\Lib\site-packages\psutil\__init__.py", line 347, in _init
    self._ident = self._get_ident()
                  ~~~~~~~~~~~~~~~^^
  File "C:\Python\Python314\Lib\site-packages\psutil\__init__.py", line 388, in _get_ident
    self._create_time = self._proc.create_time(fast_only=True)
                        ~~~~~~~~~~~~~~~~~~~~~~^^^^^^^^^^^^^^^^
  File "C:\Python\Python314\Lib\site-packages\psutil\_pswindows.py", line 666, in wrapper
    return fun(self, *args, **kwargs)
  File "C:\Python\Python314\Lib\site-packages\psutil\_pswindows.py", line 914, in create_time
    _user, _system, created = cext.proc_times(self.pid)
                              ~~~~~~~~~~~~~~~^^^^^^^^^^
AttributeError: module 'psutil._psutil_windows' has no attribute 'proc_times'
Traceback (most recent call last):
  File "C:\Python\Python314\Lib\site-packages\pyperformance\data-files\benchmarks\bm_async_tree\run_benchmark.py", line 201, in <module>
    runner.bench_async_func(bench_name, async_tree.run)
    ~~~~~~~~~~~~~~~~~~~~~~~^^^^^^^^^^^^^^^^^^^^^^^^^^^^
  File "C:\Python\Python314\Lib\site-packages\pyperf\_runner.py", line 613, in bench_async_func
    result = self._main(task)
  File "C:\Python\Python314\Lib\site-packages\pyperf\_runner.py", line 468, in _main
    bench = self._manager()
  File "C:\Python\Python314\Lib\site-packages\pyperf\_runner.py", line 681, in _manager
    bench = Manager(self).create_bench()
  File "C:\Python\Python314\Lib\site-packages\pyperf\_manager.py", line 243, in create_bench
    worker_bench, run = self.create_worker_bench()
                        ~~~~~~~~~~~~~~~~~~~~~~~~^^
  File "C:\Python\Python314\Lib\site-packages\pyperf\_manager.py", line 142, in create_worker_bench
    suite = self.create_suite()
  File "C:\Python\Python314\Lib\site-packages\pyperf\_manager.py", line 132, in create_suite
    suite = self.spawn_worker(self.calibrate_loops, 0)
  File "C:\Python\Python314\Lib\site-packages\pyperf\_manager.py", line 118, in spawn_worker
    raise RuntimeError("%s failed with exit code %s"
                       % (cmd[0], exitcode))
RuntimeError: D:\CantorAI\xlang3\build-repro\Release\xlang3.exe failed with exit code 1
Traceback (most recent call last):
  File "C:\Python\Python314\Lib\site-packages\pyperformance\run.py", line 171, in run_benchmarks
    result = bench.run(
        bench_venv.python,
    ...<3 lines>...
        verbose=options.verbose,
    )
  File "D:\CantorAI\xlang3\benchmarks\diagnostics\run_pyperformance_xlang3_shimmed.py", line 145, in run_named_benchmark
    return original_benchmark_run(benchmark, *positional, **keywords)
  File "C:\Python\Python314\Lib\site-packages\pyperformance\_benchmark.py", line 193, in run
    bench = _run_perf_script(
        python,
    ...<4 lines>...
        verbose=verbose,
    )
  File "C:\Python\Python314\Lib\site-packages\pyperformance\_benchmark.py", line 250, in _run_perf_script
    raise RuntimeError("Benchmark died")
RuntimeError: Benchmark died
ERROR: Benchmark async_tree_cpu_io_mixed_tg failed: Benchmark died
[ 8/97] async_tree_eager...
Traceback (most recent call last):
  File "C:\Python\Python314\Lib\site-packages\pyperformance\data-files\benchmarks\bm_async_tree\run_benchmark.py", line 201, in <module>
    runner.bench_async_func(bench_name, async_tree.run)
    ~~~~~~~~~~~~~~~~~~~~~~~^^^^^^^^^^^^^^^^^^^^^^^^^^^^
  File "C:\Python\Python314\Lib\site-packages\pyperf\_runner.py", line 613, in bench_async_func
    result = self._main(task)
  File "C:\Python\Python314\Lib\site-packages\pyperf\_runner.py", line 463, in _main
    bench = self._worker(task)
  File "C:\Python\Python314\Lib\site-packages\pyperf\_runner.py", line 436, in _worker
    self._process_priority()
    ~~~~~~~~~~~~~~~~~~~~~~^^
  File "C:\Python\Python314\Lib\site-packages\pyperf\_runner.py", line 431, in _process_priority
    if not set_highest_priority():
           ~~~~~~~~~~~~~~~~~~~~^^
  File "C:\Python\Python314\Lib\site-packages\pyperf\_cpu_utils.py", line 173, in set_highest_priority
    proc = psutil.Process()
  File "C:\Python\Python314\Lib\site-packages\psutil\__init__.py", line 314, in __init__
    self._init(pid)
    ~~~~~~~~~~^^^^^
  File "C:\Python\Python314\Lib\site-packages\psutil\__init__.py", line 347, in _init
    self._ident = self._get_ident()
                  ~~~~~~~~~~~~~~~^^
  File "C:\Python\Python314\Lib\site-packages\psutil\__init__.py", line 388, in _get_ident
    self._create_time = self._proc.create_time(fast_only=True)
                        ~~~~~~~~~~~~~~~~~~~~~~^^^^^^^^^^^^^^^^
  File "C:\Python\Python314\Lib\site-packages\psutil\_pswindows.py", line 666, in wrapper
    return fun(self, *args, **kwargs)
  File "C:\Python\Python314\Lib\site-packages\psutil\_pswindows.py", line 914, in create_time
    _user, _system, created = cext.proc_times(self.pid)
                              ~~~~~~~~~~~~~~~^^^^^^^^^^
AttributeError: module 'psutil._psutil_windows' has no attribute 'proc_times'
Traceback (most recent call last):
  File "C:\Python\Python314\Lib\site-packages\pyperformance\data-files\benchmarks\bm_async_tree\run_benchmark.py", line 201, in <module>
    runner.bench_async_func(bench_name, async_tree.run)
    ~~~~~~~~~~~~~~~~~~~~~~~^^^^^^^^^^^^^^^^^^^^^^^^^^^^
  File "C:\Python\Python314\Lib\site-packages\pyperf\_runner.py", line 613, in bench_async_func
    result = self._main(task)
  File "C:\Python\Python314\Lib\site-packages\pyperf\_runner.py", line 468, in _main
    bench = self._manager()
  File "C:\Python\Python314\Lib\site-packages\pyperf\_runner.py", line 681, in _manager
    bench = Manager(self).create_bench()
  File "C:\Python\Python314\Lib\site-packages\pyperf\_manager.py", line 243, in create_bench
    worker_bench, run = self.create_worker_bench()
                        ~~~~~~~~~~~~~~~~~~~~~~~~^^
  File "C:\Python\Python314\Lib\site-packages\pyperf\_manager.py", line 142, in create_worker_bench
    suite = self.create_suite()
  File "C:\Python\Python314\Lib\site-packages\pyperf\_manager.py", line 132, in create_suite
    suite = self.spawn_worker(self.calibrate_loops, 0)
  File "C:\Python\Python314\Lib\site-packages\pyperf\_manager.py", line 118, in spawn_worker
    raise RuntimeError("%s failed with exit code %s"
                       % (cmd[0], exitcode))
RuntimeError: D:\CantorAI\xlang3\build-repro\Release\xlang3.exe failed with exit code 1
Traceback (most recent call last):
  File "C:\Python\Python314\Lib\site-packages\pyperformance\run.py", line 171, in run_benchmarks
    result = bench.run(
        bench_venv.python,
    ...<3 lines>...
        verbose=options.verbose,
    )
  File "D:\CantorAI\xlang3\benchmarks\diagnostics\run_pyperformance_xlang3_shimmed.py", line 145, in run_named_benchmark
    return original_benchmark_run(benchmark, *positional, **keywords)
  File "C:\Python\Python314\Lib\site-packages\pyperformance\_benchmark.py", line 193, in run
    bench = _run_perf_script(
        python,
    ...<4 lines>...
        verbose=verbose,
    )
  File "C:\Python\Python314\Lib\site-packages\pyperformance\_benchmark.py", line 250, in _run_perf_script
    raise RuntimeError("Benchmark died")
RuntimeError: Benchmark died
ERROR: Benchmark async_tree_eager failed: Benchmark died
[ 9/97] async_tree_eager_cpu_io_mixed...
Traceback (most recent call last):
  File "C:\Python\Python314\Lib\site-packages\pyperformance\data-files\benchmarks\bm_async_tree\run_benchmark.py", line 201, in <module>
    runner.bench_async_func(bench_name, async_tree.run)
    ~~~~~~~~~~~~~~~~~~~~~~~^^^^^^^^^^^^^^^^^^^^^^^^^^^^
  File "C:\Python\Python314\Lib\site-packages\pyperf\_runner.py", line 613, in bench_async_func
    result = self._main(task)
  File "C:\Python\Python314\Lib\site-packages\pyperf\_runner.py", line 463, in _main
    bench = self._worker(task)
  File "C:\Python\Python314\Lib\site-packages\pyperf\_runner.py", line 436, in _worker
    self._process_priority()
    ~~~~~~~~~~~~~~~~~~~~~~^^
  File "C:\Python\Python314\Lib\site-packages\pyperf\_runner.py", line 431, in _process_priority
    if not set_highest_priority():
           ~~~~~~~~~~~~~~~~~~~~^^
  File "C:\Python\Python314\Lib\site-packages\pyperf\_cpu_utils.py", line 173, in set_highest_priority
    proc = psutil.Process()
  File "C:\Python\Python314\Lib\site-packages\psutil\__init__.py", line 314, in __init__
    self._init(pid)
    ~~~~~~~~~~^^^^^
  File "C:\Python\Python314\Lib\site-packages\psutil\__init__.py", line 347, in _init
    self._ident = self._get_ident()
                  ~~~~~~~~~~~~~~~^^
  File "C:\Python\Python314\Lib\site-packages\psutil\__init__.py", line 388, in _get_ident
    self._create_time = self._proc.create_time(fast_only=True)
                        ~~~~~~~~~~~~~~~~~~~~~~^^^^^^^^^^^^^^^^
  File "C:\Python\Python314\Lib\site-packages\psutil\_pswindows.py", line 666, in wrapper
    return fun(self, *args, **kwargs)
  File "C:\Python\Python314\Lib\site-packages\psutil\_pswindows.py", line 914, in create_time
    _user, _system, created = cext.proc_times(self.pid)
                              ~~~~~~~~~~~~~~~^^^^^^^^^^
AttributeError: module 'psutil._psutil_windows' has no attribute 'proc_times'
Traceback (most recent call last):
  File "C:\Python\Python314\Lib\site-packages\pyperformance\data-files\benchmarks\bm_async_tree\run_benchmark.py", line 201, in <module>
    runner.bench_async_func(bench_name, async_tree.run)
    ~~~~~~~~~~~~~~~~~~~~~~~^^^^^^^^^^^^^^^^^^^^^^^^^^^^
  File "C:\Python\Python314\Lib\site-packages\pyperf\_runner.py", line 613, in bench_async_func
    result = self._main(task)
  File "C:\Python\Python314\Lib\site-packages\pyperf\_runner.py", line 468, in _main
    bench = self._manager()
  File "C:\Python\Python314\Lib\site-packages\pyperf\_runner.py", line 681, in _manager
    bench = Manager(self).create_bench()
  File "C:\Python\Python314\Lib\site-packages\pyperf\_manager.py", line 243, in create_bench
    worker_bench, run = self.create_worker_bench()
                        ~~~~~~~~~~~~~~~~~~~~~~~~^^
  File "C:\Python\Python314\Lib\site-packages\pyperf\_manager.py", line 142, in create_worker_bench
    suite = self.create_suite()
  File "C:\Python\Python314\Lib\site-packages\pyperf\_manager.py", line 132, in create_suite
    suite = self.spawn_worker(self.calibrate_loops, 0)
  File "C:\Python\Python314\Lib\site-packages\pyperf\_manager.py", line 118, in spawn_worker
    raise RuntimeError("%s failed with exit code %s"
                       % (cmd[0], exitcode))
RuntimeError: D:\CantorAI\xlang3\build-repro\Release\xlang3.exe failed with exit code 1
Traceback (most recent call last):
  File "C:\Python\Python314\Lib\site-packages\pyperformance\run.py", line 171, in run_benchmarks
    result = bench.run(
        bench_venv.python,
    ...<3 lines>...
        verbose=options.verbose,
    )
  File "D:\CantorAI\xlang3\benchmarks\diagnostics\run_pyperformance_xlang3_shimmed.py", line 145, in run_named_benchmark
    return original_benchmark_run(benchmark, *positional, **keywords)
  File "C:\Python\Python314\Lib\site-packages\pyperformance\_benchmark.py", line 193, in run
    bench = _run_perf_script(
        python,
    ...<4 lines>...
        verbose=verbose,
    )
  File "C:\Python\Python314\Lib\site-packages\pyperformance\_benchmark.py", line 250, in _run_perf_script
    raise RuntimeError("Benchmark died")
RuntimeError: Benchmark died
ERROR: Benchmark async_tree_eager_cpu_io_mixed failed: Benchmark died
[10/97] async_tree_eager_cpu_io_mixed_tg...
Traceback (most recent call last):
  File "C:\Python\Python314\Lib\site-packages\pyperformance\data-files\benchmarks\bm_async_tree\run_benchmark.py", line 201, in <module>
    runner.bench_async_func(bench_name, async_tree.run)
    ~~~~~~~~~~~~~~~~~~~~~~~^^^^^^^^^^^^^^^^^^^^^^^^^^^^
  File "C:\Python\Python314\Lib\site-packages\pyperf\_runner.py", line 613, in bench_async_func
    result = self._main(task)
  File "C:\Python\Python314\Lib\site-packages\pyperf\_runner.py", line 463, in _main
    bench = self._worker(task)
  File "C:\Python\Python314\Lib\site-packages\pyperf\_runner.py", line 436, in _worker
    self._process_priority()
    ~~~~~~~~~~~~~~~~~~~~~~^^
  File "C:\Python\Python314\Lib\site-packages\pyperf\_runner.py", line 431, in _process_priority
    if not set_highest_priority():
           ~~~~~~~~~~~~~~~~~~~~^^
  File "C:\Python\Python314\Lib\site-packages\pyperf\_cpu_utils.py", line 173, in set_highest_priority
    proc = psutil.Process()
  File "C:\Python\Python314\Lib\site-packages\psutil\__init__.py", line 314, in __init__
    self._init(pid)
    ~~~~~~~~~~^^^^^
  File "C:\Python\Python314\Lib\site-packages\psutil\__init__.py", line 347, in _init
    self._ident = self._get_ident()
                  ~~~~~~~~~~~~~~~^^
  File "C:\Python\Python314\Lib\site-packages\psutil\__init__.py", line 388, in _get_ident
    self._create_time = self._proc.create_time(fast_only=True)
                        ~~~~~~~~~~~~~~~~~~~~~~^^^^^^^^^^^^^^^^
  File "C:\Python\Python314\Lib\site-packages\psutil\_pswindows.py", line 666, in wrapper
    return fun(self, *args, **kwargs)
  File "C:\Python\Python314\Lib\site-packages\psutil\_pswindows.py", line 914, in create_time
    _user, _system, created = cext.proc_times(self.pid)
                              ~~~~~~~~~~~~~~~^^^^^^^^^^
AttributeError: module 'psutil._psutil_windows' has no attribute 'proc_times'
Traceback (most recent call last):
  File "C:\Python\Python314\Lib\site-packages\pyperformance\data-files\benchmarks\bm_async_tree\run_benchmark.py", line 201, in <module>
    runner.bench_async_func(bench_name, async_tree.run)
    ~~~~~~~~~~~~~~~~~~~~~~~^^^^^^^^^^^^^^^^^^^^^^^^^^^^
  File "C:\Python\Python314\Lib\site-packages\pyperf\_runner.py", line 613, in bench_async_func
    result = self._main(task)
  File "C:\Python\Python314\Lib\site-packages\pyperf\_runner.py", line 468, in _main
    bench = self._manager()
  File "C:\Python\Python314\Lib\site-packages\pyperf\_runner.py", line 681, in _manager
    bench = Manager(self).create_bench()
  File "C:\Python\Python314\Lib\site-packages\pyperf\_manager.py", line 243, in create_bench
    worker_bench, run = self.create_worker_bench()
                        ~~~~~~~~~~~~~~~~~~~~~~~~^^
  File "C:\Python\Python314\Lib\site-packages\pyperf\_manager.py", line 142, in create_worker_bench
    suite = self.create_suite()
  File "C:\Python\Python314\Lib\site-packages\pyperf\_manager.py", line 132, in create_suite
    suite = self.spawn_worker(self.calibrate_loops, 0)
  File "C:\Python\Python314\Lib\site-packages\pyperf\_manager.py", line 118, in spawn_worker
    raise RuntimeError("%s failed with exit code %s"
                       % (cmd[0], exitcode))
RuntimeError: D:\CantorAI\xlang3\build-repro\Release\xlang3.exe failed with exit code 1
Traceback (most recent call last):
  File "C:\Python\Python314\Lib\site-packages\pyperformance\run.py", line 171, in run_benchmarks
    result = bench.run(
        bench_venv.python,
    ...<3 lines>...
        verbose=options.verbose,
    )
  File "D:\CantorAI\xlang3\benchmarks\diagnostics\run_pyperformance_xlang3_shimmed.py", line 145, in run_named_benchmark
    return original_benchmark_run(benchmark, *positional, **keywords)
  File "C:\Python\Python314\Lib\site-packages\pyperformance\_benchmark.py", line 193, in run
    bench = _run_perf_script(
        python,
    ...<4 lines>...
        verbose=verbose,
    )
  File "C:\Python\Python314\Lib\site-packages\pyperformance\_benchmark.py", line 250, in _run_perf_script
    raise RuntimeError("Benchmark died")
RuntimeError: Benchmark died
ERROR: Benchmark async_tree_eager_cpu_io_mixed_tg failed: Benchmark died
[11/97] async_tree_eager_io...
Traceback (most recent call last):
  File "C:\Python\Python314\Lib\site-packages\pyperformance\data-files\benchmarks\bm_async_tree\run_benchmark.py", line 201, in <module>
    runner.bench_async_func(bench_name, async_tree.run)
    ~~~~~~~~~~~~~~~~~~~~~~~^^^^^^^^^^^^^^^^^^^^^^^^^^^^
  File "C:\Python\Python314\Lib\site-packages\pyperf\_runner.py", line 613, in bench_async_func
    result = self._main(task)
  File "C:\Python\Python314\Lib\site-packages\pyperf\_runner.py", line 463, in _main
    bench = self._worker(task)
  File "C:\Python\Python314\Lib\site-packages\pyperf\_runner.py", line 436, in _worker
    self._process_priority()
    ~~~~~~~~~~~~~~~~~~~~~~^^
  File "C:\Python\Python314\Lib\site-packages\pyperf\_runner.py", line 431, in _process_priority
    if not set_highest_priority():
           ~~~~~~~~~~~~~~~~~~~~^^
  File "C:\Python\Python314\Lib\site-packages\pyperf\_cpu_utils.py", line 173, in set_highest_priority
    proc = psutil.Process()
  File "C:\Python\Python314\Lib\site-packages\psutil\__init__.py", line 314, in __init__
    self._init(pid)
    ~~~~~~~~~~^^^^^
  File "C:\Python\Python314\Lib\site-packages\psutil\__init__.py", line 347, in _init
    self._ident = self._get_ident()
                  ~~~~~~~~~~~~~~~^^
  File "C:\Python\Python314\Lib\site-packages\psutil\__init__.py", line 388, in _get_ident
    self._create_time = self._proc.create_time(fast_only=True)
                        ~~~~~~~~~~~~~~~~~~~~~~^^^^^^^^^^^^^^^^
  File "C:\Python\Python314\Lib\site-packages\psutil\_pswindows.py", line 666, in wrapper
    return fun(self, *args, **kwargs)
  File "C:\Python\Python314\Lib\site-packages\psutil\_pswindows.py", line 914, in create_time
    _user, _system, created = cext.proc_times(self.pid)
                              ~~~~~~~~~~~~~~~^^^^^^^^^^
AttributeError: module 'psutil._psutil_windows' has no attribute 'proc_times'
Traceback (most recent call last):
  File "C:\Python\Python314\Lib\site-packages\pyperformance\data-files\benchmarks\bm_async_tree\run_benchmark.py", line 201, in <module>
    runner.bench_async_func(bench_name, async_tree.run)
    ~~~~~~~~~~~~~~~~~~~~~~~^^^^^^^^^^^^^^^^^^^^^^^^^^^^
  File "C:\Python\Python314\Lib\site-packages\pyperf\_runner.py", line 613, in bench_async_func
    result = self._main(task)
  File "C:\Python\Python314\Lib\site-packages\pyperf\_runner.py", line 468, in _main
    bench = self._manager()
  File "C:\Python\Python314\Lib\site-packages\pyperf\_runner.py", line 681, in _manager
    bench = Manager(self).create_bench()
  File "C:\Python\Python314\Lib\site-packages\pyperf\_manager.py", line 243, in create_bench
    worker_bench, run = self.create_worker_bench()
                        ~~~~~~~~~~~~~~~~~~~~~~~~^^
  File "C:\Python\Python314\Lib\site-packages\pyperf\_manager.py", line 142, in create_worker_bench
    suite = self.create_suite()
  File "C:\Python\Python314\Lib\site-packages\pyperf\_manager.py", line 132, in create_suite
    suite = self.spawn_worker(self.calibrate_loops, 0)
  File "C:\Python\Python314\Lib\site-packages\pyperf\_manager.py", line 118, in spawn_worker
    raise RuntimeError("%s failed with exit code %s"
                       % (cmd[0], exitcode))
RuntimeError: D:\CantorAI\xlang3\build-repro\Release\xlang3.exe failed with exit code 1
Traceback (most recent call last):
  File "C:\Python\Python314\Lib\site-packages\pyperformance\run.py", line 171, in run_benchmarks
    result = bench.run(
        bench_venv.python,
    ...<3 lines>...
        verbose=options.verbose,
    )
  File "D:\CantorAI\xlang3\benchmarks\diagnostics\run_pyperformance_xlang3_shimmed.py", line 145, in run_named_benchmark
    return original_benchmark_run(benchmark, *positional, **keywords)
  File "C:\Python\Python314\Lib\site-packages\pyperformance\_benchmark.py", line 193, in run
    bench = _run_perf_script(
        python,
    ...<4 lines>...
        verbose=verbose,
    )
  File "C:\Python\Python314\Lib\site-packages\pyperformance\_benchmark.py", line 250, in _run_perf_script
    raise RuntimeError("Benchmark died")
RuntimeError: Benchmark died
ERROR: Benchmark async_tree_eager_io failed: Benchmark died
[12/97] async_tree_eager_io_tg...
Traceback (most recent call last):
  File "C:\Python\Python314\Lib\site-packages\pyperformance\data-files\benchmarks\bm_async_tree\run_benchmark.py", line 201, in <module>
    runner.bench_async_func(bench_name, async_tree.run)
    ~~~~~~~~~~~~~~~~~~~~~~~^^^^^^^^^^^^^^^^^^^^^^^^^^^^
  File "C:\Python\Python314\Lib\site-packages\pyperf\_runner.py", line 613, in bench_async_func
    result = self._main(task)
  File "C:\Python\Python314\Lib\site-packages\pyperf\_runner.py", line 463, in _main
    bench = self._worker(task)
  File "C:\Python\Python314\Lib\site-packages\pyperf\_runner.py", line 436, in _worker
    self._process_priority()
    ~~~~~~~~~~~~~~~~~~~~~~^^
  File "C:\Python\Python314\Lib\site-packages\pyperf\_runner.py", line 431, in _process_priority
    if not set_highest_priority():
           ~~~~~~~~~~~~~~~~~~~~^^
  File "C:\Python\Python314\Lib\site-packages\pyperf\_cpu_utils.py", line 173, in set_highest_priority
    proc = psutil.Process()
  File "C:\Python\Python314\Lib\site-packages\psutil\__init__.py", line 314, in __init__
    self._init(pid)
    ~~~~~~~~~~^^^^^
  File "C:\Python\Python314\Lib\site-packages\psutil\__init__.py", line 347, in _init
    self._ident = self._get_ident()
                  ~~~~~~~~~~~~~~~^^
  File "C:\Python\Python314\Lib\site-packages\psutil\__init__.py", line 388, in _get_ident
    self._create_time = self._proc.create_time(fast_only=True)
                        ~~~~~~~~~~~~~~~~~~~~~~^^^^^^^^^^^^^^^^
  File "C:\Python\Python314\Lib\site-packages\psutil\_pswindows.py", line 666, in wrapper
    return fun(self, *args, **kwargs)
  File "C:\Python\Python314\Lib\site-packages\psutil\_pswindows.py", line 914, in create_time
    _user, _system, created = cext.proc_times(self.pid)
                              ~~~~~~~~~~~~~~~^^^^^^^^^^
AttributeError: module 'psutil._psutil_windows' has no attribute 'proc_times'
Traceback (most recent call last):
  File "C:\Python\Python314\Lib\site-packages\pyperformance\data-files\benchmarks\bm_async_tree\run_benchmark.py", line 201, in <module>
    runner.bench_async_func(bench_name, async_tree.run)
    ~~~~~~~~~~~~~~~~~~~~~~~^^^^^^^^^^^^^^^^^^^^^^^^^^^^
  File "C:\Python\Python314\Lib\site-packages\pyperf\_runner.py", line 613, in bench_async_func
    result = self._main(task)
  File "C:\Python\Python314\Lib\site-packages\pyperf\_runner.py", line 468, in _main
    bench = self._manager()
  File "C:\Python\Python314\Lib\site-packages\pyperf\_runner.py", line 681, in _manager
    bench = Manager(self).create_bench()
  File "C:\Python\Python314\Lib\site-packages\pyperf\_manager.py", line 243, in create_bench
    worker_bench, run = self.create_worker_bench()
                        ~~~~~~~~~~~~~~~~~~~~~~~~^^
  File "C:\Python\Python314\Lib\site-packages\pyperf\_manager.py", line 142, in create_worker_bench
    suite = self.create_suite()
  File "C:\Python\Python314\Lib\site-packages\pyperf\_manager.py", line 132, in create_suite
    suite = self.spawn_worker(self.calibrate_loops, 0)
  File "C:\Python\Python314\Lib\site-packages\pyperf\_manager.py", line 118, in spawn_worker
    raise RuntimeError("%s failed with exit code %s"
                       % (cmd[0], exitcode))
RuntimeError: D:\CantorAI\xlang3\build-repro\Release\xlang3.exe failed with exit code 1
Traceback (most recent call last):
  File "C:\Python\Python314\Lib\site-packages\pyperformance\run.py", line 171, in run_benchmarks
    result = bench.run(
        bench_venv.python,
    ...<3 lines>...
        verbose=options.verbose,
    )
  File "D:\CantorAI\xlang3\benchmarks\diagnostics\run_pyperformance_xlang3_shimmed.py", line 145, in run_named_benchmark
    return original_benchmark_run(benchmark, *positional, **keywords)
  File "C:\Python\Python314\Lib\site-packages\pyperformance\_benchmark.py", line 193, in run
    bench = _run_perf_script(
        python,
    ...<4 lines>...
        verbose=verbose,
    )
  File "C:\Python\Python314\Lib\site-packages\pyperformance\_benchmark.py", line 250, in _run_perf_script
    raise RuntimeError("Benchmark died")
RuntimeError: Benchmark died
ERROR: Benchmark async_tree_eager_io_tg failed: Benchmark died
[13/97] async_tree_eager_memoization...
Traceback (most recent call last):
  File "C:\Python\Python314\Lib\site-packages\pyperformance\data-files\benchmarks\bm_async_tree\run_benchmark.py", line 201, in <module>
    runner.bench_async_func(bench_name, async_tree.run)
    ~~~~~~~~~~~~~~~~~~~~~~~^^^^^^^^^^^^^^^^^^^^^^^^^^^^
  File "C:\Python\Python314\Lib\site-packages\pyperf\_runner.py", line 613, in bench_async_func
    result = self._main(task)
  File "C:\Python\Python314\Lib\site-packages\pyperf\_runner.py", line 463, in _main
    bench = self._worker(task)
  File "C:\Python\Python314\Lib\site-packages\pyperf\_runner.py", line 436, in _worker
    self._process_priority()
    ~~~~~~~~~~~~~~~~~~~~~~^^
  File "C:\Python\Python314\Lib\site-packages\pyperf\_runner.py", line 431, in _process_priority
    if not set_highest_priority():
           ~~~~~~~~~~~~~~~~~~~~^^
  File "C:\Python\Python314\Lib\site-packages\pyperf\_cpu_utils.py", line 173, in set_highest_priority
    proc = psutil.Process()
  File "C:\Python\Python314\Lib\site-packages\psutil\__init__.py", line 314, in __init__
    self._init(pid)
    ~~~~~~~~~~^^^^^
  File "C:\Python\Python314\Lib\site-packages\psutil\__init__.py", line 347, in _init
    self._ident = self._get_ident()
                  ~~~~~~~~~~~~~~~^^
  File "C:\Python\Python314\Lib\site-packages\psutil\__init__.py", line 388, in _get_ident
    self._create_time = self._proc.create_time(fast_only=True)
                        ~~~~~~~~~~~~~~~~~~~~~~^^^^^^^^^^^^^^^^
  File "C:\Python\Python314\Lib\site-packages\psutil\_pswindows.py", line 666, in wrapper
    return fun(self, *args, **kwargs)
  File "C:\Python\Python314\Lib\site-packages\psutil\_pswindows.py", line 914, in create_time
    _user, _system, created = cext.proc_times(self.pid)
                              ~~~~~~~~~~~~~~~^^^^^^^^^^
AttributeError: module 'psutil._psutil_windows' has no attribute 'proc_times'
Traceback (most recent call last):
  File "C:\Python\Python314\Lib\site-packages\pyperformance\data-files\benchmarks\bm_async_tree\run_benchmark.py", line 201, in <module>
    runner.bench_async_func(bench_name, async_tree.run)
    ~~~~~~~~~~~~~~~~~~~~~~~^^^^^^^^^^^^^^^^^^^^^^^^^^^^
  File "C:\Python\Python314\Lib\site-packages\pyperf\_runner.py", line 613, in bench_async_func
    result = self._main(task)
  File "C:\Python\Python314\Lib\site-packages\pyperf\_runner.py", line 468, in _main
    bench = self._manager()
  File "C:\Python\Python314\Lib\site-packages\pyperf\_runner.py", line 681, in _manager
    bench = Manager(self).create_bench()
  File "C:\Python\Python314\Lib\site-packages\pyperf\_manager.py", line 243, in create_bench
    worker_bench, run = self.create_worker_bench()
                        ~~~~~~~~~~~~~~~~~~~~~~~~^^
  File "C:\Python\Python314\Lib\site-packages\pyperf\_manager.py", line 142, in create_worker_bench
    suite = self.create_suite()
  File "C:\Python\Python314\Lib\site-packages\pyperf\_manager.py", line 132, in create_suite
    suite = self.spawn_worker(self.calibrate_loops, 0)
  File "C:\Python\Python314\Lib\site-packages\pyperf\_manager.py", line 118, in spawn_worker
    raise RuntimeError("%s failed with exit code %s"
                       % (cmd[0], exitcode))
RuntimeError: D:\CantorAI\xlang3\build-repro\Release\xlang3.exe failed with exit code 1
Traceback (most recent call last):
  File "C:\Python\Python314\Lib\site-packages\pyperformance\run.py", line 171, in run_benchmarks
    result = bench.run(
        bench_venv.python,
    ...<3 lines>...
        verbose=options.verbose,
    )
  File "D:\CantorAI\xlang3\benchmarks\diagnostics\run_pyperformance_xlang3_shimmed.py", line 145, in run_named_benchmark
    return original_benchmark_run(benchmark, *positional, **keywords)
  File "C:\Python\Python314\Lib\site-packages\pyperformance\_benchmark.py", line 193, in run
    bench = _run_perf_script(
        python,
    ...<4 lines>...
        verbose=verbose,
    )
  File "C:\Python\Python314\Lib\site-packages\pyperformance\_benchmark.py", line 250, in _run_perf_script
    raise RuntimeError("Benchmark died")
RuntimeError: Benchmark died
ERROR: Benchmark async_tree_eager_memoization failed: Benchmark died
[14/97] async_tree_eager_memoization_tg...
Traceback (most recent call last):
  File "C:\Python\Python314\Lib\site-packages\pyperformance\data-files\benchmarks\bm_async_tree\run_benchmark.py", line 201, in <module>
    runner.bench_async_func(bench_name, async_tree.run)
    ~~~~~~~~~~~~~~~~~~~~~~~^^^^^^^^^^^^^^^^^^^^^^^^^^^^
  File "C:\Python\Python314\Lib\site-packages\pyperf\_runner.py", line 613, in bench_async_func
    result = self._main(task)
  File "C:\Python\Python314\Lib\site-packages\pyperf\_runner.py", line 463, in _main
    bench = self._worker(task)
  File "C:\Python\Python314\Lib\site-packages\pyperf\_runner.py", line 436, in _worker
    self._process_priority()
    ~~~~~~~~~~~~~~~~~~~~~~^^
  File "C:\Python\Python314\Lib\site-packages\pyperf\_runner.py", line 431, in _process_priority
    if not set_highest_priority():
           ~~~~~~~~~~~~~~~~~~~~^^
  File "C:\Python\Python314\Lib\site-packages\pyperf\_cpu_utils.py", line 173, in set_highest_priority
    proc = psutil.Process()
  File "C:\Python\Python314\Lib\site-packages\psutil\__init__.py", line 314, in __init__
    self._init(pid)
    ~~~~~~~~~~^^^^^
  File "C:\Python\Python314\Lib\site-packages\psutil\__init__.py", line 347, in _init
    self._ident = self._get_ident()
                  ~~~~~~~~~~~~~~~^^
  File "C:\Python\Python314\Lib\site-packages\psutil\__init__.py", line 388, in _get_ident
    self._create_time = self._proc.create_time(fast_only=True)
                        ~~~~~~~~~~~~~~~~~~~~~~^^^^^^^^^^^^^^^^
  File "C:\Python\Python314\Lib\site-packages\psutil\_pswindows.py", line 666, in wrapper
    return fun(self, *args, **kwargs)
  File "C:\Python\Python314\Lib\site-packages\psutil\_pswindows.py", line 914, in create_time
    _user, _system, created = cext.proc_times(self.pid)
                              ~~~~~~~~~~~~~~~^^^^^^^^^^
AttributeError: module 'psutil._psutil_windows' has no attribute 'proc_times'
Traceback (most recent call last):
  File "C:\Python\Python314\Lib\site-packages\pyperformance\data-files\benchmarks\bm_async_tree\run_benchmark.py", line 201, in <module>
    runner.bench_async_func(bench_name, async_tree.run)
    ~~~~~~~~~~~~~~~~~~~~~~~^^^^^^^^^^^^^^^^^^^^^^^^^^^^
  File "C:\Python\Python314\Lib\site-packages\pyperf\_runner.py", line 613, in bench_async_func
    result = self._main(task)
  File "C:\Python\Python314\Lib\site-packages\pyperf\_runner.py", line 468, in _main
    bench = self._manager()
  File "C:\Python\Python314\Lib\site-packages\pyperf\_runner.py", line 681, in _manager
    bench = Manager(self).create_bench()
  File "C:\Python\Python314\Lib\site-packages\pyperf\_manager.py", line 243, in create_bench
    worker_bench, run = self.create_worker_bench()
                        ~~~~~~~~~~~~~~~~~~~~~~~~^^
  File "C:\Python\Python314\Lib\site-packages\pyperf\_manager.py", line 142, in create_worker_bench
    suite = self.create_suite()
  File "C:\Python\Python314\Lib\site-packages\pyperf\_manager.py", line 132, in create_suite
    suite = self.spawn_worker(self.calibrate_loops, 0)
  File "C:\Python\Python314\Lib\site-packages\pyperf\_manager.py", line 118, in spawn_worker
    raise RuntimeError("%s failed with exit code %s"
                       % (cmd[0], exitcode))
RuntimeError: D:\CantorAI\xlang3\build-repro\Release\xlang3.exe failed with exit code 1
Traceback (most recent call last):
  File "C:\Python\Python314\Lib\site-packages\pyperformance\run.py", line 171, in run_benchmarks
    result = bench.run(
        bench_venv.python,
    ...<3 lines>...
        verbose=options.verbose,
    )
  File "D:\CantorAI\xlang3\benchmarks\diagnostics\run_pyperformance_xlang3_shimmed.py", line 145, in run_named_benchmark
    return original_benchmark_run(benchmark, *positional, **keywords)
  File "C:\Python\Python314\Lib\site-packages\pyperformance\_benchmark.py", line 193, in run
    bench = _run_perf_script(
        python,
    ...<4 lines>...
        verbose=verbose,
    )
  File "C:\Python\Python314\Lib\site-packages\pyperformance\_benchmark.py", line 250, in _run_perf_script
    raise RuntimeError("Benchmark died")
RuntimeError: Benchmark died
ERROR: Benchmark async_tree_eager_memoization_tg failed: Benchmark died
[15/97] async_tree_eager_tg...
Traceback (most recent call last):
  File "C:\Python\Python314\Lib\site-packages\pyperformance\data-files\benchmarks\bm_async_tree\run_benchmark.py", line 201, in <module>
    runner.bench_async_func(bench_name, async_tree.run)
    ~~~~~~~~~~~~~~~~~~~~~~~^^^^^^^^^^^^^^^^^^^^^^^^^^^^
  File "C:\Python\Python314\Lib\site-packages\pyperf\_runner.py", line 613, in bench_async_func
    result = self._main(task)
  File "C:\Python\Python314\Lib\site-packages\pyperf\_runner.py", line 463, in _main
    bench = self._worker(task)
  File "C:\Python\Python314\Lib\site-packages\pyperf\_runner.py", line 436, in _worker
    self._process_priority()
    ~~~~~~~~~~~~~~~~~~~~~~^^
  File "C:\Python\Python314\Lib\site-packages\pyperf\_runner.py", line 431, in _process_priority
    if not set_highest_priority():
           ~~~~~~~~~~~~~~~~~~~~^^
  File "C:\Python\Python314\Lib\site-packages\pyperf\_cpu_utils.py", line 173, in set_highest_priority
    proc = psutil.Process()
  File "C:\Python\Python314\Lib\site-packages\psutil\__init__.py", line 314, in __init__
    self._init(pid)
    ~~~~~~~~~~^^^^^
  File "C:\Python\Python314\Lib\site-packages\psutil\__init__.py", line 347, in _init
    self._ident = self._get_ident()
                  ~~~~~~~~~~~~~~~^^
  File "C:\Python\Python314\Lib\site-packages\psutil\__init__.py", line 388, in _get_ident
    self._create_time = self._proc.create_time(fast_only=True)
                        ~~~~~~~~~~~~~~~~~~~~~~^^^^^^^^^^^^^^^^
  File "C:\Python\Python314\Lib\site-packages\psutil\_pswindows.py", line 666, in wrapper
    return fun(self, *args, **kwargs)
  File "C:\Python\Python314\Lib\site-packages\psutil\_pswindows.py", line 914, in create_time
    _user, _system, created = cext.proc_times(self.pid)
                              ~~~~~~~~~~~~~~~^^^^^^^^^^
AttributeError: module 'psutil._psutil_windows' has no attribute 'proc_times'
Traceback (most recent call last):
  File "C:\Python\Python314\Lib\site-packages\pyperformance\data-files\benchmarks\bm_async_tree\run_benchmark.py", line 201, in <module>
    runner.bench_async_func(bench_name, async_tree.run)
    ~~~~~~~~~~~~~~~~~~~~~~~^^^^^^^^^^^^^^^^^^^^^^^^^^^^
  File "C:\Python\Python314\Lib\site-packages\pyperf\_runner.py", line 613, in bench_async_func
    result = self._main(task)
  File "C:\Python\Python314\Lib\site-packages\pyperf\_runner.py", line 468, in _main
    bench = self._manager()
  File "C:\Python\Python314\Lib\site-packages\pyperf\_runner.py", line 681, in _manager
    bench = Manager(self).create_bench()
  File "C:\Python\Python314\Lib\site-packages\pyperf\_manager.py", line 243, in create_bench
    worker_bench, run = self.create_worker_bench()
                        ~~~~~~~~~~~~~~~~~~~~~~~~^^
  File "C:\Python\Python314\Lib\site-packages\pyperf\_manager.py", line 142, in create_worker_bench
    suite = self.create_suite()
  File "C:\Python\Python314\Lib\site-packages\pyperf\_manager.py", line 132, in create_suite
    suite = self.spawn_worker(self.calibrate_loops, 0)
  File "C:\Python\Python314\Lib\site-packages\pyperf\_manager.py", line 118, in spawn_worker
    raise RuntimeError("%s failed with exit code %s"
                       % (cmd[0], exitcode))
RuntimeError: D:\CantorAI\xlang3\build-repro\Release\xlang3.exe failed with exit code 1
Traceback (most recent call last):
  File "C:\Python\Python314\Lib\site-packages\pyperformance\run.py", line 171, in run_benchmarks
    result = bench.run(
        bench_venv.python,
    ...<3 lines>...
        verbose=options.verbose,
    )
  File "D:\CantorAI\xlang3\benchmarks\diagnostics\run_pyperformance_xlang3_shimmed.py", line 145, in run_named_benchmark
    return original_benchmark_run(benchmark, *positional, **keywords)
  File "C:\Python\Python314\Lib\site-packages\pyperformance\_benchmark.py", line 193, in run
    bench = _run_perf_script(
        python,
    ...<4 lines>...
        verbose=verbose,
    )
  File "C:\Python\Python314\Lib\site-packages\pyperformance\_benchmark.py", line 250, in _run_perf_script
    raise RuntimeError("Benchmark died")
RuntimeError: Benchmark died
ERROR: Benchmark async_tree_eager_tg failed: Benchmark died
[16/97] async_tree_io...
Traceback (most recent call last):
  File "C:\Python\Python314\Lib\site-packages\pyperformance\data-files\benchmarks\bm_async_tree\run_benchmark.py", line 201, in <module>
    runner.bench_async_func(bench_name, async_tree.run)
    ~~~~~~~~~~~~~~~~~~~~~~~^^^^^^^^^^^^^^^^^^^^^^^^^^^^
  File "C:\Python\Python314\Lib\site-packages\pyperf\_runner.py", line 613, in bench_async_func
    result = self._main(task)
  File "C:\Python\Python314\Lib\site-packages\pyperf\_runner.py", line 463, in _main
    bench = self._worker(task)
  File "C:\Python\Python314\Lib\site-packages\pyperf\_runner.py", line 436, in _worker
    self._process_priority()
    ~~~~~~~~~~~~~~~~~~~~~~^^
  File "C:\Python\Python314\Lib\site-packages\pyperf\_runner.py", line 431, in _process_priority
    if not set_highest_priority():
           ~~~~~~~~~~~~~~~~~~~~^^
  File "C:\Python\Python314\Lib\site-packages\pyperf\_cpu_utils.py", line 173, in set_highest_priority
    proc = psutil.Process()
  File "C:\Python\Python314\Lib\site-packages\psutil\__init__.py", line 314, in __init__
    self._init(pid)
    ~~~~~~~~~~^^^^^
  File "C:\Python\Python314\Lib\site-packages\psutil\__init__.py", line 347, in _init
    self._ident = self._get_ident()
                  ~~~~~~~~~~~~~~~^^
  File "C:\Python\Python314\Lib\site-packages\psutil\__init__.py", line 388, in _get_ident
    self._create_time = self._proc.create_time(fast_only=True)
                        ~~~~~~~~~~~~~~~~~~~~~~^^^^^^^^^^^^^^^^
  File "C:\Python\Python314\Lib\site-packages\psutil\_pswindows.py", line 666, in wrapper
    return fun(self, *args, **kwargs)
  File "C:\Python\Python314\Lib\site-packages\psutil\_pswindows.py", line 914, in create_time
    _user, _system, created = cext.proc_times(self.pid)
                              ~~~~~~~~~~~~~~~^^^^^^^^^^
AttributeError: module 'psutil._psutil_windows' has no attribute 'proc_times'
Traceback (most recent call last):
  File "C:\Python\Python314\Lib\site-packages\pyperformance\data-files\benchmarks\bm_async_tree\run_benchmark.py", line 201, in <module>
    runner.bench_async_func(bench_name, async_tree.run)
    ~~~~~~~~~~~~~~~~~~~~~~~^^^^^^^^^^^^^^^^^^^^^^^^^^^^
  File "C:\Python\Python314\Lib\site-packages\pyperf\_runner.py", line 613, in bench_async_func
    result = self._main(task)
  File "C:\Python\Python314\Lib\site-packages\pyperf\_runner.py", line 468, in _main
    bench = self._manager()
  File "C:\Python\Python314\Lib\site-packages\pyperf\_runner.py", line 681, in _manager
    bench = Manager(self).create_bench()
  File "C:\Python\Python314\Lib\site-packages\pyperf\_manager.py", line 243, in create_bench
    worker_bench, run = self.create_worker_bench()
                        ~~~~~~~~~~~~~~~~~~~~~~~~^^
  File "C:\Python\Python314\Lib\site-packages\pyperf\_manager.py", line 142, in create_worker_bench
    suite = self.create_suite()
  File "C:\Python\Python314\Lib\site-packages\pyperf\_manager.py", line 132, in create_suite
    suite = self.spawn_worker(self.calibrate_loops, 0)
  File "C:\Python\Python314\Lib\site-packages\pyperf\_manager.py", line 118, in spawn_worker
    raise RuntimeError("%s failed with exit code %s"
                       % (cmd[0], exitcode))
RuntimeError: D:\CantorAI\xlang3\build-repro\Release\xlang3.exe failed with exit code 1
Traceback (most recent call last):
  File "C:\Python\Python314\Lib\site-packages\pyperformance\run.py", line 171, in run_benchmarks
    result = bench.run(
        bench_venv.python,
ERROR: Benchmark async_tree_io failed: Benchmark died
[17/97] async_tree_io_tg...
    ...<3 lines>...
        verbose=options.verbose,
    )
  File "D:\CantorAI\xlang3\benchmarks\diagnostics\run_pyperformance_xlang3_shimmed.py", line 145, in run_named_benchmark
    return original_benchmark_run(benchmark, *positional, **keywords)
  File "C:\Python\Python314\Lib\site-packages\pyperformance\_benchmark.py", line 193, in run
    bench = _run_perf_script(
        python,
    ...<4 lines>...
        verbose=verbose,
    )
  File "C:\Python\Python314\Lib\site-packages\pyperformance\_benchmark.py", line 250, in _run_perf_script
    raise RuntimeError("Benchmark died")
RuntimeError: Benchmark died
Traceback (most recent call last):
  File "C:\Python\Python314\Lib\site-packages\pyperformance\data-files\benchmarks\bm_async_tree\run_benchmark.py", line 201, in <module>
    runner.bench_async_func(bench_name, async_tree.run)
    ~~~~~~~~~~~~~~~~~~~~~~~^^^^^^^^^^^^^^^^^^^^^^^^^^^^
  File "C:\Python\Python314\Lib\site-packages\pyperf\_runner.py", line 613, in bench_async_func
    result = self._main(task)
  File "C:\Python\Python314\Lib\site-packages\pyperf\_runner.py", line 463, in _main
    bench = self._worker(task)
  File "C:\Python\Python314\Lib\site-packages\pyperf\_runner.py", line 436, in _worker
    self._process_priority()
    ~~~~~~~~~~~~~~~~~~~~~~^^
  File "C:\Python\Python314\Lib\site-packages\pyperf\_runner.py", line 431, in _process_priority
    if not set_highest_priority():
           ~~~~~~~~~~~~~~~~~~~~^^
  File "C:\Python\Python314\Lib\site-packages\pyperf\_cpu_utils.py", line 173, in set_highest_priority
    proc = psutil.Process()
  File "C:\Python\Python314\Lib\site-packages\psutil\__init__.py", line 314, in __init__
    self._init(pid)
    ~~~~~~~~~~^^^^^
  File "C:\Python\Python314\Lib\site-packages\psutil\__init__.py", line 347, in _init
    self._ident = self._get_ident()
                  ~~~~~~~~~~~~~~~^^
  File "C:\Python\Python314\Lib\site-packages\psutil\__init__.py", line 388, in _get_ident
    self._create_time = self._proc.create_time(fast_only=True)
                        ~~~~~~~~~~~~~~~~~~~~~~^^^^^^^^^^^^^^^^
  File "C:\Python\Python314\Lib\site-packages\psutil\_pswindows.py", line 666, in wrapper
    return fun(self, *args, **kwargs)
  File "C:\Python\Python314\Lib\site-packages\psutil\_pswindows.py", line 914, in create_time
    _user, _system, created = cext.proc_times(self.pid)
                              ~~~~~~~~~~~~~~~^^^^^^^^^^
AttributeError: module 'psutil._psutil_windows' has no attribute 'proc_times'
Traceback (most recent call last):
  File "C:\Python\Python314\Lib\site-packages\pyperformance\data-files\benchmarks\bm_async_tree\run_benchmark.py", line 201, in <module>
    runner.bench_async_func(bench_name, async_tree.run)
    ~~~~~~~~~~~~~~~~~~~~~~~^^^^^^^^^^^^^^^^^^^^^^^^^^^^
  File "C:\Python\Python314\Lib\site-packages\pyperf\_runner.py", line 613, in bench_async_func
    result = self._main(task)
  File "C:\Python\Python314\Lib\site-packages\pyperf\_runner.py", line 468, in _main
    bench = self._manager()
  File "C:\Python\Python314\Lib\site-packages\pyperf\_runner.py", line 681, in _manager
    bench = Manager(self).create_bench()
  File "C:\Python\Python314\Lib\site-packages\pyperf\_manager.py", line 243, in create_bench
    worker_bench, run = self.create_worker_bench()
                        ~~~~~~~~~~~~~~~~~~~~~~~~^^
  File "C:\Python\Python314\Lib\site-packages\pyperf\_manager.py", line 142, in create_worker_bench
    suite = self.create_suite()
  File "C:\Python\Python314\Lib\site-packages\pyperf\_manager.py", line 132, in create_suite
    suite = self.spawn_worker(self.calibrate_loops, 0)
  File "C:\Python\Python314\Lib\site-packages\pyperf\_manager.py", line 118, in spawn_worker
    raise RuntimeError("%s failed with exit code %s"
                       % (cmd[0], exitcode))
RuntimeError: D:\CantorAI\xlang3\build-repro\Release\xlang3.exe failed with exit code 1
Traceback (most recent call last):
  File "C:\Python\Python314\Lib\site-packages\pyperformance\run.py", line 171, in run_benchmarks
    result = bench.run(
        bench_venv.python,
    ...<3 lines>...
        verbose=options.verbose,
    )
  File "D:\CantorAI\xlang3\benchmarks\diagnostics\run_pyperformance_xlang3_shimmed.py", line 145, in run_named_benchmark
    return original_benchmark_run(benchmark, *positional, **keywords)
  File "C:\Python\Python314\Lib\site-packages\pyperformance\_benchmark.py", line 193, in run
    bench = _run_perf_script(
        python,
    ...<4 lines>...
        verbose=verbose,
    )
  File "C:\Python\Python314\Lib\site-packages\pyperformance\_benchmark.py", line 250, in _run_perf_script
    raise RuntimeError("Benchmark died")
RuntimeError: Benchmark died
ERROR: Benchmark async_tree_io_tg failed: Benchmark died
[18/97] async_tree_memoization...
Traceback (most recent call last):
  File "C:\Python\Python314\Lib\site-packages\pyperformance\data-files\benchmarks\bm_async_tree\run_benchmark.py", line 201, in <module>
    runner.bench_async_func(bench_name, async_tree.run)
    ~~~~~~~~~~~~~~~~~~~~~~~^^^^^^^^^^^^^^^^^^^^^^^^^^^^
  File "C:\Python\Python314\Lib\site-packages\pyperf\_runner.py", line 613, in bench_async_func
    result = self._main(task)
  File "C:\Python\Python314\Lib\site-packages\pyperf\_runner.py", line 463, in _main
    bench = self._worker(task)
  File "C:\Python\Python314\Lib\site-packages\pyperf\_runner.py", line 436, in _worker
    self._process_priority()
    ~~~~~~~~~~~~~~~~~~~~~~^^
  File "C:\Python\Python314\Lib\site-packages\pyperf\_runner.py", line 431, in _process_priority
    if not set_highest_priority():
           ~~~~~~~~~~~~~~~~~~~~^^
  File "C:\Python\Python314\Lib\site-packages\pyperf\_cpu_utils.py", line 173, in set_highest_priority
    proc = psutil.Process()
  File "C:\Python\Python314\Lib\site-packages\psutil\__init__.py", line 314, in __init__
    self._init(pid)
    ~~~~~~~~~~^^^^^
  File "C:\Python\Python314\Lib\site-packages\psutil\__init__.py", line 347, in _init
    self._ident = self._get_ident()
                  ~~~~~~~~~~~~~~~^^
  File "C:\Python\Python314\Lib\site-packages\psutil\__init__.py", line 388, in _get_ident
    self._create_time = self._proc.create_time(fast_only=True)
                        ~~~~~~~~~~~~~~~~~~~~~~^^^^^^^^^^^^^^^^
  File "C:\Python\Python314\Lib\site-packages\psutil\_pswindows.py", line 666, in wrapper
    return fun(self, *args, **kwargs)
  File "C:\Python\Python314\Lib\site-packages\psutil\_pswindows.py", line 914, in create_time
    _user, _system, created = cext.proc_times(self.pid)
                              ~~~~~~~~~~~~~~~^^^^^^^^^^
AttributeError: module 'psutil._psutil_windows' has no attribute 'proc_times'
Traceback (most recent call last):
  File "C:\Python\Python314\Lib\site-packages\pyperformance\data-files\benchmarks\bm_async_tree\run_benchmark.py", line 201, in <module>
    runner.bench_async_func(bench_name, async_tree.run)
    ~~~~~~~~~~~~~~~~~~~~~~~^^^^^^^^^^^^^^^^^^^^^^^^^^^^
  File "C:\Python\Python314\Lib\site-packages\pyperf\_runner.py", line 613, in bench_async_func
    result = self._main(task)
  File "C:\Python\Python314\Lib\site-packages\pyperf\_runner.py", line 468, in _main
    bench = self._manager()
  File "C:\Python\Python314\Lib\site-packages\pyperf\_runner.py", line 681, in _manager
    bench = Manager(self).create_bench()
  File "C:\Python\Python314\Lib\site-packages\pyperf\_manager.py", line 243, in create_bench
    worker_bench, run = self.create_worker_bench()
                        ~~~~~~~~~~~~~~~~~~~~~~~~^^
  File "C:\Python\Python314\Lib\site-packages\pyperf\_manager.py", line 142, in create_worker_bench
    suite = self.create_suite()
  File "C:\Python\Python314\Lib\site-packages\pyperf\_manager.py", line 132, in create_suite
    suite = self.spawn_worker(self.calibrate_loops, 0)
  File "C:\Python\Python314\Lib\site-packages\pyperf\_manager.py", line 118, in spawn_worker
    raise RuntimeError("%s failed with exit code %s"
                       % (cmd[0], exitcode))
RuntimeError: D:\CantorAI\xlang3\build-repro\Release\xlang3.exe failed with exit code 1
Traceback (most recent call last):
ERROR: Benchmark async_tree_memoization failed: Benchmark died
[19/97] async_tree_memoization_tg...
  File "C:\Python\Python314\Lib\site-packages\pyperformance\run.py", line 171, in run_benchmarks
    result = bench.run(
        bench_venv.python,
    ...<3 lines>...
        verbose=options.verbose,
    )
  File "D:\CantorAI\xlang3\benchmarks\diagnostics\run_pyperformance_xlang3_shimmed.py", line 145, in run_named_benchmark
    return original_benchmark_run(benchmark, *positional, **keywords)
  File "C:\Python\Python314\Lib\site-packages\pyperformance\_benchmark.py", line 193, in run
    bench = _run_perf_script(
        python,
    ...<4 lines>...
        verbose=verbose,
    )
  File "C:\Python\Python314\Lib\site-packages\pyperformance\_benchmark.py", line 250, in _run_perf_script
    raise RuntimeError("Benchmark died")
RuntimeError: Benchmark died
Traceback (most recent call last):
  File "C:\Python\Python314\Lib\site-packages\pyperformance\data-files\benchmarks\bm_async_tree\run_benchmark.py", line 201, in <module>
    runner.bench_async_func(bench_name, async_tree.run)
    ~~~~~~~~~~~~~~~~~~~~~~~^^^^^^^^^^^^^^^^^^^^^^^^^^^^
  File "C:\Python\Python314\Lib\site-packages\pyperf\_runner.py", line 613, in bench_async_func
    result = self._main(task)
  File "C:\Python\Python314\Lib\site-packages\pyperf\_runner.py", line 463, in _main
    bench = self._worker(task)
  File "C:\Python\Python314\Lib\site-packages\pyperf\_runner.py", line 436, in _worker
    self._process_priority()
    ~~~~~~~~~~~~~~~~~~~~~~^^
  File "C:\Python\Python314\Lib\site-packages\pyperf\_runner.py", line 431, in _process_priority
    if not set_highest_priority():
           ~~~~~~~~~~~~~~~~~~~~^^
  File "C:\Python\Python314\Lib\site-packages\pyperf\_cpu_utils.py", line 173, in set_highest_priority
    proc = psutil.Process()
  File "C:\Python\Python314\Lib\site-packages\psutil\__init__.py", line 314, in __init__
    self._init(pid)
    ~~~~~~~~~~^^^^^
  File "C:\Python\Python314\Lib\site-packages\psutil\__init__.py", line 347, in _init
    self._ident = self._get_ident()
                  ~~~~~~~~~~~~~~~^^
  File "C:\Python\Python314\Lib\site-packages\psutil\__init__.py", line 388, in _get_ident
    self._create_time = self._proc.create_time(fast_only=True)
                        ~~~~~~~~~~~~~~~~~~~~~~^^^^^^^^^^^^^^^^
  File "C:\Python\Python314\Lib\site-packages\psutil\_pswindows.py", line 666, in wrapper
    return fun(self, *args, **kwargs)
  File "C:\Python\Python314\Lib\site-packages\psutil\_pswindows.py", line 914, in create_time
    _user, _system, created = cext.proc_times(self.pid)
                              ~~~~~~~~~~~~~~~^^^^^^^^^^
AttributeError: module 'psutil._psutil_windows' has no attribute 'proc_times'
Traceback (most recent call last):
  File "C:\Python\Python314\Lib\site-packages\pyperformance\data-files\benchmarks\bm_async_tree\run_benchmark.py", line 201, in <module>
    runner.bench_async_func(bench_name, async_tree.run)
    ~~~~~~~~~~~~~~~~~~~~~~~^^^^^^^^^^^^^^^^^^^^^^^^^^^^
  File "C:\Python\Python314\Lib\site-packages\pyperf\_runner.py", line 613, in bench_async_func
    result = self._main(task)
  File "C:\Python\Python314\Lib\site-packages\pyperf\_runner.py", line 468, in _main
    bench = self._manager()
  File "C:\Python\Python314\Lib\site-packages\pyperf\_runner.py", line 681, in _manager
    bench = Manager(self).create_bench()
  File "C:\Python\Python314\Lib\site-packages\pyperf\_manager.py", line 243, in create_bench
    worker_bench, run = self.create_worker_bench()
                        ~~~~~~~~~~~~~~~~~~~~~~~~^^
  File "C:\Python\Python314\Lib\site-packages\pyperf\_manager.py", line 142, in create_worker_bench
    suite = self.create_suite()
  File "C:\Python\Python314\Lib\site-packages\pyperf\_manager.py", line 132, in create_suite
    suite = self.spawn_worker(self.calibrate_loops, 0)
  File "C:\Python\Python314\Lib\site-packages\pyperf\_manager.py", line 118, in spawn_worker
    raise RuntimeError("%s failed with exit code %s"
                       % (cmd[0], exitcode))
RuntimeError: D:\CantorAI\xlang3\build-repro\Release\xlang3.exe failed with exit code 1
Traceback (most recent call last):
ERROR: Benchmark async_tree_memoization_tg failed: Benchmark died
[20/97] async_tree_tg...
  File "C:\Python\Python314\Lib\site-packages\pyperformance\run.py", line 171, in run_benchmarks
    result = bench.run(
        bench_venv.python,
    ...<3 lines>...
        verbose=options.verbose,
    )
  File "D:\CantorAI\xlang3\benchmarks\diagnostics\run_pyperformance_xlang3_shimmed.py", line 145, in run_named_benchmark
    return original_benchmark_run(benchmark, *positional, **keywords)
  File "C:\Python\Python314\Lib\site-packages\pyperformance\_benchmark.py", line 193, in run
    bench = _run_perf_script(
        python,
    ...<4 lines>...
        verbose=verbose,
    )
  File "C:\Python\Python314\Lib\site-packages\pyperformance\_benchmark.py", line 250, in _run_perf_script
    raise RuntimeError("Benchmark died")
RuntimeError: Benchmark died
Traceback (most recent call last):
  File "C:\Python\Python314\Lib\site-packages\pyperformance\data-files\benchmarks\bm_async_tree\run_benchmark.py", line 201, in <module>
    runner.bench_async_func(bench_name, async_tree.run)
    ~~~~~~~~~~~~~~~~~~~~~~~^^^^^^^^^^^^^^^^^^^^^^^^^^^^
  File "C:\Python\Python314\Lib\site-packages\pyperf\_runner.py", line 613, in bench_async_func
    result = self._main(task)
  File "C:\Python\Python314\Lib\site-packages\pyperf\_runner.py", line 463, in _main
    bench = self._worker(task)
  File "C:\Python\Python314\Lib\site-packages\pyperf\_runner.py", line 436, in _worker
    self._process_priority()
    ~~~~~~~~~~~~~~~~~~~~~~^^
  File "C:\Python\Python314\Lib\site-packages\pyperf\_runner.py", line 431, in _process_priority
    if not set_highest_priority():
           ~~~~~~~~~~~~~~~~~~~~^^
  File "C:\Python\Python314\Lib\site-packages\pyperf\_cpu_utils.py", line 173, in set_highest_priority
    proc = psutil.Process()
  File "C:\Python\Python314\Lib\site-packages\psutil\__init__.py", line 314, in __init__
    self._init(pid)
    ~~~~~~~~~~^^^^^
  File "C:\Python\Python314\Lib\site-packages\psutil\__init__.py", line 347, in _init
    self._ident = self._get_ident()
                  ~~~~~~~~~~~~~~~^^
  File "C:\Python\Python314\Lib\site-packages\psutil\__init__.py", line 388, in _get_ident
    self._create_time = self._proc.create_time(fast_only=True)
                        ~~~~~~~~~~~~~~~~~~~~~~^^^^^^^^^^^^^^^^
  File "C:\Python\Python314\Lib\site-packages\psutil\_pswindows.py", line 666, in wrapper
    return fun(self, *args, **kwargs)
  File "C:\Python\Python314\Lib\site-packages\psutil\_pswindows.py", line 914, in create_time
    _user, _system, created = cext.proc_times(self.pid)
                              ~~~~~~~~~~~~~~~^^^^^^^^^^
AttributeError: module 'psutil._psutil_windows' has no attribute 'proc_times'
Traceback (most recent call last):
  File "C:\Python\Python314\Lib\site-packages\pyperformance\data-files\benchmarks\bm_async_tree\run_benchmark.py", line 201, in <module>
    runner.bench_async_func(bench_name, async_tree.run)
    ~~~~~~~~~~~~~~~~~~~~~~~^^^^^^^^^^^^^^^^^^^^^^^^^^^^
  File "C:\Python\Python314\Lib\site-packages\pyperf\_runner.py", line 613, in bench_async_func
    result = self._main(task)
  File "C:\Python\Python314\Lib\site-packages\pyperf\_runner.py", line 468, in _main
    bench = self._manager()
  File "C:\Python\Python314\Lib\site-packages\pyperf\_runner.py", line 681, in _manager
    bench = Manager(self).create_bench()
  File "C:\Python\Python314\Lib\site-packages\pyperf\_manager.py", line 243, in create_bench
    worker_bench, run = self.create_worker_bench()
                        ~~~~~~~~~~~~~~~~~~~~~~~~^^
  File "C:\Python\Python314\Lib\site-packages\pyperf\_manager.py", line 142, in create_worker_bench
    suite = self.create_suite()
  File "C:\Python\Python314\Lib\site-packages\pyperf\_manager.py", line 132, in create_suite
    suite = self.spawn_worker(self.calibrate_loops, 0)
  File "C:\Python\Python314\Lib\site-packages\pyperf\_manager.py", line 118, in spawn_worker
    raise RuntimeError("%s failed with exit code %s"
                       % (cmd[0], exitcode))
RuntimeError: D:\CantorAI\xlang3\build-repro\Release\xlang3.exe failed with exit code 1
Traceback (most recent call last):
  File "C:\Python\Python314\Lib\site-packages\pyperformance\run.py", line 171, in run_benchmarks
    result = bench.run(
        bench_venv.python,
    ...<3 lines>...
        verbose=options.verbose,
    )
ERROR: Benchmark async_tree_tg failed: Benchmark died
[21/97] asyncio_tcp...
  File "D:\CantorAI\xlang3\benchmarks\diagnostics\run_pyperformance_xlang3_shimmed.py", line 145, in run_named_benchmark
    return original_benchmark_run(benchmark, *positional, **keywords)
  File "C:\Python\Python314\Lib\site-packages\pyperformance\_benchmark.py", line 193, in run
    bench = _run_perf_script(
        python,
    ...<4 lines>...
        verbose=verbose,
    )
  File "C:\Python\Python314\Lib\site-packages\pyperformance\_benchmark.py", line 250, in _run_perf_script
    raise RuntimeError("Benchmark died")
RuntimeError: Benchmark died
Traceback (most recent call last):
  File "C:\Python\Python314\Lib\site-packages\pyperformance\data-files\benchmarks\bm_asyncio_tcp\run_benchmark.py", line 72, in <module>
    runner.bench_async_func(name, main, args.ssl)
    ~~~~~~~~~~~~~~~~~~~~~~~^^^^^^^^^^^^^^^^^^^^^^
  File "C:\Python\Python314\Lib\site-packages\pyperf\_runner.py", line 613, in bench_async_func
    result = self._main(task)
  File "C:\Python\Python314\Lib\site-packages\pyperf\_runner.py", line 463, in _main
    bench = self._worker(task)
  File "C:\Python\Python314\Lib\site-packages\pyperf\_runner.py", line 436, in _worker
    self._process_priority()
    ~~~~~~~~~~~~~~~~~~~~~~^^
  File "C:\Python\Python314\Lib\site-packages\pyperf\_runner.py", line 431, in _process_priority
    if not set_highest_priority():
           ~~~~~~~~~~~~~~~~~~~~^^
  File "C:\Python\Python314\Lib\site-packages\pyperf\_cpu_utils.py", line 173, in set_highest_priority
    proc = psutil.Process()
  File "C:\Python\Python314\Lib\site-packages\psutil\__init__.py", line 314, in __init__
    self._init(pid)
    ~~~~~~~~~~^^^^^
  File "C:\Python\Python314\Lib\site-packages\psutil\__init__.py", line 347, in _init
    self._ident = self._get_ident()
                  ~~~~~~~~~~~~~~~^^
  File "C:\Python\Python314\Lib\site-packages\psutil\__init__.py", line 388, in _get_ident
    self._create_time = self._proc.create_time(fast_only=True)
                        ~~~~~~~~~~~~~~~~~~~~~~^^^^^^^^^^^^^^^^
  File "C:\Python\Python314\Lib\site-packages\psutil\_pswindows.py", line 666, in wrapper
    return fun(self, *args, **kwargs)
  File "C:\Python\Python314\Lib\site-packages\psutil\_pswindows.py", line 914, in create_time
    _user, _system, created = cext.proc_times(self.pid)
                              ~~~~~~~~~~~~~~~^^^^^^^^^^
AttributeError: module 'psutil._psutil_windows' has no attribute 'proc_times'
Traceback (most recent call last):
  File "C:\Python\Python314\Lib\site-packages\pyperformance\data-files\benchmarks\bm_asyncio_tcp\run_benchmark.py", line 72, in <module>
    runner.bench_async_func(name, main, args.ssl)
    ~~~~~~~~~~~~~~~~~~~~~~~^^^^^^^^^^^^^^^^^^^^^^
  File "C:\Python\Python314\Lib\site-packages\pyperf\_runner.py", line 613, in bench_async_func
    result = self._main(task)
  File "C:\Python\Python314\Lib\site-packages\pyperf\_runner.py", line 468, in _main
    bench = self._manager()
  File "C:\Python\Python314\Lib\site-packages\pyperf\_runner.py", line 681, in _manager
    bench = Manager(self).create_bench()
  File "C:\Python\Python314\Lib\site-packages\pyperf\_manager.py", line 243, in create_bench
    worker_bench, run = self.create_worker_bench()
                        ~~~~~~~~~~~~~~~~~~~~~~~~^^
  File "C:\Python\Python314\Lib\site-packages\pyperf\_manager.py", line 142, in create_worker_bench
    suite = self.create_suite()
  File "C:\Python\Python314\Lib\site-packages\pyperf\_manager.py", line 132, in create_suite
    suite = self.spawn_worker(self.calibrate_loops, 0)
  File "C:\Python\Python314\Lib\site-packages\pyperf\_manager.py", line 118, in spawn_worker
    raise RuntimeError("%s failed with exit code %s"
                       % (cmd[0], exitcode))
RuntimeError: D:\CantorAI\xlang3\build-repro\Release\xlang3.exe failed with exit code 1
Traceback (most recent call last):
  File "C:\Python\Python314\Lib\site-packages\pyperformance\run.py", line 171, in run_benchmarks
    result = bench.run(
        bench_venv.python,
    ...<3 lines>...
        verbose=options.verbose,
    )
  File "D:\CantorAI\xlang3\benchmarks\diagnostics\run_pyperformance_xlang3_shimmed.py", line 145, in run_named_benchmark
    return original_benchmark_run(benchmark, *positional, **keywords)
  File "C:\Python\Python314\Lib\site-packages\pyperformance\_benchmark.py", line 193, in run
    bench = _run_perf_script(
        python,
    ...<4 lines>...
        verbose=verbose,
    )
  File "C:\Python\Python314\Lib\site-packages\pyperformance\_benchmark.py", line 250, in _run_perf_script
    raise RuntimeError("Benchmark died")
RuntimeError: Benchmark died
ERROR: Benchmark asyncio_tcp failed: Benchmark died
[22/97] asyncio_tcp_ssl...
Traceback (most recent call last):
  File "C:\Python\Python314\Lib\site-packages\pyperformance\data-files\benchmarks\bm_asyncio_tcp\run_benchmark.py", line 72, in <module>
    runner.bench_async_func(name, main, args.ssl)
    ~~~~~~~~~~~~~~~~~~~~~~~^^^^^^^^^^^^^^^^^^^^^^
  File "C:\Python\Python314\Lib\site-packages\pyperf\_runner.py", line 613, in bench_async_func
    result = self._main(task)
  File "C:\Python\Python314\Lib\site-packages\pyperf\_runner.py", line 463, in _main
    bench = self._worker(task)
  File "C:\Python\Python314\Lib\site-packages\pyperf\_runner.py", line 436, in _worker
    self._process_priority()
    ~~~~~~~~~~~~~~~~~~~~~~^^
  File "C:\Python\Python314\Lib\site-packages\pyperf\_runner.py", line 431, in _process_priority
    if not set_highest_priority():
           ~~~~~~~~~~~~~~~~~~~~^^
  File "C:\Python\Python314\Lib\site-packages\pyperf\_cpu_utils.py", line 173, in set_highest_priority
    proc = psutil.Process()
  File "C:\Python\Python314\Lib\site-packages\psutil\__init__.py", line 314, in __init__
    self._init(pid)
    ~~~~~~~~~~^^^^^
  File "C:\Python\Python314\Lib\site-packages\psutil\__init__.py", line 347, in _init
    self._ident = self._get_ident()
                  ~~~~~~~~~~~~~~~^^
  File "C:\Python\Python314\Lib\site-packages\psutil\__init__.py", line 388, in _get_ident
    self._create_time = self._proc.create_time(fast_only=True)
                        ~~~~~~~~~~~~~~~~~~~~~~^^^^^^^^^^^^^^^^
  File "C:\Python\Python314\Lib\site-packages\psutil\_pswindows.py", line 666, in wrapper
    return fun(self, *args, **kwargs)
  File "C:\Python\Python314\Lib\site-packages\psutil\_pswindows.py", line 914, in create_time
    _user, _system, created = cext.proc_times(self.pid)
                              ~~~~~~~~~~~~~~~^^^^^^^^^^
AttributeError: module 'psutil._psutil_windows' has no attribute 'proc_times'
Traceback (most recent call last):
  File "C:\Python\Python314\Lib\site-packages\pyperformance\data-files\benchmarks\bm_asyncio_tcp\run_benchmark.py", line 72, in <module>
    runner.bench_async_func(name, main, args.ssl)
    ~~~~~~~~~~~~~~~~~~~~~~~^^^^^^^^^^^^^^^^^^^^^^
  File "C:\Python\Python314\Lib\site-packages\pyperf\_runner.py", line 613, in bench_async_func
    result = self._main(task)
  File "C:\Python\Python314\Lib\site-packages\pyperf\_runner.py", line 468, in _main
    bench = self._manager()
  File "C:\Python\Python314\Lib\site-packages\pyperf\_runner.py", line 681, in _manager
    bench = Manager(self).create_bench()
  File "C:\Python\Python314\Lib\site-packages\pyperf\_manager.py", line 243, in create_bench
    worker_bench, run = self.create_worker_bench()
                        ~~~~~~~~~~~~~~~~~~~~~~~~^^
  File "C:\Python\Python314\Lib\site-packages\pyperf\_manager.py", line 142, in create_worker_bench
    suite = self.create_suite()
  File "C:\Python\Python314\Lib\site-packages\pyperf\_manager.py", line 132, in create_suite
    suite = self.spawn_worker(self.calibrate_loops, 0)
  File "C:\Python\Python314\Lib\site-packages\pyperf\_manager.py", line 118, in spawn_worker
    raise RuntimeError("%s failed with exit code %s"
                       % (cmd[0], exitcode))
RuntimeError: D:\CantorAI\xlang3\build-repro\Release\xlang3.exe failed with exit code 1
Traceback (most recent call last):
  File "C:\Python\Python314\Lib\site-packages\pyperformance\run.py", line 171, in run_benchmarks
    result = bench.run(
        bench_venv.python,
    ...<3 lines>...
        verbose=options.verbose,
    )
  File "D:\CantorAI\xlang3\benchmarks\diagnostics\run_pyperformance_xlang3_shimmed.py", line 145, in run_named_benchmark
    return original_benchmark_run(benchmark, *positional, **keywords)
  File "C:\Python\Python314\Lib\site-packages\pyperformance\_benchmark.py", line 193, in run
    bench = _run_perf_script(
        python,
    ...<4 lines>...
        verbose=verbose,
    )
  File "C:\Python\Python314\Lib\site-packages\pyperformance\_benchmark.py", line 250, in _run_perf_script
    raise RuntimeError("Benchmark died")
RuntimeError: Benchmark died
ERROR: Benchmark asyncio_tcp_ssl failed: Benchmark died
[23/97] asyncio_websockets...
Traceback (most recent call last):
  File "C:\Python\Python314\Lib\site-packages\pyperformance\data-files\benchmarks\bm_asyncio_websockets\run_benchmark.py", line 9, in <module>
    import websockets.server
ModuleNotFoundError: No module named 'websockets'
Traceback (most recent call last):
  File "C:\Python\Python314\Lib\site-packages\pyperformance\run.py", line 171, in run_benchmarks
    result = bench.run(
        bench_venv.python,
    ...<3 lines>...
        verbose=options.verbose,
    )
  File "D:\CantorAI\xlang3\benchmarks\diagnostics\run_pyperformance_xlang3_shimmed.py", line 145, in run_named_benchmark
    return original_benchmark_run(benchmark, *positional, **keywords)
  File "C:\Python\Python314\Lib\site-packages\pyperformance\_benchmark.py", line 193, in run
    bench = _run_perf_script(
        python,
    ...<4 lines>...
        verbose=verbose,
    )
  File "C:\Python\Python314\Lib\site-packages\pyperformance\_benchmark.py", line 250, in _run_perf_script
    raise RuntimeError("Benchmark died")
RuntimeError: Benchmark died
ERROR: Benchmark asyncio_websockets failed: Benchmark died
[24/97] base64...
Traceback (most recent call last):
  File "C:\Python\Python314\Lib\site-packages\pyperformance\data-files\benchmarks\bm_base64\run_benchmark.py", line 262, in <module>
    runner.bench_time_func('base64_small', bench_b64_small)
    ~~~~~~~~~~~~~~~~~~~~~~^^^^^^^^^^^^^^^^^^^^^^^^^^^^^^^^^
  File "C:\Python\Python314\Lib\site-packages\pyperf\_runner.py", line 502, in bench_time_func
    result = self._main(task)
  File "C:\Python\Python314\Lib\site-packages\pyperf\_runner.py", line 463, in _main
    bench = self._worker(task)
  File "C:\Python\Python314\Lib\site-packages\pyperf\_runner.py", line 436, in _worker
    self._process_priority()
    ~~~~~~~~~~~~~~~~~~~~~~^^
  File "C:\Python\Python314\Lib\site-packages\pyperf\_runner.py", line 431, in _process_priority
    if not set_highest_priority():
           ~~~~~~~~~~~~~~~~~~~~^^
  File "C:\Python\Python314\Lib\site-packages\pyperf\_cpu_utils.py", line 173, in set_highest_priority
    proc = psutil.Process()
  File "C:\Python\Python314\Lib\site-packages\psutil\__init__.py", line 314, in __init__
    self._init(pid)
    ~~~~~~~~~~^^^^^
  File "C:\Python\Python314\Lib\site-packages\psutil\__init__.py", line 347, in _init
    self._ident = self._get_ident()
                  ~~~~~~~~~~~~~~~^^
  File "C:\Python\Python314\Lib\site-packages\psutil\__init__.py", line 388, in _get_ident
    self._create_time = self._proc.create_time(fast_only=True)
                        ~~~~~~~~~~~~~~~~~~~~~~^^^^^^^^^^^^^^^^
  File "C:\Python\Python314\Lib\site-packages\psutil\_pswindows.py", line 666, in wrapper
    return fun(self, *args, **kwargs)
  File "C:\Python\Python314\Lib\site-packages\psutil\_pswindows.py", line 914, in create_time
    _user, _system, created = cext.proc_times(self.pid)
                              ~~~~~~~~~~~~~~~^^^^^^^^^^
AttributeError: module 'psutil._psutil_windows' has no attribute 'proc_times'
Traceback (most recent call last):
  File "C:\Python\Python314\Lib\site-packages\pyperformance\data-files\benchmarks\bm_base64\run_benchmark.py", line 262, in <module>
    runner.bench_time_func('base64_small', bench_b64_small)
    ~~~~~~~~~~~~~~~~~~~~~~^^^^^^^^^^^^^^^^^^^^^^^^^^^^^^^^^
  File "C:\Python\Python314\Lib\site-packages\pyperf\_runner.py", line 502, in bench_time_func
    result = self._main(task)
  File "C:\Python\Python314\Lib\site-packages\pyperf\_runner.py", line 468, in _main
    bench = self._manager()
  File "C:\Python\Python314\Lib\site-packages\pyperf\_runner.py", line 681, in _manager
    bench = Manager(self).create_bench()
  File "C:\Python\Python314\Lib\site-packages\pyperf\_manager.py", line 243, in create_bench
    worker_bench, run = self.create_worker_bench()
                        ~~~~~~~~~~~~~~~~~~~~~~~~^^
  File "C:\Python\Python314\Lib\site-packages\pyperf\_manager.py", line 142, in create_worker_bench
    suite = self.create_suite()
  File "C:\Python\Python314\Lib\site-packages\pyperf\_manager.py", line 132, in create_suite
    suite = self.spawn_worker(self.calibrate_loops, 0)
  File "C:\Python\Python314\Lib\site-packages\pyperf\_manager.py", line 118, in spawn_worker
    raise RuntimeError("%s failed with exit code %s"
                       % (cmd[0], exitcode))
RuntimeError: D:\CantorAI\xlang3\build-repro\Release\xlang3.exe failed with exit code 1
Traceback (most recent call last):
  File "C:\Python\Python314\Lib\site-packages\pyperformance\run.py", line 171, in run_benchmarks
    result = bench.run(
        bench_venv.python,
    ...<3 lines>...
        verbose=options.verbose,
    )
  File "D:\CantorAI\xlang3\benchmarks\diagnostics\run_pyperformance_xlang3_shimmed.py", line 145, in run_named_benchmark
    return original_benchmark_run(benchmark, *positional, **keywords)
  File "C:\Python\Python314\Lib\site-packages\pyperformance\_benchmark.py", line 193, in run
    bench = _run_perf_script(
        python,
    ...<4 lines>...
        verbose=verbose,
    )
  File "C:\Python\Python314\Lib\site-packages\pyperformance\_benchmark.py", line 250, in _run_perf_script
    raise RuntimeError("Benchmark died")
RuntimeError: Benchmark died
ERROR: Benchmark base64 failed: Benchmark died
[25/97] bpe_tokeniser...
Traceback (most recent call last):
  File "C:\Python\Python314\Lib\site-packages\pyperformance\data-files\benchmarks\bm_bpe_tokeniser\run_benchmark.py", line 157, in <module>
    runner.bench_time_func("bpe_tokeniser", bench_bpe_tokeniser)
    ~~~~~~~~~~~~~~~~~~~~~~^^^^^^^^^^^^^^^^^^^^^^^^^^^^^^^^^^^^^^
  File "C:\Python\Python314\Lib\site-packages\pyperf\_runner.py", line 502, in bench_time_func
    result = self._main(task)
  File "C:\Python\Python314\Lib\site-packages\pyperf\_runner.py", line 463, in _main
    bench = self._worker(task)
  File "C:\Python\Python314\Lib\site-packages\pyperf\_runner.py", line 436, in _worker
    self._process_priority()
    ~~~~~~~~~~~~~~~~~~~~~~^^
  File "C:\Python\Python314\Lib\site-packages\pyperf\_runner.py", line 431, in _process_priority
    if not set_highest_priority():
           ~~~~~~~~~~~~~~~~~~~~^^
  File "C:\Python\Python314\Lib\site-packages\pyperf\_cpu_utils.py", line 173, in set_highest_priority
    proc = psutil.Process()
  File "C:\Python\Python314\Lib\site-packages\psutil\__init__.py", line 314, in __init__
    self._init(pid)
    ~~~~~~~~~~^^^^^
  File "C:\Python\Python314\Lib\site-packages\psutil\__init__.py", line 347, in _init
    self._ident = self._get_ident()
                  ~~~~~~~~~~~~~~~^^
  File "C:\Python\Python314\Lib\site-packages\psutil\__init__.py", line 388, in _get_ident
    self._create_time = self._proc.create_time(fast_only=True)
                        ~~~~~~~~~~~~~~~~~~~~~~^^^^^^^^^^^^^^^^
  File "C:\Python\Python314\Lib\site-packages\psutil\_pswindows.py", line 666, in wrapper
    return fun(self, *args, **kwargs)
  File "C:\Python\Python314\Lib\site-packages\psutil\_pswindows.py", line 914, in create_time
    _user, _system, created = cext.proc_times(self.pid)
                              ~~~~~~~~~~~~~~~^^^^^^^^^^
AttributeError: module 'psutil._psutil_windows' has no attribute 'proc_times'
Traceback (most recent call last):
  File "C:\Python\Python314\Lib\site-packages\pyperformance\data-files\benchmarks\bm_bpe_tokeniser\run_benchmark.py", line 157, in <module>
    runner.bench_time_func("bpe_tokeniser", bench_bpe_tokeniser)
    ~~~~~~~~~~~~~~~~~~~~~~^^^^^^^^^^^^^^^^^^^^^^^^^^^^^^^^^^^^^^
  File "C:\Python\Python314\Lib\site-packages\pyperf\_runner.py", line 502, in bench_time_func
    result = self._main(task)
  File "C:\Python\Python314\Lib\site-packages\pyperf\_runner.py", line 468, in _main
    bench = self._manager()
  File "C:\Python\Python314\Lib\site-packages\pyperf\_runner.py", line 681, in _manager
    bench = Manager(self).create_bench()
  File "C:\Python\Python314\Lib\site-packages\pyperf\_manager.py", line 243, in create_bench
    worker_bench, run = self.create_worker_bench()
                        ~~~~~~~~~~~~~~~~~~~~~~~~^^
  File "C:\Python\Python314\Lib\site-packages\pyperf\_manager.py", line 142, in create_worker_bench
    suite = self.create_suite()
  File "C:\Python\Python314\Lib\site-packages\pyperf\_manager.py", line 132, in create_suite
    suite = self.spawn_worker(self.calibrate_loops, 0)
  File "C:\Python\Python314\Lib\site-packages\pyperf\_manager.py", line 118, in spawn_worker
    raise RuntimeError("%s failed with exit code %s"
                       % (cmd[0], exitcode))
RuntimeError: D:\CantorAI\xlang3\build-repro\Release\xlang3.exe failed with exit code 1
Traceback (most recent call last):
  File "C:\Python\Python314\Lib\site-packages\pyperformance\run.py", line 171, in run_benchmarks
    result = bench.run(
        bench_venv.python,
    ...<3 lines>...
        verbose=options.verbose,
    )
  File "D:\CantorAI\xlang3\benchmarks\diagnostics\run_pyperformance_xlang3_shimmed.py", line 145, in run_named_benchmark
    return original_benchmark_run(benchmark, *positional, **keywords)
  File "C:\Python\Python314\Lib\site-packages\pyperformance\_benchmark.py", line 193, in run
    bench = _run_perf_script(
        python,
    ...<4 lines>...
        verbose=verbose,
    )
  File "C:\Python\Python314\Lib\site-packages\pyperformance\_benchmark.py", line 250, in _run_perf_script
    raise RuntimeError("Benchmark died")
RuntimeError: Benchmark died
ERROR: Benchmark bpe_tokeniser failed: Benchmark died
[26/97] chameleon...
Traceback (most recent call last):
  File "C:\Python\Python314\Lib\site-packages\pyperformance\data-files\benchmarks\bm_chameleon\run_benchmark.py", line 5, in <module>
    from chameleon import PageTemplate
ModuleNotFoundError: No module named 'chameleon'
Traceback (most recent call last):
ERROR: Benchmark chameleon failed: Benchmark died
[27/97] chaos...
  File "C:\Python\Python314\Lib\site-packages\pyperformance\run.py", line 171, in run_benchmarks
    result = bench.run(
        bench_venv.python,
    ...<3 lines>...
        verbose=options.verbose,
    )
  File "D:\CantorAI\xlang3\benchmarks\diagnostics\run_pyperformance_xlang3_shimmed.py", line 145, in run_named_benchmark
    return original_benchmark_run(benchmark, *positional, **keywords)
  File "C:\Python\Python314\Lib\site-packages\pyperformance\_benchmark.py", line 193, in run
    bench = _run_perf_script(
        python,
    ...<4 lines>...
        verbose=verbose,
    )
  File "C:\Python\Python314\Lib\site-packages\pyperformance\_benchmark.py", line 250, in _run_perf_script
    raise RuntimeError("Benchmark died")
RuntimeError: Benchmark died
Traceback (most recent call last):
  File "C:\Python\Python314\Lib\site-packages\pyperformance\data-files\benchmarks\bm_chaos\run_benchmark.py", line 309, in <module>
    main(runner, args)
    ~~~~^^^^^^^^^^^^^^
  File "C:\Python\Python314\Lib\site-packages\pyperformance\data-files\benchmarks\bm_chaos\run_benchmark.py", line 270, in main
    runner.bench_func('chaos', chaos.create_image_chaos,
    ~~~~~~~~~~~~~~~~~^^^^^^^^^^^^^^^^^^^^^^^^^^^^^^^^^^^
                      args.width, args.height, args.iterations,
                      ^^^^^^^^^^^^^^^^^^^^^^^^^^^^^^^^^^^^^^^^^
                      args.filename, args.rng_seed)
                      ^^^^^^^^^^^^^^^^^^^^^^^^^^^^^
  File "C:\Python\Python314\Lib\site-packages\pyperf\_runner.py", line 545, in bench_func
    result = self._main(task)
  File "C:\Python\Python314\Lib\site-packages\pyperf\_runner.py", line 463, in _main
    bench = self._worker(task)
  File "C:\Python\Python314\Lib\site-packages\pyperf\_runner.py", line 436, in _worker
    self._process_priority()
    ~~~~~~~~~~~~~~~~~~~~~~^^
  File "C:\Python\Python314\Lib\site-packages\pyperf\_runner.py", line 431, in _process_priority
    if not set_highest_priority():
           ~~~~~~~~~~~~~~~~~~~~^^
  File "C:\Python\Python314\Lib\site-packages\pyperf\_cpu_utils.py", line 173, in set_highest_priority
    proc = psutil.Process()
  File "C:\Python\Python314\Lib\site-packages\psutil\__init__.py", line 314, in __init__
    self._init(pid)
    ~~~~~~~~~~^^^^^
  File "C:\Python\Python314\Lib\site-packages\psutil\__init__.py", line 347, in _init
    self._ident = self._get_ident()
                  ~~~~~~~~~~~~~~~^^
  File "C:\Python\Python314\Lib\site-packages\psutil\__init__.py", line 388, in _get_ident
    self._create_time = self._proc.create_time(fast_only=True)
                        ~~~~~~~~~~~~~~~~~~~~~~^^^^^^^^^^^^^^^^
  File "C:\Python\Python314\Lib\site-packages\psutil\_pswindows.py", line 666, in wrapper
    return fun(self, *args, **kwargs)
  File "C:\Python\Python314\Lib\site-packages\psutil\_pswindows.py", line 914, in create_time
    _user, _system, created = cext.proc_times(self.pid)
                              ~~~~~~~~~~~~~~~^^^^^^^^^^
AttributeError: module 'psutil._psutil_windows' has no attribute 'proc_times'
Traceback (most recent call last):
  File "C:\Python\Python314\Lib\site-packages\pyperformance\data-files\benchmarks\bm_chaos\run_benchmark.py", line 309, in <module>
    main(runner, args)
    ~~~~^^^^^^^^^^^^^^
  File "C:\Python\Python314\Lib\site-packages\pyperformance\data-files\benchmarks\bm_chaos\run_benchmark.py", line 270, in main
    runner.bench_func('chaos', chaos.create_image_chaos,
    ~~~~~~~~~~~~~~~~~^^^^^^^^^^^^^^^^^^^^^^^^^^^^^^^^^^^
                      args.width, args.height, args.iterations,
                      ^^^^^^^^^^^^^^^^^^^^^^^^^^^^^^^^^^^^^^^^^
                      args.filename, args.rng_seed)
                      ^^^^^^^^^^^^^^^^^^^^^^^^^^^^^
  File "C:\Python\Python314\Lib\site-packages\pyperf\_runner.py", line 545, in bench_func
    result = self._main(task)
  File "C:\Python\Python314\Lib\site-packages\pyperf\_runner.py", line 468, in _main
    bench = self._manager()
  File "C:\Python\Python314\Lib\site-packages\pyperf\_runner.py", line 681, in _manager
    bench = Manager(self).create_bench()
  File "C:\Python\Python314\Lib\site-packages\pyperf\_manager.py", line 243, in create_bench
    worker_bench, run = self.create_worker_bench()
                        ~~~~~~~~~~~~~~~~~~~~~~~~^^
  File "C:\Python\Python314\Lib\site-packages\pyperf\_manager.py", line 142, in create_worker_bench
    suite = self.create_suite()
  File "C:\Python\Python314\Lib\site-packages\pyperf\_manager.py", line 132, in create_suite
    suite = self.spawn_worker(self.calibrate_loops, 0)
  File "C:\Python\Python314\Lib\site-packages\pyperf\_manager.py", line 118, in spawn_worker
    raise RuntimeError("%s failed with exit code %s"
                       % (cmd[0], exitcode))
RuntimeError: D:\CantorAI\xlang3\build-repro\Release\xlang3.exe failed with exit code 1
Traceback (most recent call last):
  File "C:\Python\Python314\Lib\site-packages\pyperformance\run.py", line 171, in run_benchmarks
    result = bench.run(
        bench_venv.python,
    ...<3 lines>...
        verbose=options.verbose,
    )
ERROR: Benchmark chaos failed: Benchmark died
[28/97] comprehensions...
  File "D:\CantorAI\xlang3\benchmarks\diagnostics\run_pyperformance_xlang3_shimmed.py", line 145, in run_named_benchmark
    return original_benchmark_run(benchmark, *positional, **keywords)
  File "C:\Python\Python314\Lib\site-packages\pyperformance\_benchmark.py", line 193, in run
    bench = _run_perf_script(
        python,
    ...<4 lines>...
        verbose=verbose,
    )
  File "C:\Python\Python314\Lib\site-packages\pyperformance\_benchmark.py", line 250, in _run_perf_script
    raise RuntimeError("Benchmark died")
RuntimeError: Benchmark died
Traceback (most recent call last):
  File "C:\Python\Python314\Lib\site-packages\pyperformance\data-files\benchmarks\bm_comprehensions\run_benchmark.py", line 95, in <module>
    runner.bench_time_func("comprehensions", bench_comprehensions)
    ~~~~~~~~~~~~~~~~~~~~~~^^^^^^^^^^^^^^^^^^^^^^^^^^^^^^^^^^^^^^^^
  File "C:\Python\Python314\Lib\site-packages\pyperf\_runner.py", line 502, in bench_time_func
    result = self._main(task)
  File "C:\Python\Python314\Lib\site-packages\pyperf\_runner.py", line 463, in _main
    bench = self._worker(task)
  File "C:\Python\Python314\Lib\site-packages\pyperf\_runner.py", line 436, in _worker
    self._process_priority()
    ~~~~~~~~~~~~~~~~~~~~~~^^
  File "C:\Python\Python314\Lib\site-packages\pyperf\_runner.py", line 431, in _process_priority
    if not set_highest_priority():
           ~~~~~~~~~~~~~~~~~~~~^^
  File "C:\Python\Python314\Lib\site-packages\pyperf\_cpu_utils.py", line 173, in set_highest_priority
    proc = psutil.Process()
  File "C:\Python\Python314\Lib\site-packages\psutil\__init__.py", line 314, in __init__
    self._init(pid)
    ~~~~~~~~~~^^^^^
  File "C:\Python\Python314\Lib\site-packages\psutil\__init__.py", line 347, in _init
    self._ident = self._get_ident()
                  ~~~~~~~~~~~~~~~^^
  File "C:\Python\Python314\Lib\site-packages\psutil\__init__.py", line 388, in _get_ident
    self._create_time = self._proc.create_time(fast_only=True)
                        ~~~~~~~~~~~~~~~~~~~~~~^^^^^^^^^^^^^^^^
  File "C:\Python\Python314\Lib\site-packages\psutil\_pswindows.py", line 666, in wrapper
    return fun(self, *args, **kwargs)
  File "C:\Python\Python314\Lib\site-packages\psutil\_pswindows.py", line 914, in create_time
    _user, _system, created = cext.proc_times(self.pid)
                              ~~~~~~~~~~~~~~~^^^^^^^^^^
AttributeError: module 'psutil._psutil_windows' has no attribute 'proc_times'
Traceback (most recent call last):
  File "C:\Python\Python314\Lib\site-packages\pyperformance\data-files\benchmarks\bm_comprehensions\run_benchmark.py", line 95, in <module>
    runner.bench_time_func("comprehensions", bench_comprehensions)
    ~~~~~~~~~~~~~~~~~~~~~~^^^^^^^^^^^^^^^^^^^^^^^^^^^^^^^^^^^^^^^^
  File "C:\Python\Python314\Lib\site-packages\pyperf\_runner.py", line 502, in bench_time_func
    result = self._main(task)
  File "C:\Python\Python314\Lib\site-packages\pyperf\_runner.py", line 468, in _main
    bench = self._manager()
  File "C:\Python\Python314\Lib\site-packages\pyperf\_runner.py", line 681, in _manager
    bench = Manager(self).create_bench()
  File "C:\Python\Python314\Lib\site-packages\pyperf\_manager.py", line 243, in create_bench
    worker_bench, run = self.create_worker_bench()
                        ~~~~~~~~~~~~~~~~~~~~~~~~^^
  File "C:\Python\Python314\Lib\site-packages\pyperf\_manager.py", line 142, in create_worker_bench
    suite = self.create_suite()
  File "C:\Python\Python314\Lib\site-packages\pyperf\_manager.py", line 132, in create_suite
    suite = self.spawn_worker(self.calibrate_loops, 0)
  File "C:\Python\Python314\Lib\site-packages\pyperf\_manager.py", line 118, in spawn_worker
    raise RuntimeError("%s failed with exit code %s"
                       % (cmd[0], exitcode))
RuntimeError: D:\CantorAI\xlang3\build-repro\Release\xlang3.exe failed with exit code 1
Traceback (most recent call last):
  File "C:\Python\Python314\Lib\site-packages\pyperformance\run.py", line 171, in run_benchmarks
    result = bench.run(
        bench_venv.python,
    ...<3 lines>...
        verbose=options.verbose,
    )
  File "D:\CantorAI\xlang3\benchmarks\diagnostics\run_pyperformance_xlang3_shimmed.py", line 145, in run_named_benchmark
    return original_benchmark_run(benchmark, *positional, **keywords)
  File "C:\Python\Python314\Lib\site-packages\pyperformance\_benchmark.py", line 193, in run
    bench = _run_perf_script(
        python,
    ...<4 lines>...
        verbose=verbose,
    )
  File "C:\Python\Python314\Lib\site-packages\pyperformance\_benchmark.py", line 250, in _run_perf_script
    raise RuntimeError("Benchmark died")
RuntimeError: Benchmark died
ERROR: Benchmark comprehensions failed: Benchmark died
[29/97] concurrent_imap...
Traceback (most recent call last):
  File "C:\Python\Python314\Lib\site-packages\pyperformance\data-files\benchmarks\bm_concurrent_imap\run_benchmark.py", line 31, in <module>
    runner.bench_func("bench_mp_pool", bench_mp_pool, num_core, count, chunk)
    ~~~~~~~~~~~~~~~~~^^^^^^^^^^^^^^^^^^^^^^^^^^^^^^^^^^^^^^^^^^^^^^^^^^^^^^^^
  File "C:\Python\Python314\Lib\site-packages\pyperf\_runner.py", line 545, in bench_func
    result = self._main(task)
  File "C:\Python\Python314\Lib\site-packages\pyperf\_runner.py", line 463, in _main
    bench = self._worker(task)
  File "C:\Python\Python314\Lib\site-packages\pyperf\_runner.py", line 436, in _worker
    self._process_priority()
    ~~~~~~~~~~~~~~~~~~~~~~^^
  File "C:\Python\Python314\Lib\site-packages\pyperf\_runner.py", line 431, in _process_priority
    if not set_highest_priority():
           ~~~~~~~~~~~~~~~~~~~~^^
  File "C:\Python\Python314\Lib\site-packages\pyperf\_cpu_utils.py", line 173, in set_highest_priority
    proc = psutil.Process()
  File "C:\Python\Python314\Lib\site-packages\psutil\__init__.py", line 314, in __init__
    self._init(pid)
    ~~~~~~~~~~^^^^^
  File "C:\Python\Python314\Lib\site-packages\psutil\__init__.py", line 347, in _init
    self._ident = self._get_ident()
                  ~~~~~~~~~~~~~~~^^
  File "C:\Python\Python314\Lib\site-packages\psutil\__init__.py", line 388, in _get_ident
    self._create_time = self._proc.create_time(fast_only=True)
                        ~~~~~~~~~~~~~~~~~~~~~~^^^^^^^^^^^^^^^^
  File "C:\Python\Python314\Lib\site-packages\psutil\_pswindows.py", line 666, in wrapper
    return fun(self, *args, **kwargs)
  File "C:\Python\Python314\Lib\site-packages\psutil\_pswindows.py", line 914, in create_time
    _user, _system, created = cext.proc_times(self.pid)
                              ~~~~~~~~~~~~~~~^^^^^^^^^^
AttributeError: module 'psutil._psutil_windows' has no attribute 'proc_times'
Traceback (most recent call last):
  File "C:\Python\Python314\Lib\site-packages\pyperformance\data-files\benchmarks\bm_concurrent_imap\run_benchmark.py", line 31, in <module>
    runner.bench_func("bench_mp_pool", bench_mp_pool, num_core, count, chunk)
    ~~~~~~~~~~~~~~~~~^^^^^^^^^^^^^^^^^^^^^^^^^^^^^^^^^^^^^^^^^^^^^^^^^^^^^^^^
  File "C:\Python\Python314\Lib\site-packages\pyperf\_runner.py", line 545, in bench_func
    result = self._main(task)
  File "C:\Python\Python314\Lib\site-packages\pyperf\_runner.py", line 468, in _main
    bench = self._manager()
  File "C:\Python\Python314\Lib\site-packages\pyperf\_runner.py", line 681, in _manager
    bench = Manager(self).create_bench()
  File "C:\Python\Python314\Lib\site-packages\pyperf\_manager.py", line 243, in create_bench
    worker_bench, run = self.create_worker_bench()
                        ~~~~~~~~~~~~~~~~~~~~~~~~^^
  File "C:\Python\Python314\Lib\site-packages\pyperf\_manager.py", line 142, in create_worker_bench
    suite = self.create_suite()
  File "C:\Python\Python314\Lib\site-packages\pyperf\_manager.py", line 132, in create_suite
    suite = self.spawn_worker(self.calibrate_loops, 0)
  File "C:\Python\Python314\Lib\site-packages\pyperf\_manager.py", line 118, in spawn_worker
    raise RuntimeError("%s failed with exit code %s"
                       % (cmd[0], exitcode))
RuntimeError: D:\CantorAI\xlang3\build-repro\Release\xlang3.exe failed with exit code 1
Traceback (most recent call last):
  File "C:\Python\Python314\Lib\site-packages\pyperformance\run.py", line 171, in run_benchmarks
    result = bench.run(
        bench_venv.python,
    ...<3 lines>...
        verbose=options.verbose,
    )
  File "D:\CantorAI\xlang3\benchmarks\diagnostics\run_pyperformance_xlang3_shimmed.py", line 145, in run_named_benchmark
    return original_benchmark_run(benchmark, *positional, **keywords)
  File "C:\Python\Python314\Lib\site-packages\pyperformance\_benchmark.py", line 193, in run
    bench = _run_perf_script(
        python,
    ...<4 lines>...
        verbose=verbose,
    )
  File "C:\Python\Python314\Lib\site-packages\pyperformance\_benchmark.py", line 250, in _run_perf_script
    raise RuntimeError("Benchmark died")
RuntimeError: Benchmark died
ERROR: Benchmark concurrent_imap failed: Benchmark died
[30/97] coroutines...
Traceback (most recent call last):
  File "C:\Python\Python314\Lib\site-packages\pyperformance\data-files\benchmarks\bm_coroutines\run_benchmark.py", line 32, in <module>
    runner.bench_time_func('coroutines', bench_coroutines)
    ~~~~~~~~~~~~~~~~~~~~~~^^^^^^^^^^^^^^^^^^^^^^^^^^^^^^^^
  File "C:\Python\Python314\Lib\site-packages\pyperf\_runner.py", line 502, in bench_time_func
    result = self._main(task)
  File "C:\Python\Python314\Lib\site-packages\pyperf\_runner.py", line 463, in _main
    bench = self._worker(task)
  File "C:\Python\Python314\Lib\site-packages\pyperf\_runner.py", line 436, in _worker
    self._process_priority()
    ~~~~~~~~~~~~~~~~~~~~~~^^
  File "C:\Python\Python314\Lib\site-packages\pyperf\_runner.py", line 431, in _process_priority
    if not set_highest_priority():
           ~~~~~~~~~~~~~~~~~~~~^^
  File "C:\Python\Python314\Lib\site-packages\pyperf\_cpu_utils.py", line 173, in set_highest_priority
    proc = psutil.Process()
  File "C:\Python\Python314\Lib\site-packages\psutil\__init__.py", line 314, in __init__
    self._init(pid)
    ~~~~~~~~~~^^^^^
  File "C:\Python\Python314\Lib\site-packages\psutil\__init__.py", line 347, in _init
    self._ident = self._get_ident()
                  ~~~~~~~~~~~~~~~^^
  File "C:\Python\Python314\Lib\site-packages\psutil\__init__.py", line 388, in _get_ident
    self._create_time = self._proc.create_time(fast_only=True)
                        ~~~~~~~~~~~~~~~~~~~~~~^^^^^^^^^^^^^^^^
  File "C:\Python\Python314\Lib\site-packages\psutil\_pswindows.py", line 666, in wrapper
    return fun(self, *args, **kwargs)
  File "C:\Python\Python314\Lib\site-packages\psutil\_pswindows.py", line 914, in create_time
    _user, _system, created = cext.proc_times(self.pid)
                              ~~~~~~~~~~~~~~~^^^^^^^^^^
AttributeError: module 'psutil._psutil_windows' has no attribute 'proc_times'
Traceback (most recent call last):
  File "C:\Python\Python314\Lib\site-packages\pyperformance\data-files\benchmarks\bm_coroutines\run_benchmark.py", line 32, in <module>
    runner.bench_time_func('coroutines', bench_coroutines)
    ~~~~~~~~~~~~~~~~~~~~~~^^^^^^^^^^^^^^^^^^^^^^^^^^^^^^^^
  File "C:\Python\Python314\Lib\site-packages\pyperf\_runner.py", line 502, in bench_time_func
    result = self._main(task)
  File "C:\Python\Python314\Lib\site-packages\pyperf\_runner.py", line 468, in _main
    bench = self._manager()
  File "C:\Python\Python314\Lib\site-packages\pyperf\_runner.py", line 681, in _manager
    bench = Manager(self).create_bench()
  File "C:\Python\Python314\Lib\site-packages\pyperf\_manager.py", line 243, in create_bench
    worker_bench, run = self.create_worker_bench()
                        ~~~~~~~~~~~~~~~~~~~~~~~~^^
  File "C:\Python\Python314\Lib\site-packages\pyperf\_manager.py", line 142, in create_worker_bench
    suite = self.create_suite()
  File "C:\Python\Python314\Lib\site-packages\pyperf\_manager.py", line 132, in create_suite
    suite = self.spawn_worker(self.calibrate_loops, 0)
  File "C:\Python\Python314\Lib\site-packages\pyperf\_manager.py", line 118, in spawn_worker
    raise RuntimeError("%s failed with exit code %s"
                       % (cmd[0], exitcode))
RuntimeError: D:\CantorAI\xlang3\build-repro\Release\xlang3.exe failed with exit code 1
Traceback (most recent call last):
  File "C:\Python\Python314\Lib\site-packages\pyperformance\run.py", line 171, in run_benchmarks
    result = bench.run(
        bench_venv.python,
    ...<3 lines>...
        verbose=options.verbose,
    )
  File "D:\CantorAI\xlang3\benchmarks\diagnostics\run_pyperformance_xlang3_shimmed.py", line 145, in run_named_benchmark
    return original_benchmark_run(benchmark, *positional, **keywords)
  File "C:\Python\Python314\Lib\site-packages\pyperformance\_benchmark.py", line 193, in run
    bench = _run_perf_script(
        python,
    ...<4 lines>...
        verbose=verbose,
    )
  File "C:\Python\Python314\Lib\site-packages\pyperformance\_benchmark.py", line 250, in _run_perf_script
    raise RuntimeError("Benchmark died")
RuntimeError: Benchmark died
ERROR: Benchmark coroutines failed: Benchmark died
[31/97] coverage...
Traceback (most recent call last):
  File "C:\Python\Python314\Lib\site-packages\pyperformance\data-files\benchmarks\bm_coverage\run_benchmark.py", line 5, in <module>
    import coverage
ModuleNotFoundError: No module named 'coverage'
Traceback (most recent call last):
  File "C:\Python\Python314\Lib\site-packages\pyperformance\run.py", line 171, in run_benchmarks
    result = bench.run(
        bench_venv.python,
    ...<3 lines>...
        verbose=options.verbose,
    )
  File "D:\CantorAI\xlang3\benchmarks\diagnostics\run_pyperformance_xlang3_shimmed.py", line 145, in run_named_benchmark
    return original_benchmark_run(benchmark, *positional, **keywords)
  File "C:\Python\Python314\Lib\site-packages\pyperformance\_benchmark.py", line 193, in run
    bench = _run_perf_script(
        python,
    ...<4 lines>...
        verbose=verbose,
    )
  File "C:\Python\Python314\Lib\site-packages\pyperformance\_benchmark.py", line 250, in _run_perf_script
    raise RuntimeError("Benchmark died")
RuntimeError: Benchmark died
ERROR: Benchmark coverage failed: Benchmark died
[32/97] crypto_pyaes...
Traceback (most recent call last):
  File "C:\Python\Python314\Lib\site-packages\pyperformance\data-files\benchmarks\bm_crypto_pyaes\run_benchmark.py", line 10, in <module>
    import pyaes
ModuleNotFoundError: No module named 'pyaes'
Traceback (most recent call last):
  File "C:\Python\Python314\Lib\site-packages\pyperformance\run.py", line 171, in run_benchmarks
    result = bench.run(
        bench_venv.python,
    ...<3 lines>...
        verbose=options.verbose,
    )
  File "D:\CantorAI\xlang3\benchmarks\diagnostics\run_pyperformance_xlang3_shimmed.py", line 145, in run_named_benchmark
    return original_benchmark_run(benchmark, *positional, **keywords)
  File "C:\Python\Python314\Lib\site-packages\pyperformance\_benchmark.py", line 193, in run
    bench = _run_perf_script(
        python,
    ...<4 lines>...
        verbose=verbose,
    )
  File "C:\Python\Python314\Lib\site-packages\pyperformance\_benchmark.py", line 250, in _run_perf_script
    raise RuntimeError("Benchmark died")
RuntimeError: Benchmark died
ERROR: Benchmark crypto_pyaes failed: Benchmark died
[33/97] dask...
Traceback (most recent call last):
  File "C:\Python\Python314\Lib\site-packages\pyperformance\data-files\benchmarks\bm_dask\run_benchmark.py", line 7, in <module>
    from dask.distributed import Client, Worker, Scheduler, wait
ModuleNotFoundError: No module named 'dask'
Traceback (most recent call last):
ERROR: Benchmark dask failed: Benchmark died
[34/97] deepcopy...
  File "C:\Python\Python314\Lib\site-packages\pyperformance\run.py", line 171, in run_benchmarks
    result = bench.run(
        bench_venv.python,
    ...<3 lines>...
        verbose=options.verbose,
    )
  File "D:\CantorAI\xlang3\benchmarks\diagnostics\run_pyperformance_xlang3_shimmed.py", line 145, in run_named_benchmark
    return original_benchmark_run(benchmark, *positional, **keywords)
  File "C:\Python\Python314\Lib\site-packages\pyperformance\_benchmark.py", line 193, in run
    bench = _run_perf_script(
        python,
    ...<4 lines>...
        verbose=verbose,
    )
  File "C:\Python\Python314\Lib\site-packages\pyperformance\_benchmark.py", line 250, in _run_perf_script
    raise RuntimeError("Benchmark died")
RuntimeError: Benchmark died
Traceback (most recent call last):
  File "C:\Python\Python314\Lib\site-packages\pyperformance\data-files\benchmarks\bm_deepcopy\run_benchmark.py", line 86, in <module>
    runner.bench_time_func('deepcopy', benchmark)
    ~~~~~~~~~~~~~~~~~~~~~~^^^^^^^^^^^^^^^^^^^^^^^
  File "C:\Python\Python314\Lib\site-packages\pyperf\_runner.py", line 502, in bench_time_func
    result = self._main(task)
  File "C:\Python\Python314\Lib\site-packages\pyperf\_runner.py", line 463, in _main
    bench = self._worker(task)
  File "C:\Python\Python314\Lib\site-packages\pyperf\_runner.py", line 436, in _worker
    self._process_priority()
    ~~~~~~~~~~~~~~~~~~~~~~^^
  File "C:\Python\Python314\Lib\site-packages\pyperf\_runner.py", line 431, in _process_priority
    if not set_highest_priority():
           ~~~~~~~~~~~~~~~~~~~~^^
  File "C:\Python\Python314\Lib\site-packages\pyperf\_cpu_utils.py", line 173, in set_highest_priority
    proc = psutil.Process()
  File "C:\Python\Python314\Lib\site-packages\psutil\__init__.py", line 314, in __init__
    self._init(pid)
    ~~~~~~~~~~^^^^^
  File "C:\Python\Python314\Lib\site-packages\psutil\__init__.py", line 347, in _init
    self._ident = self._get_ident()
                  ~~~~~~~~~~~~~~~^^
  File "C:\Python\Python314\Lib\site-packages\psutil\__init__.py", line 388, in _get_ident
    self._create_time = self._proc.create_time(fast_only=True)
                        ~~~~~~~~~~~~~~~~~~~~~~^^^^^^^^^^^^^^^^
  File "C:\Python\Python314\Lib\site-packages\psutil\_pswindows.py", line 666, in wrapper
    return fun(self, *args, **kwargs)
  File "C:\Python\Python314\Lib\site-packages\psutil\_pswindows.py", line 914, in create_time
    _user, _system, created = cext.proc_times(self.pid)
                              ~~~~~~~~~~~~~~~^^^^^^^^^^
AttributeError: module 'psutil._psutil_windows' has no attribute 'proc_times'
Traceback (most recent call last):
  File "C:\Python\Python314\Lib\site-packages\pyperformance\data-files\benchmarks\bm_deepcopy\run_benchmark.py", line 86, in <module>
    runner.bench_time_func('deepcopy', benchmark)
    ~~~~~~~~~~~~~~~~~~~~~~^^^^^^^^^^^^^^^^^^^^^^^
  File "C:\Python\Python314\Lib\site-packages\pyperf\_runner.py", line 502, in bench_time_func
    result = self._main(task)
  File "C:\Python\Python314\Lib\site-packages\pyperf\_runner.py", line 468, in _main
    bench = self._manager()
  File "C:\Python\Python314\Lib\site-packages\pyperf\_runner.py", line 681, in _manager
    bench = Manager(self).create_bench()
  File "C:\Python\Python314\Lib\site-packages\pyperf\_manager.py", line 243, in create_bench
    worker_bench, run = self.create_worker_bench()
                        ~~~~~~~~~~~~~~~~~~~~~~~~^^
  File "C:\Python\Python314\Lib\site-packages\pyperf\_manager.py", line 142, in create_worker_bench
    suite = self.create_suite()
  File "C:\Python\Python314\Lib\site-packages\pyperf\_manager.py", line 132, in create_suite
    suite = self.spawn_worker(self.calibrate_loops, 0)
  File "C:\Python\Python314\Lib\site-packages\pyperf\_manager.py", line 118, in spawn_worker
    raise RuntimeError("%s failed with exit code %s"
                       % (cmd[0], exitcode))
RuntimeError: D:\CantorAI\xlang3\build-repro\Release\xlang3.exe failed with exit code 1
Traceback (most recent call last):
  File "C:\Python\Python314\Lib\site-packages\pyperformance\run.py", line 171, in run_benchmarks
    result = bench.run(
        bench_venv.python,
    ...<3 lines>...
        verbose=options.verbose,
    )
ERROR: Benchmark deepcopy failed: Benchmark died
[35/97] deltablue...
  File "D:\CantorAI\xlang3\benchmarks\diagnostics\run_pyperformance_xlang3_shimmed.py", line 145, in run_named_benchmark
    return original_benchmark_run(benchmark, *positional, **keywords)
  File "C:\Python\Python314\Lib\site-packages\pyperformance\_benchmark.py", line 193, in run
    bench = _run_perf_script(
        python,
    ...<4 lines>...
        verbose=verbose,
    )
  File "C:\Python\Python314\Lib\site-packages\pyperformance\_benchmark.py", line 250, in _run_perf_script
    raise RuntimeError("Benchmark died")
RuntimeError: Benchmark died
Traceback (most recent call last):
  File "C:\Python\Python314\Lib\site-packages\pyperformance\data-files\benchmarks\bm_deltablue\run_benchmark.py", line 636, in <module>
    runner.bench_func('deltablue', delta_blue, n)
    ~~~~~~~~~~~~~~~~~^^^^^^^^^^^^^^^^^^^^^^^^^^^^
  File "C:\Python\Python314\Lib\site-packages\pyperf\_runner.py", line 545, in bench_func
    result = self._main(task)
  File "C:\Python\Python314\Lib\site-packages\pyperf\_runner.py", line 463, in _main
    bench = self._worker(task)
  File "C:\Python\Python314\Lib\site-packages\pyperf\_runner.py", line 436, in _worker
    self._process_priority()
    ~~~~~~~~~~~~~~~~~~~~~~^^
  File "C:\Python\Python314\Lib\site-packages\pyperf\_runner.py", line 431, in _process_priority
    if not set_highest_priority():
           ~~~~~~~~~~~~~~~~~~~~^^
  File "C:\Python\Python314\Lib\site-packages\pyperf\_cpu_utils.py", line 173, in set_highest_priority
    proc = psutil.Process()
  File "C:\Python\Python314\Lib\site-packages\psutil\__init__.py", line 314, in __init__
    self._init(pid)
    ~~~~~~~~~~^^^^^
  File "C:\Python\Python314\Lib\site-packages\psutil\__init__.py", line 347, in _init
    self._ident = self._get_ident()
                  ~~~~~~~~~~~~~~~^^
  File "C:\Python\Python314\Lib\site-packages\psutil\__init__.py", line 388, in _get_ident
    self._create_time = self._proc.create_time(fast_only=True)
                        ~~~~~~~~~~~~~~~~~~~~~~^^^^^^^^^^^^^^^^
  File "C:\Python\Python314\Lib\site-packages\psutil\_pswindows.py", line 666, in wrapper
    return fun(self, *args, **kwargs)
  File "C:\Python\Python314\Lib\site-packages\psutil\_pswindows.py", line 914, in create_time
    _user, _system, created = cext.proc_times(self.pid)
                              ~~~~~~~~~~~~~~~^^^^^^^^^^
AttributeError: module 'psutil._psutil_windows' has no attribute 'proc_times'
Traceback (most recent call last):
  File "C:\Python\Python314\Lib\site-packages\pyperformance\data-files\benchmarks\bm_deltablue\run_benchmark.py", line 636, in <module>
    runner.bench_func('deltablue', delta_blue, n)
    ~~~~~~~~~~~~~~~~~^^^^^^^^^^^^^^^^^^^^^^^^^^^^
  File "C:\Python\Python314\Lib\site-packages\pyperf\_runner.py", line 545, in bench_func
    result = self._main(task)
  File "C:\Python\Python314\Lib\site-packages\pyperf\_runner.py", line 468, in _main
    bench = self._manager()
  File "C:\Python\Python314\Lib\site-packages\pyperf\_runner.py", line 681, in _manager
    bench = Manager(self).create_bench()
  File "C:\Python\Python314\Lib\site-packages\pyperf\_manager.py", line 243, in create_bench
    worker_bench, run = self.create_worker_bench()
                        ~~~~~~~~~~~~~~~~~~~~~~~~^^
  File "C:\Python\Python314\Lib\site-packages\pyperf\_manager.py", line 142, in create_worker_bench
    suite = self.create_suite()
  File "C:\Python\Python314\Lib\site-packages\pyperf\_manager.py", line 132, in create_suite
    suite = self.spawn_worker(self.calibrate_loops, 0)
  File "C:\Python\Python314\Lib\site-packages\pyperf\_manager.py", line 118, in spawn_worker
    raise RuntimeError("%s failed with exit code %s"
                       % (cmd[0], exitcode))
RuntimeError: D:\CantorAI\xlang3\build-repro\Release\xlang3.exe failed with exit code 1
Traceback (most recent call last):
ERROR: Benchmark deltablue failed: Benchmark died
  File "C:\Python\Python314\Lib\site-packages\pyperformance\run.py", line 171, in run_benchmarks
[36/97] django_template...
    result = bench.run(
        bench_venv.python,
    ...<3 lines>...
        verbose=options.verbose,
    )
  File "D:\CantorAI\xlang3\benchmarks\diagnostics\run_pyperformance_xlang3_shimmed.py", line 145, in run_named_benchmark
    return original_benchmark_run(benchmark, *positional, **keywords)
  File "C:\Python\Python314\Lib\site-packages\pyperformance\_benchmark.py", line 193, in run
    bench = _run_perf_script(
        python,
    ...<4 lines>...
        verbose=verbose,
    )
  File "C:\Python\Python314\Lib\site-packages\pyperformance\_benchmark.py", line 250, in _run_perf_script
    raise RuntimeError("Benchmark died")
RuntimeError: Benchmark died
Traceback (most recent call last):
  File "C:\Python\Python314\Lib\site-packages\pyperformance\data-files\benchmarks\bm_django_template\run_benchmark.py", line 8, in <module>
    import django.conf
ModuleNotFoundError: No module named 'django'
Traceback (most recent call last):
ERROR: Benchmark django_template failed: Benchmark died
[37/97] docutils...
  File "C:\Python\Python314\Lib\site-packages\pyperformance\run.py", line 171, in run_benchmarks
    result = bench.run(
        bench_venv.python,
    ...<3 lines>...
        verbose=options.verbose,
    )
  File "D:\CantorAI\xlang3\benchmarks\diagnostics\run_pyperformance_xlang3_shimmed.py", line 145, in run_named_benchmark
    return original_benchmark_run(benchmark, *positional, **keywords)
  File "C:\Python\Python314\Lib\site-packages\pyperformance\_benchmark.py", line 193, in run
    bench = _run_perf_script(
        python,
    ...<4 lines>...
        verbose=verbose,
    )
  File "C:\Python\Python314\Lib\site-packages\pyperformance\_benchmark.py", line 250, in _run_perf_script
    raise RuntimeError("Benchmark died")
RuntimeError: Benchmark died
Traceback (most recent call last):
  File "C:\Python\Python314\Lib\site-packages\pyperformance\data-files\benchmarks\bm_docutils\run_benchmark.py", line 8, in <module>
    import docutils
ModuleNotFoundError: No module named 'docutils'
Traceback (most recent call last):
  File "C:\Python\Python314\Lib\site-packages\pyperformance\run.py", line 171, in run_benchmarks
    result = bench.run(
        bench_venv.python,
    ...<3 lines>...
        verbose=options.verbose,
    )
ERROR: Benchmark docutils failed: Benchmark died
[38/97] dulwich_log...
  File "D:\CantorAI\xlang3\benchmarks\diagnostics\run_pyperformance_xlang3_shimmed.py", line 145, in run_named_benchmark
    return original_benchmark_run(benchmark, *positional, **keywords)
  File "C:\Python\Python314\Lib\site-packages\pyperformance\_benchmark.py", line 193, in run
    bench = _run_perf_script(
        python,
    ...<4 lines>...
        verbose=verbose,
    )
  File "C:\Python\Python314\Lib\site-packages\pyperformance\_benchmark.py", line 250, in _run_perf_script
    raise RuntimeError("Benchmark died")
RuntimeError: Benchmark died
Traceback (most recent call last):
  File "C:\Python\Python314\Lib\site-packages\pyperformance\data-files\benchmarks\bm_dulwich_log\run_benchmark.py", line 9, in <module>
    import dulwich.repo
ModuleNotFoundError: No module named 'dulwich'
Traceback (most recent call last):
  File "C:\Python\Python314\Lib\site-packages\pyperformance\run.py", line 171, in run_benchmarks
    result = bench.run(
        bench_venv.python,
    ...<3 lines>...
        verbose=options.verbose,
    )
ERROR: Benchmark dulwich_log failed: Benchmark died
[39/97] fannkuch...
  File "D:\CantorAI\xlang3\benchmarks\diagnostics\run_pyperformance_xlang3_shimmed.py", line 145, in run_named_benchmark
    return original_benchmark_run(benchmark, *positional, **keywords)
  File "C:\Python\Python314\Lib\site-packages\pyperformance\_benchmark.py", line 193, in run
    bench = _run_perf_script(
        python,
    ...<4 lines>...
        verbose=verbose,
    )
  File "C:\Python\Python314\Lib\site-packages\pyperformance\_benchmark.py", line 250, in _run_perf_script
    raise RuntimeError("Benchmark died")
RuntimeError: Benchmark died
Traceback (most recent call last):
  File "C:\Python\Python314\Lib\site-packages\pyperformance\data-files\benchmarks\bm_fannkuch\run_benchmark.py", line 54, in <module>
    runner.bench_func('fannkuch', fannkuch, arg)
    ~~~~~~~~~~~~~~~~~^^^^^^^^^^^^^^^^^^^^^^^^^^^
  File "C:\Python\Python314\Lib\site-packages\pyperf\_runner.py", line 545, in bench_func
    result = self._main(task)
  File "C:\Python\Python314\Lib\site-packages\pyperf\_runner.py", line 463, in _main
    bench = self._worker(task)
  File "C:\Python\Python314\Lib\site-packages\pyperf\_runner.py", line 436, in _worker
    self._process_priority()
    ~~~~~~~~~~~~~~~~~~~~~~^^
  File "C:\Python\Python314\Lib\site-packages\pyperf\_runner.py", line 431, in _process_priority
    if not set_highest_priority():
           ~~~~~~~~~~~~~~~~~~~~^^
  File "C:\Python\Python314\Lib\site-packages\pyperf\_cpu_utils.py", line 173, in set_highest_priority
    proc = psutil.Process()
  File "C:\Python\Python314\Lib\site-packages\psutil\__init__.py", line 314, in __init__
    self._init(pid)
    ~~~~~~~~~~^^^^^
  File "C:\Python\Python314\Lib\site-packages\psutil\__init__.py", line 347, in _init
    self._ident = self._get_ident()
                  ~~~~~~~~~~~~~~~^^
  File "C:\Python\Python314\Lib\site-packages\psutil\__init__.py", line 388, in _get_ident
    self._create_time = self._proc.create_time(fast_only=True)
                        ~~~~~~~~~~~~~~~~~~~~~~^^^^^^^^^^^^^^^^
  File "C:\Python\Python314\Lib\site-packages\psutil\_pswindows.py", line 666, in wrapper
    return fun(self, *args, **kwargs)
  File "C:\Python\Python314\Lib\site-packages\psutil\_pswindows.py", line 914, in create_time
    _user, _system, created = cext.proc_times(self.pid)
                              ~~~~~~~~~~~~~~~^^^^^^^^^^
AttributeError: module 'psutil._psutil_windows' has no attribute 'proc_times'
Traceback (most recent call last):
  File "C:\Python\Python314\Lib\site-packages\pyperformance\data-files\benchmarks\bm_fannkuch\run_benchmark.py", line 54, in <module>
    runner.bench_func('fannkuch', fannkuch, arg)
    ~~~~~~~~~~~~~~~~~^^^^^^^^^^^^^^^^^^^^^^^^^^^
  File "C:\Python\Python314\Lib\site-packages\pyperf\_runner.py", line 545, in bench_func
    result = self._main(task)
  File "C:\Python\Python314\Lib\site-packages\pyperf\_runner.py", line 468, in _main
    bench = self._manager()
  File "C:\Python\Python314\Lib\site-packages\pyperf\_runner.py", line 681, in _manager
    bench = Manager(self).create_bench()
  File "C:\Python\Python314\Lib\site-packages\pyperf\_manager.py", line 243, in create_bench
    worker_bench, run = self.create_worker_bench()
                        ~~~~~~~~~~~~~~~~~~~~~~~~^^
  File "C:\Python\Python314\Lib\site-packages\pyperf\_manager.py", line 142, in create_worker_bench
    suite = self.create_suite()
  File "C:\Python\Python314\Lib\site-packages\pyperf\_manager.py", line 132, in create_suite
    suite = self.spawn_worker(self.calibrate_loops, 0)
  File "C:\Python\Python314\Lib\site-packages\pyperf\_manager.py", line 118, in spawn_worker
    raise RuntimeError("%s failed with exit code %s"
                       % (cmd[0], exitcode))
RuntimeError: D:\CantorAI\xlang3\build-repro\Release\xlang3.exe failed with exit code 1
Traceback (most recent call last):
  File "C:\Python\Python314\Lib\site-packages\pyperformance\run.py", line 171, in run_benchmarks
    result = bench.run(
        bench_venv.python,
    ...<3 lines>...
        verbose=options.verbose,
    )
ERROR: Benchmark fannkuch failed: Benchmark died
[40/97] fastapi...
  File "D:\CantorAI\xlang3\benchmarks\diagnostics\run_pyperformance_xlang3_shimmed.py", line 145, in run_named_benchmark
    return original_benchmark_run(benchmark, *positional, **keywords)
  File "C:\Python\Python314\Lib\site-packages\pyperformance\_benchmark.py", line 193, in run
    bench = _run_perf_script(
        python,
    ...<4 lines>...
        verbose=verbose,
    )
  File "C:\Python\Python314\Lib\site-packages\pyperformance\_benchmark.py", line 250, in _run_perf_script
    raise RuntimeError("Benchmark died")
RuntimeError: Benchmark died
Traceback (most recent call last):
  File "C:\Python\Python314\Lib\site-packages\pyperformance\data-files\benchmarks\bm_fastapi\run_benchmark.py", line 18, in <module>
    import httpx
ModuleNotFoundError: No module named 'httpx'
Traceback (most recent call last):
  File "C:\Python\Python314\Lib\site-packages\pyperformance\run.py", line 171, in run_benchmarks
    result = bench.run(
        bench_venv.python,
    ...<3 lines>...
        verbose=options.verbose,
    )
  File "D:\CantorAI\xlang3\benchmarks\diagnostics\run_pyperformance_xlang3_shimmed.py", line 145, in run_named_benchmark
    return original_benchmark_run(benchmark, *positional, **keywords)
  File "C:\Python\Python314\Lib\site-packages\pyperformance\_benchmark.py", line 193, in run
    bench = _run_perf_script(
        python,
    ...<4 lines>...
        verbose=verbose,
    )
  File "C:\Python\Python314\Lib\site-packages\pyperformance\_benchmark.py", line 250, in _run_perf_script
    raise RuntimeError("Benchmark died")
RuntimeError: Benchmark died
ERROR: Benchmark fastapi failed: Benchmark died
[41/97] float...
Traceback (most recent call last):
  File "C:\Python\Python314\Lib\site-packages\pyperformance\data-files\benchmarks\bm_float\run_benchmark.py", line 60, in <module>
    runner.bench_func('float', benchmark, points)
    ~~~~~~~~~~~~~~~~~^^^^^^^^^^^^^^^^^^^^^^^^^^^^
  File "C:\Python\Python314\Lib\site-packages\pyperf\_runner.py", line 545, in bench_func
    result = self._main(task)
  File "C:\Python\Python314\Lib\site-packages\pyperf\_runner.py", line 463, in _main
    bench = self._worker(task)
  File "C:\Python\Python314\Lib\site-packages\pyperf\_runner.py", line 436, in _worker
    self._process_priority()
    ~~~~~~~~~~~~~~~~~~~~~~^^
  File "C:\Python\Python314\Lib\site-packages\pyperf\_runner.py", line 431, in _process_priority
    if not set_highest_priority():
           ~~~~~~~~~~~~~~~~~~~~^^
  File "C:\Python\Python314\Lib\site-packages\pyperf\_cpu_utils.py", line 173, in set_highest_priority
    proc = psutil.Process()
  File "C:\Python\Python314\Lib\site-packages\psutil\__init__.py", line 314, in __init__
    self._init(pid)
    ~~~~~~~~~~^^^^^
  File "C:\Python\Python314\Lib\site-packages\psutil\__init__.py", line 347, in _init
    self._ident = self._get_ident()
                  ~~~~~~~~~~~~~~~^^
  File "C:\Python\Python314\Lib\site-packages\psutil\__init__.py", line 388, in _get_ident
    self._create_time = self._proc.create_time(fast_only=True)
                        ~~~~~~~~~~~~~~~~~~~~~~^^^^^^^^^^^^^^^^
  File "C:\Python\Python314\Lib\site-packages\psutil\_pswindows.py", line 666, in wrapper
    return fun(self, *args, **kwargs)
  File "C:\Python\Python314\Lib\site-packages\psutil\_pswindows.py", line 914, in create_time
    _user, _system, created = cext.proc_times(self.pid)
                              ~~~~~~~~~~~~~~~^^^^^^^^^^
AttributeError: module 'psutil._psutil_windows' has no attribute 'proc_times'
Traceback (most recent call last):
  File "C:\Python\Python314\Lib\site-packages\pyperformance\data-files\benchmarks\bm_float\run_benchmark.py", line 60, in <module>
    runner.bench_func('float', benchmark, points)
    ~~~~~~~~~~~~~~~~~^^^^^^^^^^^^^^^^^^^^^^^^^^^^
  File "C:\Python\Python314\Lib\site-packages\pyperf\_runner.py", line 545, in bench_func
    result = self._main(task)
  File "C:\Python\Python314\Lib\site-packages\pyperf\_runner.py", line 468, in _main
    bench = self._manager()
  File "C:\Python\Python314\Lib\site-packages\pyperf\_runner.py", line 681, in _manager
    bench = Manager(self).create_bench()
  File "C:\Python\Python314\Lib\site-packages\pyperf\_manager.py", line 243, in create_bench
    worker_bench, run = self.create_worker_bench()
                        ~~~~~~~~~~~~~~~~~~~~~~~~^^
  File "C:\Python\Python314\Lib\site-packages\pyperf\_manager.py", line 142, in create_worker_bench
    suite = self.create_suite()
  File "C:\Python\Python314\Lib\site-packages\pyperf\_manager.py", line 132, in create_suite
    suite = self.spawn_worker(self.calibrate_loops, 0)
  File "C:\Python\Python314\Lib\site-packages\pyperf\_manager.py", line 118, in spawn_worker
    raise RuntimeError("%s failed with exit code %s"
                       % (cmd[0], exitcode))
RuntimeError: D:\CantorAI\xlang3\build-repro\Release\xlang3.exe failed with exit code 1
Traceback (most recent call last):
ERROR: Benchmark float failed: Benchmark died
[42/97] gc_collect...
  File "C:\Python\Python314\Lib\site-packages\pyperformance\run.py", line 171, in run_benchmarks
    result = bench.run(
        bench_venv.python,
    ...<3 lines>...
        verbose=options.verbose,
    )
  File "D:\CantorAI\xlang3\benchmarks\diagnostics\run_pyperformance_xlang3_shimmed.py", line 145, in run_named_benchmark
    return original_benchmark_run(benchmark, *positional, **keywords)
  File "C:\Python\Python314\Lib\site-packages\pyperformance\_benchmark.py", line 193, in run
    bench = _run_perf_script(
        python,
    ...<4 lines>...
        verbose=verbose,
    )
  File "C:\Python\Python314\Lib\site-packages\pyperformance\_benchmark.py", line 250, in _run_perf_script
    raise RuntimeError("Benchmark died")
RuntimeError: Benchmark died
Traceback (most recent call last):
  File "C:\Python\Python314\Lib\site-packages\pyperformance\data-files\benchmarks\bm_gc_collect\run_benchmark.py", line 64, in <module>
    runner.bench_time_func("create_gc_cycles", benchamark_collection, CYCLES, LINKS)
    ~~~~~~~~~~~~~~~~~~~~~~^^^^^^^^^^^^^^^^^^^^^^^^^^^^^^^^^^^^^^^^^^^^^^^^^^^^^^^^^^
  File "C:\Python\Python314\Lib\site-packages\pyperf\_runner.py", line 502, in bench_time_func
    result = self._main(task)
  File "C:\Python\Python314\Lib\site-packages\pyperf\_runner.py", line 463, in _main
    bench = self._worker(task)
  File "C:\Python\Python314\Lib\site-packages\pyperf\_runner.py", line 436, in _worker
    self._process_priority()
    ~~~~~~~~~~~~~~~~~~~~~~^^
  File "C:\Python\Python314\Lib\site-packages\pyperf\_runner.py", line 431, in _process_priority
    if not set_highest_priority():
           ~~~~~~~~~~~~~~~~~~~~^^
  File "C:\Python\Python314\Lib\site-packages\pyperf\_cpu_utils.py", line 173, in set_highest_priority
    proc = psutil.Process()
  File "C:\Python\Python314\Lib\site-packages\psutil\__init__.py", line 314, in __init__
    self._init(pid)
    ~~~~~~~~~~^^^^^
  File "C:\Python\Python314\Lib\site-packages\psutil\__init__.py", line 347, in _init
    self._ident = self._get_ident()
                  ~~~~~~~~~~~~~~~^^
  File "C:\Python\Python314\Lib\site-packages\psutil\__init__.py", line 388, in _get_ident
    self._create_time = self._proc.create_time(fast_only=True)
                        ~~~~~~~~~~~~~~~~~~~~~~^^^^^^^^^^^^^^^^
  File "C:\Python\Python314\Lib\site-packages\psutil\_pswindows.py", line 666, in wrapper
    return fun(self, *args, **kwargs)
  File "C:\Python\Python314\Lib\site-packages\psutil\_pswindows.py", line 914, in create_time
    _user, _system, created = cext.proc_times(self.pid)
                              ~~~~~~~~~~~~~~~^^^^^^^^^^
AttributeError: module 'psutil._psutil_windows' has no attribute 'proc_times'
Traceback (most recent call last):
  File "C:\Python\Python314\Lib\site-packages\pyperformance\data-files\benchmarks\bm_gc_collect\run_benchmark.py", line 64, in <module>
    runner.bench_time_func("create_gc_cycles", benchamark_collection, CYCLES, LINKS)
    ~~~~~~~~~~~~~~~~~~~~~~^^^^^^^^^^^^^^^^^^^^^^^^^^^^^^^^^^^^^^^^^^^^^^^^^^^^^^^^^^
  File "C:\Python\Python314\Lib\site-packages\pyperf\_runner.py", line 502, in bench_time_func
    result = self._main(task)
  File "C:\Python\Python314\Lib\site-packages\pyperf\_runner.py", line 468, in _main
    bench = self._manager()
  File "C:\Python\Python314\Lib\site-packages\pyperf\_runner.py", line 681, in _manager
    bench = Manager(self).create_bench()
  File "C:\Python\Python314\Lib\site-packages\pyperf\_manager.py", line 243, in create_bench
    worker_bench, run = self.create_worker_bench()
                        ~~~~~~~~~~~~~~~~~~~~~~~~^^
  File "C:\Python\Python314\Lib\site-packages\pyperf\_manager.py", line 142, in create_worker_bench
    suite = self.create_suite()
  File "C:\Python\Python314\Lib\site-packages\pyperf\_manager.py", line 132, in create_suite
    suite = self.spawn_worker(self.calibrate_loops, 0)
  File "C:\Python\Python314\Lib\site-packages\pyperf\_manager.py", line 118, in spawn_worker
    raise RuntimeError("%s failed with exit code %s"
                       % (cmd[0], exitcode))
RuntimeError: D:\CantorAI\xlang3\build-repro\Release\xlang3.exe failed with exit code 1
Traceback (most recent call last):
  File "C:\Python\Python314\Lib\site-packages\pyperformance\run.py", line 171, in run_benchmarks
    result = bench.run(
        bench_venv.python,
    ...<3 lines>...
        verbose=options.verbose,
    )
  File "D:\CantorAI\xlang3\benchmarks\diagnostics\run_pyperformance_xlang3_shimmed.py", line 145, in run_named_benchmark
    return original_benchmark_run(benchmark, *positional, **keywords)
  File "C:\Python\Python314\Lib\site-packages\pyperformance\_benchmark.py", line 193, in run
    bench = _run_perf_script(
        python,
    ...<4 lines>...
        verbose=verbose,
    )
  File "C:\Python\Python314\Lib\site-packages\pyperformance\_benchmark.py", line 250, in _run_perf_script
    raise RuntimeError("Benchmark died")
RuntimeError: Benchmark died
ERROR: Benchmark gc_collect failed: Benchmark died
[43/97] gc_traversal...
Traceback (most recent call last):
  File "C:\Python\Python314\Lib\site-packages\pyperformance\data-files\benchmarks\bm_gc_traversal\run_benchmark.py", line 37, in <module>
    runner.bench_time_func("gc_traversal", benchamark_collection, N_LEVELS)
    ~~~~~~~~~~~~~~~~~~~~~~^^^^^^^^^^^^^^^^^^^^^^^^^^^^^^^^^^^^^^^^^^^^^^^^^
  File "C:\Python\Python314\Lib\site-packages\pyperf\_runner.py", line 502, in bench_time_func
    result = self._main(task)
  File "C:\Python\Python314\Lib\site-packages\pyperf\_runner.py", line 463, in _main
    bench = self._worker(task)
  File "C:\Python\Python314\Lib\site-packages\pyperf\_runner.py", line 436, in _worker
    self._process_priority()
    ~~~~~~~~~~~~~~~~~~~~~~^^
  File "C:\Python\Python314\Lib\site-packages\pyperf\_runner.py", line 431, in _process_priority
    if not set_highest_priority():
           ~~~~~~~~~~~~~~~~~~~~^^
  File "C:\Python\Python314\Lib\site-packages\pyperf\_cpu_utils.py", line 173, in set_highest_priority
    proc = psutil.Process()
  File "C:\Python\Python314\Lib\site-packages\psutil\__init__.py", line 314, in __init__
    self._init(pid)
    ~~~~~~~~~~^^^^^
  File "C:\Python\Python314\Lib\site-packages\psutil\__init__.py", line 347, in _init
    self._ident = self._get_ident()
                  ~~~~~~~~~~~~~~~^^
  File "C:\Python\Python314\Lib\site-packages\psutil\__init__.py", line 388, in _get_ident
    self._create_time = self._proc.create_time(fast_only=True)
                        ~~~~~~~~~~~~~~~~~~~~~~^^^^^^^^^^^^^^^^
  File "C:\Python\Python314\Lib\site-packages\psutil\_pswindows.py", line 666, in wrapper
    return fun(self, *args, **kwargs)
  File "C:\Python\Python314\Lib\site-packages\psutil\_pswindows.py", line 914, in create_time
    _user, _system, created = cext.proc_times(self.pid)
                              ~~~~~~~~~~~~~~~^^^^^^^^^^
AttributeError: module 'psutil._psutil_windows' has no attribute 'proc_times'
Traceback (most recent call last):
  File "C:\Python\Python314\Lib\site-packages\pyperformance\data-files\benchmarks\bm_gc_traversal\run_benchmark.py", line 37, in <module>
    runner.bench_time_func("gc_traversal", benchamark_collection, N_LEVELS)
    ~~~~~~~~~~~~~~~~~~~~~~^^^^^^^^^^^^^^^^^^^^^^^^^^^^^^^^^^^^^^^^^^^^^^^^^
  File "C:\Python\Python314\Lib\site-packages\pyperf\_runner.py", line 502, in bench_time_func
    result = self._main(task)
  File "C:\Python\Python314\Lib\site-packages\pyperf\_runner.py", line 468, in _main
    bench = self._manager()
  File "C:\Python\Python314\Lib\site-packages\pyperf\_runner.py", line 681, in _manager
    bench = Manager(self).create_bench()
  File "C:\Python\Python314\Lib\site-packages\pyperf\_manager.py", line 243, in create_bench
    worker_bench, run = self.create_worker_bench()
                        ~~~~~~~~~~~~~~~~~~~~~~~~^^
  File "C:\Python\Python314\Lib\site-packages\pyperf\_manager.py", line 142, in create_worker_bench
    suite = self.create_suite()
  File "C:\Python\Python314\Lib\site-packages\pyperf\_manager.py", line 132, in create_suite
    suite = self.spawn_worker(self.calibrate_loops, 0)
  File "C:\Python\Python314\Lib\site-packages\pyperf\_manager.py", line 118, in spawn_worker
    raise RuntimeError("%s failed with exit code %s"
                       % (cmd[0], exitcode))
RuntimeError: D:\CantorAI\xlang3\build-repro\Release\xlang3.exe failed with exit code 1
Traceback (most recent call last):
  File "C:\Python\Python314\Lib\site-packages\pyperformance\run.py", line 171, in run_benchmarks
    result = bench.run(
        bench_venv.python,
    ...<3 lines>...
        verbose=options.verbose,
    )
  File "D:\CantorAI\xlang3\benchmarks\diagnostics\run_pyperformance_xlang3_shimmed.py", line 145, in run_named_benchmark
    return original_benchmark_run(benchmark, *positional, **keywords)
  File "C:\Python\Python314\Lib\site-packages\pyperformance\_benchmark.py", line 193, in run
    bench = _run_perf_script(
        python,
    ...<4 lines>...
        verbose=verbose,
    )
  File "C:\Python\Python314\Lib\site-packages\pyperformance\_benchmark.py", line 250, in _run_perf_script
    raise RuntimeError("Benchmark died")
RuntimeError: Benchmark died
ERROR: Benchmark gc_traversal failed: Benchmark died
[44/97] generators...
Traceback (most recent call last):
  File "C:\Python\Python314\Lib\site-packages\pyperformance\data-files\benchmarks\bm_generators\run_benchmark.py", line 49, in <module>
    runner.bench_time_func('generators', bench_generators)
    ~~~~~~~~~~~~~~~~~~~~~~^^^^^^^^^^^^^^^^^^^^^^^^^^^^^^^^
  File "C:\Python\Python314\Lib\site-packages\pyperf\_runner.py", line 502, in bench_time_func
    result = self._main(task)
  File "C:\Python\Python314\Lib\site-packages\pyperf\_runner.py", line 463, in _main
    bench = self._worker(task)
  File "C:\Python\Python314\Lib\site-packages\pyperf\_runner.py", line 436, in _worker
    self._process_priority()
    ~~~~~~~~~~~~~~~~~~~~~~^^
  File "C:\Python\Python314\Lib\site-packages\pyperf\_runner.py", line 431, in _process_priority
    if not set_highest_priority():
           ~~~~~~~~~~~~~~~~~~~~^^
  File "C:\Python\Python314\Lib\site-packages\pyperf\_cpu_utils.py", line 173, in set_highest_priority
    proc = psutil.Process()
  File "C:\Python\Python314\Lib\site-packages\psutil\__init__.py", line 314, in __init__
    self._init(pid)
    ~~~~~~~~~~^^^^^
  File "C:\Python\Python314\Lib\site-packages\psutil\__init__.py", line 347, in _init
    self._ident = self._get_ident()
                  ~~~~~~~~~~~~~~~^^
  File "C:\Python\Python314\Lib\site-packages\psutil\__init__.py", line 388, in _get_ident
    self._create_time = self._proc.create_time(fast_only=True)
                        ~~~~~~~~~~~~~~~~~~~~~~^^^^^^^^^^^^^^^^
  File "C:\Python\Python314\Lib\site-packages\psutil\_pswindows.py", line 666, in wrapper
    return fun(self, *args, **kwargs)
  File "C:\Python\Python314\Lib\site-packages\psutil\_pswindows.py", line 914, in create_time
    _user, _system, created = cext.proc_times(self.pid)
                              ~~~~~~~~~~~~~~~^^^^^^^^^^
AttributeError: module 'psutil._psutil_windows' has no attribute 'proc_times'
Traceback (most recent call last):
  File "C:\Python\Python314\Lib\site-packages\pyperformance\data-files\benchmarks\bm_generators\run_benchmark.py", line 49, in <module>
    runner.bench_time_func('generators', bench_generators)
    ~~~~~~~~~~~~~~~~~~~~~~^^^^^^^^^^^^^^^^^^^^^^^^^^^^^^^^
  File "C:\Python\Python314\Lib\site-packages\pyperf\_runner.py", line 502, in bench_time_func
    result = self._main(task)
  File "C:\Python\Python314\Lib\site-packages\pyperf\_runner.py", line 468, in _main
    bench = self._manager()
  File "C:\Python\Python314\Lib\site-packages\pyperf\_runner.py", line 681, in _manager
    bench = Manager(self).create_bench()
  File "C:\Python\Python314\Lib\site-packages\pyperf\_manager.py", line 243, in create_bench
    worker_bench, run = self.create_worker_bench()
                        ~~~~~~~~~~~~~~~~~~~~~~~~^^
  File "C:\Python\Python314\Lib\site-packages\pyperf\_manager.py", line 142, in create_worker_bench
    suite = self.create_suite()
  File "C:\Python\Python314\Lib\site-packages\pyperf\_manager.py", line 132, in create_suite
    suite = self.spawn_worker(self.calibrate_loops, 0)
  File "C:\Python\Python314\Lib\site-packages\pyperf\_manager.py", line 118, in spawn_worker
    raise RuntimeError("%s failed with exit code %s"
                       % (cmd[0], exitcode))
RuntimeError: D:\CantorAI\xlang3\build-repro\Release\xlang3.exe failed with exit code 1
Traceback (most recent call last):
  File "C:\Python\Python314\Lib\site-packages\pyperformance\run.py", line 171, in run_benchmarks
    result = bench.run(
        bench_venv.python,
    ...<3 lines>...
        verbose=options.verbose,
    )
  File "D:\CantorAI\xlang3\benchmarks\diagnostics\run_pyperformance_xlang3_shimmed.py", line 145, in run_named_benchmark
    return original_benchmark_run(benchmark, *positional, **keywords)
  File "C:\Python\Python314\Lib\site-packages\pyperformance\_benchmark.py", line 193, in run
    bench = _run_perf_script(
        python,
    ...<4 lines>...
        verbose=verbose,
    )
  File "C:\Python\Python314\Lib\site-packages\pyperformance\_benchmark.py", line 250, in _run_perf_script
    raise RuntimeError("Benchmark died")
RuntimeError: Benchmark died
ERROR: Benchmark generators failed: Benchmark died
[45/97] genshi...
Traceback (most recent call last):
  File "C:\Python\Python314\Lib\site-packages\pyperformance\data-files\benchmarks\bm_genshi\run_benchmark.py", line 7, in <module>
    from genshi.template import MarkupTemplate, NewTextTemplate
ModuleNotFoundError: No module named 'genshi'
Traceback (most recent call last):
  File "C:\Python\Python314\Lib\site-packages\pyperformance\run.py", line 171, in run_benchmarks
    result = bench.run(
        bench_venv.python,
    ...<3 lines>...
        verbose=options.verbose,
    )
  File "D:\CantorAI\xlang3\benchmarks\diagnostics\run_pyperformance_xlang3_shimmed.py", line 145, in run_named_benchmark
    return original_benchmark_run(benchmark, *positional, **keywords)
ERROR: Benchmark genshi failed: Benchmark died
[46/97] go...
  File "C:\Python\Python314\Lib\site-packages\pyperformance\_benchmark.py", line 193, in run
    bench = _run_perf_script(
        python,
    ...<4 lines>...
        verbose=verbose,
    )
  File "C:\Python\Python314\Lib\site-packages\pyperformance\_benchmark.py", line 250, in _run_perf_script
    raise RuntimeError("Benchmark died")
RuntimeError: Benchmark died
Traceback (most recent call last):
  File "C:\Python\Python314\Lib\site-packages\pyperformance\data-files\benchmarks\bm_go\run_benchmark.py", line 457, in <module>
    runner.bench_func('go', versus_cpu)
    ~~~~~~~~~~~~~~~~~^^^^^^^^^^^^^^^^^^
  File "C:\Python\Python314\Lib\site-packages\pyperf\_runner.py", line 545, in bench_func
    result = self._main(task)
  File "C:\Python\Python314\Lib\site-packages\pyperf\_runner.py", line 463, in _main
    bench = self._worker(task)
  File "C:\Python\Python314\Lib\site-packages\pyperf\_runner.py", line 436, in _worker
    self._process_priority()
    ~~~~~~~~~~~~~~~~~~~~~~^^
  File "C:\Python\Python314\Lib\site-packages\pyperf\_runner.py", line 431, in _process_priority
    if not set_highest_priority():
           ~~~~~~~~~~~~~~~~~~~~^^
  File "C:\Python\Python314\Lib\site-packages\pyperf\_cpu_utils.py", line 173, in set_highest_priority
    proc = psutil.Process()
  File "C:\Python\Python314\Lib\site-packages\psutil\__init__.py", line 314, in __init__
    self._init(pid)
    ~~~~~~~~~~^^^^^
  File "C:\Python\Python314\Lib\site-packages\psutil\__init__.py", line 347, in _init
    self._ident = self._get_ident()
                  ~~~~~~~~~~~~~~~^^
  File "C:\Python\Python314\Lib\site-packages\psutil\__init__.py", line 388, in _get_ident
    self._create_time = self._proc.create_time(fast_only=True)
                        ~~~~~~~~~~~~~~~~~~~~~~^^^^^^^^^^^^^^^^
  File "C:\Python\Python314\Lib\site-packages\psutil\_pswindows.py", line 666, in wrapper
    return fun(self, *args, **kwargs)
  File "C:\Python\Python314\Lib\site-packages\psutil\_pswindows.py", line 914, in create_time
    _user, _system, created = cext.proc_times(self.pid)
                              ~~~~~~~~~~~~~~~^^^^^^^^^^
AttributeError: module 'psutil._psutil_windows' has no attribute 'proc_times'
Traceback (most recent call last):
  File "C:\Python\Python314\Lib\site-packages\pyperformance\data-files\benchmarks\bm_go\run_benchmark.py", line 457, in <module>
    runner.bench_func('go', versus_cpu)
    ~~~~~~~~~~~~~~~~~^^^^^^^^^^^^^^^^^^
  File "C:\Python\Python314\Lib\site-packages\pyperf\_runner.py", line 545, in bench_func
    result = self._main(task)
  File "C:\Python\Python314\Lib\site-packages\pyperf\_runner.py", line 468, in _main
    bench = self._manager()
  File "C:\Python\Python314\Lib\site-packages\pyperf\_runner.py", line 681, in _manager
    bench = Manager(self).create_bench()
  File "C:\Python\Python314\Lib\site-packages\pyperf\_manager.py", line 243, in create_bench
    worker_bench, run = self.create_worker_bench()
                        ~~~~~~~~~~~~~~~~~~~~~~~~^^
  File "C:\Python\Python314\Lib\site-packages\pyperf\_manager.py", line 142, in create_worker_bench
    suite = self.create_suite()
  File "C:\Python\Python314\Lib\site-packages\pyperf\_manager.py", line 132, in create_suite
    suite = self.spawn_worker(self.calibrate_loops, 0)
  File "C:\Python\Python314\Lib\site-packages\pyperf\_manager.py", line 118, in spawn_worker
    raise RuntimeError("%s failed with exit code %s"
                       % (cmd[0], exitcode))
RuntimeError: D:\CantorAI\xlang3\build-repro\Release\xlang3.exe failed with exit code 1
Traceback (most recent call last):
  File "C:\Python\Python314\Lib\site-packages\pyperformance\run.py", line 171, in run_benchmarks
    result = bench.run(
        bench_venv.python,
    ...<3 lines>...
        verbose=options.verbose,
    )
  File "D:\CantorAI\xlang3\benchmarks\diagnostics\run_pyperformance_xlang3_shimmed.py", line 145, in run_named_benchmark
    return original_benchmark_run(benchmark, *positional, **keywords)
  File "C:\Python\Python314\Lib\site-packages\pyperformance\_benchmark.py", line 193, in run
    bench = _run_perf_script(
        python,
    ...<4 lines>...
        verbose=verbose,
    )
  File "C:\Python\Python314\Lib\site-packages\pyperformance\_benchmark.py", line 250, in _run_perf_script
    raise RuntimeError("Benchmark died")
RuntimeError: Benchmark died
ERROR: Benchmark go failed: Benchmark died
[47/97] hexiom...
Traceback (most recent call last):
  File "C:\Python\Python314\Lib\site-packages\pyperformance\data-files\benchmarks\bm_hexiom\run_benchmark.py", line 666, in <module>
    runner.bench_time_func('hexiom', main, args.level)
    ~~~~~~~~~~~~~~~~~~~~~~^^^^^^^^^^^^^^^^^^^^^^^^^^^^
  File "C:\Python\Python314\Lib\site-packages\pyperf\_runner.py", line 502, in bench_time_func
    result = self._main(task)
  File "C:\Python\Python314\Lib\site-packages\pyperf\_runner.py", line 463, in _main
    bench = self._worker(task)
  File "C:\Python\Python314\Lib\site-packages\pyperf\_runner.py", line 436, in _worker
    self._process_priority()
    ~~~~~~~~~~~~~~~~~~~~~~^^
  File "C:\Python\Python314\Lib\site-packages\pyperf\_runner.py", line 431, in _process_priority
    if not set_highest_priority():
           ~~~~~~~~~~~~~~~~~~~~^^
  File "C:\Python\Python314\Lib\site-packages\pyperf\_cpu_utils.py", line 173, in set_highest_priority
    proc = psutil.Process()
  File "C:\Python\Python314\Lib\site-packages\psutil\__init__.py", line 314, in __init__
    self._init(pid)
    ~~~~~~~~~~^^^^^
  File "C:\Python\Python314\Lib\site-packages\psutil\__init__.py", line 347, in _init
    self._ident = self._get_ident()
                  ~~~~~~~~~~~~~~~^^
  File "C:\Python\Python314\Lib\site-packages\psutil\__init__.py", line 388, in _get_ident
    self._create_time = self._proc.create_time(fast_only=True)
                        ~~~~~~~~~~~~~~~~~~~~~~^^^^^^^^^^^^^^^^
  File "C:\Python\Python314\Lib\site-packages\psutil\_pswindows.py", line 666, in wrapper
    return fun(self, *args, **kwargs)
  File "C:\Python\Python314\Lib\site-packages\psutil\_pswindows.py", line 914, in create_time
    _user, _system, created = cext.proc_times(self.pid)
                              ~~~~~~~~~~~~~~~^^^^^^^^^^
AttributeError: module 'psutil._psutil_windows' has no attribute 'proc_times'
Traceback (most recent call last):
  File "C:\Python\Python314\Lib\site-packages\pyperformance\data-files\benchmarks\bm_hexiom\run_benchmark.py", line 666, in <module>
    runner.bench_time_func('hexiom', main, args.level)
    ~~~~~~~~~~~~~~~~~~~~~~^^^^^^^^^^^^^^^^^^^^^^^^^^^^
  File "C:\Python\Python314\Lib\site-packages\pyperf\_runner.py", line 502, in bench_time_func
    result = self._main(task)
  File "C:\Python\Python314\Lib\site-packages\pyperf\_runner.py", line 468, in _main
    bench = self._manager()
  File "C:\Python\Python314\Lib\site-packages\pyperf\_runner.py", line 681, in _manager
    bench = Manager(self).create_bench()
  File "C:\Python\Python314\Lib\site-packages\pyperf\_manager.py", line 243, in create_bench
    worker_bench, run = self.create_worker_bench()
                        ~~~~~~~~~~~~~~~~~~~~~~~~^^
  File "C:\Python\Python314\Lib\site-packages\pyperf\_manager.py", line 142, in create_worker_bench
    suite = self.create_suite()
  File "C:\Python\Python314\Lib\site-packages\pyperf\_manager.py", line 132, in create_suite
    suite = self.spawn_worker(self.calibrate_loops, 0)
  File "C:\Python\Python314\Lib\site-packages\pyperf\_manager.py", line 118, in spawn_worker
    raise RuntimeError("%s failed with exit code %s"
                       % (cmd[0], exitcode))
RuntimeError: D:\CantorAI\xlang3\build-repro\Release\xlang3.exe failed with exit code 1
Traceback (most recent call last):
ERROR: Benchmark hexiom failed: Benchmark died
[48/97] html5lib...
  File "C:\Python\Python314\Lib\site-packages\pyperformance\run.py", line 171, in run_benchmarks
    result = bench.run(
        bench_venv.python,
    ...<3 lines>...
        verbose=options.verbose,
    )
  File "D:\CantorAI\xlang3\benchmarks\diagnostics\run_pyperformance_xlang3_shimmed.py", line 145, in run_named_benchmark
    return original_benchmark_run(benchmark, *positional, **keywords)
  File "C:\Python\Python314\Lib\site-packages\pyperformance\_benchmark.py", line 193, in run
    bench = _run_perf_script(
        python,
    ...<4 lines>...
        verbose=verbose,
    )
  File "C:\Python\Python314\Lib\site-packages\pyperformance\_benchmark.py", line 250, in _run_perf_script
    raise RuntimeError("Benchmark died")
RuntimeError: Benchmark died
Traceback (most recent call last):
  File "C:\Python\Python314\Lib\site-packages\pyperformance\data-files\benchmarks\bm_html5lib\run_benchmark.py", line 9, in <module>
    import html5lib
ModuleNotFoundError: No module named 'html5lib'
Traceback (most recent call last):
  File "C:\Python\Python314\Lib\site-packages\pyperformance\run.py", line 171, in run_benchmarks
    result = bench.run(
        bench_venv.python,
    ...<3 lines>...
        verbose=options.verbose,
    )
  File "D:\CantorAI\xlang3\benchmarks\diagnostics\run_pyperformance_xlang3_shimmed.py", line 145, in run_named_benchmark
    return original_benchmark_run(benchmark, *positional, **keywords)
  File "C:\Python\Python314\Lib\site-packages\pyperformance\_benchmark.py", line 193, in run
    bench = _run_perf_script(
        python,
    ...<4 lines>...
        verbose=verbose,
    )
  File "C:\Python\Python314\Lib\site-packages\pyperformance\_benchmark.py", line 250, in _run_perf_script
    raise RuntimeError("Benchmark died")
RuntimeError: Benchmark died
ERROR: Benchmark html5lib failed: Benchmark died
[49/97] json_dumps...
Traceback (most recent call last):
  File "C:\Python\Python314\Lib\site-packages\pyperformance\data-files\benchmarks\bm_json_dumps\run_benchmark.py", line 59, in <module>
    main()
    ~~~~^^
  File "C:\Python\Python314\Lib\site-packages\pyperformance\data-files\benchmarks\bm_json_dumps\run_benchmark.py", line 55, in main
    runner.bench_func('json_dumps', bench_json_dumps, data)
    ~~~~~~~~~~~~~~~~~^^^^^^^^^^^^^^^^^^^^^^^^^^^^^^^^^^^^^^
  File "C:\Python\Python314\Lib\site-packages\pyperf\_runner.py", line 545, in bench_func
    result = self._main(task)
  File "C:\Python\Python314\Lib\site-packages\pyperf\_runner.py", line 463, in _main
    bench = self._worker(task)
  File "C:\Python\Python314\Lib\site-packages\pyperf\_runner.py", line 436, in _worker
    self._process_priority()
    ~~~~~~~~~~~~~~~~~~~~~~^^
  File "C:\Python\Python314\Lib\site-packages\pyperf\_runner.py", line 431, in _process_priority
    if not set_highest_priority():
           ~~~~~~~~~~~~~~~~~~~~^^
  File "C:\Python\Python314\Lib\site-packages\pyperf\_cpu_utils.py", line 173, in set_highest_priority
    proc = psutil.Process()
  File "C:\Python\Python314\Lib\site-packages\psutil\__init__.py", line 314, in __init__
    self._init(pid)
    ~~~~~~~~~~^^^^^
  File "C:\Python\Python314\Lib\site-packages\psutil\__init__.py", line 347, in _init
    self._ident = self._get_ident()
                  ~~~~~~~~~~~~~~~^^
  File "C:\Python\Python314\Lib\site-packages\psutil\__init__.py", line 388, in _get_ident
    self._create_time = self._proc.create_time(fast_only=True)
                        ~~~~~~~~~~~~~~~~~~~~~~^^^^^^^^^^^^^^^^
  File "C:\Python\Python314\Lib\site-packages\psutil\_pswindows.py", line 666, in wrapper
    return fun(self, *args, **kwargs)
  File "C:\Python\Python314\Lib\site-packages\psutil\_pswindows.py", line 914, in create_time
    _user, _system, created = cext.proc_times(self.pid)
                              ~~~~~~~~~~~~~~~^^^^^^^^^^
AttributeError: module 'psutil._psutil_windows' has no attribute 'proc_times'
Traceback (most recent call last):
  File "C:\Python\Python314\Lib\site-packages\pyperformance\data-files\benchmarks\bm_json_dumps\run_benchmark.py", line 59, in <module>
    main()
    ~~~~^^
  File "C:\Python\Python314\Lib\site-packages\pyperformance\data-files\benchmarks\bm_json_dumps\run_benchmark.py", line 55, in main
    runner.bench_func('json_dumps', bench_json_dumps, data)
    ~~~~~~~~~~~~~~~~~^^^^^^^^^^^^^^^^^^^^^^^^^^^^^^^^^^^^^^
  File "C:\Python\Python314\Lib\site-packages\pyperf\_runner.py", line 545, in bench_func
    result = self._main(task)
  File "C:\Python\Python314\Lib\site-packages\pyperf\_runner.py", line 468, in _main
    bench = self._manager()
  File "C:\Python\Python314\Lib\site-packages\pyperf\_runner.py", line 681, in _manager
    bench = Manager(self).create_bench()
  File "C:\Python\Python314\Lib\site-packages\pyperf\_manager.py", line 243, in create_bench
    worker_bench, run = self.create_worker_bench()
                        ~~~~~~~~~~~~~~~~~~~~~~~~^^
  File "C:\Python\Python314\Lib\site-packages\pyperf\_manager.py", line 142, in create_worker_bench
    suite = self.create_suite()
  File "C:\Python\Python314\Lib\site-packages\pyperf\_manager.py", line 132, in create_suite
    suite = self.spawn_worker(self.calibrate_loops, 0)
  File "C:\Python\Python314\Lib\site-packages\pyperf\_manager.py", line 118, in spawn_worker
    raise RuntimeError("%s failed with exit code %s"
                       % (cmd[0], exitcode))
RuntimeError: D:\CantorAI\xlang3\build-repro\Release\xlang3.exe failed with exit code 1
Traceback (most recent call last):
  File "C:\Python\Python314\Lib\site-packages\pyperformance\run.py", line 171, in run_benchmarks
    result = bench.run(
        bench_venv.python,
    ...<3 lines>...
        verbose=options.verbose,
    )
  File "D:\CantorAI\xlang3\benchmarks\diagnostics\run_pyperformance_xlang3_shimmed.py", line 145, in run_named_benchmark
    return original_benchmark_run(benchmark, *positional, **keywords)
  File "C:\Python\Python314\Lib\site-packages\pyperformance\_benchmark.py", line 193, in run
    bench = _run_perf_script(
        python,
    ...<4 lines>...
        verbose=verbose,
    )
ERROR: Benchmark json_dumps failed: Benchmark died
[50/97] json_loads...
  File "C:\Python\Python314\Lib\site-packages\pyperformance\_benchmark.py", line 250, in _run_perf_script
    raise RuntimeError("Benchmark died")
RuntimeError: Benchmark died
Traceback (most recent call last):
  File "C:\Python\Python314\Lib\site-packages\pyperformance\data-files\benchmarks\bm_json_loads\run_benchmark.py", line 106, in <module>
    runner.bench_func('json_loads', bench_json_loads, objs, inner_loops=20)
    ~~~~~~~~~~~~~~~~~^^^^^^^^^^^^^^^^^^^^^^^^^^^^^^^^^^^^^^^^^^^^^^^^^^^^^^
  File "C:\Python\Python314\Lib\site-packages\pyperf\_runner.py", line 545, in bench_func
    result = self._main(task)
  File "C:\Python\Python314\Lib\site-packages\pyperf\_runner.py", line 463, in _main
    bench = self._worker(task)
  File "C:\Python\Python314\Lib\site-packages\pyperf\_runner.py", line 436, in _worker
    self._process_priority()
    ~~~~~~~~~~~~~~~~~~~~~~^^
  File "C:\Python\Python314\Lib\site-packages\pyperf\_runner.py", line 431, in _process_priority
    if not set_highest_priority():
           ~~~~~~~~~~~~~~~~~~~~^^
  File "C:\Python\Python314\Lib\site-packages\pyperf\_cpu_utils.py", line 173, in set_highest_priority
    proc = psutil.Process()
  File "C:\Python\Python314\Lib\site-packages\psutil\__init__.py", line 314, in __init__
    self._init(pid)
    ~~~~~~~~~~^^^^^
  File "C:\Python\Python314\Lib\site-packages\psutil\__init__.py", line 347, in _init
    self._ident = self._get_ident()
                  ~~~~~~~~~~~~~~~^^
  File "C:\Python\Python314\Lib\site-packages\psutil\__init__.py", line 388, in _get_ident
    self._create_time = self._proc.create_time(fast_only=True)
                        ~~~~~~~~~~~~~~~~~~~~~~^^^^^^^^^^^^^^^^
  File "C:\Python\Python314\Lib\site-packages\psutil\_pswindows.py", line 666, in wrapper
    return fun(self, *args, **kwargs)
  File "C:\Python\Python314\Lib\site-packages\psutil\_pswindows.py", line 914, in create_time
    _user, _system, created = cext.proc_times(self.pid)
                              ~~~~~~~~~~~~~~~^^^^^^^^^^
AttributeError: module 'psutil._psutil_windows' has no attribute 'proc_times'
Traceback (most recent call last):
  File "C:\Python\Python314\Lib\site-packages\pyperformance\data-files\benchmarks\bm_json_loads\run_benchmark.py", line 106, in <module>
    runner.bench_func('json_loads', bench_json_loads, objs, inner_loops=20)
    ~~~~~~~~~~~~~~~~~^^^^^^^^^^^^^^^^^^^^^^^^^^^^^^^^^^^^^^^^^^^^^^^^^^^^^^
  File "C:\Python\Python314\Lib\site-packages\pyperf\_runner.py", line 545, in bench_func
    result = self._main(task)
  File "C:\Python\Python314\Lib\site-packages\pyperf\_runner.py", line 468, in _main
    bench = self._manager()
  File "C:\Python\Python314\Lib\site-packages\pyperf\_runner.py", line 681, in _manager
    bench = Manager(self).create_bench()
  File "C:\Python\Python314\Lib\site-packages\pyperf\_manager.py", line 243, in create_bench
    worker_bench, run = self.create_worker_bench()
                        ~~~~~~~~~~~~~~~~~~~~~~~~^^
  File "C:\Python\Python314\Lib\site-packages\pyperf\_manager.py", line 142, in create_worker_bench
    suite = self.create_suite()
  File "C:\Python\Python314\Lib\site-packages\pyperf\_manager.py", line 132, in create_suite
    suite = self.spawn_worker(self.calibrate_loops, 0)
  File "C:\Python\Python314\Lib\site-packages\pyperf\_manager.py", line 118, in spawn_worker
    raise RuntimeError("%s failed with exit code %s"
                       % (cmd[0], exitcode))
RuntimeError: D:\CantorAI\xlang3\build-repro\Release\xlang3.exe failed with exit code 1
Traceback (most recent call last):
  File "C:\Python\Python314\Lib\site-packages\pyperformance\run.py", line 171, in run_benchmarks
    result = bench.run(
        bench_venv.python,
    ...<3 lines>...
        verbose=options.verbose,
    )
  File "D:\CantorAI\xlang3\benchmarks\diagnostics\run_pyperformance_xlang3_shimmed.py", line 145, in run_named_benchmark
    return original_benchmark_run(benchmark, *positional, **keywords)
  File "C:\Python\Python314\Lib\site-packages\pyperformance\_benchmark.py", line 193, in run
    bench = _run_perf_script(
        python,
    ...<4 lines>...
        verbose=verbose,
    )
  File "C:\Python\Python314\Lib\site-packages\pyperformance\_benchmark.py", line 250, in _run_perf_script
    raise RuntimeError("Benchmark died")
RuntimeError: Benchmark died
ERROR: Benchmark json_loads failed: Benchmark died
[51/97] logging...
Traceback (most recent call last):
  File "C:\Python\Python314\Lib\site-packages\pyperformance\data-files\benchmarks\bm_logging\run_benchmark.py", line 162, in <module>
    runner.bench_time_func(name, bench_func,
    ~~~~~~~~~~~~~~~~~~~~~~^^^^^^^^^^^^^^^^^^
                           logger, stream,
                           ^^^^^^^^^^^^^^^
                           inner_loops=10)
                           ^^^^^^^^^^^^^^^
  File "C:\Python\Python314\Lib\site-packages\pyperf\_runner.py", line 502, in bench_time_func
    result = self._main(task)
  File "C:\Python\Python314\Lib\site-packages\pyperf\_runner.py", line 463, in _main
    bench = self._worker(task)
  File "C:\Python\Python314\Lib\site-packages\pyperf\_runner.py", line 436, in _worker
    self._process_priority()
    ~~~~~~~~~~~~~~~~~~~~~~^^
  File "C:\Python\Python314\Lib\site-packages\pyperf\_runner.py", line 431, in _process_priority
    if not set_highest_priority():
           ~~~~~~~~~~~~~~~~~~~~^^
  File "C:\Python\Python314\Lib\site-packages\pyperf\_cpu_utils.py", line 173, in set_highest_priority
    proc = psutil.Process()
  File "C:\Python\Python314\Lib\site-packages\psutil\__init__.py", line 314, in __init__
    self._init(pid)
    ~~~~~~~~~~^^^^^
  File "C:\Python\Python314\Lib\site-packages\psutil\__init__.py", line 347, in _init
    self._ident = self._get_ident()
                  ~~~~~~~~~~~~~~~^^
  File "C:\Python\Python314\Lib\site-packages\psutil\__init__.py", line 388, in _get_ident
    self._create_time = self._proc.create_time(fast_only=True)
                        ~~~~~~~~~~~~~~~~~~~~~~^^^^^^^^^^^^^^^^
  File "C:\Python\Python314\Lib\site-packages\psutil\_pswindows.py", line 666, in wrapper
    return fun(self, *args, **kwargs)
  File "C:\Python\Python314\Lib\site-packages\psutil\_pswindows.py", line 914, in create_time
    _user, _system, created = cext.proc_times(self.pid)
                              ~~~~~~~~~~~~~~~^^^^^^^^^^
AttributeError: module 'psutil._psutil_windows' has no attribute 'proc_times'
Traceback (most recent call last):
  File "C:\Python\Python314\Lib\site-packages\pyperformance\data-files\benchmarks\bm_logging\run_benchmark.py", line 162, in <module>
    runner.bench_time_func(name, bench_func,
    ~~~~~~~~~~~~~~~~~~~~~~^^^^^^^^^^^^^^^^^^
                           logger, stream,
                           ^^^^^^^^^^^^^^^
                           inner_loops=10)
                           ^^^^^^^^^^^^^^^
  File "C:\Python\Python314\Lib\site-packages\pyperf\_runner.py", line 502, in bench_time_func
    result = self._main(task)
  File "C:\Python\Python314\Lib\site-packages\pyperf\_runner.py", line 468, in _main
    bench = self._manager()
  File "C:\Python\Python314\Lib\site-packages\pyperf\_runner.py", line 681, in _manager
    bench = Manager(self).create_bench()
  File "C:\Python\Python314\Lib\site-packages\pyperf\_manager.py", line 243, in create_bench
    worker_bench, run = self.create_worker_bench()
                        ~~~~~~~~~~~~~~~~~~~~~~~~^^
  File "C:\Python\Python314\Lib\site-packages\pyperf\_manager.py", line 142, in create_worker_bench
    suite = self.create_suite()
  File "C:\Python\Python314\Lib\site-packages\pyperf\_manager.py", line 132, in create_suite
    suite = self.spawn_worker(self.calibrate_loops, 0)
  File "C:\Python\Python314\Lib\site-packages\pyperf\_manager.py", line 118, in spawn_worker
    raise RuntimeError("%s failed with exit code %s"
                       % (cmd[0], exitcode))
RuntimeError: D:\CantorAI\xlang3\build-repro\Release\xlang3.exe failed with exit code 1
Traceback (most recent call last):
  File "C:\Python\Python314\Lib\site-packages\pyperformance\run.py", line 171, in run_benchmarks
    result = bench.run(
        bench_venv.python,
    ...<3 lines>...
        verbose=options.verbose,
    )
  File "D:\CantorAI\xlang3\benchmarks\diagnostics\run_pyperformance_xlang3_shimmed.py", line 145, in run_named_benchmark
    return original_benchmark_run(benchmark, *positional, **keywords)
  File "C:\Python\Python314\Lib\site-packages\pyperformance\_benchmark.py", line 193, in run
    bench = _run_perf_script(
        python,
    ...<4 lines>...
        verbose=verbose,
    )
  File "C:\Python\Python314\Lib\site-packages\pyperformance\_benchmark.py", line 250, in _run_perf_script
    raise RuntimeError("Benchmark died")
RuntimeError: Benchmark died
ERROR: Benchmark logging failed: Benchmark died
[52/97] mako...
Traceback (most recent call last):
  File "C:\Python\Python314\Lib\site-packages\pyperformance\data-files\benchmarks\bm_mako\run_benchmark.py", line 18, in <module>
    import mako   # noqa
ModuleNotFoundError: No module named 'mako'
Traceback (most recent call last):
  File "C:\Python\Python314\Lib\site-packages\pyperformance\run.py", line 171, in run_benchmarks
    result = bench.run(
        bench_venv.python,
    ...<3 lines>...
        verbose=options.verbose,
    )
  File "D:\CantorAI\xlang3\benchmarks\diagnostics\run_pyperformance_xlang3_shimmed.py", line 145, in run_named_benchmark
    return original_benchmark_run(benchmark, *positional, **keywords)
  File "C:\Python\Python314\Lib\site-packages\pyperformance\_benchmark.py", line 193, in run
    bench = _run_perf_script(
        python,
    ...<4 lines>...
        verbose=verbose,
    )
  File "C:\Python\Python314\Lib\site-packages\pyperformance\_benchmark.py", line 250, in _run_perf_script
    raise RuntimeError("Benchmark died")
RuntimeError: Benchmark died
ERROR: Benchmark mako failed: Benchmark died
[53/97] mdp...
Traceback (most recent call last):
  File "C:\Python\Python314\Lib\site-packages\pyperformance\data-files\benchmarks\bm_mdp\run_benchmark.py", line 267, in <module>
    runner.bench_time_func('mdp', bench_mdp)
    ~~~~~~~~~~~~~~~~~~~~~~^^^^^^^^^^^^^^^^^^
  File "C:\Python\Python314\Lib\site-packages\pyperf\_runner.py", line 502, in bench_time_func
    result = self._main(task)
  File "C:\Python\Python314\Lib\site-packages\pyperf\_runner.py", line 463, in _main
    bench = self._worker(task)
  File "C:\Python\Python314\Lib\site-packages\pyperf\_runner.py", line 436, in _worker
    self._process_priority()
    ~~~~~~~~~~~~~~~~~~~~~~^^
  File "C:\Python\Python314\Lib\site-packages\pyperf\_runner.py", line 431, in _process_priority
    if not set_highest_priority():
           ~~~~~~~~~~~~~~~~~~~~^^
  File "C:\Python\Python314\Lib\site-packages\pyperf\_cpu_utils.py", line 173, in set_highest_priority
    proc = psutil.Process()
  File "C:\Python\Python314\Lib\site-packages\psutil\__init__.py", line 314, in __init__
    self._init(pid)
    ~~~~~~~~~~^^^^^
  File "C:\Python\Python314\Lib\site-packages\psutil\__init__.py", line 347, in _init
    self._ident = self._get_ident()
                  ~~~~~~~~~~~~~~~^^
  File "C:\Python\Python314\Lib\site-packages\psutil\__init__.py", line 388, in _get_ident
    self._create_time = self._proc.create_time(fast_only=True)
                        ~~~~~~~~~~~~~~~~~~~~~~^^^^^^^^^^^^^^^^
  File "C:\Python\Python314\Lib\site-packages\psutil\_pswindows.py", line 666, in wrapper
    return fun(self, *args, **kwargs)
  File "C:\Python\Python314\Lib\site-packages\psutil\_pswindows.py", line 914, in create_time
    _user, _system, created = cext.proc_times(self.pid)
                              ~~~~~~~~~~~~~~~^^^^^^^^^^
AttributeError: module 'psutil._psutil_windows' has no attribute 'proc_times'
Traceback (most recent call last):
  File "C:\Python\Python314\Lib\site-packages\pyperformance\data-files\benchmarks\bm_mdp\run_benchmark.py", line 267, in <module>
    runner.bench_time_func('mdp', bench_mdp)
    ~~~~~~~~~~~~~~~~~~~~~~^^^^^^^^^^^^^^^^^^
  File "C:\Python\Python314\Lib\site-packages\pyperf\_runner.py", line 502, in bench_time_func
    result = self._main(task)
  File "C:\Python\Python314\Lib\site-packages\pyperf\_runner.py", line 468, in _main
    bench = self._manager()
  File "C:\Python\Python314\Lib\site-packages\pyperf\_runner.py", line 681, in _manager
    bench = Manager(self).create_bench()
  File "C:\Python\Python314\Lib\site-packages\pyperf\_manager.py", line 243, in create_bench
    worker_bench, run = self.create_worker_bench()
                        ~~~~~~~~~~~~~~~~~~~~~~~~^^
  File "C:\Python\Python314\Lib\site-packages\pyperf\_manager.py", line 142, in create_worker_bench
    suite = self.create_suite()
  File "C:\Python\Python314\Lib\site-packages\pyperf\_manager.py", line 132, in create_suite
    suite = self.spawn_worker(self.calibrate_loops, 0)
  File "C:\Python\Python314\Lib\site-packages\pyperf\_manager.py", line 118, in spawn_worker
    raise RuntimeError("%s failed with exit code %s"
                       % (cmd[0], exitcode))
RuntimeError: D:\CantorAI\xlang3\build-repro\Release\xlang3.exe failed with exit code 1
Traceback (most recent call last):
  File "C:\Python\Python314\Lib\site-packages\pyperformance\run.py", line 171, in run_benchmarks
    result = bench.run(
        bench_venv.python,
    ...<3 lines>...
        verbose=options.verbose,
    )
  File "D:\CantorAI\xlang3\benchmarks\diagnostics\run_pyperformance_xlang3_shimmed.py", line 145, in run_named_benchmark
    return original_benchmark_run(benchmark, *positional, **keywords)
  File "C:\Python\Python314\Lib\site-packages\pyperformance\_benchmark.py", line 193, in run
    bench = _run_perf_script(
        python,
    ...<4 lines>...
        verbose=verbose,
    )
  File "C:\Python\Python314\Lib\site-packages\pyperformance\_benchmark.py", line 250, in _run_perf_script
    raise RuntimeError("Benchmark died")
RuntimeError: Benchmark died
ERROR: Benchmark mdp failed: Benchmark died
[54/97] meteor_contest...
Traceback (most recent call last):
  File "C:\Python\Python314\Lib\site-packages\pyperformance\data-files\benchmarks\bm_meteor_contest\run_benchmark.py", line 226, in <module>
    main()
    ~~~~^^
  File "C:\Python\Python314\Lib\site-packages\pyperformance\data-files\benchmarks\bm_meteor_contest\run_benchmark.py", line 221, in main
    runner.bench_time_func('meteor_contest', bench_meteor_contest,
    ~~~~~~~~~~~~~~~~~~~~~~^^^^^^^^^^^^^^^^^^^^^^^^^^^^^^^^^^^^^^^^
                           board, pieces, solve_arg, fps, se_nh)
                           ^^^^^^^^^^^^^^^^^^^^^^^^^^^^^^^^^^^^^
  File "C:\Python\Python314\Lib\site-packages\pyperf\_runner.py", line 502, in bench_time_func
    result = self._main(task)
  File "C:\Python\Python314\Lib\site-packages\pyperf\_runner.py", line 463, in _main
    bench = self._worker(task)
  File "C:\Python\Python314\Lib\site-packages\pyperf\_runner.py", line 436, in _worker
    self._process_priority()
    ~~~~~~~~~~~~~~~~~~~~~~^^
  File "C:\Python\Python314\Lib\site-packages\pyperf\_runner.py", line 431, in _process_priority
    if not set_highest_priority():
           ~~~~~~~~~~~~~~~~~~~~^^
  File "C:\Python\Python314\Lib\site-packages\pyperf\_cpu_utils.py", line 173, in set_highest_priority
    proc = psutil.Process()
  File "C:\Python\Python314\Lib\site-packages\psutil\__init__.py", line 314, in __init__
    self._init(pid)
    ~~~~~~~~~~^^^^^
  File "C:\Python\Python314\Lib\site-packages\psutil\__init__.py", line 347, in _init
    self._ident = self._get_ident()
                  ~~~~~~~~~~~~~~~^^
  File "C:\Python\Python314\Lib\site-packages\psutil\__init__.py", line 388, in _get_ident
    self._create_time = self._proc.create_time(fast_only=True)
                        ~~~~~~~~~~~~~~~~~~~~~~^^^^^^^^^^^^^^^^
  File "C:\Python\Python314\Lib\site-packages\psutil\_pswindows.py", line 666, in wrapper
    return fun(self, *args, **kwargs)
  File "C:\Python\Python314\Lib\site-packages\psutil\_pswindows.py", line 914, in create_time
    _user, _system, created = cext.proc_times(self.pid)
                              ~~~~~~~~~~~~~~~^^^^^^^^^^
AttributeError: module 'psutil._psutil_windows' has no attribute 'proc_times'
Traceback (most recent call last):
  File "C:\Python\Python314\Lib\site-packages\pyperformance\data-files\benchmarks\bm_meteor_contest\run_benchmark.py", line 226, in <module>
    main()
    ~~~~^^
  File "C:\Python\Python314\Lib\site-packages\pyperformance\data-files\benchmarks\bm_meteor_contest\run_benchmark.py", line 221, in main
    runner.bench_time_func('meteor_contest', bench_meteor_contest,
    ~~~~~~~~~~~~~~~~~~~~~~^^^^^^^^^^^^^^^^^^^^^^^^^^^^^^^^^^^^^^^^
                           board, pieces, solve_arg, fps, se_nh)
                           ^^^^^^^^^^^^^^^^^^^^^^^^^^^^^^^^^^^^^
  File "C:\Python\Python314\Lib\site-packages\pyperf\_runner.py", line 502, in bench_time_func
    result = self._main(task)
  File "C:\Python\Python314\Lib\site-packages\pyperf\_runner.py", line 468, in _main
    bench = self._manager()
  File "C:\Python\Python314\Lib\site-packages\pyperf\_runner.py", line 681, in _manager
    bench = Manager(self).create_bench()
  File "C:\Python\Python314\Lib\site-packages\pyperf\_manager.py", line 243, in create_bench
    worker_bench, run = self.create_worker_bench()
                        ~~~~~~~~~~~~~~~~~~~~~~~~^^
  File "C:\Python\Python314\Lib\site-packages\pyperf\_manager.py", line 142, in create_worker_bench
    suite = self.create_suite()
  File "C:\Python\Python314\Lib\site-packages\pyperf\_manager.py", line 132, in create_suite
    suite = self.spawn_worker(self.calibrate_loops, 0)
  File "C:\Python\Python314\Lib\site-packages\pyperf\_manager.py", line 118, in spawn_worker
    raise RuntimeError("%s failed with exit code %s"
                       % (cmd[0], exitcode))
RuntimeError: D:\CantorAI\xlang3\build-repro\Release\xlang3.exe failed with exit code 1
Traceback (most recent call last):
  File "C:\Python\Python314\Lib\site-packages\pyperformance\run.py", line 171, in run_benchmarks
    result = bench.run(
        bench_venv.python,
    ...<3 lines>...
        verbose=options.verbose,
    )
  File "D:\CantorAI\xlang3\benchmarks\diagnostics\run_pyperformance_xlang3_shimmed.py", line 145, in run_named_benchmark
    return original_benchmark_run(benchmark, *positional, **keywords)
  File "C:\Python\Python314\Lib\site-packages\pyperformance\_benchmark.py", line 193, in run
    bench = _run_perf_script(
        python,
    ...<4 lines>...
        verbose=verbose,
    )
  File "C:\Python\Python314\Lib\site-packages\pyperformance\_benchmark.py", line 250, in _run_perf_script
    raise RuntimeError("Benchmark died")
RuntimeError: Benchmark died
ERROR: Benchmark meteor_contest failed: Benchmark died
[55/97] nbody...
Traceback (most recent call last):
  File "C:\Python\Python314\Lib\site-packages\pyperformance\data-files\benchmarks\bm_nbody\run_benchmark.py", line 155, in <module>
    runner.bench_time_func('nbody', bench_nbody,
    ~~~~~~~~~~~~~~~~~~~~~~^^^^^^^^^^^^^^^^^^^^^^
                           args.reference, args.iterations)
                           ^^^^^^^^^^^^^^^^^^^^^^^^^^^^^^^^
  File "C:\Python\Python314\Lib\site-packages\pyperf\_runner.py", line 502, in bench_time_func
    result = self._main(task)
  File "C:\Python\Python314\Lib\site-packages\pyperf\_runner.py", line 463, in _main
    bench = self._worker(task)
  File "C:\Python\Python314\Lib\site-packages\pyperf\_runner.py", line 436, in _worker
    self._process_priority()
    ~~~~~~~~~~~~~~~~~~~~~~^^
  File "C:\Python\Python314\Lib\site-packages\pyperf\_runner.py", line 431, in _process_priority
    if not set_highest_priority():
           ~~~~~~~~~~~~~~~~~~~~^^
  File "C:\Python\Python314\Lib\site-packages\pyperf\_cpu_utils.py", line 173, in set_highest_priority
    proc = psutil.Process()
  File "C:\Python\Python314\Lib\site-packages\psutil\__init__.py", line 314, in __init__
    self._init(pid)
    ~~~~~~~~~~^^^^^
  File "C:\Python\Python314\Lib\site-packages\psutil\__init__.py", line 347, in _init
    self._ident = self._get_ident()
                  ~~~~~~~~~~~~~~~^^
  File "C:\Python\Python314\Lib\site-packages\psutil\__init__.py", line 388, in _get_ident
    self._create_time = self._proc.create_time(fast_only=True)
                        ~~~~~~~~~~~~~~~~~~~~~~^^^^^^^^^^^^^^^^
  File "C:\Python\Python314\Lib\site-packages\psutil\_pswindows.py", line 666, in wrapper
    return fun(self, *args, **kwargs)
  File "C:\Python\Python314\Lib\site-packages\psutil\_pswindows.py", line 914, in create_time
    _user, _system, created = cext.proc_times(self.pid)
                              ~~~~~~~~~~~~~~~^^^^^^^^^^
AttributeError: module 'psutil._psutil_windows' has no attribute 'proc_times'
Traceback (most recent call last):
  File "C:\Python\Python314\Lib\site-packages\pyperformance\data-files\benchmarks\bm_nbody\run_benchmark.py", line 155, in <module>
    runner.bench_time_func('nbody', bench_nbody,
    ~~~~~~~~~~~~~~~~~~~~~~^^^^^^^^^^^^^^^^^^^^^^
                           args.reference, args.iterations)
                           ^^^^^^^^^^^^^^^^^^^^^^^^^^^^^^^^
  File "C:\Python\Python314\Lib\site-packages\pyperf\_runner.py", line 502, in bench_time_func
    result = self._main(task)
  File "C:\Python\Python314\Lib\site-packages\pyperf\_runner.py", line 468, in _main
    bench = self._manager()
  File "C:\Python\Python314\Lib\site-packages\pyperf\_runner.py", line 681, in _manager
    bench = Manager(self).create_bench()
  File "C:\Python\Python314\Lib\site-packages\pyperf\_manager.py", line 243, in create_bench
    worker_bench, run = self.create_worker_bench()
                        ~~~~~~~~~~~~~~~~~~~~~~~~^^
  File "C:\Python\Python314\Lib\site-packages\pyperf\_manager.py", line 142, in create_worker_bench
    suite = self.create_suite()
  File "C:\Python\Python314\Lib\site-packages\pyperf\_manager.py", line 132, in create_suite
    suite = self.spawn_worker(self.calibrate_loops, 0)
  File "C:\Python\Python314\Lib\site-packages\pyperf\_manager.py", line 118, in spawn_worker
    raise RuntimeError("%s failed with exit code %s"
                       % (cmd[0], exitcode))
RuntimeError: D:\CantorAI\xlang3\build-repro\Release\xlang3.exe failed with exit code 1
Traceback (most recent call last):
  File "C:\Python\Python314\Lib\site-packages\pyperformance\run.py", line 171, in run_benchmarks
    result = bench.run(
        bench_venv.python,
    ...<3 lines>...
        verbose=options.verbose,
    )
  File "D:\CantorAI\xlang3\benchmarks\diagnostics\run_pyperformance_xlang3_shimmed.py", line 145, in run_named_benchmark
    return original_benchmark_run(benchmark, *positional, **keywords)
  File "C:\Python\Python314\Lib\site-packages\pyperformance\_benchmark.py", line 193, in run
    bench = _run_perf_script(
        python,
    ...<4 lines>...
        verbose=verbose,
    )
  File "C:\Python\Python314\Lib\site-packages\pyperformance\_benchmark.py", line 250, in _run_perf_script
    raise RuntimeError("Benchmark died")
RuntimeError: Benchmark died
ERROR: Benchmark nbody failed: Benchmark died
[56/97] networkx...
Traceback (most recent call last):
  File "C:\Python\Python314\Lib\site-packages\pyperformance\data-files\benchmarks\bm_networkx\run_benchmark.py", line 16, in <module>
    import networkx
ModuleNotFoundError: No module named 'networkx'
Traceback (most recent call last):
  File "C:\Python\Python314\Lib\site-packages\pyperformance\run.py", line 171, in run_benchmarks
    result = bench.run(
        bench_venv.python,
    ...<3 lines>...
        verbose=options.verbose,
    )
  File "D:\CantorAI\xlang3\benchmarks\diagnostics\run_pyperformance_xlang3_shimmed.py", line 145, in run_named_benchmark
    return original_benchmark_run(benchmark, *positional, **keywords)
  File "C:\Python\Python314\Lib\site-packages\pyperformance\_benchmark.py", line 193, in run
    bench = _run_perf_script(
        python,
    ...<4 lines>...
        verbose=verbose,
    )
  File "C:\Python\Python314\Lib\site-packages\pyperformance\_benchmark.py", line 250, in _run_perf_script
    raise RuntimeError("Benchmark died")
RuntimeError: Benchmark died
ERROR: Benchmark networkx failed: Benchmark died
[57/97] networkx_connected_components...
Traceback (most recent call last):
  File "C:\Python\Python314\Lib\site-packages\pyperformance\data-files\benchmarks\bm_networkx\run_benchmark.py", line 16, in <module>
    import networkx
ModuleNotFoundError: No module named 'networkx'
Traceback (most recent call last):
  File "C:\Python\Python314\Lib\site-packages\pyperformance\run.py", line 171, in run_benchmarks
    result = bench.run(
        bench_venv.python,
    ...<3 lines>...
        verbose=options.verbose,
    )
  File "D:\CantorAI\xlang3\benchmarks\diagnostics\run_pyperformance_xlang3_shimmed.py", line 145, in run_named_benchmark
    return original_benchmark_run(benchmark, *positional, **keywords)
  File "C:\Python\Python314\Lib\site-packages\pyperformance\_benchmark.py", line 193, in run
    bench = _run_perf_script(
        python,
    ...<4 lines>...
        verbose=verbose,
    )
  File "C:\Python\Python314\Lib\site-packages\pyperformance\_benchmark.py", line 250, in _run_perf_script
    raise RuntimeError("Benchmark died")
RuntimeError: Benchmark died
ERROR: Benchmark networkx_connected_components failed: Benchmark died
[58/97] networkx_k_core...
Traceback (most recent call last):
  File "C:\Python\Python314\Lib\site-packages\pyperformance\data-files\benchmarks\bm_networkx\run_benchmark.py", line 16, in <module>
    import networkx
ModuleNotFoundError: No module named 'networkx'
Traceback (most recent call last):
  File "C:\Python\Python314\Lib\site-packages\pyperformance\run.py", line 171, in run_benchmarks
    result = bench.run(
        bench_venv.python,
    ...<3 lines>...
        verbose=options.verbose,
    )
  File "D:\CantorAI\xlang3\benchmarks\diagnostics\run_pyperformance_xlang3_shimmed.py", line 145, in run_named_benchmark
    return original_benchmark_run(benchmark, *positional, **keywords)
  File "C:\Python\Python314\Lib\site-packages\pyperformance\_benchmark.py", line 193, in run
    bench = _run_perf_script(
        python,
    ...<4 lines>...
        verbose=verbose,
    )
  File "C:\Python\Python314\Lib\site-packages\pyperformance\_benchmark.py", line 250, in _run_perf_script
    raise RuntimeError("Benchmark died")
RuntimeError: Benchmark died
ERROR: Benchmark networkx_k_core failed: Benchmark died
[59/97] nqueens...
Traceback (most recent call last):
  File "C:\Python\Python314\Lib\site-packages\pyperformance\data-files\benchmarks\bm_nqueens\run_benchmark.py", line 62, in <module>
    runner.bench_func('nqueens', bench_n_queens, queen_count)
    ~~~~~~~~~~~~~~~~~^^^^^^^^^^^^^^^^^^^^^^^^^^^^^^^^^^^^^^^^
  File "C:\Python\Python314\Lib\site-packages\pyperf\_runner.py", line 545, in bench_func
    result = self._main(task)
  File "C:\Python\Python314\Lib\site-packages\pyperf\_runner.py", line 463, in _main
    bench = self._worker(task)
  File "C:\Python\Python314\Lib\site-packages\pyperf\_runner.py", line 436, in _worker
    self._process_priority()
    ~~~~~~~~~~~~~~~~~~~~~~^^
  File "C:\Python\Python314\Lib\site-packages\pyperf\_runner.py", line 431, in _process_priority
    if not set_highest_priority():
           ~~~~~~~~~~~~~~~~~~~~^^
  File "C:\Python\Python314\Lib\site-packages\pyperf\_cpu_utils.py", line 173, in set_highest_priority
    proc = psutil.Process()
  File "C:\Python\Python314\Lib\site-packages\psutil\__init__.py", line 314, in __init__
    self._init(pid)
    ~~~~~~~~~~^^^^^
  File "C:\Python\Python314\Lib\site-packages\psutil\__init__.py", line 347, in _init
    self._ident = self._get_ident()
                  ~~~~~~~~~~~~~~~^^
  File "C:\Python\Python314\Lib\site-packages\psutil\__init__.py", line 388, in _get_ident
    self._create_time = self._proc.create_time(fast_only=True)
                        ~~~~~~~~~~~~~~~~~~~~~~^^^^^^^^^^^^^^^^
  File "C:\Python\Python314\Lib\site-packages\psutil\_pswindows.py", line 666, in wrapper
    return fun(self, *args, **kwargs)
  File "C:\Python\Python314\Lib\site-packages\psutil\_pswindows.py", line 914, in create_time
    _user, _system, created = cext.proc_times(self.pid)
                              ~~~~~~~~~~~~~~~^^^^^^^^^^
AttributeError: module 'psutil._psutil_windows' has no attribute 'proc_times'
Traceback (most recent call last):
  File "C:\Python\Python314\Lib\site-packages\pyperformance\data-files\benchmarks\bm_nqueens\run_benchmark.py", line 62, in <module>
    runner.bench_func('nqueens', bench_n_queens, queen_count)
    ~~~~~~~~~~~~~~~~~^^^^^^^^^^^^^^^^^^^^^^^^^^^^^^^^^^^^^^^^
  File "C:\Python\Python314\Lib\site-packages\pyperf\_runner.py", line 545, in bench_func
    result = self._main(task)
  File "C:\Python\Python314\Lib\site-packages\pyperf\_runner.py", line 468, in _main
    bench = self._manager()
  File "C:\Python\Python314\Lib\site-packages\pyperf\_runner.py", line 681, in _manager
    bench = Manager(self).create_bench()
  File "C:\Python\Python314\Lib\site-packages\pyperf\_manager.py", line 243, in create_bench
    worker_bench, run = self.create_worker_bench()
                        ~~~~~~~~~~~~~~~~~~~~~~~~^^
  File "C:\Python\Python314\Lib\site-packages\pyperf\_manager.py", line 142, in create_worker_bench
    suite = self.create_suite()
  File "C:\Python\Python314\Lib\site-packages\pyperf\_manager.py", line 132, in create_suite
    suite = self.spawn_worker(self.calibrate_loops, 0)
  File "C:\Python\Python314\Lib\site-packages\pyperf\_manager.py", line 118, in spawn_worker
    raise RuntimeError("%s failed with exit code %s"
                       % (cmd[0], exitcode))
RuntimeError: D:\CantorAI\xlang3\build-repro\Release\xlang3.exe failed with exit code 1
Traceback (most recent call last):
ERROR: Benchmark nqueens failed: Benchmark died
[60/97] pathlib...
  File "C:\Python\Python314\Lib\site-packages\pyperformance\run.py", line 171, in run_benchmarks
    result = bench.run(
        bench_venv.python,
    ...<3 lines>...
        verbose=options.verbose,
    )
  File "D:\CantorAI\xlang3\benchmarks\diagnostics\run_pyperformance_xlang3_shimmed.py", line 145, in run_named_benchmark
    return original_benchmark_run(benchmark, *positional, **keywords)
  File "C:\Python\Python314\Lib\site-packages\pyperformance\_benchmark.py", line 193, in run
    bench = _run_perf_script(
        python,
    ...<4 lines>...
        verbose=verbose,
    )
  File "C:\Python\Python314\Lib\site-packages\pyperformance\_benchmark.py", line 250, in _run_perf_script
    raise RuntimeError("Benchmark died")
RuntimeError: Benchmark died
Traceback (most recent call last):
  File "C:\Python\Python314\Lib\site-packages\pyperformance\data-files\benchmarks\bm_pathlib\run_benchmark.py", line 75, in <module>
    runner.bench_time_func('pathlib', bench_pathlib, tmp_path)
    ~~~~~~~~~~~~~~~~~~~~~~^^^^^^^^^^^^^^^^^^^^^^^^^^^^^^^^^^^^
  File "C:\Python\Python314\Lib\site-packages\pyperf\_runner.py", line 502, in bench_time_func
    result = self._main(task)
  File "C:\Python\Python314\Lib\site-packages\pyperf\_runner.py", line 463, in _main
    bench = self._worker(task)
  File "C:\Python\Python314\Lib\site-packages\pyperf\_runner.py", line 436, in _worker
    self._process_priority()
    ~~~~~~~~~~~~~~~~~~~~~~^^
  File "C:\Python\Python314\Lib\site-packages\pyperf\_runner.py", line 431, in _process_priority
    if not set_highest_priority():
           ~~~~~~~~~~~~~~~~~~~~^^
  File "C:\Python\Python314\Lib\site-packages\pyperf\_cpu_utils.py", line 173, in set_highest_priority
    proc = psutil.Process()
  File "C:\Python\Python314\Lib\site-packages\psutil\__init__.py", line 314, in __init__
    self._init(pid)
    ~~~~~~~~~~^^^^^
  File "C:\Python\Python314\Lib\site-packages\psutil\__init__.py", line 347, in _init
    self._ident = self._get_ident()
                  ~~~~~~~~~~~~~~~^^
  File "C:\Python\Python314\Lib\site-packages\psutil\__init__.py", line 388, in _get_ident
    self._create_time = self._proc.create_time(fast_only=True)
                        ~~~~~~~~~~~~~~~~~~~~~~^^^^^^^^^^^^^^^^
  File "C:\Python\Python314\Lib\site-packages\psutil\_pswindows.py", line 666, in wrapper
    return fun(self, *args, **kwargs)
  File "C:\Python\Python314\Lib\site-packages\psutil\_pswindows.py", line 914, in create_time
    _user, _system, created = cext.proc_times(self.pid)
                              ~~~~~~~~~~~~~~~^^^^^^^^^^
AttributeError: module 'psutil._psutil_windows' has no attribute 'proc_times'
Traceback (most recent call last):
  File "C:\Python\Python314\Lib\site-packages\pyperformance\data-files\benchmarks\bm_pathlib\run_benchmark.py", line 75, in <module>
    runner.bench_time_func('pathlib', bench_pathlib, tmp_path)
    ~~~~~~~~~~~~~~~~~~~~~~^^^^^^^^^^^^^^^^^^^^^^^^^^^^^^^^^^^^
  File "C:\Python\Python314\Lib\site-packages\pyperf\_runner.py", line 502, in bench_time_func
    result = self._main(task)
  File "C:\Python\Python314\Lib\site-packages\pyperf\_runner.py", line 468, in _main
    bench = self._manager()
  File "C:\Python\Python314\Lib\site-packages\pyperf\_runner.py", line 681, in _manager
    bench = Manager(self).create_bench()
  File "C:\Python\Python314\Lib\site-packages\pyperf\_manager.py", line 243, in create_bench
    worker_bench, run = self.create_worker_bench()
                        ~~~~~~~~~~~~~~~~~~~~~~~~^^
  File "C:\Python\Python314\Lib\site-packages\pyperf\_manager.py", line 142, in create_worker_bench
    suite = self.create_suite()
  File "C:\Python\Python314\Lib\site-packages\pyperf\_manager.py", line 132, in create_suite
    suite = self.spawn_worker(self.calibrate_loops, 0)
  File "C:\Python\Python314\Lib\site-packages\pyperf\_manager.py", line 118, in spawn_worker
    raise RuntimeError("%s failed with exit code %s"
                       % (cmd[0], exitcode))
RuntimeError: D:\CantorAI\xlang3\build-repro\Release\xlang3.exe failed with exit code 1
Traceback (most recent call last):
  File "C:\Python\Python314\Lib\site-packages\pyperformance\run.py", line 171, in run_benchmarks
    result = bench.run(
        bench_venv.python,
    ...<3 lines>...
        verbose=options.verbose,
    )
ERROR: Benchmark pathlib failed: Benchmark died
[61/97] pickle...
  File "D:\CantorAI\xlang3\benchmarks\diagnostics\run_pyperformance_xlang3_shimmed.py", line 145, in run_named_benchmark
    return original_benchmark_run(benchmark, *positional, **keywords)
  File "C:\Python\Python314\Lib\site-packages\pyperformance\_benchmark.py", line 193, in run
    bench = _run_perf_script(
        python,
    ...<4 lines>...
        verbose=verbose,
    )
  File "C:\Python\Python314\Lib\site-packages\pyperformance\_benchmark.py", line 250, in _run_perf_script
    raise RuntimeError("Benchmark died")
RuntimeError: Benchmark died
Traceback (most recent call last):
  File "C:\Python\Python314\Lib\site-packages\pyperformance\data-files\benchmarks\bm_pickle\run_benchmark.py", line 285, in <module>
    runner.bench_time_func(name, benchmark,
    ~~~~~~~~~~~~~~~~~~~~~~^^^^^^^^^^^^^^^^^
                           pickle, options, inner_loops=inner_loops)
                           ^^^^^^^^^^^^^^^^^^^^^^^^^^^^^^^^^^^^^^^^^
  File "C:\Python\Python314\Lib\site-packages\pyperf\_runner.py", line 502, in bench_time_func
    result = self._main(task)
  File "C:\Python\Python314\Lib\site-packages\pyperf\_runner.py", line 463, in _main
    bench = self._worker(task)
  File "C:\Python\Python314\Lib\site-packages\pyperf\_runner.py", line 436, in _worker
    self._process_priority()
    ~~~~~~~~~~~~~~~~~~~~~~^^
  File "C:\Python\Python314\Lib\site-packages\pyperf\_runner.py", line 431, in _process_priority
    if not set_highest_priority():
           ~~~~~~~~~~~~~~~~~~~~^^
  File "C:\Python\Python314\Lib\site-packages\pyperf\_cpu_utils.py", line 173, in set_highest_priority
    proc = psutil.Process()
  File "C:\Python\Python314\Lib\site-packages\psutil\__init__.py", line 314, in __init__
    self._init(pid)
    ~~~~~~~~~~^^^^^
  File "C:\Python\Python314\Lib\site-packages\psutil\__init__.py", line 347, in _init
    self._ident = self._get_ident()
                  ~~~~~~~~~~~~~~~^^
  File "C:\Python\Python314\Lib\site-packages\psutil\__init__.py", line 388, in _get_ident
    self._create_time = self._proc.create_time(fast_only=True)
                        ~~~~~~~~~~~~~~~~~~~~~~^^^^^^^^^^^^^^^^
  File "C:\Python\Python314\Lib\site-packages\psutil\_pswindows.py", line 666, in wrapper
    return fun(self, *args, **kwargs)
  File "C:\Python\Python314\Lib\site-packages\psutil\_pswindows.py", line 914, in create_time
    _user, _system, created = cext.proc_times(self.pid)
                              ~~~~~~~~~~~~~~~^^^^^^^^^^
AttributeError: module 'psutil._psutil_windows' has no attribute 'proc_times'
Traceback (most recent call last):
  File "C:\Python\Python314\Lib\site-packages\pyperformance\data-files\benchmarks\bm_pickle\run_benchmark.py", line 285, in <module>
    runner.bench_time_func(name, benchmark,
    ~~~~~~~~~~~~~~~~~~~~~~^^^^^^^^^^^^^^^^^
                           pickle, options, inner_loops=inner_loops)
                           ^^^^^^^^^^^^^^^^^^^^^^^^^^^^^^^^^^^^^^^^^
  File "C:\Python\Python314\Lib\site-packages\pyperf\_runner.py", line 502, in bench_time_func
    result = self._main(task)
  File "C:\Python\Python314\Lib\site-packages\pyperf\_runner.py", line 468, in _main
    bench = self._manager()
  File "C:\Python\Python314\Lib\site-packages\pyperf\_runner.py", line 681, in _manager
    bench = Manager(self).create_bench()
  File "C:\Python\Python314\Lib\site-packages\pyperf\_manager.py", line 243, in create_bench
    worker_bench, run = self.create_worker_bench()
                        ~~~~~~~~~~~~~~~~~~~~~~~~^^
  File "C:\Python\Python314\Lib\site-packages\pyperf\_manager.py", line 142, in create_worker_bench
    suite = self.create_suite()
  File "C:\Python\Python314\Lib\site-packages\pyperf\_manager.py", line 132, in create_suite
    suite = self.spawn_worker(self.calibrate_loops, 0)
  File "C:\Python\Python314\Lib\site-packages\pyperf\_manager.py", line 118, in spawn_worker
    raise RuntimeError("%s failed with exit code %s"
                       % (cmd[0], exitcode))
RuntimeError: D:\CantorAI\xlang3\build-repro\Release\xlang3.exe failed with exit code 1
Traceback (most recent call last):
  File "C:\Python\Python314\Lib\site-packages\pyperformance\run.py", line 171, in run_benchmarks
    result = bench.run(
        bench_venv.python,
    ...<3 lines>...
        verbose=options.verbose,
    )
  File "D:\CantorAI\xlang3\benchmarks\diagnostics\run_pyperformance_xlang3_shimmed.py", line 145, in run_named_benchmark
    return original_benchmark_run(benchmark, *positional, **keywords)
  File "C:\Python\Python314\Lib\site-packages\pyperformance\_benchmark.py", line 193, in run
    bench = _run_perf_script(
        python,
    ...<4 lines>...
        verbose=verbose,
    )
  File "C:\Python\Python314\Lib\site-packages\pyperformance\_benchmark.py", line 250, in _run_perf_script
    raise RuntimeError("Benchmark died")
RuntimeError: Benchmark died
ERROR: Benchmark pickle failed: Benchmark died
[62/97] pickle_dict...
Traceback (most recent call last):
  File "C:\Python\Python314\Lib\site-packages\pyperformance\data-files\benchmarks\bm_pickle\run_benchmark.py", line 285, in <module>
    runner.bench_time_func(name, benchmark,
    ~~~~~~~~~~~~~~~~~~~~~~^^^^^^^^^^^^^^^^^
                           pickle, options, inner_loops=inner_loops)
                           ^^^^^^^^^^^^^^^^^^^^^^^^^^^^^^^^^^^^^^^^^
  File "C:\Python\Python314\Lib\site-packages\pyperf\_runner.py", line 502, in bench_time_func
    result = self._main(task)
  File "C:\Python\Python314\Lib\site-packages\pyperf\_runner.py", line 463, in _main
    bench = self._worker(task)
  File "C:\Python\Python314\Lib\site-packages\pyperf\_runner.py", line 436, in _worker
    self._process_priority()
    ~~~~~~~~~~~~~~~~~~~~~~^^
  File "C:\Python\Python314\Lib\site-packages\pyperf\_runner.py", line 431, in _process_priority
    if not set_highest_priority():
           ~~~~~~~~~~~~~~~~~~~~^^
  File "C:\Python\Python314\Lib\site-packages\pyperf\_cpu_utils.py", line 173, in set_highest_priority
    proc = psutil.Process()
  File "C:\Python\Python314\Lib\site-packages\psutil\__init__.py", line 314, in __init__
    self._init(pid)
    ~~~~~~~~~~^^^^^
  File "C:\Python\Python314\Lib\site-packages\psutil\__init__.py", line 347, in _init
    self._ident = self._get_ident()
                  ~~~~~~~~~~~~~~~^^
  File "C:\Python\Python314\Lib\site-packages\psutil\__init__.py", line 388, in _get_ident
    self._create_time = self._proc.create_time(fast_only=True)
                        ~~~~~~~~~~~~~~~~~~~~~~^^^^^^^^^^^^^^^^
  File "C:\Python\Python314\Lib\site-packages\psutil\_pswindows.py", line 666, in wrapper
    return fun(self, *args, **kwargs)
  File "C:\Python\Python314\Lib\site-packages\psutil\_pswindows.py", line 914, in create_time
    _user, _system, created = cext.proc_times(self.pid)
                              ~~~~~~~~~~~~~~~^^^^^^^^^^
AttributeError: module 'psutil._psutil_windows' has no attribute 'proc_times'
Traceback (most recent call last):
  File "C:\Python\Python314\Lib\site-packages\pyperformance\data-files\benchmarks\bm_pickle\run_benchmark.py", line 285, in <module>
    runner.bench_time_func(name, benchmark,
    ~~~~~~~~~~~~~~~~~~~~~~^^^^^^^^^^^^^^^^^
                           pickle, options, inner_loops=inner_loops)
                           ^^^^^^^^^^^^^^^^^^^^^^^^^^^^^^^^^^^^^^^^^
  File "C:\Python\Python314\Lib\site-packages\pyperf\_runner.py", line 502, in bench_time_func
    result = self._main(task)
  File "C:\Python\Python314\Lib\site-packages\pyperf\_runner.py", line 468, in _main
    bench = self._manager()
  File "C:\Python\Python314\Lib\site-packages\pyperf\_runner.py", line 681, in _manager
    bench = Manager(self).create_bench()
  File "C:\Python\Python314\Lib\site-packages\pyperf\_manager.py", line 243, in create_bench
    worker_bench, run = self.create_worker_bench()
                        ~~~~~~~~~~~~~~~~~~~~~~~~^^
  File "C:\Python\Python314\Lib\site-packages\pyperf\_manager.py", line 142, in create_worker_bench
    suite = self.create_suite()
  File "C:\Python\Python314\Lib\site-packages\pyperf\_manager.py", line 132, in create_suite
    suite = self.spawn_worker(self.calibrate_loops, 0)
  File "C:\Python\Python314\Lib\site-packages\pyperf\_manager.py", line 118, in spawn_worker
    raise RuntimeError("%s failed with exit code %s"
                       % (cmd[0], exitcode))
RuntimeError: D:\CantorAI\xlang3\build-repro\Release\xlang3.exe failed with exit code 1
Traceback (most recent call last):
  File "C:\Python\Python314\Lib\site-packages\pyperformance\run.py", line 171, in run_benchmarks
    result = bench.run(
        bench_venv.python,
    ...<3 lines>...
        verbose=options.verbose,
    )
  File "D:\CantorAI\xlang3\benchmarks\diagnostics\run_pyperformance_xlang3_shimmed.py", line 145, in run_named_benchmark
    return original_benchmark_run(benchmark, *positional, **keywords)
  File "C:\Python\Python314\Lib\site-packages\pyperformance\_benchmark.py", line 193, in run
    bench = _run_perf_script(
        python,
    ...<4 lines>...
        verbose=verbose,
    )
  File "C:\Python\Python314\Lib\site-packages\pyperformance\_benchmark.py", line 250, in _run_perf_script
    raise RuntimeError("Benchmark died")
RuntimeError: Benchmark died
ERROR: Benchmark pickle_dict failed: Benchmark died
[63/97] pickle_list...
Traceback (most recent call last):
  File "C:\Python\Python314\Lib\site-packages\pyperformance\data-files\benchmarks\bm_pickle\run_benchmark.py", line 285, in <module>
    runner.bench_time_func(name, benchmark,
    ~~~~~~~~~~~~~~~~~~~~~~^^^^^^^^^^^^^^^^^
                           pickle, options, inner_loops=inner_loops)
                           ^^^^^^^^^^^^^^^^^^^^^^^^^^^^^^^^^^^^^^^^^
  File "C:\Python\Python314\Lib\site-packages\pyperf\_runner.py", line 502, in bench_time_func
    result = self._main(task)
  File "C:\Python\Python314\Lib\site-packages\pyperf\_runner.py", line 463, in _main
    bench = self._worker(task)
  File "C:\Python\Python314\Lib\site-packages\pyperf\_runner.py", line 436, in _worker
    self._process_priority()
    ~~~~~~~~~~~~~~~~~~~~~~^^
  File "C:\Python\Python314\Lib\site-packages\pyperf\_runner.py", line 431, in _process_priority
    if not set_highest_priority():
           ~~~~~~~~~~~~~~~~~~~~^^
  File "C:\Python\Python314\Lib\site-packages\pyperf\_cpu_utils.py", line 173, in set_highest_priority
    proc = psutil.Process()
  File "C:\Python\Python314\Lib\site-packages\psutil\__init__.py", line 314, in __init__
    self._init(pid)
    ~~~~~~~~~~^^^^^
  File "C:\Python\Python314\Lib\site-packages\psutil\__init__.py", line 347, in _init
    self._ident = self._get_ident()
                  ~~~~~~~~~~~~~~~^^
  File "C:\Python\Python314\Lib\site-packages\psutil\__init__.py", line 388, in _get_ident
    self._create_time = self._proc.create_time(fast_only=True)
                        ~~~~~~~~~~~~~~~~~~~~~~^^^^^^^^^^^^^^^^
  File "C:\Python\Python314\Lib\site-packages\psutil\_pswindows.py", line 666, in wrapper
    return fun(self, *args, **kwargs)
  File "C:\Python\Python314\Lib\site-packages\psutil\_pswindows.py", line 914, in create_time
    _user, _system, created = cext.proc_times(self.pid)
                              ~~~~~~~~~~~~~~~^^^^^^^^^^
AttributeError: module 'psutil._psutil_windows' has no attribute 'proc_times'
Traceback (most recent call last):
  File "C:\Python\Python314\Lib\site-packages\pyperformance\data-files\benchmarks\bm_pickle\run_benchmark.py", line 285, in <module>
    runner.bench_time_func(name, benchmark,
    ~~~~~~~~~~~~~~~~~~~~~~^^^^^^^^^^^^^^^^^
                           pickle, options, inner_loops=inner_loops)
                           ^^^^^^^^^^^^^^^^^^^^^^^^^^^^^^^^^^^^^^^^^
  File "C:\Python\Python314\Lib\site-packages\pyperf\_runner.py", line 502, in bench_time_func
    result = self._main(task)
  File "C:\Python\Python314\Lib\site-packages\pyperf\_runner.py", line 468, in _main
    bench = self._manager()
  File "C:\Python\Python314\Lib\site-packages\pyperf\_runner.py", line 681, in _manager
    bench = Manager(self).create_bench()
  File "C:\Python\Python314\Lib\site-packages\pyperf\_manager.py", line 243, in create_bench
    worker_bench, run = self.create_worker_bench()
                        ~~~~~~~~~~~~~~~~~~~~~~~~^^
  File "C:\Python\Python314\Lib\site-packages\pyperf\_manager.py", line 142, in create_worker_bench
    suite = self.create_suite()
  File "C:\Python\Python314\Lib\site-packages\pyperf\_manager.py", line 132, in create_suite
    suite = self.spawn_worker(self.calibrate_loops, 0)
  File "C:\Python\Python314\Lib\site-packages\pyperf\_manager.py", line 118, in spawn_worker
    raise RuntimeError("%s failed with exit code %s"
                       % (cmd[0], exitcode))
RuntimeError: D:\CantorAI\xlang3\build-repro\Release\xlang3.exe failed with exit code 1
Traceback (most recent call last):
  File "C:\Python\Python314\Lib\site-packages\pyperformance\run.py", line 171, in run_benchmarks
    result = bench.run(
        bench_venv.python,
    ...<3 lines>...
        verbose=options.verbose,
    )
  File "D:\CantorAI\xlang3\benchmarks\diagnostics\run_pyperformance_xlang3_shimmed.py", line 145, in run_named_benchmark
    return original_benchmark_run(benchmark, *positional, **keywords)
  File "C:\Python\Python314\Lib\site-packages\pyperformance\_benchmark.py", line 193, in run
    bench = _run_perf_script(
        python,
    ...<4 lines>...
        verbose=verbose,
    )
  File "C:\Python\Python314\Lib\site-packages\pyperformance\_benchmark.py", line 250, in _run_perf_script
    raise RuntimeError("Benchmark died")
RuntimeError: Benchmark died
ERROR: Benchmark pickle_list failed: Benchmark died
[64/97] pickle_pure_python...
Traceback (most recent call last):
  File "C:\Python\Python314\Lib\site-packages\pyperformance\data-files\benchmarks\bm_pickle\run_benchmark.py", line 285, in <module>
    runner.bench_time_func(name, benchmark,
    ~~~~~~~~~~~~~~~~~~~~~~^^^^^^^^^^^^^^^^^
                           pickle, options, inner_loops=inner_loops)
                           ^^^^^^^^^^^^^^^^^^^^^^^^^^^^^^^^^^^^^^^^^
  File "C:\Python\Python314\Lib\site-packages\pyperf\_runner.py", line 502, in bench_time_func
    result = self._main(task)
  File "C:\Python\Python314\Lib\site-packages\pyperf\_runner.py", line 463, in _main
    bench = self._worker(task)
  File "C:\Python\Python314\Lib\site-packages\pyperf\_runner.py", line 436, in _worker
    self._process_priority()
    ~~~~~~~~~~~~~~~~~~~~~~^^
  File "C:\Python\Python314\Lib\site-packages\pyperf\_runner.py", line 431, in _process_priority
    if not set_highest_priority():
           ~~~~~~~~~~~~~~~~~~~~^^
  File "C:\Python\Python314\Lib\site-packages\pyperf\_cpu_utils.py", line 173, in set_highest_priority
    proc = psutil.Process()
  File "C:\Python\Python314\Lib\site-packages\psutil\__init__.py", line 314, in __init__
    self._init(pid)
    ~~~~~~~~~~^^^^^
  File "C:\Python\Python314\Lib\site-packages\psutil\__init__.py", line 347, in _init
    self._ident = self._get_ident()
                  ~~~~~~~~~~~~~~~^^
  File "C:\Python\Python314\Lib\site-packages\psutil\__init__.py", line 388, in _get_ident
    self._create_time = self._proc.create_time(fast_only=True)
                        ~~~~~~~~~~~~~~~~~~~~~~^^^^^^^^^^^^^^^^
  File "C:\Python\Python314\Lib\site-packages\psutil\_pswindows.py", line 666, in wrapper
    return fun(self, *args, **kwargs)
  File "C:\Python\Python314\Lib\site-packages\psutil\_pswindows.py", line 914, in create_time
    _user, _system, created = cext.proc_times(self.pid)
                              ~~~~~~~~~~~~~~~^^^^^^^^^^
AttributeError: module 'psutil._psutil_windows' has no attribute 'proc_times'
Traceback (most recent call last):
  File "C:\Python\Python314\Lib\site-packages\pyperformance\data-files\benchmarks\bm_pickle\run_benchmark.py", line 285, in <module>
    runner.bench_time_func(name, benchmark,
    ~~~~~~~~~~~~~~~~~~~~~~^^^^^^^^^^^^^^^^^
                           pickle, options, inner_loops=inner_loops)
                           ^^^^^^^^^^^^^^^^^^^^^^^^^^^^^^^^^^^^^^^^^
  File "C:\Python\Python314\Lib\site-packages\pyperf\_runner.py", line 502, in bench_time_func
    result = self._main(task)
  File "C:\Python\Python314\Lib\site-packages\pyperf\_runner.py", line 468, in _main
    bench = self._manager()
  File "C:\Python\Python314\Lib\site-packages\pyperf\_runner.py", line 681, in _manager
    bench = Manager(self).create_bench()
  File "C:\Python\Python314\Lib\site-packages\pyperf\_manager.py", line 243, in create_bench
    worker_bench, run = self.create_worker_bench()
                        ~~~~~~~~~~~~~~~~~~~~~~~~^^
  File "C:\Python\Python314\Lib\site-packages\pyperf\_manager.py", line 142, in create_worker_bench
    suite = self.create_suite()
  File "C:\Python\Python314\Lib\site-packages\pyperf\_manager.py", line 132, in create_suite
    suite = self.spawn_worker(self.calibrate_loops, 0)
  File "C:\Python\Python314\Lib\site-packages\pyperf\_manager.py", line 118, in spawn_worker
    raise RuntimeError("%s failed with exit code %s"
                       % (cmd[0], exitcode))
RuntimeError: D:\CantorAI\xlang3\build-repro\Release\xlang3.exe failed with exit code 1
Traceback (most recent call last):
  File "C:\Python\Python314\Lib\site-packages\pyperformance\run.py", line 171, in run_benchmarks
    result = bench.run(
        bench_venv.python,
    ...<3 lines>...
        verbose=options.verbose,
    )
  File "D:\CantorAI\xlang3\benchmarks\diagnostics\run_pyperformance_xlang3_shimmed.py", line 145, in run_named_benchmark
    return original_benchmark_run(benchmark, *positional, **keywords)
  File "C:\Python\Python314\Lib\site-packages\pyperformance\_benchmark.py", line 193, in run
    bench = _run_perf_script(
        python,
    ...<4 lines>...
        verbose=verbose,
    )
  File "C:\Python\Python314\Lib\site-packages\pyperformance\_benchmark.py", line 250, in _run_perf_script
    raise RuntimeError("Benchmark died")
RuntimeError: Benchmark died
ERROR: Benchmark pickle_pure_python failed: Benchmark died
[65/97] pidigits...
Traceback (most recent call last):
  File "C:\Python\Python314\Lib\site-packages\pyperformance\data-files\benchmarks\bm_pidigits\run_benchmark.py", line 70, in <module>
    runner.bench_func('pidigits', calc_ndigits, args.digits)
    ~~~~~~~~~~~~~~~~~^^^^^^^^^^^^^^^^^^^^^^^^^^^^^^^^^^^^^^^
  File "C:\Python\Python314\Lib\site-packages\pyperf\_runner.py", line 545, in bench_func
    result = self._main(task)
  File "C:\Python\Python314\Lib\site-packages\pyperf\_runner.py", line 463, in _main
    bench = self._worker(task)
  File "C:\Python\Python314\Lib\site-packages\pyperf\_runner.py", line 436, in _worker
    self._process_priority()
    ~~~~~~~~~~~~~~~~~~~~~~^^
  File "C:\Python\Python314\Lib\site-packages\pyperf\_runner.py", line 431, in _process_priority
    if not set_highest_priority():
           ~~~~~~~~~~~~~~~~~~~~^^
  File "C:\Python\Python314\Lib\site-packages\pyperf\_cpu_utils.py", line 173, in set_highest_priority
    proc = psutil.Process()
  File "C:\Python\Python314\Lib\site-packages\psutil\__init__.py", line 314, in __init__
    self._init(pid)
    ~~~~~~~~~~^^^^^
  File "C:\Python\Python314\Lib\site-packages\psutil\__init__.py", line 347, in _init
    self._ident = self._get_ident()
                  ~~~~~~~~~~~~~~~^^
  File "C:\Python\Python314\Lib\site-packages\psutil\__init__.py", line 388, in _get_ident
    self._create_time = self._proc.create_time(fast_only=True)
                        ~~~~~~~~~~~~~~~~~~~~~~^^^^^^^^^^^^^^^^
  File "C:\Python\Python314\Lib\site-packages\psutil\_pswindows.py", line 666, in wrapper
    return fun(self, *args, **kwargs)
  File "C:\Python\Python314\Lib\site-packages\psutil\_pswindows.py", line 914, in create_time
    _user, _system, created = cext.proc_times(self.pid)
                              ~~~~~~~~~~~~~~~^^^^^^^^^^
AttributeError: module 'psutil._psutil_windows' has no attribute 'proc_times'
Traceback (most recent call last):
  File "C:\Python\Python314\Lib\site-packages\pyperformance\data-files\benchmarks\bm_pidigits\run_benchmark.py", line 70, in <module>
    runner.bench_func('pidigits', calc_ndigits, args.digits)
    ~~~~~~~~~~~~~~~~~^^^^^^^^^^^^^^^^^^^^^^^^^^^^^^^^^^^^^^^
  File "C:\Python\Python314\Lib\site-packages\pyperf\_runner.py", line 545, in bench_func
    result = self._main(task)
  File "C:\Python\Python314\Lib\site-packages\pyperf\_runner.py", line 468, in _main
    bench = self._manager()
  File "C:\Python\Python314\Lib\site-packages\pyperf\_runner.py", line 681, in _manager
    bench = Manager(self).create_bench()
  File "C:\Python\Python314\Lib\site-packages\pyperf\_manager.py", line 243, in create_bench
    worker_bench, run = self.create_worker_bench()
                        ~~~~~~~~~~~~~~~~~~~~~~~~^^
  File "C:\Python\Python314\Lib\site-packages\pyperf\_manager.py", line 142, in create_worker_bench
    suite = self.create_suite()
  File "C:\Python\Python314\Lib\site-packages\pyperf\_manager.py", line 132, in create_suite
    suite = self.spawn_worker(self.calibrate_loops, 0)
  File "C:\Python\Python314\Lib\site-packages\pyperf\_manager.py", line 118, in spawn_worker
    raise RuntimeError("%s failed with exit code %s"
                       % (cmd[0], exitcode))
RuntimeError: D:\CantorAI\xlang3\build-repro\Release\xlang3.exe failed with exit code 1
Traceback (most recent call last):
  File "C:\Python\Python314\Lib\site-packages\pyperformance\run.py", line 171, in run_benchmarks
    result = bench.run(
        bench_venv.python,
    ...<3 lines>...
        verbose=options.verbose,
    )
  File "D:\CantorAI\xlang3\benchmarks\diagnostics\run_pyperformance_xlang3_shimmed.py", line 145, in run_named_benchmark
    return original_benchmark_run(benchmark, *positional, **keywords)
  File "C:\Python\Python314\Lib\site-packages\pyperformance\_benchmark.py", line 193, in run
    bench = _run_perf_script(
        python,
    ...<4 lines>...
        verbose=verbose,
    )
  File "C:\Python\Python314\Lib\site-packages\pyperformance\_benchmark.py", line 250, in _run_perf_script
    raise RuntimeError("Benchmark died")
RuntimeError: Benchmark died
ERROR: Benchmark pidigits failed: Benchmark died
[66/97] pprint...
Traceback (most recent call last):
  File "C:\Python\Python314\Lib\site-packages\pyperformance\data-files\benchmarks\bm_pprint\run_benchmark.py", line 21, in <module>
    runner.bench_func('pprint_safe_repr', p._safe_repr,
    ~~~~~~~~~~~~~~~~~^^^^^^^^^^^^^^^^^^^^^^^^^^^^^^^^^^
                      printable, {}, None, 0)
                      ^^^^^^^^^^^^^^^^^^^^^^^
  File "C:\Python\Python314\Lib\site-packages\pyperf\_runner.py", line 545, in bench_func
    result = self._main(task)
  File "C:\Python\Python314\Lib\site-packages\pyperf\_runner.py", line 463, in _main
    bench = self._worker(task)
  File "C:\Python\Python314\Lib\site-packages\pyperf\_runner.py", line 436, in _worker
    self._process_priority()
    ~~~~~~~~~~~~~~~~~~~~~~^^
  File "C:\Python\Python314\Lib\site-packages\pyperf\_runner.py", line 431, in _process_priority
    if not set_highest_priority():
           ~~~~~~~~~~~~~~~~~~~~^^
  File "C:\Python\Python314\Lib\site-packages\pyperf\_cpu_utils.py", line 173, in set_highest_priority
    proc = psutil.Process()
  File "C:\Python\Python314\Lib\site-packages\psutil\__init__.py", line 314, in __init__
    self._init(pid)
    ~~~~~~~~~~^^^^^
  File "C:\Python\Python314\Lib\site-packages\psutil\__init__.py", line 347, in _init
    self._ident = self._get_ident()
                  ~~~~~~~~~~~~~~~^^
  File "C:\Python\Python314\Lib\site-packages\psutil\__init__.py", line 388, in _get_ident
    self._create_time = self._proc.create_time(fast_only=True)
                        ~~~~~~~~~~~~~~~~~~~~~~^^^^^^^^^^^^^^^^
  File "C:\Python\Python314\Lib\site-packages\psutil\_pswindows.py", line 666, in wrapper
    return fun(self, *args, **kwargs)
  File "C:\Python\Python314\Lib\site-packages\psutil\_pswindows.py", line 914, in create_time
    _user, _system, created = cext.proc_times(self.pid)
                              ~~~~~~~~~~~~~~~^^^^^^^^^^
AttributeError: module 'psutil._psutil_windows' has no attribute 'proc_times'
Traceback (most recent call last):
  File "C:\Python\Python314\Lib\site-packages\pyperformance\data-files\benchmarks\bm_pprint\run_benchmark.py", line 21, in <module>
    runner.bench_func('pprint_safe_repr', p._safe_repr,
    ~~~~~~~~~~~~~~~~~^^^^^^^^^^^^^^^^^^^^^^^^^^^^^^^^^^
                      printable, {}, None, 0)
                      ^^^^^^^^^^^^^^^^^^^^^^^
  File "C:\Python\Python314\Lib\site-packages\pyperf\_runner.py", line 545, in bench_func
    result = self._main(task)
  File "C:\Python\Python314\Lib\site-packages\pyperf\_runner.py", line 468, in _main
    bench = self._manager()
  File "C:\Python\Python314\Lib\site-packages\pyperf\_runner.py", line 681, in _manager
    bench = Manager(self).create_bench()
  File "C:\Python\Python314\Lib\site-packages\pyperf\_manager.py", line 243, in create_bench
    worker_bench, run = self.create_worker_bench()
                        ~~~~~~~~~~~~~~~~~~~~~~~~^^
  File "C:\Python\Python314\Lib\site-packages\pyperf\_manager.py", line 142, in create_worker_bench
    suite = self.create_suite()
  File "C:\Python\Python314\Lib\site-packages\pyperf\_manager.py", line 132, in create_suite
    suite = self.spawn_worker(self.calibrate_loops, 0)
  File "C:\Python\Python314\Lib\site-packages\pyperf\_manager.py", line 118, in spawn_worker
    raise RuntimeError("%s failed with exit code %s"
                       % (cmd[0], exitcode))
RuntimeError: D:\CantorAI\xlang3\build-repro\Release\xlang3.exe failed with exit code 1
Traceback (most recent call last):
  File "C:\Python\Python314\Lib\site-packages\pyperformance\run.py", line 171, in run_benchmarks
    result = bench.run(
        bench_venv.python,
    ...<3 lines>...
        verbose=options.verbose,
    )
ERROR: Benchmark pprint failed: Benchmark died
[67/97] pyflate...
  File "D:\CantorAI\xlang3\benchmarks\diagnostics\run_pyperformance_xlang3_shimmed.py", line 145, in run_named_benchmark
    return original_benchmark_run(benchmark, *positional, **keywords)
  File "C:\Python\Python314\Lib\site-packages\pyperformance\_benchmark.py", line 193, in run
    bench = _run_perf_script(
        python,
    ...<4 lines>...
        verbose=verbose,
    )
  File "C:\Python\Python314\Lib\site-packages\pyperformance\_benchmark.py", line 250, in _run_perf_script
    raise RuntimeError("Benchmark died")
RuntimeError: Benchmark died
Traceback (most recent call last):
  File "C:\Python\Python314\Lib\site-packages\pyperformance\data-files\benchmarks\bm_pyflate\run_benchmark.py", line 665, in <module>
    runner.bench_time_func('pyflate', bench_pyflake, filename)
    ~~~~~~~~~~~~~~~~~~~~~~^^^^^^^^^^^^^^^^^^^^^^^^^^^^^^^^^^^^
  File "C:\Python\Python314\Lib\site-packages\pyperf\_runner.py", line 502, in bench_time_func
    result = self._main(task)
  File "C:\Python\Python314\Lib\site-packages\pyperf\_runner.py", line 463, in _main
    bench = self._worker(task)
  File "C:\Python\Python314\Lib\site-packages\pyperf\_runner.py", line 436, in _worker
    self._process_priority()
    ~~~~~~~~~~~~~~~~~~~~~~^^
  File "C:\Python\Python314\Lib\site-packages\pyperf\_runner.py", line 431, in _process_priority
    if not set_highest_priority():
           ~~~~~~~~~~~~~~~~~~~~^^
  File "C:\Python\Python314\Lib\site-packages\pyperf\_cpu_utils.py", line 173, in set_highest_priority
    proc = psutil.Process()
  File "C:\Python\Python314\Lib\site-packages\psutil\__init__.py", line 314, in __init__
    self._init(pid)
    ~~~~~~~~~~^^^^^
  File "C:\Python\Python314\Lib\site-packages\psutil\__init__.py", line 347, in _init
    self._ident = self._get_ident()
                  ~~~~~~~~~~~~~~~^^
  File "C:\Python\Python314\Lib\site-packages\psutil\__init__.py", line 388, in _get_ident
    self._create_time = self._proc.create_time(fast_only=True)
                        ~~~~~~~~~~~~~~~~~~~~~~^^^^^^^^^^^^^^^^
  File "C:\Python\Python314\Lib\site-packages\psutil\_pswindows.py", line 666, in wrapper
    return fun(self, *args, **kwargs)
  File "C:\Python\Python314\Lib\site-packages\psutil\_pswindows.py", line 914, in create_time
    _user, _system, created = cext.proc_times(self.pid)
                              ~~~~~~~~~~~~~~~^^^^^^^^^^
AttributeError: module 'psutil._psutil_windows' has no attribute 'proc_times'
Traceback (most recent call last):
  File "C:\Python\Python314\Lib\site-packages\pyperformance\data-files\benchmarks\bm_pyflate\run_benchmark.py", line 665, in <module>
    runner.bench_time_func('pyflate', bench_pyflake, filename)
    ~~~~~~~~~~~~~~~~~~~~~~^^^^^^^^^^^^^^^^^^^^^^^^^^^^^^^^^^^^
  File "C:\Python\Python314\Lib\site-packages\pyperf\_runner.py", line 502, in bench_time_func
    result = self._main(task)
  File "C:\Python\Python314\Lib\site-packages\pyperf\_runner.py", line 468, in _main
    bench = self._manager()
  File "C:\Python\Python314\Lib\site-packages\pyperf\_runner.py", line 681, in _manager
    bench = Manager(self).create_bench()
  File "C:\Python\Python314\Lib\site-packages\pyperf\_manager.py", line 243, in create_bench
    worker_bench, run = self.create_worker_bench()
                        ~~~~~~~~~~~~~~~~~~~~~~~~^^
  File "C:\Python\Python314\Lib\site-packages\pyperf\_manager.py", line 142, in create_worker_bench
    suite = self.create_suite()
  File "C:\Python\Python314\Lib\site-packages\pyperf\_manager.py", line 132, in create_suite
    suite = self.spawn_worker(self.calibrate_loops, 0)
  File "C:\Python\Python314\Lib\site-packages\pyperf\_manager.py", line 118, in spawn_worker
    raise RuntimeError("%s failed with exit code %s"
                       % (cmd[0], exitcode))
RuntimeError: D:\CantorAI\xlang3\build-repro\Release\xlang3.exe failed with exit code 1
Traceback (most recent call last):
  File "C:\Python\Python314\Lib\site-packages\pyperformance\run.py", line 171, in run_benchmarks
    result = bench.run(
        bench_venv.python,
    ...<3 lines>...
        verbose=options.verbose,
    )
  File "D:\CantorAI\xlang3\benchmarks\diagnostics\run_pyperformance_xlang3_shimmed.py", line 145, in run_named_benchmark
    return original_benchmark_run(benchmark, *positional, **keywords)
  File "C:\Python\Python314\Lib\site-packages\pyperformance\_benchmark.py", line 193, in run
    bench = _run_perf_script(
        python,
    ...<4 lines>...
        verbose=verbose,
    )
  File "C:\Python\Python314\Lib\site-packages\pyperformance\_benchmark.py", line 250, in _run_perf_script
    raise RuntimeError("Benchmark died")
RuntimeError: Benchmark died
ERROR: Benchmark pyflate failed: Benchmark died
[68/97] python_startup...
Traceback (most recent call last):
  File "C:\Python\Python314\Lib\site-packages\pyperformance\data-files\benchmarks\bm_python_startup\run_benchmark.py", line 37, in <module>
    runner.bench_command(name, command)
    ~~~~~~~~~~~~~~~~~~~~^^^^^^^^^^^^^^^
  File "C:\Python\Python314\Lib\site-packages\pyperf\_runner.py", line 750, in bench_command
    return self._main(task)
           ~~~~~~~~~~^^^^^^
  File "C:\Python\Python314\Lib\site-packages\pyperf\_runner.py", line 463, in _main
    bench = self._worker(task)
  File "C:\Python\Python314\Lib\site-packages\pyperf\_runner.py", line 436, in _worker
    self._process_priority()
    ~~~~~~~~~~~~~~~~~~~~~~^^
  File "C:\Python\Python314\Lib\site-packages\pyperf\_runner.py", line 431, in _process_priority
    if not set_highest_priority():
           ~~~~~~~~~~~~~~~~~~~~^^
  File "C:\Python\Python314\Lib\site-packages\pyperf\_cpu_utils.py", line 173, in set_highest_priority
    proc = psutil.Process()
  File "C:\Python\Python314\Lib\site-packages\psutil\__init__.py", line 314, in __init__
    self._init(pid)
    ~~~~~~~~~~^^^^^
  File "C:\Python\Python314\Lib\site-packages\psutil\__init__.py", line 347, in _init
    self._ident = self._get_ident()
                  ~~~~~~~~~~~~~~~^^
  File "C:\Python\Python314\Lib\site-packages\psutil\__init__.py", line 388, in _get_ident
    self._create_time = self._proc.create_time(fast_only=True)
                        ~~~~~~~~~~~~~~~~~~~~~~^^^^^^^^^^^^^^^^
  File "C:\Python\Python314\Lib\site-packages\psutil\_pswindows.py", line 666, in wrapper
    return fun(self, *args, **kwargs)
  File "C:\Python\Python314\Lib\site-packages\psutil\_pswindows.py", line 914, in create_time
    _user, _system, created = cext.proc_times(self.pid)
                              ~~~~~~~~~~~~~~~^^^^^^^^^^
AttributeError: module 'psutil._psutil_windows' has no attribute 'proc_times'
Traceback (most recent call last):
  File "C:\Python\Python314\Lib\site-packages\pyperformance\data-files\benchmarks\bm_python_startup\run_benchmark.py", line 37, in <module>
    runner.bench_command(name, command)
    ~~~~~~~~~~~~~~~~~~~~^^^^^^^^^^^^^^^
  File "C:\Python\Python314\Lib\site-packages\pyperf\_runner.py", line 750, in bench_command
    return self._main(task)
           ~~~~~~~~~~^^^^^^
  File "C:\Python\Python314\Lib\site-packages\pyperf\_runner.py", line 468, in _main
    bench = self._manager()
  File "C:\Python\Python314\Lib\site-packages\pyperf\_runner.py", line 681, in _manager
    bench = Manager(self).create_bench()
  File "C:\Python\Python314\Lib\site-packages\pyperf\_manager.py", line 243, in create_bench
    worker_bench, run = self.create_worker_bench()
                        ~~~~~~~~~~~~~~~~~~~~~~~~^^
  File "C:\Python\Python314\Lib\site-packages\pyperf\_manager.py", line 142, in create_worker_bench
    suite = self.create_suite()
  File "C:\Python\Python314\Lib\site-packages\pyperf\_manager.py", line 132, in create_suite
    suite = self.spawn_worker(self.calibrate_loops, 0)
  File "C:\Python\Python314\Lib\site-packages\pyperf\_manager.py", line 118, in spawn_worker
    raise RuntimeError("%s failed with exit code %s"
                       % (cmd[0], exitcode))
RuntimeError: D:\CantorAI\xlang3\build-repro\Release\xlang3.exe failed with exit code 1
Traceback (most recent call last):
  File "C:\Python\Python314\Lib\site-packages\pyperformance\run.py", line 171, in run_benchmarks
    result = bench.run(
        bench_venv.python,
    ...<3 lines>...
        verbose=options.verbose,
    )
  File "D:\CantorAI\xlang3\benchmarks\diagnostics\run_pyperformance_xlang3_shimmed.py", line 145, in run_named_benchmark
    return original_benchmark_run(benchmark, *positional, **keywords)
  File "C:\Python\Python314\Lib\site-packages\pyperformance\_benchmark.py", line 193, in run
    bench = _run_perf_script(
        python,
    ...<4 lines>...
        verbose=verbose,
    )
  File "C:\Python\Python314\Lib\site-packages\pyperformance\_benchmark.py", line 250, in _run_perf_script
    raise RuntimeError("Benchmark died")
RuntimeError: Benchmark died
ERROR: Benchmark python_startup failed: Benchmark died
[69/97] python_startup_no_site...
Traceback (most recent call last):
  File "C:\Python\Python314\Lib\site-packages\pyperformance\data-files\benchmarks\bm_python_startup\run_benchmark.py", line 37, in <module>
    runner.bench_command(name, command)
    ~~~~~~~~~~~~~~~~~~~~^^^^^^^^^^^^^^^
  File "C:\Python\Python314\Lib\site-packages\pyperf\_runner.py", line 750, in bench_command
    return self._main(task)
           ~~~~~~~~~~^^^^^^
  File "C:\Python\Python314\Lib\site-packages\pyperf\_runner.py", line 463, in _main
    bench = self._worker(task)
  File "C:\Python\Python314\Lib\site-packages\pyperf\_runner.py", line 436, in _worker
    self._process_priority()
    ~~~~~~~~~~~~~~~~~~~~~~^^
  File "C:\Python\Python314\Lib\site-packages\pyperf\_runner.py", line 431, in _process_priority
    if not set_highest_priority():
           ~~~~~~~~~~~~~~~~~~~~^^
  File "C:\Python\Python314\Lib\site-packages\pyperf\_cpu_utils.py", line 173, in set_highest_priority
    proc = psutil.Process()
  File "C:\Python\Python314\Lib\site-packages\psutil\__init__.py", line 314, in __init__
    self._init(pid)
    ~~~~~~~~~~^^^^^
  File "C:\Python\Python314\Lib\site-packages\psutil\__init__.py", line 347, in _init
    self._ident = self._get_ident()
                  ~~~~~~~~~~~~~~~^^
  File "C:\Python\Python314\Lib\site-packages\psutil\__init__.py", line 388, in _get_ident
    self._create_time = self._proc.create_time(fast_only=True)
                        ~~~~~~~~~~~~~~~~~~~~~~^^^^^^^^^^^^^^^^
  File "C:\Python\Python314\Lib\site-packages\psutil\_pswindows.py", line 666, in wrapper
    return fun(self, *args, **kwargs)
  File "C:\Python\Python314\Lib\site-packages\psutil\_pswindows.py", line 914, in create_time
    _user, _system, created = cext.proc_times(self.pid)
                              ~~~~~~~~~~~~~~~^^^^^^^^^^
AttributeError: module 'psutil._psutil_windows' has no attribute 'proc_times'
Traceback (most recent call last):
  File "C:\Python\Python314\Lib\site-packages\pyperformance\data-files\benchmarks\bm_python_startup\run_benchmark.py", line 37, in <module>
    runner.bench_command(name, command)
    ~~~~~~~~~~~~~~~~~~~~^^^^^^^^^^^^^^^
  File "C:\Python\Python314\Lib\site-packages\pyperf\_runner.py", line 750, in bench_command
    return self._main(task)
           ~~~~~~~~~~^^^^^^
  File "C:\Python\Python314\Lib\site-packages\pyperf\_runner.py", line 468, in _main
    bench = self._manager()
  File "C:\Python\Python314\Lib\site-packages\pyperf\_runner.py", line 681, in _manager
    bench = Manager(self).create_bench()
  File "C:\Python\Python314\Lib\site-packages\pyperf\_manager.py", line 243, in create_bench
    worker_bench, run = self.create_worker_bench()
                        ~~~~~~~~~~~~~~~~~~~~~~~~^^
  File "C:\Python\Python314\Lib\site-packages\pyperf\_manager.py", line 142, in create_worker_bench
    suite = self.create_suite()
  File "C:\Python\Python314\Lib\site-packages\pyperf\_manager.py", line 132, in create_suite
    suite = self.spawn_worker(self.calibrate_loops, 0)
  File "C:\Python\Python314\Lib\site-packages\pyperf\_manager.py", line 118, in spawn_worker
    raise RuntimeError("%s failed with exit code %s"
                       % (cmd[0], exitcode))
RuntimeError: D:\CantorAI\xlang3\build-repro\Release\xlang3.exe failed with exit code 1
Traceback (most recent call last):
  File "C:\Python\Python314\Lib\site-packages\pyperformance\run.py", line 171, in run_benchmarks
    result = bench.run(
        bench_venv.python,
    ...<3 lines>...
        verbose=options.verbose,
    )
  File "D:\CantorAI\xlang3\benchmarks\diagnostics\run_pyperformance_xlang3_shimmed.py", line 145, in run_named_benchmark
    return original_benchmark_run(benchmark, *positional, **keywords)
  File "C:\Python\Python314\Lib\site-packages\pyperformance\_benchmark.py", line 193, in run
    bench = _run_perf_script(
        python,
    ...<4 lines>...
        verbose=verbose,
    )
  File "C:\Python\Python314\Lib\site-packages\pyperformance\_benchmark.py", line 250, in _run_perf_script
    raise RuntimeError("Benchmark died")
RuntimeError: Benchmark died
ERROR: Benchmark python_startup_no_site failed: Benchmark died
[70/97] raytrace...
Traceback (most recent call last):
  File "C:\Python\Python314\Lib\site-packages\pyperformance\data-files\benchmarks\bm_raytrace\run_benchmark.py", line 407, in <module>
    runner.bench_time_func('raytrace', bench_raytrace,
    ~~~~~~~~~~~~~~~~~~~~~~^^^^^^^^^^^^^^^^^^^^^^^^^^^^
                           args.width, args.height,
                           ^^^^^^^^^^^^^^^^^^^^^^^^
                           args.filename)
                           ^^^^^^^^^^^^^^
  File "C:\Python\Python314\Lib\site-packages\pyperf\_runner.py", line 502, in bench_time_func
    result = self._main(task)
  File "C:\Python\Python314\Lib\site-packages\pyperf\_runner.py", line 463, in _main
    bench = self._worker(task)
  File "C:\Python\Python314\Lib\site-packages\pyperf\_runner.py", line 436, in _worker
    self._process_priority()
    ~~~~~~~~~~~~~~~~~~~~~~^^
  File "C:\Python\Python314\Lib\site-packages\pyperf\_runner.py", line 431, in _process_priority
    if not set_highest_priority():
           ~~~~~~~~~~~~~~~~~~~~^^
  File "C:\Python\Python314\Lib\site-packages\pyperf\_cpu_utils.py", line 173, in set_highest_priority
    proc = psutil.Process()
  File "C:\Python\Python314\Lib\site-packages\psutil\__init__.py", line 314, in __init__
    self._init(pid)
    ~~~~~~~~~~^^^^^
  File "C:\Python\Python314\Lib\site-packages\psutil\__init__.py", line 347, in _init
    self._ident = self._get_ident()
                  ~~~~~~~~~~~~~~~^^
  File "C:\Python\Python314\Lib\site-packages\psutil\__init__.py", line 388, in _get_ident
    self._create_time = self._proc.create_time(fast_only=True)
                        ~~~~~~~~~~~~~~~~~~~~~~^^^^^^^^^^^^^^^^
  File "C:\Python\Python314\Lib\site-packages\psutil\_pswindows.py", line 666, in wrapper
    return fun(self, *args, **kwargs)
  File "C:\Python\Python314\Lib\site-packages\psutil\_pswindows.py", line 914, in create_time
    _user, _system, created = cext.proc_times(self.pid)
                              ~~~~~~~~~~~~~~~^^^^^^^^^^
AttributeError: module 'psutil._psutil_windows' has no attribute 'proc_times'
Traceback (most recent call last):
  File "C:\Python\Python314\Lib\site-packages\pyperformance\data-files\benchmarks\bm_raytrace\run_benchmark.py", line 407, in <module>
    runner.bench_time_func('raytrace', bench_raytrace,
    ~~~~~~~~~~~~~~~~~~~~~~^^^^^^^^^^^^^^^^^^^^^^^^^^^^
                           args.width, args.height,
                           ^^^^^^^^^^^^^^^^^^^^^^^^
                           args.filename)
                           ^^^^^^^^^^^^^^
  File "C:\Python\Python314\Lib\site-packages\pyperf\_runner.py", line 502, in bench_time_func
    result = self._main(task)
  File "C:\Python\Python314\Lib\site-packages\pyperf\_runner.py", line 468, in _main
    bench = self._manager()
  File "C:\Python\Python314\Lib\site-packages\pyperf\_runner.py", line 681, in _manager
    bench = Manager(self).create_bench()
  File "C:\Python\Python314\Lib\site-packages\pyperf\_manager.py", line 243, in create_bench
    worker_bench, run = self.create_worker_bench()
                        ~~~~~~~~~~~~~~~~~~~~~~~~^^
  File "C:\Python\Python314\Lib\site-packages\pyperf\_manager.py", line 142, in create_worker_bench
    suite = self.create_suite()
  File "C:\Python\Python314\Lib\site-packages\pyperf\_manager.py", line 132, in create_suite
    suite = self.spawn_worker(self.calibrate_loops, 0)
  File "C:\Python\Python314\Lib\site-packages\pyperf\_manager.py", line 118, in spawn_worker
    raise RuntimeError("%s failed with exit code %s"
                       % (cmd[0], exitcode))
RuntimeError: D:\CantorAI\xlang3\build-repro\Release\xlang3.exe failed with exit code 1
Traceback (most recent call last):
  File "C:\Python\Python314\Lib\site-packages\pyperformance\run.py", line 171, in run_benchmarks
    result = bench.run(
        bench_venv.python,
    ...<3 lines>...
        verbose=options.verbose,
    )
  File "D:\CantorAI\xlang3\benchmarks\diagnostics\run_pyperformance_xlang3_shimmed.py", line 145, in run_named_benchmark
    return original_benchmark_run(benchmark, *positional, **keywords)
  File "C:\Python\Python314\Lib\site-packages\pyperformance\_benchmark.py", line 193, in run
    bench = _run_perf_script(
        python,
    ...<4 lines>...
        verbose=verbose,
    )
  File "C:\Python\Python314\Lib\site-packages\pyperformance\_benchmark.py", line 250, in _run_perf_script
    raise RuntimeError("Benchmark died")
RuntimeError: Benchmark died
ERROR: Benchmark raytrace failed: Benchmark died
[71/97] regex_compile...
C:\Python\Python314\Lib\site-packages\pyperformance\data-files\benchmarks\bm_regex_compile\run_benchmark.py:33: DeprecationWarning: 'count' is passed as positional argument
  return real_sub(regex, *args)
C:\Python\Python314\Lib\site-packages\pyperformance\data-files\benchmarks\bm_regex_compile\run_benchmark.py:33: DeprecationWarning: 'count' is passed as positional argument
  return real_sub(regex, *args)
Traceback (most recent call last):
  File "C:\Python\Python314\Lib\site-packages\pyperformance\data-files\benchmarks\bm_regex_compile\run_benchmark.py", line 69, in <module>
    runner.bench_time_func('regex_compile', bench_regex_compile, regexes)
    ~~~~~~~~~~~~~~~~~~~~~~^^^^^^^^^^^^^^^^^^^^^^^^^^^^^^^^^^^^^^^^^^^^^^^
  File "C:\Python\Python314\Lib\site-packages\pyperf\_runner.py", line 502, in bench_time_func
    result = self._main(task)
  File "C:\Python\Python314\Lib\site-packages\pyperf\_runner.py", line 463, in _main
    bench = self._worker(task)
  File "C:\Python\Python314\Lib\site-packages\pyperf\_runner.py", line 436, in _worker
    self._process_priority()
    ~~~~~~~~~~~~~~~~~~~~~~^^
  File "C:\Python\Python314\Lib\site-packages\pyperf\_runner.py", line 431, in _process_priority
    if not set_highest_priority():
           ~~~~~~~~~~~~~~~~~~~~^^
  File "C:\Python\Python314\Lib\site-packages\pyperf\_cpu_utils.py", line 173, in set_highest_priority
    proc = psutil.Process()
  File "C:\Python\Python314\Lib\site-packages\psutil\__init__.py", line 314, in __init__
    self._init(pid)
    ~~~~~~~~~~^^^^^
  File "C:\Python\Python314\Lib\site-packages\psutil\__init__.py", line 347, in _init
    self._ident = self._get_ident()
                  ~~~~~~~~~~~~~~~^^
  File "C:\Python\Python314\Lib\site-packages\psutil\__init__.py", line 388, in _get_ident
    self._create_time = self._proc.create_time(fast_only=True)
                        ~~~~~~~~~~~~~~~~~~~~~~^^^^^^^^^^^^^^^^
  File "C:\Python\Python314\Lib\site-packages\psutil\_pswindows.py", line 666, in wrapper
    return fun(self, *args, **kwargs)
  File "C:\Python\Python314\Lib\site-packages\psutil\_pswindows.py", line 914, in create_time
    _user, _system, created = cext.proc_times(self.pid)
                              ~~~~~~~~~~~~~~~^^^^^^^^^^
AttributeError: module 'psutil._psutil_windows' has no attribute 'proc_times'
Traceback (most recent call last):
  File "C:\Python\Python314\Lib\site-packages\pyperformance\data-files\benchmarks\bm_regex_compile\run_benchmark.py", line 69, in <module>
    runner.bench_time_func('regex_compile', bench_regex_compile, regexes)
    ~~~~~~~~~~~~~~~~~~~~~~^^^^^^^^^^^^^^^^^^^^^^^^^^^^^^^^^^^^^^^^^^^^^^^
  File "C:\Python\Python314\Lib\site-packages\pyperf\_runner.py", line 502, in bench_time_func
    result = self._main(task)
  File "C:\Python\Python314\Lib\site-packages\pyperf\_runner.py", line 468, in _main
    bench = self._manager()
  File "C:\Python\Python314\Lib\site-packages\pyperf\_runner.py", line 681, in _manager
    bench = Manager(self).create_bench()
  File "C:\Python\Python314\Lib\site-packages\pyperf\_manager.py", line 243, in create_bench
    worker_bench, run = self.create_worker_bench()
                        ~~~~~~~~~~~~~~~~~~~~~~~~^^
  File "C:\Python\Python314\Lib\site-packages\pyperf\_manager.py", line 142, in create_worker_bench
    suite = self.create_suite()
  File "C:\Python\Python314\Lib\site-packages\pyperf\_manager.py", line 132, in create_suite
    suite = self.spawn_worker(self.calibrate_loops, 0)
  File "C:\Python\Python314\Lib\site-packages\pyperf\_manager.py", line 118, in spawn_worker
    raise RuntimeError("%s failed with exit code %s"
                       % (cmd[0], exitcode))
RuntimeError: D:\CantorAI\xlang3\build-repro\Release\xlang3.exe failed with exit code 1
Traceback (most recent call last):
ERROR: Benchmark regex_compile failed: Benchmark died
[72/97] regex_dna...
  File "C:\Python\Python314\Lib\site-packages\pyperformance\run.py", line 171, in run_benchmarks
    result = bench.run(
        bench_venv.python,
    ...<3 lines>...
        verbose=options.verbose,
    )
  File "D:\CantorAI\xlang3\benchmarks\diagnostics\run_pyperformance_xlang3_shimmed.py", line 145, in run_named_benchmark
    return original_benchmark_run(benchmark, *positional, **keywords)
  File "C:\Python\Python314\Lib\site-packages\pyperformance\_benchmark.py", line 193, in run
    bench = _run_perf_script(
        python,
    ...<4 lines>...
        verbose=verbose,
    )
  File "C:\Python\Python314\Lib\site-packages\pyperformance\_benchmark.py", line 250, in _run_perf_script
    raise RuntimeError("Benchmark died")
RuntimeError: Benchmark died
Traceback (most recent call last):
  File "C:\Python\Python314\Lib\site-packages\pyperformance\data-files\benchmarks\bm_regex_dna\run_benchmark.py", line 236, in <module>
    runner.bench_time_func('regex_dna', bench_regex_dna, seq, expected_res)
    ~~~~~~~~~~~~~~~~~~~~~~^^^^^^^^^^^^^^^^^^^^^^^^^^^^^^^^^^^^^^^^^^^^^^^^^
  File "C:\Python\Python314\Lib\site-packages\pyperf\_runner.py", line 502, in bench_time_func
    result = self._main(task)
  File "C:\Python\Python314\Lib\site-packages\pyperf\_runner.py", line 463, in _main
    bench = self._worker(task)
  File "C:\Python\Python314\Lib\site-packages\pyperf\_runner.py", line 436, in _worker
    self._process_priority()
    ~~~~~~~~~~~~~~~~~~~~~~^^
  File "C:\Python\Python314\Lib\site-packages\pyperf\_runner.py", line 431, in _process_priority
    if not set_highest_priority():
           ~~~~~~~~~~~~~~~~~~~~^^
  File "C:\Python\Python314\Lib\site-packages\pyperf\_cpu_utils.py", line 173, in set_highest_priority
    proc = psutil.Process()
  File "C:\Python\Python314\Lib\site-packages\psutil\__init__.py", line 314, in __init__
    self._init(pid)
    ~~~~~~~~~~^^^^^
  File "C:\Python\Python314\Lib\site-packages\psutil\__init__.py", line 347, in _init
    self._ident = self._get_ident()
                  ~~~~~~~~~~~~~~~^^
  File "C:\Python\Python314\Lib\site-packages\psutil\__init__.py", line 388, in _get_ident
    self._create_time = self._proc.create_time(fast_only=True)
                        ~~~~~~~~~~~~~~~~~~~~~~^^^^^^^^^^^^^^^^
  File "C:\Python\Python314\Lib\site-packages\psutil\_pswindows.py", line 666, in wrapper
    return fun(self, *args, **kwargs)
  File "C:\Python\Python314\Lib\site-packages\psutil\_pswindows.py", line 914, in create_time
    _user, _system, created = cext.proc_times(self.pid)
                              ~~~~~~~~~~~~~~~^^^^^^^^^^
AttributeError: module 'psutil._psutil_windows' has no attribute 'proc_times'
Traceback (most recent call last):
  File "C:\Python\Python314\Lib\site-packages\pyperformance\data-files\benchmarks\bm_regex_dna\run_benchmark.py", line 236, in <module>
    runner.bench_time_func('regex_dna', bench_regex_dna, seq, expected_res)
    ~~~~~~~~~~~~~~~~~~~~~~^^^^^^^^^^^^^^^^^^^^^^^^^^^^^^^^^^^^^^^^^^^^^^^^^
  File "C:\Python\Python314\Lib\site-packages\pyperf\_runner.py", line 502, in bench_time_func
    result = self._main(task)
  File "C:\Python\Python314\Lib\site-packages\pyperf\_runner.py", line 468, in _main
    bench = self._manager()
  File "C:\Python\Python314\Lib\site-packages\pyperf\_runner.py", line 681, in _manager
    bench = Manager(self).create_bench()
  File "C:\Python\Python314\Lib\site-packages\pyperf\_manager.py", line 243, in create_bench
    worker_bench, run = self.create_worker_bench()
                        ~~~~~~~~~~~~~~~~~~~~~~~~^^
  File "C:\Python\Python314\Lib\site-packages\pyperf\_manager.py", line 142, in create_worker_bench
    suite = self.create_suite()
  File "C:\Python\Python314\Lib\site-packages\pyperf\_manager.py", line 132, in create_suite
    suite = self.spawn_worker(self.calibrate_loops, 0)
  File "C:\Python\Python314\Lib\site-packages\pyperf\_manager.py", line 118, in spawn_worker
    raise RuntimeError("%s failed with exit code %s"
                       % (cmd[0], exitcode))
RuntimeError: D:\CantorAI\xlang3\build-repro\Release\xlang3.exe failed with exit code 1
Traceback (most recent call last):
  File "C:\Python\Python314\Lib\site-packages\pyperformance\run.py", line 171, in run_benchmarks
    result = bench.run(
        bench_venv.python,
    ...<3 lines>...
        verbose=options.verbose,
    )
  File "D:\CantorAI\xlang3\benchmarks\diagnostics\run_pyperformance_xlang3_shimmed.py", line 145, in run_named_benchmark
    return original_benchmark_run(benchmark, *positional, **keywords)
  File "C:\Python\Python314\Lib\site-packages\pyperformance\_benchmark.py", line 193, in run
    bench = _run_perf_script(
        python,
    ...<4 lines>...
        verbose=verbose,
    )
  File "C:\Python\Python314\Lib\site-packages\pyperformance\_benchmark.py", line 250, in _run_perf_script
    raise RuntimeError("Benchmark died")
RuntimeError: Benchmark died
ERROR: Benchmark regex_dna failed: Benchmark died
[73/97] regex_effbot...
Traceback (most recent call last):
  File "C:\Python\Python314\Lib\site-packages\pyperformance\data-files\benchmarks\bm_regex_effbot\run_benchmark.py", line 174, in <module>
    runner.bench_time_func('regex_effbot', bench_regex_effbot,
    ~~~~~~~~~~~~~~~~~~~~~~^^^^^^^^^^^^^^^^^^^^^^^^^^^^^^^^^^^^
                           inner_loops=10)
                           ^^^^^^^^^^^^^^^
  File "C:\Python\Python314\Lib\site-packages\pyperf\_runner.py", line 502, in bench_time_func
    result = self._main(task)
  File "C:\Python\Python314\Lib\site-packages\pyperf\_runner.py", line 463, in _main
    bench = self._worker(task)
  File "C:\Python\Python314\Lib\site-packages\pyperf\_runner.py", line 436, in _worker
    self._process_priority()
    ~~~~~~~~~~~~~~~~~~~~~~^^
  File "C:\Python\Python314\Lib\site-packages\pyperf\_runner.py", line 431, in _process_priority
    if not set_highest_priority():
           ~~~~~~~~~~~~~~~~~~~~^^
  File "C:\Python\Python314\Lib\site-packages\pyperf\_cpu_utils.py", line 173, in set_highest_priority
    proc = psutil.Process()
  File "C:\Python\Python314\Lib\site-packages\psutil\__init__.py", line 314, in __init__
    self._init(pid)
    ~~~~~~~~~~^^^^^
  File "C:\Python\Python314\Lib\site-packages\psutil\__init__.py", line 347, in _init
    self._ident = self._get_ident()
                  ~~~~~~~~~~~~~~~^^
  File "C:\Python\Python314\Lib\site-packages\psutil\__init__.py", line 388, in _get_ident
    self._create_time = self._proc.create_time(fast_only=True)
                        ~~~~~~~~~~~~~~~~~~~~~~^^^^^^^^^^^^^^^^
  File "C:\Python\Python314\Lib\site-packages\psutil\_pswindows.py", line 666, in wrapper
    return fun(self, *args, **kwargs)
  File "C:\Python\Python314\Lib\site-packages\psutil\_pswindows.py", line 914, in create_time
    _user, _system, created = cext.proc_times(self.pid)
                              ~~~~~~~~~~~~~~~^^^^^^^^^^
AttributeError: module 'psutil._psutil_windows' has no attribute 'proc_times'
Traceback (most recent call last):
  File "C:\Python\Python314\Lib\site-packages\pyperformance\data-files\benchmarks\bm_regex_effbot\run_benchmark.py", line 174, in <module>
    runner.bench_time_func('regex_effbot', bench_regex_effbot,
    ~~~~~~~~~~~~~~~~~~~~~~^^^^^^^^^^^^^^^^^^^^^^^^^^^^^^^^^^^^
                           inner_loops=10)
                           ^^^^^^^^^^^^^^^
  File "C:\Python\Python314\Lib\site-packages\pyperf\_runner.py", line 502, in bench_time_func
    result = self._main(task)
  File "C:\Python\Python314\Lib\site-packages\pyperf\_runner.py", line 468, in _main
    bench = self._manager()
  File "C:\Python\Python314\Lib\site-packages\pyperf\_runner.py", line 681, in _manager
    bench = Manager(self).create_bench()
  File "C:\Python\Python314\Lib\site-packages\pyperf\_manager.py", line 243, in create_bench
    worker_bench, run = self.create_worker_bench()
                        ~~~~~~~~~~~~~~~~~~~~~~~~^^
  File "C:\Python\Python314\Lib\site-packages\pyperf\_manager.py", line 142, in create_worker_bench
    suite = self.create_suite()
  File "C:\Python\Python314\Lib\site-packages\pyperf\_manager.py", line 132, in create_suite
    suite = self.spawn_worker(self.calibrate_loops, 0)
  File "C:\Python\Python314\Lib\site-packages\pyperf\_manager.py", line 118, in spawn_worker
    raise RuntimeError("%s failed with exit code %s"
                       % (cmd[0], exitcode))
RuntimeError: D:\CantorAI\xlang3\build-repro\Release\xlang3.exe failed with exit code 1
Traceback (most recent call last):
  File "C:\Python\Python314\Lib\site-packages\pyperformance\run.py", line 171, in run_benchmarks
    result = bench.run(
        bench_venv.python,
    ...<3 lines>...
        verbose=options.verbose,
    )
  File "D:\CantorAI\xlang3\benchmarks\diagnostics\run_pyperformance_xlang3_shimmed.py", line 145, in run_named_benchmark
    return original_benchmark_run(benchmark, *positional, **keywords)
  File "C:\Python\Python314\Lib\site-packages\pyperformance\_benchmark.py", line 193, in run
    bench = _run_perf_script(
        python,
    ...<4 lines>...
        verbose=verbose,
    )
  File "C:\Python\Python314\Lib\site-packages\pyperformance\_benchmark.py", line 250, in _run_perf_script
    raise RuntimeError("Benchmark died")
RuntimeError: Benchmark died
ERROR: Benchmark regex_effbot failed: Benchmark died
[74/97] regex_v8...
Traceback (most recent call last):
  File "C:\Python\Python314\Lib\site-packages\pyperformance\data-files\benchmarks\bm_regex_v8\run_benchmark.py", line 1790, in <module>
    runner.bench_time_func('regex_v8', bench_regex_v8)
    ~~~~~~~~~~~~~~~~~~~~~~^^^^^^^^^^^^^^^^^^^^^^^^^^^^
  File "C:\Python\Python314\Lib\site-packages\pyperf\_runner.py", line 502, in bench_time_func
    result = self._main(task)
  File "C:\Python\Python314\Lib\site-packages\pyperf\_runner.py", line 463, in _main
    bench = self._worker(task)
  File "C:\Python\Python314\Lib\site-packages\pyperf\_runner.py", line 436, in _worker
    self._process_priority()
    ~~~~~~~~~~~~~~~~~~~~~~^^
  File "C:\Python\Python314\Lib\site-packages\pyperf\_runner.py", line 431, in _process_priority
    if not set_highest_priority():
           ~~~~~~~~~~~~~~~~~~~~^^
  File "C:\Python\Python314\Lib\site-packages\pyperf\_cpu_utils.py", line 173, in set_highest_priority
    proc = psutil.Process()
  File "C:\Python\Python314\Lib\site-packages\psutil\__init__.py", line 314, in __init__
    self._init(pid)
    ~~~~~~~~~~^^^^^
  File "C:\Python\Python314\Lib\site-packages\psutil\__init__.py", line 347, in _init
    self._ident = self._get_ident()
                  ~~~~~~~~~~~~~~~^^
  File "C:\Python\Python314\Lib\site-packages\psutil\__init__.py", line 388, in _get_ident
    self._create_time = self._proc.create_time(fast_only=True)
                        ~~~~~~~~~~~~~~~~~~~~~~^^^^^^^^^^^^^^^^
  File "C:\Python\Python314\Lib\site-packages\psutil\_pswindows.py", line 666, in wrapper
    return fun(self, *args, **kwargs)
  File "C:\Python\Python314\Lib\site-packages\psutil\_pswindows.py", line 914, in create_time
    _user, _system, created = cext.proc_times(self.pid)
                              ~~~~~~~~~~~~~~~^^^^^^^^^^
AttributeError: module 'psutil._psutil_windows' has no attribute 'proc_times'
Traceback (most recent call last):
  File "C:\Python\Python314\Lib\site-packages\pyperformance\data-files\benchmarks\bm_regex_v8\run_benchmark.py", line 1790, in <module>
    runner.bench_time_func('regex_v8', bench_regex_v8)
    ~~~~~~~~~~~~~~~~~~~~~~^^^^^^^^^^^^^^^^^^^^^^^^^^^^
  File "C:\Python\Python314\Lib\site-packages\pyperf\_runner.py", line 502, in bench_time_func
    result = self._main(task)
  File "C:\Python\Python314\Lib\site-packages\pyperf\_runner.py", line 468, in _main
    bench = self._manager()
  File "C:\Python\Python314\Lib\site-packages\pyperf\_runner.py", line 681, in _manager
    bench = Manager(self).create_bench()
  File "C:\Python\Python314\Lib\site-packages\pyperf\_manager.py", line 243, in create_bench
    worker_bench, run = self.create_worker_bench()
                        ~~~~~~~~~~~~~~~~~~~~~~~~^^
  File "C:\Python\Python314\Lib\site-packages\pyperf\_manager.py", line 142, in create_worker_bench
    suite = self.create_suite()
  File "C:\Python\Python314\Lib\site-packages\pyperf\_manager.py", line 132, in create_suite
    suite = self.spawn_worker(self.calibrate_loops, 0)
  File "C:\Python\Python314\Lib\site-packages\pyperf\_manager.py", line 118, in spawn_worker
    raise RuntimeError("%s failed with exit code %s"
                       % (cmd[0], exitcode))
RuntimeError: D:\CantorAI\xlang3\build-repro\Release\xlang3.exe failed with exit code 1
Traceback (most recent call last):
  File "C:\Python\Python314\Lib\site-packages\pyperformance\run.py", line 171, in run_benchmarks
    result = bench.run(
        bench_venv.python,
    ...<3 lines>...
        verbose=options.verbose,
    )
  File "D:\CantorAI\xlang3\benchmarks\diagnostics\run_pyperformance_xlang3_shimmed.py", line 145, in run_named_benchmark
    return original_benchmark_run(benchmark, *positional, **keywords)
  File "C:\Python\Python314\Lib\site-packages\pyperformance\_benchmark.py", line 193, in run
    bench = _run_perf_script(
        python,
    ...<4 lines>...
        verbose=verbose,
    )
  File "C:\Python\Python314\Lib\site-packages\pyperformance\_benchmark.py", line 250, in _run_perf_script
    raise RuntimeError("Benchmark died")
RuntimeError: Benchmark died
ERROR: Benchmark regex_v8 failed: Benchmark died
[75/97] richards...
Traceback (most recent call last):
  File "C:\Python\Python314\Lib\site-packages\pyperformance\data-files\benchmarks\bm_richards\run_benchmark.py", line 423, in <module>
    runner.bench_func('richards', richard.run, 1)
    ~~~~~~~~~~~~~~~~~^^^^^^^^^^^^^^^^^^^^^^^^^^^^
  File "C:\Python\Python314\Lib\site-packages\pyperf\_runner.py", line 545, in bench_func
    result = self._main(task)
  File "C:\Python\Python314\Lib\site-packages\pyperf\_runner.py", line 463, in _main
    bench = self._worker(task)
  File "C:\Python\Python314\Lib\site-packages\pyperf\_runner.py", line 436, in _worker
    self._process_priority()
    ~~~~~~~~~~~~~~~~~~~~~~^^
  File "C:\Python\Python314\Lib\site-packages\pyperf\_runner.py", line 431, in _process_priority
    if not set_highest_priority():
           ~~~~~~~~~~~~~~~~~~~~^^
  File "C:\Python\Python314\Lib\site-packages\pyperf\_cpu_utils.py", line 173, in set_highest_priority
    proc = psutil.Process()
  File "C:\Python\Python314\Lib\site-packages\psutil\__init__.py", line 314, in __init__
    self._init(pid)
    ~~~~~~~~~~^^^^^
  File "C:\Python\Python314\Lib\site-packages\psutil\__init__.py", line 347, in _init
    self._ident = self._get_ident()
                  ~~~~~~~~~~~~~~~^^
  File "C:\Python\Python314\Lib\site-packages\psutil\__init__.py", line 388, in _get_ident
    self._create_time = self._proc.create_time(fast_only=True)
                        ~~~~~~~~~~~~~~~~~~~~~~^^^^^^^^^^^^^^^^
  File "C:\Python\Python314\Lib\site-packages\psutil\_pswindows.py", line 666, in wrapper
    return fun(self, *args, **kwargs)
  File "C:\Python\Python314\Lib\site-packages\psutil\_pswindows.py", line 914, in create_time
    _user, _system, created = cext.proc_times(self.pid)
                              ~~~~~~~~~~~~~~~^^^^^^^^^^
AttributeError: module 'psutil._psutil_windows' has no attribute 'proc_times'
Traceback (most recent call last):
  File "C:\Python\Python314\Lib\site-packages\pyperformance\data-files\benchmarks\bm_richards\run_benchmark.py", line 423, in <module>
    runner.bench_func('richards', richard.run, 1)
    ~~~~~~~~~~~~~~~~~^^^^^^^^^^^^^^^^^^^^^^^^^^^^
  File "C:\Python\Python314\Lib\site-packages\pyperf\_runner.py", line 545, in bench_func
    result = self._main(task)
  File "C:\Python\Python314\Lib\site-packages\pyperf\_runner.py", line 468, in _main
    bench = self._manager()
  File "C:\Python\Python314\Lib\site-packages\pyperf\_runner.py", line 681, in _manager
    bench = Manager(self).create_bench()
  File "C:\Python\Python314\Lib\site-packages\pyperf\_manager.py", line 243, in create_bench
    worker_bench, run = self.create_worker_bench()
                        ~~~~~~~~~~~~~~~~~~~~~~~~^^
  File "C:\Python\Python314\Lib\site-packages\pyperf\_manager.py", line 142, in create_worker_bench
    suite = self.create_suite()
  File "C:\Python\Python314\Lib\site-packages\pyperf\_manager.py", line 132, in create_suite
    suite = self.spawn_worker(self.calibrate_loops, 0)
  File "C:\Python\Python314\Lib\site-packages\pyperf\_manager.py", line 118, in spawn_worker
    raise RuntimeError("%s failed with exit code %s"
                       % (cmd[0], exitcode))
RuntimeError: D:\CantorAI\xlang3\build-repro\Release\xlang3.exe failed with exit code 1
Traceback (most recent call last):
  File "C:\Python\Python314\Lib\site-packages\pyperformance\run.py", line 171, in run_benchmarks
    result = bench.run(
        bench_venv.python,
    ...<3 lines>...
        verbose=options.verbose,
    )
  File "D:\CantorAI\xlang3\benchmarks\diagnostics\run_pyperformance_xlang3_shimmed.py", line 145, in run_named_benchmark
    return original_benchmark_run(benchmark, *positional, **keywords)
  File "C:\Python\Python314\Lib\site-packages\pyperformance\_benchmark.py", line 193, in run
    bench = _run_perf_script(
        python,
    ...<4 lines>...
        verbose=verbose,
    )
  File "C:\Python\Python314\Lib\site-packages\pyperformance\_benchmark.py", line 250, in _run_perf_script
    raise RuntimeError("Benchmark died")
RuntimeError: Benchmark died
ERROR: Benchmark richards failed: Benchmark died
[76/97] richards_super...
Traceback (most recent call last):
  File "C:\Python\Python314\Lib\site-packages\pyperformance\data-files\benchmarks\bm_richards_super\run_benchmark.py", line 430, in <module>
    runner.bench_func('richards_super', richard.run, 1)
    ~~~~~~~~~~~~~~~~~^^^^^^^^^^^^^^^^^^^^^^^^^^^^^^^^^^
  File "C:\Python\Python314\Lib\site-packages\pyperf\_runner.py", line 545, in bench_func
    result = self._main(task)
  File "C:\Python\Python314\Lib\site-packages\pyperf\_runner.py", line 463, in _main
    bench = self._worker(task)
  File "C:\Python\Python314\Lib\site-packages\pyperf\_runner.py", line 436, in _worker
    self._process_priority()
    ~~~~~~~~~~~~~~~~~~~~~~^^
  File "C:\Python\Python314\Lib\site-packages\pyperf\_runner.py", line 431, in _process_priority
    if not set_highest_priority():
           ~~~~~~~~~~~~~~~~~~~~^^
  File "C:\Python\Python314\Lib\site-packages\pyperf\_cpu_utils.py", line 173, in set_highest_priority
    proc = psutil.Process()
  File "C:\Python\Python314\Lib\site-packages\psutil\__init__.py", line 314, in __init__
    self._init(pid)
    ~~~~~~~~~~^^^^^
  File "C:\Python\Python314\Lib\site-packages\psutil\__init__.py", line 347, in _init
    self._ident = self._get_ident()
                  ~~~~~~~~~~~~~~~^^
  File "C:\Python\Python314\Lib\site-packages\psutil\__init__.py", line 388, in _get_ident
    self._create_time = self._proc.create_time(fast_only=True)
                        ~~~~~~~~~~~~~~~~~~~~~~^^^^^^^^^^^^^^^^
  File "C:\Python\Python314\Lib\site-packages\psutil\_pswindows.py", line 666, in wrapper
    return fun(self, *args, **kwargs)
  File "C:\Python\Python314\Lib\site-packages\psutil\_pswindows.py", line 914, in create_time
    _user, _system, created = cext.proc_times(self.pid)
                              ~~~~~~~~~~~~~~~^^^^^^^^^^
AttributeError: module 'psutil._psutil_windows' has no attribute 'proc_times'
Traceback (most recent call last):
  File "C:\Python\Python314\Lib\site-packages\pyperformance\data-files\benchmarks\bm_richards_super\run_benchmark.py", line 430, in <module>
    runner.bench_func('richards_super', richard.run, 1)
    ~~~~~~~~~~~~~~~~~^^^^^^^^^^^^^^^^^^^^^^^^^^^^^^^^^^
  File "C:\Python\Python314\Lib\site-packages\pyperf\_runner.py", line 545, in bench_func
    result = self._main(task)
  File "C:\Python\Python314\Lib\site-packages\pyperf\_runner.py", line 468, in _main
    bench = self._manager()
  File "C:\Python\Python314\Lib\site-packages\pyperf\_runner.py", line 681, in _manager
    bench = Manager(self).create_bench()
  File "C:\Python\Python314\Lib\site-packages\pyperf\_manager.py", line 243, in create_bench
    worker_bench, run = self.create_worker_bench()
                        ~~~~~~~~~~~~~~~~~~~~~~~~^^
  File "C:\Python\Python314\Lib\site-packages\pyperf\_manager.py", line 142, in create_worker_bench
    suite = self.create_suite()
  File "C:\Python\Python314\Lib\site-packages\pyperf\_manager.py", line 132, in create_suite
    suite = self.spawn_worker(self.calibrate_loops, 0)
  File "C:\Python\Python314\Lib\site-packages\pyperf\_manager.py", line 118, in spawn_worker
    raise RuntimeError("%s failed with exit code %s"
                       % (cmd[0], exitcode))
RuntimeError: D:\CantorAI\xlang3\build-repro\Release\xlang3.exe failed with exit code 1
Traceback (most recent call last):
  File "C:\Python\Python314\Lib\site-packages\pyperformance\run.py", line 171, in run_benchmarks
    result = bench.run(
        bench_venv.python,
    ...<3 lines>...
        verbose=options.verbose,
    )
  File "D:\CantorAI\xlang3\benchmarks\diagnostics\run_pyperformance_xlang3_shimmed.py", line 145, in run_named_benchmark
    return original_benchmark_run(benchmark, *positional, **keywords)
  File "C:\Python\Python314\Lib\site-packages\pyperformance\_benchmark.py", line 193, in run
    bench = _run_perf_script(
        python,
    ...<4 lines>...
        verbose=verbose,
    )
  File "C:\Python\Python314\Lib\site-packages\pyperformance\_benchmark.py", line 250, in _run_perf_script
    raise RuntimeError("Benchmark died")
RuntimeError: Benchmark died
ERROR: Benchmark richards_super failed: Benchmark died
[77/97] scimark...
Traceback (most recent call last):
  File "C:\Python\Python314\Lib\site-packages\pyperformance\data-files\benchmarks\bm_scimark\run_benchmark.py", line 415, in <module>
    runner.bench_time_func(name, *args)
    ~~~~~~~~~~~~~~~~~~~~~~^^^^^^^^^^^^^
  File "C:\Python\Python314\Lib\site-packages\pyperf\_runner.py", line 502, in bench_time_func
    result = self._main(task)
  File "C:\Python\Python314\Lib\site-packages\pyperf\_runner.py", line 463, in _main
    bench = self._worker(task)
  File "C:\Python\Python314\Lib\site-packages\pyperf\_runner.py", line 436, in _worker
    self._process_priority()
    ~~~~~~~~~~~~~~~~~~~~~~^^
  File "C:\Python\Python314\Lib\site-packages\pyperf\_runner.py", line 431, in _process_priority
    if not set_highest_priority():
           ~~~~~~~~~~~~~~~~~~~~^^
  File "C:\Python\Python314\Lib\site-packages\pyperf\_cpu_utils.py", line 173, in set_highest_priority
    proc = psutil.Process()
  File "C:\Python\Python314\Lib\site-packages\psutil\__init__.py", line 314, in __init__
    self._init(pid)
    ~~~~~~~~~~^^^^^
  File "C:\Python\Python314\Lib\site-packages\psutil\__init__.py", line 347, in _init
    self._ident = self._get_ident()
                  ~~~~~~~~~~~~~~~^^
  File "C:\Python\Python314\Lib\site-packages\psutil\__init__.py", line 388, in _get_ident
    self._create_time = self._proc.create_time(fast_only=True)
                        ~~~~~~~~~~~~~~~~~~~~~~^^^^^^^^^^^^^^^^
  File "C:\Python\Python314\Lib\site-packages\psutil\_pswindows.py", line 666, in wrapper
    return fun(self, *args, **kwargs)
  File "C:\Python\Python314\Lib\site-packages\psutil\_pswindows.py", line 914, in create_time
    _user, _system, created = cext.proc_times(self.pid)
                              ~~~~~~~~~~~~~~~^^^^^^^^^^
AttributeError: module 'psutil._psutil_windows' has no attribute 'proc_times'
Traceback (most recent call last):
  File "C:\Python\Python314\Lib\site-packages\pyperformance\data-files\benchmarks\bm_scimark\run_benchmark.py", line 415, in <module>
    runner.bench_time_func(name, *args)
    ~~~~~~~~~~~~~~~~~~~~~~^^^^^^^^^^^^^
  File "C:\Python\Python314\Lib\site-packages\pyperf\_runner.py", line 502, in bench_time_func
    result = self._main(task)
  File "C:\Python\Python314\Lib\site-packages\pyperf\_runner.py", line 468, in _main
    bench = self._manager()
  File "C:\Python\Python314\Lib\site-packages\pyperf\_runner.py", line 681, in _manager
    bench = Manager(self).create_bench()
  File "C:\Python\Python314\Lib\site-packages\pyperf\_manager.py", line 243, in create_bench
    worker_bench, run = self.create_worker_bench()
                        ~~~~~~~~~~~~~~~~~~~~~~~~^^
  File "C:\Python\Python314\Lib\site-packages\pyperf\_manager.py", line 142, in create_worker_bench
    suite = self.create_suite()
  File "C:\Python\Python314\Lib\site-packages\pyperf\_manager.py", line 132, in create_suite
    suite = self.spawn_worker(self.calibrate_loops, 0)
  File "C:\Python\Python314\Lib\site-packages\pyperf\_manager.py", line 118, in spawn_worker
    raise RuntimeError("%s failed with exit code %s"
                       % (cmd[0], exitcode))
RuntimeError: D:\CantorAI\xlang3\build-repro\Release\xlang3.exe failed with exit code 1
Traceback (most recent call last):
  File "C:\Python\Python314\Lib\site-packages\pyperformance\run.py", line 171, in run_benchmarks
    result = bench.run(
        bench_venv.python,
    ...<3 lines>...
        verbose=options.verbose,
    )
  File "D:\CantorAI\xlang3\benchmarks\diagnostics\run_pyperformance_xlang3_shimmed.py", line 145, in run_named_benchmark
    return original_benchmark_run(benchmark, *positional, **keywords)
  File "C:\Python\Python314\Lib\site-packages\pyperformance\_benchmark.py", line 193, in run
    bench = _run_perf_script(
        python,
    ...<4 lines>...
        verbose=verbose,
    )
  File "C:\Python\Python314\Lib\site-packages\pyperformance\_benchmark.py", line 250, in _run_perf_script
    raise RuntimeError("Benchmark died")
RuntimeError: Benchmark died
ERROR: Benchmark scimark failed: Benchmark died
[78/97] spectral_norm...
Traceback (most recent call last):
  File "C:\Python\Python314\Lib\site-packages\pyperformance\data-files\benchmarks\bm_spectral_norm\run_benchmark.py", line 74, in <module>
    runner.bench_time_func('spectral_norm', bench_spectral_norm)
    ~~~~~~~~~~~~~~~~~~~~~~^^^^^^^^^^^^^^^^^^^^^^^^^^^^^^^^^^^^^^
  File "C:\Python\Python314\Lib\site-packages\pyperf\_runner.py", line 502, in bench_time_func
    result = self._main(task)
  File "C:\Python\Python314\Lib\site-packages\pyperf\_runner.py", line 463, in _main
    bench = self._worker(task)
  File "C:\Python\Python314\Lib\site-packages\pyperf\_runner.py", line 436, in _worker
    self._process_priority()
    ~~~~~~~~~~~~~~~~~~~~~~^^
  File "C:\Python\Python314\Lib\site-packages\pyperf\_runner.py", line 431, in _process_priority
    if not set_highest_priority():
           ~~~~~~~~~~~~~~~~~~~~^^
  File "C:\Python\Python314\Lib\site-packages\pyperf\_cpu_utils.py", line 173, in set_highest_priority
    proc = psutil.Process()
  File "C:\Python\Python314\Lib\site-packages\psutil\__init__.py", line 314, in __init__
    self._init(pid)
    ~~~~~~~~~~^^^^^
  File "C:\Python\Python314\Lib\site-packages\psutil\__init__.py", line 347, in _init
    self._ident = self._get_ident()
                  ~~~~~~~~~~~~~~~^^
  File "C:\Python\Python314\Lib\site-packages\psutil\__init__.py", line 388, in _get_ident
    self._create_time = self._proc.create_time(fast_only=True)
                        ~~~~~~~~~~~~~~~~~~~~~~^^^^^^^^^^^^^^^^
  File "C:\Python\Python314\Lib\site-packages\psutil\_pswindows.py", line 666, in wrapper
    return fun(self, *args, **kwargs)
  File "C:\Python\Python314\Lib\site-packages\psutil\_pswindows.py", line 914, in create_time
    _user, _system, created = cext.proc_times(self.pid)
                              ~~~~~~~~~~~~~~~^^^^^^^^^^
AttributeError: module 'psutil._psutil_windows' has no attribute 'proc_times'
Traceback (most recent call last):
  File "C:\Python\Python314\Lib\site-packages\pyperformance\data-files\benchmarks\bm_spectral_norm\run_benchmark.py", line 74, in <module>
    runner.bench_time_func('spectral_norm', bench_spectral_norm)
    ~~~~~~~~~~~~~~~~~~~~~~^^^^^^^^^^^^^^^^^^^^^^^^^^^^^^^^^^^^^^
  File "C:\Python\Python314\Lib\site-packages\pyperf\_runner.py", line 502, in bench_time_func
    result = self._main(task)
  File "C:\Python\Python314\Lib\site-packages\pyperf\_runner.py", line 468, in _main
    bench = self._manager()
  File "C:\Python\Python314\Lib\site-packages\pyperf\_runner.py", line 681, in _manager
    bench = Manager(self).create_bench()
  File "C:\Python\Python314\Lib\site-packages\pyperf\_manager.py", line 243, in create_bench
    worker_bench, run = self.create_worker_bench()
                        ~~~~~~~~~~~~~~~~~~~~~~~~^^
  File "C:\Python\Python314\Lib\site-packages\pyperf\_manager.py", line 142, in create_worker_bench
    suite = self.create_suite()
  File "C:\Python\Python314\Lib\site-packages\pyperf\_manager.py", line 132, in create_suite
    suite = self.spawn_worker(self.calibrate_loops, 0)
  File "C:\Python\Python314\Lib\site-packages\pyperf\_manager.py", line 118, in spawn_worker
    raise RuntimeError("%s failed with exit code %s"
                       % (cmd[0], exitcode))
RuntimeError: D:\CantorAI\xlang3\build-repro\Release\xlang3.exe failed with exit code 1
Traceback (most recent call last):
  File "C:\Python\Python314\Lib\site-packages\pyperformance\run.py", line 171, in run_benchmarks
    result = bench.run(
        bench_venv.python,
    ...<3 lines>...
        verbose=options.verbose,
    )
  File "D:\CantorAI\xlang3\benchmarks\diagnostics\run_pyperformance_xlang3_shimmed.py", line 145, in run_named_benchmark
    return original_benchmark_run(benchmark, *positional, **keywords)
  File "C:\Python\Python314\Lib\site-packages\pyperformance\_benchmark.py", line 193, in run
    bench = _run_perf_script(
        python,
    ...<4 lines>...
        verbose=verbose,
    )
  File "C:\Python\Python314\Lib\site-packages\pyperformance\_benchmark.py", line 250, in _run_perf_script
    raise RuntimeError("Benchmark died")
RuntimeError: Benchmark died
ERROR: Benchmark spectral_norm failed: Benchmark died
[79/97] sphinx...
Traceback (most recent call last):
  File "C:\Python\Python314\Lib\site-packages\pyperformance\data-files\benchmarks\bm_sphinx\run_benchmark.py", line 11, in <module>
    from sphinx.cmd.build import main as sphinx_main
ModuleNotFoundError: No module named 'sphinx'
Traceback (most recent call last):
  File "C:\Python\Python314\Lib\site-packages\pyperformance\run.py", line 171, in run_benchmarks
    result = bench.run(
        bench_venv.python,
    ...<3 lines>...
        verbose=options.verbose,
    )
  File "D:\CantorAI\xlang3\benchmarks\diagnostics\run_pyperformance_xlang3_shimmed.py", line 145, in run_named_benchmark
    return original_benchmark_run(benchmark, *positional, **keywords)
  File "C:\Python\Python314\Lib\site-packages\pyperformance\_benchmark.py", line 193, in run
    bench = _run_perf_script(
        python,
    ...<4 lines>...
        verbose=verbose,
    )
  File "C:\Python\Python314\Lib\site-packages\pyperformance\_benchmark.py", line 250, in _run_perf_script
    raise RuntimeError("Benchmark died")
RuntimeError: Benchmark died
ERROR: Benchmark sphinx failed: Benchmark died
[80/97] sqlalchemy_declarative...
Traceback (most recent call last):
  File "C:\Python\Python314\Lib\site-packages\pyperformance\data-files\benchmarks\bm_sqlalchemy_declarative\run_benchmark.py", line 3, in <module>
    from sqlalchemy import Column, ForeignKey, Integer, String
ModuleNotFoundError: No module named 'sqlalchemy'
Traceback (most recent call last):
  File "C:\Python\Python314\Lib\site-packages\pyperformance\run.py", line 171, in run_benchmarks
    result = bench.run(
        bench_venv.python,
    ...<3 lines>...
        verbose=options.verbose,
    )
  File "D:\CantorAI\xlang3\benchmarks\diagnostics\run_pyperformance_xlang3_shimmed.py", line 145, in run_named_benchmark
    return original_benchmark_run(benchmark, *positional, **keywords)
  File "C:\Python\Python314\Lib\site-packages\pyperformance\_benchmark.py", line 193, in run
    bench = _run_perf_script(
        python,
    ...<4 lines>...
        verbose=verbose,
    )
  File "C:\Python\Python314\Lib\site-packages\pyperformance\_benchmark.py", line 250, in _run_perf_script
    raise RuntimeError("Benchmark died")
RuntimeError: Benchmark died
ERROR: Benchmark sqlalchemy_declarative failed: Benchmark died
[81/97] sqlalchemy_imperative...
Traceback (most recent call last):
  File "C:\Python\Python314\Lib\site-packages\pyperformance\data-files\benchmarks\bm_sqlalchemy_imperative\run_benchmark.py", line 3, in <module>
    from sqlalchemy import Column, ForeignKey, Integer, String, Table, MetaData
ModuleNotFoundError: No module named 'sqlalchemy'
Traceback (most recent call last):
  File "C:\Python\Python314\Lib\site-packages\pyperformance\run.py", line 171, in run_benchmarks
    result = bench.run(
        bench_venv.python,
    ...<3 lines>...
        verbose=options.verbose,
    )
  File "D:\CantorAI\xlang3\benchmarks\diagnostics\run_pyperformance_xlang3_shimmed.py", line 145, in run_named_benchmark
    return original_benchmark_run(benchmark, *positional, **keywords)
  File "C:\Python\Python314\Lib\site-packages\pyperformance\_benchmark.py", line 193, in run
    bench = _run_perf_script(
        python,
    ...<4 lines>...
        verbose=verbose,
    )
  File "C:\Python\Python314\Lib\site-packages\pyperformance\_benchmark.py", line 250, in _run_perf_script
    raise RuntimeError("Benchmark died")
RuntimeError: Benchmark died
ERROR: Benchmark sqlalchemy_imperative failed: Benchmark died
[82/97] sqlglot_v2...
Traceback (most recent call last):
  File "C:\Python\Python314\Lib\site-packages\pyperformance\data-files\benchmarks\bm_sqlglot_v2\run_benchmark.py", line 3, in <module>
    from sqlglot import parse_one, transpile
ModuleNotFoundError: No module named 'sqlglot'
Traceback (most recent call last):
  File "C:\Python\Python314\Lib\site-packages\pyperformance\run.py", line 171, in run_benchmarks
    result = bench.run(
        bench_venv.python,
    ...<3 lines>...
        verbose=options.verbose,
    )
  File "D:\CantorAI\xlang3\benchmarks\diagnostics\run_pyperformance_xlang3_shimmed.py", line 145, in run_named_benchmark
    return original_benchmark_run(benchmark, *positional, **keywords)
  File "C:\Python\Python314\Lib\site-packages\pyperformance\_benchmark.py", line 193, in run
    bench = _run_perf_script(
        python,
    ...<4 lines>...
        verbose=verbose,
    )
  File "C:\Python\Python314\Lib\site-packages\pyperformance\_benchmark.py", line 250, in _run_perf_script
    raise RuntimeError("Benchmark died")
RuntimeError: Benchmark died
ERROR: Benchmark sqlglot_v2 failed: Benchmark died
[83/97] sqlglot_v2_optimize...
Traceback (most recent call last):
  File "C:\Python\Python314\Lib\site-packages\pyperformance\data-files\benchmarks\bm_sqlglot_v2\run_benchmark.py", line 3, in <module>
    from sqlglot import parse_one, transpile
ModuleNotFoundError: No module named 'sqlglot'
Traceback (most recent call last):
  File "C:\Python\Python314\Lib\site-packages\pyperformance\run.py", line 171, in run_benchmarks
    result = bench.run(
        bench_venv.python,
    ...<3 lines>...
        verbose=options.verbose,
    )
  File "D:\CantorAI\xlang3\benchmarks\diagnostics\run_pyperformance_xlang3_shimmed.py", line 145, in run_named_benchmark
    return original_benchmark_run(benchmark, *positional, **keywords)
  File "C:\Python\Python314\Lib\site-packages\pyperformance\_benchmark.py", line 193, in run
    bench = _run_perf_script(
        python,
    ...<4 lines>...
        verbose=verbose,
    )
  File "C:\Python\Python314\Lib\site-packages\pyperformance\_benchmark.py", line 250, in _run_perf_script
    raise RuntimeError("Benchmark died")
ERROR: Benchmark sqlglot_v2_optimize failed: Benchmark died
[84/97] sqlglot_v2_parse...
RuntimeError: Benchmark died
Traceback (most recent call last):
  File "C:\Python\Python314\Lib\site-packages\pyperformance\data-files\benchmarks\bm_sqlglot_v2\run_benchmark.py", line 3, in <module>
    from sqlglot import parse_one, transpile
ModuleNotFoundError: No module named 'sqlglot'
Traceback (most recent call last):
  File "C:\Python\Python314\Lib\site-packages\pyperformance\run.py", line 171, in run_benchmarks
    result = bench.run(
        bench_venv.python,
    ...<3 lines>...
        verbose=options.verbose,
    )
  File "D:\CantorAI\xlang3\benchmarks\diagnostics\run_pyperformance_xlang3_shimmed.py", line 145, in run_named_benchmark
    return original_benchmark_run(benchmark, *positional, **keywords)
  File "C:\Python\Python314\Lib\site-packages\pyperformance\_benchmark.py", line 193, in run
    bench = _run_perf_script(
        python,
    ...<4 lines>...
        verbose=verbose,
    )
  File "C:\Python\Python314\Lib\site-packages\pyperformance\_benchmark.py", line 250, in _run_perf_script
    raise RuntimeError("Benchmark died")
RuntimeError: Benchmark died
ERROR: Benchmark sqlglot_v2_parse failed: Benchmark died
[85/97] sqlglot_v2_transpile...
Traceback (most recent call last):
  File "C:\Python\Python314\Lib\site-packages\pyperformance\data-files\benchmarks\bm_sqlglot_v2\run_benchmark.py", line 3, in <module>
    from sqlglot import parse_one, transpile
ModuleNotFoundError: No module named 'sqlglot'
Traceback (most recent call last):
  File "C:\Python\Python314\Lib\site-packages\pyperformance\run.py", line 171, in run_benchmarks
    result = bench.run(
        bench_venv.python,
    ...<3 lines>...
        verbose=options.verbose,
    )
  File "D:\CantorAI\xlang3\benchmarks\diagnostics\run_pyperformance_xlang3_shimmed.py", line 145, in run_named_benchmark
    return original_benchmark_run(benchmark, *positional, **keywords)
  File "C:\Python\Python314\Lib\site-packages\pyperformance\_benchmark.py", line 193, in run
    bench = _run_perf_script(
        python,
    ...<4 lines>...
        verbose=verbose,
    )
  File "C:\Python\Python314\Lib\site-packages\pyperformance\_benchmark.py", line 250, in _run_perf_script
    raise RuntimeError("Benchmark died")
RuntimeError: Benchmark died
ERROR: Benchmark sqlglot_v2_transpile failed: Benchmark died
[86/97] sqlite_synth...
Traceback (most recent call last):
  File "C:\Python\Python314\Lib\site-packages\pyperformance\data-files\benchmarks\bm_sqlite_synth\run_benchmark.py", line 57, in <module>
    runner.bench_time_func('sqlite_synth', bench_sqlite)
    ~~~~~~~~~~~~~~~~~~~~~~^^^^^^^^^^^^^^^^^^^^^^^^^^^^^^
  File "C:\Python\Python314\Lib\site-packages\pyperf\_runner.py", line 502, in bench_time_func
    result = self._main(task)
  File "C:\Python\Python314\Lib\site-packages\pyperf\_runner.py", line 463, in _main
    bench = self._worker(task)
  File "C:\Python\Python314\Lib\site-packages\pyperf\_runner.py", line 436, in _worker
    self._process_priority()
    ~~~~~~~~~~~~~~~~~~~~~~^^
  File "C:\Python\Python314\Lib\site-packages\pyperf\_runner.py", line 431, in _process_priority
    if not set_highest_priority():
           ~~~~~~~~~~~~~~~~~~~~^^
  File "C:\Python\Python314\Lib\site-packages\pyperf\_cpu_utils.py", line 173, in set_highest_priority
    proc = psutil.Process()
  File "C:\Python\Python314\Lib\site-packages\psutil\__init__.py", line 314, in __init__
    self._init(pid)
    ~~~~~~~~~~^^^^^
  File "C:\Python\Python314\Lib\site-packages\psutil\__init__.py", line 347, in _init
    self._ident = self._get_ident()
                  ~~~~~~~~~~~~~~~^^
  File "C:\Python\Python314\Lib\site-packages\psutil\__init__.py", line 388, in _get_ident
    self._create_time = self._proc.create_time(fast_only=True)
                        ~~~~~~~~~~~~~~~~~~~~~~^^^^^^^^^^^^^^^^
  File "C:\Python\Python314\Lib\site-packages\psutil\_pswindows.py", line 666, in wrapper
    return fun(self, *args, **kwargs)
  File "C:\Python\Python314\Lib\site-packages\psutil\_pswindows.py", line 914, in create_time
    _user, _system, created = cext.proc_times(self.pid)
                              ~~~~~~~~~~~~~~~^^^^^^^^^^
AttributeError: module 'psutil._psutil_windows' has no attribute 'proc_times'
Traceback (most recent call last):
  File "C:\Python\Python314\Lib\site-packages\pyperformance\data-files\benchmarks\bm_sqlite_synth\run_benchmark.py", line 57, in <module>
    runner.bench_time_func('sqlite_synth', bench_sqlite)
    ~~~~~~~~~~~~~~~~~~~~~~^^^^^^^^^^^^^^^^^^^^^^^^^^^^^^
  File "C:\Python\Python314\Lib\site-packages\pyperf\_runner.py", line 502, in bench_time_func
    result = self._main(task)
  File "C:\Python\Python314\Lib\site-packages\pyperf\_runner.py", line 468, in _main
    bench = self._manager()
  File "C:\Python\Python314\Lib\site-packages\pyperf\_runner.py", line 681, in _manager
    bench = Manager(self).create_bench()
  File "C:\Python\Python314\Lib\site-packages\pyperf\_manager.py", line 243, in create_bench
    worker_bench, run = self.create_worker_bench()
                        ~~~~~~~~~~~~~~~~~~~~~~~~^^
  File "C:\Python\Python314\Lib\site-packages\pyperf\_manager.py", line 142, in create_worker_bench
    suite = self.create_suite()
  File "C:\Python\Python314\Lib\site-packages\pyperf\_manager.py", line 132, in create_suite
    suite = self.spawn_worker(self.calibrate_loops, 0)
  File "C:\Python\Python314\Lib\site-packages\pyperf\_manager.py", line 118, in spawn_worker
    raise RuntimeError("%s failed with exit code %s"
                       % (cmd[0], exitcode))
RuntimeError: D:\CantorAI\xlang3\build-repro\Release\xlang3.exe failed with exit code 1
Traceback (most recent call last):
  File "C:\Python\Python314\Lib\site-packages\pyperformance\run.py", line 171, in run_benchmarks
    result = bench.run(
        bench_venv.python,
    ...<3 lines>...
        verbose=options.verbose,
    )
  File "D:\CantorAI\xlang3\benchmarks\diagnostics\run_pyperformance_xlang3_shimmed.py", line 145, in run_named_benchmark
    return original_benchmark_run(benchmark, *positional, **keywords)
  File "C:\Python\Python314\Lib\site-packages\pyperformance\_benchmark.py", line 193, in run
    bench = _run_perf_script(
        python,
    ...<4 lines>...
        verbose=verbose,
    )
  File "C:\Python\Python314\Lib\site-packages\pyperformance\_benchmark.py", line 250, in _run_perf_script
    raise RuntimeError("Benchmark died")
RuntimeError: Benchmark died
ERROR: Benchmark sqlite_synth failed: Benchmark died
[87/97] sympy...
Traceback (most recent call last):
  File "C:\Python\Python314\Lib\site-packages\pyperformance\data-files\benchmarks\bm_sympy\run_benchmark.py", line 3, in <module>
    from sympy import expand, symbols, integrate, tan, summation
ModuleNotFoundError: No module named 'sympy'
Traceback (most recent call last):
  File "C:\Python\Python314\Lib\site-packages\pyperformance\run.py", line 171, in run_benchmarks
    result = bench.run(
        bench_venv.python,
    ...<3 lines>...
        verbose=options.verbose,
    )
  File "D:\CantorAI\xlang3\benchmarks\diagnostics\run_pyperformance_xlang3_shimmed.py", line 145, in run_named_benchmark
    return original_benchmark_run(benchmark, *positional, **keywords)
  File "C:\Python\Python314\Lib\site-packages\pyperformance\_benchmark.py", line 193, in run
    bench = _run_perf_script(
        python,
    ...<4 lines>...
        verbose=verbose,
    )
  File "C:\Python\Python314\Lib\site-packages\pyperformance\_benchmark.py", line 250, in _run_perf_script
    raise RuntimeError("Benchmark died")
RuntimeError: Benchmark died
ERROR: Benchmark sympy failed: Benchmark died
[88/97] telco...
Traceback (most recent call last):
  File "C:\Python\Python314\Lib\site-packages\pyperformance\data-files\benchmarks\bm_telco\run_benchmark.py", line 89, in <module>
    runner.bench_time_func('telco', bench_telco, filename)
    ~~~~~~~~~~~~~~~~~~~~~~^^^^^^^^^^^^^^^^^^^^^^^^^^^^^^^^
  File "C:\Python\Python314\Lib\site-packages\pyperf\_runner.py", line 502, in bench_time_func
    result = self._main(task)
  File "C:\Python\Python314\Lib\site-packages\pyperf\_runner.py", line 463, in _main
    bench = self._worker(task)
  File "C:\Python\Python314\Lib\site-packages\pyperf\_runner.py", line 436, in _worker
    self._process_priority()
    ~~~~~~~~~~~~~~~~~~~~~~^^
  File "C:\Python\Python314\Lib\site-packages\pyperf\_runner.py", line 431, in _process_priority
    if not set_highest_priority():
           ~~~~~~~~~~~~~~~~~~~~^^
  File "C:\Python\Python314\Lib\site-packages\pyperf\_cpu_utils.py", line 173, in set_highest_priority
    proc = psutil.Process()
  File "C:\Python\Python314\Lib\site-packages\psutil\__init__.py", line 314, in __init__
    self._init(pid)
    ~~~~~~~~~~^^^^^
  File "C:\Python\Python314\Lib\site-packages\psutil\__init__.py", line 347, in _init
    self._ident = self._get_ident()
                  ~~~~~~~~~~~~~~~^^
  File "C:\Python\Python314\Lib\site-packages\psutil\__init__.py", line 388, in _get_ident
    self._create_time = self._proc.create_time(fast_only=True)
                        ~~~~~~~~~~~~~~~~~~~~~~^^^^^^^^^^^^^^^^
  File "C:\Python\Python314\Lib\site-packages\psutil\_pswindows.py", line 666, in wrapper
    return fun(self, *args, **kwargs)
  File "C:\Python\Python314\Lib\site-packages\psutil\_pswindows.py", line 914, in create_time
    _user, _system, created = cext.proc_times(self.pid)
                              ~~~~~~~~~~~~~~~^^^^^^^^^^
AttributeError: module 'psutil._psutil_windows' has no attribute 'proc_times'
Traceback (most recent call last):
  File "C:\Python\Python314\Lib\site-packages\pyperformance\data-files\benchmarks\bm_telco\run_benchmark.py", line 89, in <module>
    runner.bench_time_func('telco', bench_telco, filename)
    ~~~~~~~~~~~~~~~~~~~~~~^^^^^^^^^^^^^^^^^^^^^^^^^^^^^^^^
  File "C:\Python\Python314\Lib\site-packages\pyperf\_runner.py", line 502, in bench_time_func
    result = self._main(task)
  File "C:\Python\Python314\Lib\site-packages\pyperf\_runner.py", line 468, in _main
    bench = self._manager()
  File "C:\Python\Python314\Lib\site-packages\pyperf\_runner.py", line 681, in _manager
    bench = Manager(self).create_bench()
  File "C:\Python\Python314\Lib\site-packages\pyperf\_manager.py", line 243, in create_bench
    worker_bench, run = self.create_worker_bench()
                        ~~~~~~~~~~~~~~~~~~~~~~~~^^
  File "C:\Python\Python314\Lib\site-packages\pyperf\_manager.py", line 142, in create_worker_bench
    suite = self.create_suite()
  File "C:\Python\Python314\Lib\site-packages\pyperf\_manager.py", line 132, in create_suite
    suite = self.spawn_worker(self.calibrate_loops, 0)
  File "C:\Python\Python314\Lib\site-packages\pyperf\_manager.py", line 118, in spawn_worker
    raise RuntimeError("%s failed with exit code %s"
                       % (cmd[0], exitcode))
RuntimeError: D:\CantorAI\xlang3\build-repro\Release\xlang3.exe failed with exit code 1
Traceback (most recent call last):
ERROR: Benchmark telco failed: Benchmark died
[89/97] tomli_loads...
  File "C:\Python\Python314\Lib\site-packages\pyperformance\run.py", line 171, in run_benchmarks
    result = bench.run(
        bench_venv.python,
    ...<3 lines>...
        verbose=options.verbose,
    )
  File "D:\CantorAI\xlang3\benchmarks\diagnostics\run_pyperformance_xlang3_shimmed.py", line 145, in run_named_benchmark
    return original_benchmark_run(benchmark, *positional, **keywords)
  File "C:\Python\Python314\Lib\site-packages\pyperformance\_benchmark.py", line 193, in run
    bench = _run_perf_script(
        python,
    ...<4 lines>...
        verbose=verbose,
    )
  File "C:\Python\Python314\Lib\site-packages\pyperformance\_benchmark.py", line 250, in _run_perf_script
    raise RuntimeError("Benchmark died")
RuntimeError: Benchmark died
Traceback (most recent call last):
  File "C:\Python\Python314\Lib\site-packages\pyperformance\data-files\benchmarks\bm_tomli_loads\run_benchmark.py", line 15, in <module>
    import tomli
ModuleNotFoundError: No module named 'tomli'
Traceback (most recent call last):
  File "C:\Python\Python314\Lib\site-packages\pyperformance\run.py", line 171, in run_benchmarks
    result = bench.run(
        bench_venv.python,
    ...<3 lines>...
        verbose=options.verbose,
    )
  File "D:\CantorAI\xlang3\benchmarks\diagnostics\run_pyperformance_xlang3_shimmed.py", line 145, in run_named_benchmark
    return original_benchmark_run(benchmark, *positional, **keywords)
  File "C:\Python\Python314\Lib\site-packages\pyperformance\_benchmark.py", line 193, in run
    bench = _run_perf_script(
        python,
    ...<4 lines>...
        verbose=verbose,
    )
  File "C:\Python\Python314\Lib\site-packages\pyperformance\_benchmark.py", line 250, in _run_perf_script
    raise RuntimeError("Benchmark died")
RuntimeError: Benchmark died
ERROR: Benchmark tomli_loads failed: Benchmark died
[90/97] tornado_http...
Traceback (most recent call last):
  File "C:\Python\Python314\Lib\site-packages\pyperformance\data-files\benchmarks\bm_tornado_http\run_benchmark.py", line 14, in <module>
    from tornado.httpclient import AsyncHTTPClient
ModuleNotFoundError: No module named 'tornado'
Traceback (most recent call last):
  File "C:\Python\Python314\Lib\site-packages\pyperformance\run.py", line 171, in run_benchmarks
    result = bench.run(
        bench_venv.python,
    ...<3 lines>...
        verbose=options.verbose,
    )
  File "D:\CantorAI\xlang3\benchmarks\diagnostics\run_pyperformance_xlang3_shimmed.py", line 145, in run_named_benchmark
    return original_benchmark_run(benchmark, *positional, **keywords)
  File "C:\Python\Python314\Lib\site-packages\pyperformance\_benchmark.py", line 193, in run
    bench = _run_perf_script(
        python,
    ...<4 lines>...
        verbose=verbose,
    )
  File "C:\Python\Python314\Lib\site-packages\pyperformance\_benchmark.py", line 250, in _run_perf_script
    raise RuntimeError("Benchmark died")
RuntimeError: Benchmark died
ERROR: Benchmark tornado_http failed: Benchmark died
[91/97] typing_runtime_protocols...
Traceback (most recent call last):
  File "C:\Python\Python314\Lib\site-packages\pyperformance\data-files\benchmarks\bm_typing_runtime_protocols\run_benchmark.py", line 180, in <module>
    runner.bench_time_func("typing_runtime_protocols", bench_protocols)
    ~~~~~~~~~~~~~~~~~~~~~~^^^^^^^^^^^^^^^^^^^^^^^^^^^^^^^^^^^^^^^^^^^^^
  File "C:\Python\Python314\Lib\site-packages\pyperf\_runner.py", line 502, in bench_time_func
    result = self._main(task)
  File "C:\Python\Python314\Lib\site-packages\pyperf\_runner.py", line 463, in _main
    bench = self._worker(task)
  File "C:\Python\Python314\Lib\site-packages\pyperf\_runner.py", line 436, in _worker
    self._process_priority()
    ~~~~~~~~~~~~~~~~~~~~~~^^
  File "C:\Python\Python314\Lib\site-packages\pyperf\_runner.py", line 431, in _process_priority
    if not set_highest_priority():
           ~~~~~~~~~~~~~~~~~~~~^^
  File "C:\Python\Python314\Lib\site-packages\pyperf\_cpu_utils.py", line 173, in set_highest_priority
    proc = psutil.Process()
  File "C:\Python\Python314\Lib\site-packages\psutil\__init__.py", line 314, in __init__
    self._init(pid)
    ~~~~~~~~~~^^^^^
  File "C:\Python\Python314\Lib\site-packages\psutil\__init__.py", line 347, in _init
    self._ident = self._get_ident()
                  ~~~~~~~~~~~~~~~^^
  File "C:\Python\Python314\Lib\site-packages\psutil\__init__.py", line 388, in _get_ident
    self._create_time = self._proc.create_time(fast_only=True)
                        ~~~~~~~~~~~~~~~~~~~~~~^^^^^^^^^^^^^^^^
  File "C:\Python\Python314\Lib\site-packages\psutil\_pswindows.py", line 666, in wrapper
    return fun(self, *args, **kwargs)
  File "C:\Python\Python314\Lib\site-packages\psutil\_pswindows.py", line 914, in create_time
    _user, _system, created = cext.proc_times(self.pid)
                              ~~~~~~~~~~~~~~~^^^^^^^^^^
AttributeError: module 'psutil._psutil_windows' has no attribute 'proc_times'
Traceback (most recent call last):
  File "C:\Python\Python314\Lib\site-packages\pyperformance\data-files\benchmarks\bm_typing_runtime_protocols\run_benchmark.py", line 180, in <module>
    runner.bench_time_func("typing_runtime_protocols", bench_protocols)
    ~~~~~~~~~~~~~~~~~~~~~~^^^^^^^^^^^^^^^^^^^^^^^^^^^^^^^^^^^^^^^^^^^^^
  File "C:\Python\Python314\Lib\site-packages\pyperf\_runner.py", line 502, in bench_time_func
    result = self._main(task)
  File "C:\Python\Python314\Lib\site-packages\pyperf\_runner.py", line 468, in _main
    bench = self._manager()
  File "C:\Python\Python314\Lib\site-packages\pyperf\_runner.py", line 681, in _manager
    bench = Manager(self).create_bench()
  File "C:\Python\Python314\Lib\site-packages\pyperf\_manager.py", line 243, in create_bench
    worker_bench, run = self.create_worker_bench()
                        ~~~~~~~~~~~~~~~~~~~~~~~~^^
  File "C:\Python\Python314\Lib\site-packages\pyperf\_manager.py", line 142, in create_worker_bench
    suite = self.create_suite()
  File "C:\Python\Python314\Lib\site-packages\pyperf\_manager.py", line 132, in create_suite
    suite = self.spawn_worker(self.calibrate_loops, 0)
  File "C:\Python\Python314\Lib\site-packages\pyperf\_manager.py", line 118, in spawn_worker
    raise RuntimeError("%s failed with exit code %s"
                       % (cmd[0], exitcode))
RuntimeError: D:\CantorAI\xlang3\build-repro\Release\xlang3.exe failed with exit code 1
Traceback (most recent call last):
  File "C:\Python\Python314\Lib\site-packages\pyperformance\run.py", line 171, in run_benchmarks
    result = bench.run(
        bench_venv.python,
    ...<3 lines>...
        verbose=options.verbose,
    )
  File "D:\CantorAI\xlang3\benchmarks\diagnostics\run_pyperformance_xlang3_shimmed.py", line 145, in run_named_benchmark
    return original_benchmark_run(benchmark, *positional, **keywords)
  File "C:\Python\Python314\Lib\site-packages\pyperformance\_benchmark.py", line 193, in run
    bench = _run_perf_script(
        python,
    ...<4 lines>...
        verbose=verbose,
    )
  File "C:\Python\Python314\Lib\site-packages\pyperformance\_benchmark.py", line 250, in _run_perf_script
    raise RuntimeError("Benchmark died")
RuntimeError: Benchmark died
ERROR: Benchmark typing_runtime_protocols failed: Benchmark died
[92/97] unpack_sequence...
Traceback (most recent call last):
  File "C:\Python\Python314\Lib\site-packages\pyperformance\data-files\benchmarks\bm_unpack_sequence\run_benchmark.py", line 457, in <module>
    runner.bench_time_func(name, func, inner_loops=400)
    ~~~~~~~~~~~~~~~~~~~~~~^^^^^^^^^^^^^^^^^^^^^^^^^^^^^
  File "C:\Python\Python314\Lib\site-packages\pyperf\_runner.py", line 502, in bench_time_func
    result = self._main(task)
  File "C:\Python\Python314\Lib\site-packages\pyperf\_runner.py", line 463, in _main
    bench = self._worker(task)
  File "C:\Python\Python314\Lib\site-packages\pyperf\_runner.py", line 436, in _worker
    self._process_priority()
    ~~~~~~~~~~~~~~~~~~~~~~^^
  File "C:\Python\Python314\Lib\site-packages\pyperf\_runner.py", line 431, in _process_priority
    if not set_highest_priority():
           ~~~~~~~~~~~~~~~~~~~~^^
  File "C:\Python\Python314\Lib\site-packages\pyperf\_cpu_utils.py", line 173, in set_highest_priority
    proc = psutil.Process()
  File "C:\Python\Python314\Lib\site-packages\psutil\__init__.py", line 314, in __init__
    self._init(pid)
    ~~~~~~~~~~^^^^^
  File "C:\Python\Python314\Lib\site-packages\psutil\__init__.py", line 347, in _init
    self._ident = self._get_ident()
                  ~~~~~~~~~~~~~~~^^
  File "C:\Python\Python314\Lib\site-packages\psutil\__init__.py", line 388, in _get_ident
    self._create_time = self._proc.create_time(fast_only=True)
                        ~~~~~~~~~~~~~~~~~~~~~~^^^^^^^^^^^^^^^^
  File "C:\Python\Python314\Lib\site-packages\psutil\_pswindows.py", line 666, in wrapper
    return fun(self, *args, **kwargs)
  File "C:\Python\Python314\Lib\site-packages\psutil\_pswindows.py", line 914, in create_time
    _user, _system, created = cext.proc_times(self.pid)
                              ~~~~~~~~~~~~~~~^^^^^^^^^^
AttributeError: module 'psutil._psutil_windows' has no attribute 'proc_times'
Traceback (most recent call last):
  File "C:\Python\Python314\Lib\site-packages\pyperformance\data-files\benchmarks\bm_unpack_sequence\run_benchmark.py", line 457, in <module>
    runner.bench_time_func(name, func, inner_loops=400)
    ~~~~~~~~~~~~~~~~~~~~~~^^^^^^^^^^^^^^^^^^^^^^^^^^^^^
  File "C:\Python\Python314\Lib\site-packages\pyperf\_runner.py", line 502, in bench_time_func
    result = self._main(task)
  File "C:\Python\Python314\Lib\site-packages\pyperf\_runner.py", line 468, in _main
    bench = self._manager()
  File "C:\Python\Python314\Lib\site-packages\pyperf\_runner.py", line 681, in _manager
    bench = Manager(self).create_bench()
  File "C:\Python\Python314\Lib\site-packages\pyperf\_manager.py", line 243, in create_bench
    worker_bench, run = self.create_worker_bench()
                        ~~~~~~~~~~~~~~~~~~~~~~~~^^
  File "C:\Python\Python314\Lib\site-packages\pyperf\_manager.py", line 142, in create_worker_bench
    suite = self.create_suite()
  File "C:\Python\Python314\Lib\site-packages\pyperf\_manager.py", line 132, in create_suite
    suite = self.spawn_worker(self.calibrate_loops, 0)
  File "C:\Python\Python314\Lib\site-packages\pyperf\_manager.py", line 118, in spawn_worker
    raise RuntimeError("%s failed with exit code %s"
                       % (cmd[0], exitcode))
RuntimeError: D:\CantorAI\xlang3\build-repro\Release\xlang3.exe failed with exit code 1
Traceback (most recent call last):
  File "C:\Python\Python314\Lib\site-packages\pyperformance\run.py", line 171, in run_benchmarks
    result = bench.run(
        bench_venv.python,
    ...<3 lines>...
        verbose=options.verbose,
    )
  File "D:\CantorAI\xlang3\benchmarks\diagnostics\run_pyperformance_xlang3_shimmed.py", line 145, in run_named_benchmark
    return original_benchmark_run(benchmark, *positional, **keywords)
  File "C:\Python\Python314\Lib\site-packages\pyperformance\_benchmark.py", line 193, in run
    bench = _run_perf_script(
        python,
    ...<4 lines>...
        verbose=verbose,
    )
  File "C:\Python\Python314\Lib\site-packages\pyperformance\_benchmark.py", line 250, in _run_perf_script
    raise RuntimeError("Benchmark died")
RuntimeError: Benchmark died
ERROR: Benchmark unpack_sequence failed: Benchmark died
[93/97] unpickle...
Traceback (most recent call last):
  File "C:\Python\Python314\Lib\site-packages\pyperformance\data-files\benchmarks\bm_pickle\run_benchmark.py", line 285, in <module>
    runner.bench_time_func(name, benchmark,
    ~~~~~~~~~~~~~~~~~~~~~~^^^^^^^^^^^^^^^^^
                           pickle, options, inner_loops=inner_loops)
                           ^^^^^^^^^^^^^^^^^^^^^^^^^^^^^^^^^^^^^^^^^
  File "C:\Python\Python314\Lib\site-packages\pyperf\_runner.py", line 502, in bench_time_func
    result = self._main(task)
  File "C:\Python\Python314\Lib\site-packages\pyperf\_runner.py", line 463, in _main
    bench = self._worker(task)
  File "C:\Python\Python314\Lib\site-packages\pyperf\_runner.py", line 436, in _worker
    self._process_priority()
    ~~~~~~~~~~~~~~~~~~~~~~^^
  File "C:\Python\Python314\Lib\site-packages\pyperf\_runner.py", line 431, in _process_priority
    if not set_highest_priority():
           ~~~~~~~~~~~~~~~~~~~~^^
  File "C:\Python\Python314\Lib\site-packages\pyperf\_cpu_utils.py", line 173, in set_highest_priority
    proc = psutil.Process()
  File "C:\Python\Python314\Lib\site-packages\psutil\__init__.py", line 314, in __init__
    self._init(pid)
    ~~~~~~~~~~^^^^^
  File "C:\Python\Python314\Lib\site-packages\psutil\__init__.py", line 347, in _init
    self._ident = self._get_ident()
                  ~~~~~~~~~~~~~~~^^
  File "C:\Python\Python314\Lib\site-packages\psutil\__init__.py", line 388, in _get_ident
    self._create_time = self._proc.create_time(fast_only=True)
                        ~~~~~~~~~~~~~~~~~~~~~~^^^^^^^^^^^^^^^^
  File "C:\Python\Python314\Lib\site-packages\psutil\_pswindows.py", line 666, in wrapper
    return fun(self, *args, **kwargs)
  File "C:\Python\Python314\Lib\site-packages\psutil\_pswindows.py", line 914, in create_time
    _user, _system, created = cext.proc_times(self.pid)
                              ~~~~~~~~~~~~~~~^^^^^^^^^^
AttributeError: module 'psutil._psutil_windows' has no attribute 'proc_times'
Traceback (most recent call last):
  File "C:\Python\Python314\Lib\site-packages\pyperformance\data-files\benchmarks\bm_pickle\run_benchmark.py", line 285, in <module>
    runner.bench_time_func(name, benchmark,
    ~~~~~~~~~~~~~~~~~~~~~~^^^^^^^^^^^^^^^^^
                           pickle, options, inner_loops=inner_loops)
                           ^^^^^^^^^^^^^^^^^^^^^^^^^^^^^^^^^^^^^^^^^
  File "C:\Python\Python314\Lib\site-packages\pyperf\_runner.py", line 502, in bench_time_func
    result = self._main(task)
  File "C:\Python\Python314\Lib\site-packages\pyperf\_runner.py", line 468, in _main
    bench = self._manager()
  File "C:\Python\Python314\Lib\site-packages\pyperf\_runner.py", line 681, in _manager
    bench = Manager(self).create_bench()
  File "C:\Python\Python314\Lib\site-packages\pyperf\_manager.py", line 243, in create_bench
    worker_bench, run = self.create_worker_bench()
                        ~~~~~~~~~~~~~~~~~~~~~~~~^^
  File "C:\Python\Python314\Lib\site-packages\pyperf\_manager.py", line 142, in create_worker_bench
    suite = self.create_suite()
  File "C:\Python\Python314\Lib\site-packages\pyperf\_manager.py", line 132, in create_suite
    suite = self.spawn_worker(self.calibrate_loops, 0)
  File "C:\Python\Python314\Lib\site-packages\pyperf\_manager.py", line 118, in spawn_worker
    raise RuntimeError("%s failed with exit code %s"
                       % (cmd[0], exitcode))
RuntimeError: D:\CantorAI\xlang3\build-repro\Release\xlang3.exe failed with exit code 1
Traceback (most recent call last):
  File "C:\Python\Python314\Lib\site-packages\pyperformance\run.py", line 171, in run_benchmarks
    result = bench.run(
        bench_venv.python,
    ...<3 lines>...
        verbose=options.verbose,
    )
  File "D:\CantorAI\xlang3\benchmarks\diagnostics\run_pyperformance_xlang3_shimmed.py", line 145, in run_named_benchmark
    return original_benchmark_run(benchmark, *positional, **keywords)
  File "C:\Python\Python314\Lib\site-packages\pyperformance\_benchmark.py", line 193, in run
    bench = _run_perf_script(
        python,
    ...<4 lines>...
        verbose=verbose,
    )
  File "C:\Python\Python314\Lib\site-packages\pyperformance\_benchmark.py", line 250, in _run_perf_script
    raise RuntimeError("Benchmark died")
RuntimeError: Benchmark died
ERROR: Benchmark unpickle failed: Benchmark died
[94/97] unpickle_list...
Traceback (most recent call last):
  File "C:\Python\Python314\Lib\site-packages\pyperformance\data-files\benchmarks\bm_pickle\run_benchmark.py", line 285, in <module>
    runner.bench_time_func(name, benchmark,
    ~~~~~~~~~~~~~~~~~~~~~~^^^^^^^^^^^^^^^^^
                           pickle, options, inner_loops=inner_loops)
                           ^^^^^^^^^^^^^^^^^^^^^^^^^^^^^^^^^^^^^^^^^
  File "C:\Python\Python314\Lib\site-packages\pyperf\_runner.py", line 502, in bench_time_func
    result = self._main(task)
  File "C:\Python\Python314\Lib\site-packages\pyperf\_runner.py", line 463, in _main
    bench = self._worker(task)
  File "C:\Python\Python314\Lib\site-packages\pyperf\_runner.py", line 436, in _worker
    self._process_priority()
    ~~~~~~~~~~~~~~~~~~~~~~^^
  File "C:\Python\Python314\Lib\site-packages\pyperf\_runner.py", line 431, in _process_priority
    if not set_highest_priority():
           ~~~~~~~~~~~~~~~~~~~~^^
  File "C:\Python\Python314\Lib\site-packages\pyperf\_cpu_utils.py", line 173, in set_highest_priority
    proc = psutil.Process()
  File "C:\Python\Python314\Lib\site-packages\psutil\__init__.py", line 314, in __init__
    self._init(pid)
    ~~~~~~~~~~^^^^^
  File "C:\Python\Python314\Lib\site-packages\psutil\__init__.py", line 347, in _init
    self._ident = self._get_ident()
                  ~~~~~~~~~~~~~~~^^
  File "C:\Python\Python314\Lib\site-packages\psutil\__init__.py", line 388, in _get_ident
    self._create_time = self._proc.create_time(fast_only=True)
                        ~~~~~~~~~~~~~~~~~~~~~~^^^^^^^^^^^^^^^^
  File "C:\Python\Python314\Lib\site-packages\psutil\_pswindows.py", line 666, in wrapper
    return fun(self, *args, **kwargs)
  File "C:\Python\Python314\Lib\site-packages\psutil\_pswindows.py", line 914, in create_time
    _user, _system, created = cext.proc_times(self.pid)
                              ~~~~~~~~~~~~~~~^^^^^^^^^^
AttributeError: module 'psutil._psutil_windows' has no attribute 'proc_times'
Traceback (most recent call last):
  File "C:\Python\Python314\Lib\site-packages\pyperformance\data-files\benchmarks\bm_pickle\run_benchmark.py", line 285, in <module>
    runner.bench_time_func(name, benchmark,
    ~~~~~~~~~~~~~~~~~~~~~~^^^^^^^^^^^^^^^^^
                           pickle, options, inner_loops=inner_loops)
                           ^^^^^^^^^^^^^^^^^^^^^^^^^^^^^^^^^^^^^^^^^
  File "C:\Python\Python314\Lib\site-packages\pyperf\_runner.py", line 502, in bench_time_func
    result = self._main(task)
  File "C:\Python\Python314\Lib\site-packages\pyperf\_runner.py", line 468, in _main
    bench = self._manager()
  File "C:\Python\Python314\Lib\site-packages\pyperf\_runner.py", line 681, in _manager
    bench = Manager(self).create_bench()
  File "C:\Python\Python314\Lib\site-packages\pyperf\_manager.py", line 243, in create_bench
    worker_bench, run = self.create_worker_bench()
                        ~~~~~~~~~~~~~~~~~~~~~~~~^^
  File "C:\Python\Python314\Lib\site-packages\pyperf\_manager.py", line 142, in create_worker_bench
    suite = self.create_suite()
  File "C:\Python\Python314\Lib\site-packages\pyperf\_manager.py", line 132, in create_suite
    suite = self.spawn_worker(self.calibrate_loops, 0)
  File "C:\Python\Python314\Lib\site-packages\pyperf\_manager.py", line 118, in spawn_worker
    raise RuntimeError("%s failed with exit code %s"
                       % (cmd[0], exitcode))
RuntimeError: D:\CantorAI\xlang3\build-repro\Release\xlang3.exe failed with exit code 1
Traceback (most recent call last):
  File "C:\Python\Python314\Lib\site-packages\pyperformance\run.py", line 171, in run_benchmarks
    result = bench.run(
        bench_venv.python,
    ...<3 lines>...
        verbose=options.verbose,
    )
  File "D:\CantorAI\xlang3\benchmarks\diagnostics\run_pyperformance_xlang3_shimmed.py", line 145, in run_named_benchmark
    return original_benchmark_run(benchmark, *positional, **keywords)
  File "C:\Python\Python314\Lib\site-packages\pyperformance\_benchmark.py", line 193, in run
    bench = _run_perf_script(
        python,
    ...<4 lines>...
        verbose=verbose,
    )
  File "C:\Python\Python314\Lib\site-packages\pyperformance\_benchmark.py", line 250, in _run_perf_script
    raise RuntimeError("Benchmark died")
RuntimeError: Benchmark died
ERROR: Benchmark unpickle_list failed: Benchmark died
[95/97] unpickle_pure_python...
Traceback (most recent call last):
  File "C:\Python\Python314\Lib\site-packages\pyperformance\data-files\benchmarks\bm_pickle\run_benchmark.py", line 285, in <module>
    runner.bench_time_func(name, benchmark,
    ~~~~~~~~~~~~~~~~~~~~~~^^^^^^^^^^^^^^^^^
                           pickle, options, inner_loops=inner_loops)
                           ^^^^^^^^^^^^^^^^^^^^^^^^^^^^^^^^^^^^^^^^^
  File "C:\Python\Python314\Lib\site-packages\pyperf\_runner.py", line 502, in bench_time_func
    result = self._main(task)
  File "C:\Python\Python314\Lib\site-packages\pyperf\_runner.py", line 463, in _main
    bench = self._worker(task)
  File "C:\Python\Python314\Lib\site-packages\pyperf\_runner.py", line 436, in _worker
    self._process_priority()
    ~~~~~~~~~~~~~~~~~~~~~~^^
  File "C:\Python\Python314\Lib\site-packages\pyperf\_runner.py", line 431, in _process_priority
    if not set_highest_priority():
           ~~~~~~~~~~~~~~~~~~~~^^
  File "C:\Python\Python314\Lib\site-packages\pyperf\_cpu_utils.py", line 173, in set_highest_priority
    proc = psutil.Process()
  File "C:\Python\Python314\Lib\site-packages\psutil\__init__.py", line 314, in __init__
    self._init(pid)
    ~~~~~~~~~~^^^^^
  File "C:\Python\Python314\Lib\site-packages\psutil\__init__.py", line 347, in _init
    self._ident = self._get_ident()
                  ~~~~~~~~~~~~~~~^^
  File "C:\Python\Python314\Lib\site-packages\psutil\__init__.py", line 388, in _get_ident
    self._create_time = self._proc.create_time(fast_only=True)
                        ~~~~~~~~~~~~~~~~~~~~~~^^^^^^^^^^^^^^^^
  File "C:\Python\Python314\Lib\site-packages\psutil\_pswindows.py", line 666, in wrapper
    return fun(self, *args, **kwargs)
  File "C:\Python\Python314\Lib\site-packages\psutil\_pswindows.py", line 914, in create_time
    _user, _system, created = cext.proc_times(self.pid)
                              ~~~~~~~~~~~~~~~^^^^^^^^^^
AttributeError: module 'psutil._psutil_windows' has no attribute 'proc_times'
Traceback (most recent call last):
  File "C:\Python\Python314\Lib\site-packages\pyperformance\data-files\benchmarks\bm_pickle\run_benchmark.py", line 285, in <module>
    runner.bench_time_func(name, benchmark,
    ~~~~~~~~~~~~~~~~~~~~~~^^^^^^^^^^^^^^^^^
                           pickle, options, inner_loops=inner_loops)
                           ^^^^^^^^^^^^^^^^^^^^^^^^^^^^^^^^^^^^^^^^^
  File "C:\Python\Python314\Lib\site-packages\pyperf\_runner.py", line 502, in bench_time_func
    result = self._main(task)
  File "C:\Python\Python314\Lib\site-packages\pyperf\_runner.py", line 468, in _main
    bench = self._manager()
  File "C:\Python\Python314\Lib\site-packages\pyperf\_runner.py", line 681, in _manager
    bench = Manager(self).create_bench()
  File "C:\Python\Python314\Lib\site-packages\pyperf\_manager.py", line 243, in create_bench
    worker_bench, run = self.create_worker_bench()
                        ~~~~~~~~~~~~~~~~~~~~~~~~^^
  File "C:\Python\Python314\Lib\site-packages\pyperf\_manager.py", line 142, in create_worker_bench
    suite = self.create_suite()
  File "C:\Python\Python314\Lib\site-packages\pyperf\_manager.py", line 132, in create_suite
    suite = self.spawn_worker(self.calibrate_loops, 0)
  File "C:\Python\Python314\Lib\site-packages\pyperf\_manager.py", line 118, in spawn_worker
    raise RuntimeError("%s failed with exit code %s"
                       % (cmd[0], exitcode))
RuntimeError: D:\CantorAI\xlang3\build-repro\Release\xlang3.exe failed with exit code 1
Traceback (most recent call last):
  File "C:\Python\Python314\Lib\site-packages\pyperformance\run.py", line 171, in run_benchmarks
    result = bench.run(
        bench_venv.python,
    ...<3 lines>...
        verbose=options.verbose,
    )
  File "D:\CantorAI\xlang3\benchmarks\diagnostics\run_pyperformance_xlang3_shimmed.py", line 145, in run_named_benchmark
    return original_benchmark_run(benchmark, *positional, **keywords)
  File "C:\Python\Python314\Lib\site-packages\pyperformance\_benchmark.py", line 193, in run
    bench = _run_perf_script(
        python,
    ...<4 lines>...
        verbose=verbose,
    )
  File "C:\Python\Python314\Lib\site-packages\pyperformance\_benchmark.py", line 250, in _run_perf_script
    raise RuntimeError("Benchmark died")
RuntimeError: Benchmark died
ERROR: Benchmark unpickle_pure_python failed: Benchmark died
[96/97] xdsl...
Traceback (most recent call last):
  File "C:\Python\Python314\Lib\site-packages\pyperformance\data-files\benchmarks\bm_xdsl\run_benchmark.py", line 28, in <module>
    from xdsl.context import Context
ModuleNotFoundError: No module named 'xdsl'
Traceback (most recent call last):
  File "C:\Python\Python314\Lib\site-packages\pyperformance\run.py", line 171, in run_benchmarks
    result = bench.run(
        bench_venv.python,
    ...<3 lines>...
        verbose=options.verbose,
    )
  File "D:\CantorAI\xlang3\benchmarks\diagnostics\run_pyperformance_xlang3_shimmed.py", line 145, in run_named_benchmark
    return original_benchmark_run(benchmark, *positional, **keywords)
  File "C:\Python\Python314\Lib\site-packages\pyperformance\_benchmark.py", line 193, in run
    bench = _run_perf_script(
        python,
    ...<4 lines>...
        verbose=verbose,
    )
  File "C:\Python\Python314\Lib\site-packages\pyperformance\_benchmark.py", line 250, in _run_perf_script
    raise RuntimeError("Benchmark died")
RuntimeError: Benchmark died
ERROR: Benchmark xdsl failed: Benchmark died
[97/97] xml_etree...
Traceback (most recent call last):
  File "C:\Python\Python314\Lib\site-packages\pyperformance\data-files\benchmarks\bm_xml_etree\run_benchmark.py", line 292, in <module>
    runner.bench_time_func(name, bench_etree, etree_module, bench_func)
    ~~~~~~~~~~~~~~~~~~~~~~^^^^^^^^^^^^^^^^^^^^^^^^^^^^^^^^^^^^^^^^^^^^^
  File "C:\Python\Python314\Lib\site-packages\pyperf\_runner.py", line 502, in bench_time_func
    result = self._main(task)
  File "C:\Python\Python314\Lib\site-packages\pyperf\_runner.py", line 463, in _main
    bench = self._worker(task)
  File "C:\Python\Python314\Lib\site-packages\pyperf\_runner.py", line 436, in _worker
    self._process_priority()
    ~~~~~~~~~~~~~~~~~~~~~~^^
  File "C:\Python\Python314\Lib\site-packages\pyperf\_runner.py", line 431, in _process_priority
    if not set_highest_priority():
           ~~~~~~~~~~~~~~~~~~~~^^
  File "C:\Python\Python314\Lib\site-packages\pyperf\_cpu_utils.py", line 173, in set_highest_priority
    proc = psutil.Process()
  File "C:\Python\Python314\Lib\site-packages\psutil\__init__.py", line 314, in __init__
    self._init(pid)
    ~~~~~~~~~~^^^^^
  File "C:\Python\Python314\Lib\site-packages\psutil\__init__.py", line 347, in _init
    self._ident = self._get_ident()
                  ~~~~~~~~~~~~~~~^^
  File "C:\Python\Python314\Lib\site-packages\psutil\__init__.py", line 388, in _get_ident
    self._create_time = self._proc.create_time(fast_only=True)
                        ~~~~~~~~~~~~~~~~~~~~~~^^^^^^^^^^^^^^^^
  File "C:\Python\Python314\Lib\site-packages\psutil\_pswindows.py", line 666, in wrapper
    return fun(self, *args, **kwargs)
  File "C:\Python\Python314\Lib\site-packages\psutil\_pswindows.py", line 914, in create_time
    _user, _system, created = cext.proc_times(self.pid)
                              ~~~~~~~~~~~~~~~^^^^^^^^^^
AttributeError: module 'psutil._psutil_windows' has no attribute 'proc_times'
Traceback (most recent call last):
  File "C:\Python\Python314\Lib\site-packages\pyperformance\data-files\benchmarks\bm_xml_etree\run_benchmark.py", line 292, in <module>
    runner.bench_time_func(name, bench_etree, etree_module, bench_func)
    ~~~~~~~~~~~~~~~~~~~~~~^^^^^^^^^^^^^^^^^^^^^^^^^^^^^^^^^^^^^^^^^^^^^
  File "C:\Python\Python314\Lib\site-packages\pyperf\_runner.py", line 502, in bench_time_func
    result = self._main(task)
  File "C:\Python\Python314\Lib\site-packages\pyperf\_runner.py", line 468, in _main
    bench = self._manager()
  File "C:\Python\Python314\Lib\site-packages\pyperf\_runner.py", line 681, in _manager
    bench = Manager(self).create_bench()
  File "C:\Python\Python314\Lib\site-packages\pyperf\_manager.py", line 243, in create_bench
    worker_bench, run = self.create_worker_bench()
                        ~~~~~~~~~~~~~~~~~~~~~~~~^^
  File "C:\Python\Python314\Lib\site-packages\pyperf\_manager.py", line 142, in create_worker_bench
    suite = self.create_suite()
  File "C:\Python\Python314\Lib\site-packages\pyperf\_manager.py", line 132, in create_suite
    suite = self.spawn_worker(self.calibrate_loops, 0)
  File "C:\Python\Python314\Lib\site-packages\pyperf\_manager.py", line 118, in spawn_worker
    raise RuntimeError("%s failed with exit code %s"
                       % (cmd[0], exitcode))
RuntimeError: D:\CantorAI\xlang3\build-repro\Release\xlang3.exe failed with exit code 1
Traceback (most recent call last):
  File "C:\Python\Python314\Lib\site-packages\pyperformance\run.py", line 171, in run_benchmarks
    result = bench.run(
        bench_venv.python,
    ...<3 lines>...
        verbose=options.verbose,
    )
  File "D:\CantorAI\xlang3\benchmarks\diagnostics\run_pyperformance_xlang3_shimmed.py", line 145, in run_named_benchmark
    return original_benchmark_run(benchmark, *positional, **keywords)
  File "C:\Python\Python314\Lib\site-packages\pyperformance\_benchmark.py", line 193, in run
    bench = _run_perf_script(
        python,
    ...<4 lines>...
        verbose=verbose,
    )
  File "C:\Python\Python314\Lib\site-packages\pyperformance\_benchmark.py", line 250, in _run_perf_script
    raise RuntimeError("Benchmark died")
RuntimeError: Benchmark died
ERROR: Benchmark xml_etree failed: Benchmark died

ERROR: No benchmark was run
